CLIENTNUM,Customer_Age,Gender,Dependent_count,Education_Level,Marital_Status,Contacts_Count_12_mon
768805383,45.0,M,3,High School,Married,3
818770008,49.0,F,5,Graduate,Single,2
713982108,51.0,M,3,Graduate,Married,0
769911858,40.0,F,4,High School,Unknown,1
709106358,40.0,M,3,Uneducated,Married,0
713061558,44.0,M,2,Graduate,Married,2
810347208,51.0,M,4,Unknown,Married,3
818906208,32.0,M,0,High School,Unknown,2
710930508,37.0,M,3,Uneducated,Single,0
719661558,48.0,M,2,Graduate,Single,3
708790833,42.0,M,5,Uneducated,Unknown,2
710821833,65.0,M,1,Unknown,Married,3
710599683,56.0,M,1,College,Single,0
816082233,35.0,M,3,Graduate,Unknown,3
712396908,57.0,m,2,Graduate,Married   ,2
714885258,44.0,M,4,Unknown,N/A,2
709967358,48.0,M,4,Post-Graduate,Single,3
753327333,41.0,M,3,Unknown,Married,1
806160108,61.0,M,1,High School,Married,3
709327383,45.0,F,2,Graduate,N/A,2
806165208,47.0,M,1,Doctorate,Divorced,0
708508758,62.0,F,0,Graduate,Married   ,3
784725333,41.0,M,3,High School,Married,1
811604133,47.0,F,4,Unknown,Single,2
789124683,54.0,M,2,Unknown,Married,3
771071958,41.0,F,3,Graduate,Married   ,2
720466383,59.0,M,1,High School,Unknown,2
804424383,63.0,M,1,Unknown,Married,2
718813833,44.0,F,3,Uneducated,Single,2
806624208,47.0,m,4,High School,Married,0
778348233,53.0,M,3,Unknown,Married,3
712991808,53.0,m,2,Uneducated,Married,1
709029408,-99.0,M,4,Graduate,Married,2
788658483,53.0,m,2,College,Married,3
787937058,58.0,M,0,Graduate,Married,2
715318008,55.0,m,1,College,Single,1
713962233,55.0,F,3,Graduate,Married,3
785432733,42.0,F,4,High School,Married,3
715190283,57.0,F,1,Graduate,Unknown,2
708300483,66.0,m,0,Doctorate,Married,3
827111283,45.0,M,3,Graduate,N/A,2
758551608,51.0,M,2,Unknown,Married,0
773146383,50.0,F,1,College,Single,3
778493808,49.0,M,3,High School,Married   ,1
720572508,38.0,F,4,Graduate,Married   ,3
712661433,49.0,M,4,Uneducated,Single,3
789172683,56.0,M,2,Doctorate,Married,0
738406533,59.0, M ,1,Doctorate,Married,2
799723908,46.0,M,3,High School,Married   ,3
771490833,52.0,M,1,College,N/A,1
720756708,52.0,F,3,Unknown,Married   ,2
779471883,54.0,F,1,Graduate,Married,1
711525033,66.0,F,0,High School,Married,2
712813458,49.0,FEMALE,2,Unknown,Married,0
714374133,56.0,M,2,Graduate,Married,3
717891558,49.0,F,4,Graduate,Unknown,2
716632758,49.0,F,3,Graduate,Single,0
768563658,56.0,M,2,Uneducated,Married,3
711427458,44.0,F,5,Graduate,Married,2
714091983,42.0,M,2,High School,Single,3
787584108,55.0, M ,3,Unknown,Married,3
712030833,48.0,M,2,Graduate,Married,4
711481533,39.0,M,1,High School,Divorced,3
710082708,44.0,M,4,Post-Graduate,Single,2
708155733,53.0,M,2,High School,Single,2
788979258,51.0,M,4,Uneducated,Married   ,4
807986133,57.0,M,2,College,Married,3
788730933,44.0,F,2,Uneducated,Married   ,3
711314058,49.0,M,2,Graduate,Married,2
717975333,50.0,M,2,Doctorate,Married,2
715971108,51.0,M,4,Graduate,Single,3
720096558,55.0,F,2,Graduate,Married,3
719580033,54.0,M,1,Graduate,Unknown,3
820582308,42.0,M,5,Uneducated,Married,2
789973308,44.0,M,1,College,Single,3
712876233,53.0,FEMALE,2,Graduate,Single,2
804595158,44.0,F,4,Graduate,Single,2
714826758,37.0,FEMALE,3,Uneducated,N/A,2
779058108,49.0,M,3,Graduate,Divorced,2
710790258,47.0,M,2,Graduate,Married,2
715623483,47.0,m,3,Graduate,Married,0
715156383,44.0,M,1,Unknown,Unknown,2
711013983,55.0,F,4,Unknown,Married,3
755420433,59.0, M ,1,Graduate,Married,3
794543958,53.0,M,1,Graduate,Divorced,2
716396358,52.0,M,2,Graduate,Married,0
715398033,53.0,M,2,High School,Single,1
711743883,43.0,F,3,Uneducated,Single,3
719720058,44.0,m,3,High School,Single,1
778992108,57.0,M,2,Unknown,Married,3
717539808,51.0,F,2,High School,Married   ,2
714070758,49.0,M,4,High School,Single,0
714107958,45.0,m,1,Graduate,Single,3
789140283,53.0,FEMALE,0,Graduate,Single,1
715550508,45.0,F,3,Unknown,Married,2
719712633,64.0,M,1,Graduate,Married,3
772629333,45.0, M ,3,Graduate,Married,2
720336708,53.0,M,3,Doctorate,Married,2
802013583,56.0,M,3,College,Married,0
711887583,47.0,M,2,Unknown,Married,3
714778833,49.0,F,3,College,Single,0
713843283,41.0,F,3,Unknown,Married   ,3
779155158,53.0,M,3,Graduate,Married   ,2
721091583,44.0,F,2,Graduate,Single,3
713572683,44.0,M,3,High School,Unknown,0
716657058,43.0,F,4,Post-Graduate,Married   ,3
779509983,53.0,m,2,Post-Graduate,Single,2
717929133,44.0,m,1,Uneducated,Married,3
808284783,62.0,m,1,Unknown,Married,0
708476808,54.0,M,4,Unknown,Divorced,2
710916408,57.0,M,4,Graduate,Married,0
708492558,42.0,M,3,Unknown,Married,3
799825758,42.0,M,4,High School,Divorced,2
718619883,54.0,F,0,Uneducated,Married,2
711844758,48.0,M,3,Graduate,Single,0
714798783,49.0,M,1,Graduate,N/A,2
826762908,52.0,M,3,High School,Married   ,0
771894558,50.0,M,3,High School,Single,4
721074183,49.0,FEMALE,1,Doctorate,Married,3
715259583,53.0,FEMALE,2,High School,Married,3
718414008,50.0,M,2,Graduate,Single,2
719666283,55.0,F,1,Doctorate,Married,0
714877233,53.0,M,1,High School,Married,2
785387883,47.0,F,3,High School,Single,3
771075258,55.0,M,2,College,Single,2
711318033,47.0,M,3,Graduate,Single,2
783554958,58.0,M,4,Graduate,Single,0
720201033,53.0,M,2,Graduate,Married   ,2
718039683,52.0,M,2,High School,Single,2
710806083,50.0,F,1,Uneducated,Unknown,2
714752208,42.0,F,1,Graduate,Married,2
822063408,43.0,M,4,Unknown,Married,2
714490308,57.0,M,4,Graduate,Married   ,3
713356833,52.0,M,1,Graduate,Married,4
711402333,47.0,M,2,Doctorate,Married   ,3
708296883,44.0,F,3,Graduate,Single,0
719154483,53.0,M,2,High School,Divorced,2
717721458,45.0,M,4,College,Divorced,0
711112683,63.0,F,1,College,Married,3
715674483,39.0,F,2,Post-Graduate,Single,2
789322833,48.0,F,5,High School,Married,3
789968058,51.0,FEMALE,1,Unknown,Single,3
709919283,54.0,M,4,Graduate,Married,2
718744008,59.0,F,1,Graduate,Single,3
767712558,,M,1,College,Single,3
712950783,48.0,F,4,Uneducated,Married,3
716104983,41.0,F,2,Graduate,Single,2
818839983,55.0,M,2,Graduate,Married,0
772288758,47.0,F,4,Graduate,Married,3
712350858,41.0,M,2,High School,Married,3
711009708,40.0,M,3,High School,Single,0
712720158,68.0,M,1,Graduate,Married,3
712215258,50.0,F,1,Graduate,Single,3
773827008,47.0,M,4,Uneducated,Married   ,2
795232683,53.0,F,1,College,Married,3
713786508,42.0,F,5,Unknown,Married,3
713539833,48.0,FEMALE,4,High School,Single,3
712454058,49.0,M,1,Doctorate,Married,3
718759833,44.0,F,2,Uneducated,Married,2
718803333,43.0,F,4,Graduate,Divorced,1
720253908,56.0,M,0,High School,Married,1
714133158,59.0,F,1,College,Single,3
713187033,46.0,M,1,Uneducated,Married,2
714791208,47.0,F,4,Unknown,Divorced,3
772426383,50.0,F,4,Uneducated,Married,3
710975883,51.0, M ,3,Uneducated,Married,2
714264408,47.0,F,3,Uneducated,Married,0
715827858,58.0,F,4,Uneducated,Married,3
713741358,46.0,M,5,Graduate,Single,3
709531908,53.0,m,3,High School,Married,2
716493408,45.0,F,4,Uneducated,Divorced,3
714141108,52.0,F,1,High School,Married,3
708953883,53.0,M,2,Unknown,Married,1
712608783,50.0,M,2,High School,Married,3
820353558,41.0,F,3,High School,Married,2
714964758,45.0,F,5,Graduate,Divorced,2
716264358,53.0,M,3,Uneducated,Married   ,2
717296808,67.0,F,1,Graduate,Married,2
712977183,57.0,F,2,Uneducated,Single,0
710829108,59.0,F,1,Uneducated,Married,3
779562633,45.0,M,2,Uneducated,Married,1
715315833,51.0,M,3,Graduate,Married,3
815500983,59.0,F,1,Uneducated,Married,0
719360583,53.0,M,1,Graduate,Married,2
709701558,47.0,M,3,Graduate,Married,2
721148358,49.0,F,3,Uneducated,Single,1
779862408,49.0,M,3,Post-Graduate,Single,0
812627208,60.0,F,0,College,Single,3
711033408,50.0,F,2,High School,Married,2
779956608,41.0,F,2,Post-Graduate,Married,3
780376683,57.0,M,1,Graduate,Married,1
717912483,43.0,M,4,Graduate,Unknown,0
714454758,57.0,F,3,Graduate,Married,3
780466533,54.0,FEMALE,3,Doctorate,Married,0
715735233,51.0,F,5,Post-Graduate,Married,1
720476733,47.0,F,3,High School,Married,2
715872333,41.0,M,0,High School,Married   ,3
712375758,53.0,M,3,Uneducated,Married,1
708868233,68.0,M,0,High School,Married,2
718030083,59.0,M,1,College,Married,2
720707283,48.0,M,4,Unknown,N/A,0
771698658,44.0,M,5,Graduate,Married,3
748326258,48.0,M,3,College,Married   ,3
770817783,47.0,M,4,Graduate,Married,1
779353083,47.0,M,2,Graduate,Married,2
711441333,43.0,F,1,High School,Divorced,2
719808558,55.0,F,2,Graduate,Married,3
711551958,59.0,M,2,Post-Graduate,Married,3
809164083,63.0,M,1,Graduate,Married,2
820596183,58.0,M,2,College,Married,0
715999608,53.0, M ,2,High School,Married,2
710565408,59.0,M,0,Unknown,Unknown,3
805543158,52.0,M,3,Graduate,Married,3
709752183,48.0,M,3,High School,Single,2
716479233,43.0,M,4,High School,Married,2
713837058,48.0,M,2,College,Single,3
718876683,43.0,F,4,Graduate,Single,0
770746908,44.0,M,4,Unknown,Married,2
794843883,41.0,FEMALE,3,High School,Married,2
803043933,44.0,F,3,Uneducated,Divorced,3
758076408,50.0,M,2,Unknown,Single,3
714606558,60.0,F,1,Uneducated,Married,0
778425408,44.0,M,4,Graduate,Single,0
714171108,48.0,FEMALE,3,Graduate,Divorced,3
719662458,44.0,F,2,Graduate,Divorced,2
713137233,41.0, M ,2,High School,Single,0
769425858,45.0,M,3,College,Single,2
711297483,47.0,F,2,Uneducated,Divorced,2
788900883,51.0,F,2,Graduate,Married,3
758348808,51.0,M,2,Graduate,Married,3
772336458,60.0,F,1,Uneducated,Married,3
708711483,57.0,M,2,Unknown,Married,0
717906783,41.0,M,5,Graduate,Single,2
719437908,44.0,M,3,Post-Graduate,Married   ,2
769433508,43.0,M,1,College,Single,3
790096533,55.0,M,2,College,Married,2
720997383,52.0,M,1,Uneducated,Married,3
787541883,44.0,M,3,Graduate,Married   ,3
709930758,41.0,M,2,Uneducated,Married,3
789830058,44.0,M,4,Unknown,Single,2
710299608,53.0,F,2,Unknown,Married,3
710741208,39.0,M,2,High School,Single,2
821797008,49.0,M,5,College,Married,3
708874533,45.0,F,2,College,Married   ,2
715341858,54.0,M,2,Graduate,Married,3
793636308,49.0,M,3,Uneducated,Single,2
713779908,46.0,F,3,Doctorate,Single,2
712125258,46.0,M,4,High School,Married,3
709703433,47.0,M,3,Graduate,Married,2
721022433,44.0,M,2,Doctorate,Single,2
710103558,50.0,M,3,Post-Graduate,Single,2
715952883,73.0,m,0,High School,Married,2
719731458,56.0,M,3,Unknown,Unknown,4
772390908,59.0,M,0,High School,Single,3
787348608,70.0,M,0,High School,Married,3
709485033,55.0,F,2,High School,Married,3
715432608,43.0,M,4,Unknown,Single,0
799471833,45.0,M,1,Uneducated,Single,2
714187533,45.0,F,2,Uneducated,Single,0
779656908,40.0,m,1,Graduate,Married,2
788950158,36.0,M,2,College,Unknown,3
778867533,59.0,F,0,Post-Graduate,Married,1
710620383,43.0,M,4,Unknown,Married   ,2
778661358,46.0,F,1,Unknown,Married,2
789483333,41.0,M,2,Uneducated,Married,3
809855808,51.0,F,2,Graduate,Married,2
718464258,51.0,F,3,Unknown,Unknown,2
708528483,43.0,F,4,Graduate,Married   ,2
771809733,64.0,F,0,High School,Married,3
719942883,54.0,M,5,Graduate,Married,3
807226683,48.0,M,3,Unknown,Single,3
717806133,40.0,M,2,Uneducated,Divorced,0
720615708,57.0,M,0,Uneducated,Married,2
714511758,45.0,M,4,Graduate,Single,0
715050408,41.0,M,3,High School,Married   ,3
721132233,42.0,F,4,Uneducated,Married,2
719211558,45.0,M,2,Graduate,Single,2
712069008,42.0,F,4,Uneducated,Married,0
715996983,47.0,M,4,Uneducated,Divorced,2
773466258,48.0,F,4,High School,Married,3
798983508,43.0,M,1,Graduate,Single,2
719117433,41.0, M ,4,High School,Unknown,0
716451183,54.0,F,1,Uneducated,Married,3
718621608,54.0,F,2,High School,Married,1
715085733,61.0,M,0,Graduate,Married,2
788977833,61.0, M ,0,Uneducated,Married,0
720272958,48.0,M,2,High School,Married,3
708421833,45.0,F,4,Graduate,Single,2
709173108,54.0,F,4,Graduate,Married,2
709879458,54.0,F,3,Doctorate,Married,3
715120608,44.0,M,3,Graduate,Single,2
770632758,50.0,F,4,Doctorate,Single,2
779078733,55.0,M,2,Doctorate,Married,3
771742533,48.0,m,2,Graduate,Unknown,2
720250158,45.0,M,2,College,Married   ,0
716458983,60.0,m,0,High School,Married,3
713747733,55.0,M,2,High School,Married,2
712270158,62.0,FEMALE,0,High School,Married,3
789562383,38.0,F,1,High School,Unknown,0
754897008,46.0,M,3,High School,Single,2
819700533,50.0,M,0,High School,Single,3
712890408,45.0,M,2,Uneducated,N/A,2
720248208,47.0,M,3,Post-Graduate,Divorced,0
779749908,48.0,m,4,College,N/A,3
717401883,35.0,m,3,Uneducated,Married,2
721509558,,M,2,Graduate,Married,0
710572458,36.0,F,3,High School,Married,1
714576183,47.0,M,4,Graduate,Single,2
721425558,52.0,M,2,Graduate,Single,2
711109908,43.0,F,4,Uneducated,Married,1
715203108,63.0,FEMALE,2,High School,Married,2
710027508,61.0,m,0,Graduate,Married,0
787464408,53.0,M,2,Uneducated,Single,2
783542133,53.0,F,3,Graduate,Married,2
708330858,57.0,M,3,Graduate,Married,3
714426783,38.0,m,2,Graduate,Married   ,2
712701333,53.0,M,3,High School,Married,2
709494483,63.0,F,0,Unknown,Married,1
773373108,49.0,m,4,High School,Married,0
715812258,45.0,M,2,High School,Married,2
778286433,67.0,M,0,Graduate,Married,1
789270033,,m,3,Graduate,Single,3
711569433,51.0,FEMALE,2,Uneducated,Divorced,2
720214833,52.0,M,2,High School,Single,3
709346133,55.0,F,2,Uneducated,N/A,0
788194458,34.0,M,3,High School,Married,3
720779733,56.0,M,1,Uneducated,Married,2
717424458,44.0,F,2,Post-Graduate,Married   ,2
708820308,47.0,M,3,Post-Graduate,Unknown,2
710558058,46.0,F,3,Unknown,Married,3
770590758,43.0,F,3,Graduate,Single,0
718490658,50.0,F,1,Graduate,N/A,3
711985833,38.0,F,4,Uneducated,Single,0
708967608,-99.0,F,1,Graduate,Single,2
718505958,43.0,M,5,Graduate,Divorced,3
715024233,53.0,M,1,High School,Married,2
779249583,56.0, M ,1,Graduate,Married,3
709278258,54.0,M,2,Unknown,Married,2
778928283,57.0,F,3,High School,Married,1
712299858,62.0,M,1,High School,Married,3
799224108,46.0,F,4,Graduate,Single,2
809976033,49.0,M,2,Uneducated,Married,0
716203308,52.0,M,3,Graduate,Single,3
714871683,58.0,M,1,Uneducated,Married,3
716139933,54.0,M,0,High School,Married,2
716984658,49.0, M ,1,Graduate,Married,3
713086008,58.0,m,3,High School,Married,0
713773458,52.0,M,2,High School,Single,2
719242533,41.0,M,5,High School,Married,3
772712658,62.0,F,0,Uneducated,Married,2
788868858,54.0,M,2,Graduate,Married   ,2
811898133,40.0,FEMALE,3,High School,Divorced,3
788808633,43.0,M,3,Graduate,Married,2
779804208,53.0,F,2,Graduate,Single,0
781391058,55.0,M,1,Uneducated,Single,2
790134408,46.0,M,4,Graduate,Single,3
788853258,41.0,M,1,Uneducated,Married,0
711857733,49.0,M,3,Uneducated,Married   ,2
822969858,61.0,F,0,Graduate,Married,3
719554758,46.0,M,2,Uneducated,Married,2
711643458,50.0,F,1,Uneducated,Married,4
788830683,40.0,M,2,Graduate,Single,0
807030858,51.0,M,4,High School,Single,3
793059108,50.0,F,2,Graduate,Married,3
716568708,47.0,F,2,Graduate,Married,2
828281733,43.0,M,4,Unknown,Married,3
717229158,36.0,F,4,Graduate,Married,3
715915458,47.0,F,2,Graduate,Married,2
819129858,46.0,F,2,Graduate,Single,0
713441958,46.0,M,2,High School,Married,2
719091333,,M,0,Uneducated,Married,2
708666258,43.0, M ,4,Unknown,Married,0
714914583,40.0,F,4,Graduate,Married   ,3
714363858,54.0,m,4,High School,Married,3
721347408,55.0,F,1,High School,Single,0
809608533,49.0,F,4,Post-Graduate,Single,2
772047183,45.0,M,4,High School,Married,3
714217908,49.0,M,3,Graduate,Married,2
714819183,63.0,M,1,Uneducated,N/A,3
716455683,40.0,F,3,High School,N/A,3
710865633,41.0,F,2,Graduate,Married,0
752952108,37.0,M,4,Graduate,Married,3
712595433,58.0,M,2,Uneducated,N/A,3
714982383,55.0,FEMALE,2,High School,Married,3
813814008,53.0,F,1,High School,Married,2
794545983,57.0,FEMALE,2,Graduate,Married,3
708288108,43.0,M,4,Post-Graduate,Unknown,3
715585158,58.0,M,1,Graduate,Married,2
810449883,64.0,m,0,Unknown,Married,0
789863208,54.0,F,2,Graduate,Married,3
715022133,53.0,M,2,Graduate,Married   ,2
712506708,39.0,F,3,College,Single,2
715699983,56.0,M,3,High School,Married,3
818942433,54.0,F,4,Unknown,Divorced,1
712459233,59.0,F,1,Post-Graduate,Married,3
716545383,42.0,M,3,Uneducated,Single,0
721144383,42.0,M,4,Graduate,Married,2
821837958,43.0,M,3,College,N/A,1
804359133,55.0,M,0,High School,Married,3
713308683,52.0,m,1,Uneducated,Single,2
788780958,46.0,M,1,Uneducated,Unknown,3
717354558,57.0,M,2,Uneducated,Married,3
798473808,48.0,M,3,College,N/A,0
712372158,45.0,M,4,Unknown,Married,3
715192308,48.0,M,2,High School,Married,2
708813033,47.0,M,1,Graduate,Single,0
714639783,42.0,M,3,College,Married,3
709311633,41.0,M,2,Graduate,Unknown,0
709470858,51.0,M,4,College,Married,1
717292758,55.0,F,2,Graduate,Single,2
779241783,67.0,M,1,Uneducated,Married,2
715205358,39.0,M,1,Graduate,Married,1
778871508,54.0,M,3,Post-Graduate,N/A,0
779462433,55.0,F,2,Unknown,Married   ,1
710147958,47.0,M,3,High School,Married   ,2
709864833,49.0,M,2,Post-Graduate,Married,0
778868958,42.0,m,2,Graduate,Married,3
717276708,57.0,M,2,Unknown,Single,2
710004933,44.0,M,5,Uneducated,Married,2
753606108,56.0,M,3,Unknown,Single,3
710940183,49.0,F,3,Graduate,Married,2
718927533,45.0,M,3,Graduate,Single,2
719337408,63.0,M,0,High School,Married,3
772308408,44.0,M,3,Graduate,Single,3
712981383,44.0,F,4,College,Married,2
790099758,40.0,M,3,High School,Married,3
709547658,39.0,M,2,Uneducated,Single,3
778770783,42.0,M,4,High School,Married,0
713134458,54.0,M,3,High School,Married,1
712159083,58.0,F,4,Unknown,Married,3
713639958,46.0,F,4,Graduate,Divorced,1
771180033,47.0,F,4,Unknown,Divorced,2
717916758,67.0,F,0,Unknown,Married,3
711089733,50.0,F,2,College,Divorced,0
716988633,55.0,M,0,High School,Divorced,2
779031033,46.0,F,2,Graduate,Married,3
716302383,47.0,F,4,Uneducated,Married,3
718281408,36.0,F,2,Unknown,Married,2
721333233,40.0,FEMALE,4,Doctorate,Divorced,3
794496033,57.0,m,2,Unknown,Single,3
710519433,48.0,M,1,Unknown,Divorced,0
814995933,58.0,F,3,Graduate,Married,2
721469433,48.0, M ,3,Graduate,Single,3
788386908,48.0,M,3,Graduate,Unknown,2
717198633,53.0,F,2,College,Married   ,1
767695083,50.0,M,2,Graduate,Married,0
711791583,52.0,F,1,Graduate,Single,2
712315683,53.0,FEMALE,2,Uneducated,Single,1
710038008,56.0,F,1,Graduate,Single,1
789129033,44.0,M,5,Unknown,Single,2
718349058,49.0,m,3,High School,Married,2
789842283,54.0,FEMALE,2,Graduate,Married   ,2
714513033,39.0,F,1,Unknown,Single,3
714717483,39.0,F,3,Uneducated,Divorced,2
714900408,41.0,F,4,High School,Married   ,0
719418933,53.0,M,2,Uneducated,Married,3
720115683,47.0,M,3,Uneducated,Married,2
779504058,46.0, M ,2,Post-Graduate,Married,1
795979833,53.0,F,1,High School,Married,2
717392358,60.0,M,1,Graduate,Married,2
718640508,59.0,F,0,Graduate,Single,2
803366358,38.0,M,1,Unknown,Single,1
709230708,56.0,M,4,Uneducated,N/A,2
781794708,35.0,M,3,Post-Graduate,Unknown,3
801383808,50.0,M,3,Graduate,Single,3
710677608,53.0,M,2,Post-Graduate,Unknown,0
708217758,63.0,M,2,Graduate,Married,3
714272658,43.0,F,2,Uneducated,Single,2
717469158,46.0,M,2,Unknown,Married,0
711864783,61.0,M,1,Uneducated,N/A,2
719407983,37.0,F,0,Post-Graduate,Married,2
710665533,42.0,F,5,Doctorate,Married,2
716804283,41.0,M,2,Uneducated,Divorced,2
767294658,56.0,M,2,College,Single,3
709122483,56.0,FEMALE,3,Graduate,Married,0
708241233,52.0,F,3,Post-Graduate,Single,2
717860358,40.0,F,3,High School,Single,2
789337233,63.0,M,1,Graduate,Married   ,2
720902133,58.0,FEMALE,1,High School,Single,0
721043058,58.0, M ,4,Unknown,Married,3
711870333,46.0,M,2,Uneducated,Divorced,3
708398283,37.0,F,1,Graduate,Married,2
715878183,46.0,M,4,Graduate,N/A,3
719451483,46.0,m,4,Post-Graduate,Married,2
709110633,41.0,M,1,Graduate,Married   ,3
721059033,48.0,F,3,High School,Divorced,2
779912283,49.0,F,3,Graduate,Single,2
717701733,44.0,m,2,Graduate,Married   ,2
709913733,39.0,F,3,College,Married,0
718768158,57.0,M,1,College,Single,2
721375308,48.0,M,3,High School,Married,3
711374283,47.0,M,3,High School,Single,0
822893133,56.0,F,1,Uneducated,Divorced,2
778465533,54.0,F,0,College,N/A,2
712138983,54.0,M,1,Graduate,Married   ,2
716920908,52.0,M,4,High School,Married,0
708095133,43.0,M,4,Unknown,Married   ,2
711195558,59.0,M,1,College,Single,3
772735758,44.0,M,1,Unknown,Married,0
712024908,56.0, M ,1,College,Married,3
778239933,45.0,m,4,Graduate,Married,0
714893733,55.0,M,1,High School,Married,3
754886958,48.0,F,3,College,Divorced,3
710104908,56.0,FEMALE,5,College,Single,0
710558883,41.0,M,3,Uneducated,Married,2
713827383,65.0,F,1,High School,Married,0
720267033,34.0,M,4,Post-Graduate,Single,2
712049208,56.0,M,3,Post-Graduate,Married,2
708688608,62.0,F,1,High School,Married,1
716223708,45.0,F,3,Uneducated,Single,3
713217858,38.0,m,2,Uneducated,Single,3
819352983,49.0,M,3,Unknown,Married   ,2
711019308,58.0,FEMALE,2,High School,Single,0
768600558,41.0,F,4,Graduate,Single,3
710202783,33.0,M,2,Graduate,Married,3
712899333,47.0, M ,4,College,Single,2
767036433,56.0,F,1,Graduate,Married,0
793473033,51.0,M,1,Graduate,N/A,3
721232058,49.0,m,1,Graduate,Unknown,3
719443683,50.0,M,1,Unknown,Single,3
715449333,55.0,F,3,Unknown,Married,0
717998058,26.0,M,0,Graduate,Single,2
779610033,58.0,M,1,College,Married,3
827332983,46.0,M,3,High School,Single,2
721183983,48.0,M,4,High School,Married   ,1
718426533,42.0,M,4,Uneducated,Divorced,2
710698233,37.0,M,4,Graduate,Married,2
780253533,63.0,F,0,Unknown,Married,0
793581933,50.0,M,3,High School,Single,4
719229708,41.0,F,1,High School,Single,2
715158483,48.0,F,3,Graduate,Divorced,3
809296308,46.0,M,2,College,Married   ,0
778176108,61.0,m,0,High School,N/A,2
796532958,59.0,F,0,Unknown,Married,2
709345008,53.0,F,2,Doctorate,Married,3
717049533,39.0,F,3,Doctorate,Unknown,0
719366358,51.0,M,3,High School,Married,2
721417233,45.0, M ,2,Graduate,Married,3
711622683,48.0,M,4,Unknown,Single,3
714578283,47.0,M,1,Graduate,Married,0
769574883,41.0,M,2,High School,Married,3
717643608,48.0,M,4,College,Married,2
709198158,50.0,F,4,Graduate,Single,0
712419708,56.0, M ,2,Post-Graduate,Married,2
709103358,39.0,F,2,College,Single,3
716966808,47.0,M,1,Graduate,Married,3
772264383,44.0,M,2,Graduate,Single,3
721057758,61.0,F,1,Unknown,Married   ,3
769137108,43.0,F,2,Post-Graduate,Married,1
717640083,59.0,M,1,High School,Married,3
716445783,42.0,F,2,Uneducated,Married,0
708579633,40.0,M,4,Unknown,Married   ,2
718715583,65.0,M,2,Unknown,Married   ,4
778686408,48.0,M,1,College,Married,2
715015683,44.0,M,2,Graduate,Single,1
805254708,36.0,F,4,Unknown,Married,0
710462433,45.0,M,4,Graduate,Single,2
721342383,39.0,M,2,Graduate,Married,2
720179883,40.0,M,4,College,Unknown,1
794977533,62.0,M,0,High School,Married   ,2
779445108,26.0,M,0,Graduate,Single,2
718193958,60.0,M,0,Uneducated,Single,2
710955633,54.0, M ,3,Doctorate,Single,0
716149383,62.0,m,0,Graduate,Married,3
752604633,57.0, M ,2,College,Married   ,3
713889933,59.0,M,0,Graduate,Single,2
709446783,46.0, M ,4,Graduate,Single,2
789115833,44.0,M,4,High School,Single,2
711242058,48.0,m,4,Unknown,Single,1
787623858,43.0,M,2,Uneducated,Divorced,0
709040508,57.0,M,4,Uneducated,Married,2
708864708,46.0,M,3,College,Unknown,2
717758583,40.0,M,3,High School,N/A,1
715416633,54.0,M,1,Unknown,Married   ,2
717956283,57.0,F,1,Graduate,Single,0
721379433,44.0,M,4,Graduate,Married,3
712027683,47.0,F,2,Doctorate,Married,2
716027208,47.0,M,4,Doctorate,N/A,1
720475233,50.0,F,2,High School,N/A,3
712275108,53.0,F,3,College,Married,3
718121658,56.0,M,1,College,Married,3
711593808,55.0,M,1,High School,N/A,3
716222808,53.0,m,4,High School,N/A,3
718731183,61.0,M,1,Unknown,Married   ,2
788779008,57.0,M,2,High School,Married,2
710404533,50.0,M,2,Graduate,Married,1
711173058,56.0,F,2,Unknown,Married,0
715383108,52.0,M,2,Graduate,Single,1
711697158,60.0,M,0,Graduate,Married,2
709186983,49.0,M,4,Uneducated,Married,1
808964433,46.0, M ,4,Doctorate,Divorced,1
711948333,42.0,M,1,Uneducated,Married,2
710541858,45.0,M,3,High School,Married   ,0
713865333,45.0,F,4,Uneducated,Married,3
797707008,44.0,F,3,Doctorate,Married   ,3
713490483,61.0,M,0,Uneducated,Married   ,2
720370533,55.0,M,3,Uneducated,Married,2
779743908,44.0,M,4,Unknown,Divorced,2
718675158,55.0,F,1,Unknown,Married   ,3
710784333,57.0,M,2,Unknown,Married,2
816596583,45.0,M,2,Doctorate,Married,1
717517758,57.0,F,0,High School,Married,2
712880283,31.0,M,0,Uneducated,Married,0
753226158,34.0, M ,2,Graduate,Married,2
720605808,53.0,FEMALE,1,Graduate,Single,3
758317233,35.0,F,1,College,Single,2
711028308,44.0,FEMALE,4,Graduate,Married,0
814852533,50.0,M,1,Graduate,Married,2
711526533,33.0,M,3,Post-Graduate,Married,3
804403908,50.0,M,3,Graduate,Single,3
716999883,51.0,M,4,High School,Married,0
716452083,56.0,F,4,Unknown,N/A,2
787599258,55.0,F,3,Graduate,Single,2
714495258,26.0,M,0,College,N/A,3
717713283,42.0,F,3,Graduate,Married,3
789317883,54.0,M,2,College,Married,3
714500883,44.0,F,3,Graduate,Married   ,3
789467508,65.0,F,0,Graduate,Married,0
710317758,38.0,FEMALE,3,High School,Married,2
711231558,58.0,M,3,High School,Married,3
716829483,39.0,F,3,Post-Graduate,Married,2
779713608,52.0,M,2,High School,Married,2
711628458,45.0,F,3,Graduate,Married   ,0
718943508,42.0,m,3,Unknown,Single,2
770724558,42.0, M ,2,College,Married,3
783561558,57.0,M,4,Post-Graduate,Married,3
719309958,55.0,M,3,Doctorate,Single,3
788785083,44.0,F,3,College,Unknown,2
780481308,37.0,F,3,Graduate,Married,2
711757383,50.0,F,3,Unknown,Married,2
787550808,51.0,M,2,Graduate,Married,2
779863533,37.0,M,1,Graduate,Married   ,0
714529233,36.0,F,2,Graduate,Married,3
708177333,51.0,F,2,High School,Married   ,0
812019933,65.0, M ,1,Uneducated,Married,2
708557358,43.0,M,2,College,Married,3
713580633,46.0,M,3,Graduate,Married,3
711466533,43.0,F,2,Graduate,Married,2
802276683,56.0,M,3,Graduate,Married,3
780913308,43.0,M,3,Unknown,Married   ,0
808897683,53.0,M,1,Graduate,Single,3
719428308,50.0,M,2,High School,Unknown,2
713010483,43.0,F,3,Graduate,Married   ,3
717006333,54.0,M,3,High School,Married   ,2
787621158,33.0,M,2,Unknown,Married,3
716924058,58.0,F,2,Uneducated,Married,3
720916683,41.0,M,3,Graduate,Single,2
720923658,48.0,M,3,Post-Graduate,Single,2
712710708,55.0,M,2,High School,Married   ,0
718939083,54.0,F,2,Graduate,Married,3
779519058,51.0,F,3,Post-Graduate,Divorced,2
719085933,35.0,M,3,Graduate,Single,2
715124958,50.0,M,3,Uneducated,Married   ,3
712979133,55.0,M,4,High School,Married,2
712006308,45.0,F,0,College,Divorced,3
710801133,34.0,m,2,Uneducated,Married,2
712490283,55.0,F,4,Graduate,Married,3
720071583,48.0,F,2,Unknown,Married,3
717958833,,M,4,Graduate,Married,2
812420358,61.0,F,0,Graduate,Married,3
712370208,48.0,M,1,Uneducated,Unknown,2
715940358,51.0,F,1,Graduate,N/A,2
715041333,39.0,M,3,Doctorate,Married,3
712797258,43.0,M,3,Graduate,Married,3
769170558,53.0,M,3,Graduate,Single,3
715884858,38.0,M,2,High School,Married,3
796343058,49.0,F,2,High School,Single,2
783910008,37.0,F,0,Unknown,Married,2
718888308,53.0,m,3,Graduate,Single,2
785114808,46.0,M,2,Post-Graduate,Single,2
709852908,44.0,F,3,Uneducated,Single,3
823528833,50.0,F,1,Unknown,Single,3
719679858,58.0,F,2,Uneducated,Married   ,2
827108583,55.0,m,3,High School,Single,3
787833333,44.0,M,3,College,N/A,2
719781183,57.0,M,4,High School,Married,3
710429358,57.0,M,1,High School,Married,3
798792408,48.0,M,3,High School,Married,3
710280558,51.0,M,1,Graduate,Single,2
809825358,53.0,F,3,Uneducated,Married   ,3
714451833,45.0,F,1,Doctorate,Single,2
713943783,41.0,M,4,Post-Graduate,Married,2
710706558,51.0,F,4,Graduate,Single,3
713620308,46.0,m,2,High School,Married,3
813453408,40.0,F,5,College,Married,3
818248383,33.0,M,2,Doctorate,Married,3
780106908,53.0,M,1,High School,Single,2
708938508,63.0,M,1,High School,Married,2
709671708,61.0,M,0,Uneducated,Single,1
711204483,56.0,M,4,High School,Married,3
801728658,53.0,M,2,Graduate,Single,0
713945883,62.0,F,2,Graduate,Married   ,2
779558733,50.0, M ,4,Unknown,Married,2
788370258,37.0,M,4,Graduate,Married,2
714927333,62.0,F,0,Graduate,Married   ,2
710383158,49.0,M,3,Uneducated,Single,2
798007308,57.0,F,3,High School,Married,0
711768858,55.0,M,2,High School,Married,3
714888633,50.0,M,1,Graduate,Married   ,4
712650333,48.0,M,3,College,Married,2
719945433,60.0,F,1,Uneducated,Married   ,2
720310458,46.0,M,1,Unknown,Single,1
718344033,47.0,M,2,College,Married,2
715442958,54.0, M ,2,Uneducated,Married   ,3
780326883,53.0,M,2,Doctorate,Married,3
711157833,56.0,F,3,Graduate,Single,0
719704308,56.0,F,4,High School,Married,1
708772308,41.0,M,3,Uneducated,Married,3
817663908,60.0,F,1,Graduate,Married,3
780054258,40.0,M,5,Graduate,Unknown,3
709990983,49.0,F,3,Post-Graduate,Married,2
818045958,46.0,M,4,Graduate,Single,2
716380683,36.0,F,3,High School,Married,2
787480158,57.0,m,2,Unknown,Married,0
778461408,38.0,M,1,High School,Married,2
713861733,50.0,M,3,Graduate,Divorced,1
789291633,62.0,M,0,Graduate,Married   ,0
789513858,43.0,M,3,Unknown,Married,3
778357458,44.0,FEMALE,5,Unknown,Single,3
718325883,39.0,M,2,Uneducated,Single,2
720344658,38.0,M,2,College,Married,1
809292483,44.0,F,4,College,N/A,2
779791008,43.0,M,3,High School,Married,3
779557533,54.0,M,1,Post-Graduate,Single,3
795904233,38.0,F,3,Unknown,Single,0
710573808,55.0,M,2,Unknown,Single,3
717418158,42.0,M,5,Unknown,Unknown,2
771963708,56.0,M,3,Unknown,Married,2
712433508,59.0,FEMALE,1,Unknown,Married,3
779320983,46.0,M,4,Uneducated,Single,2
718093233,55.0,F,2,Post-Graduate,Married,3
719459358,52.0, M ,1,Doctorate,N/A,2
717728808,39.0,F,2,Graduate,Married,2
788701608,42.0,m,4,Graduate,Single,3
778506633,43.0,F,4,College,Married   ,3
719989008,47.0,m,1,High School,Unknown,0
791839233,42.0,F,4,Unknown,Divorced,2
716918508,39.0,M,1,College,Single,3
717321783,50.0,FEMALE,1,Uneducated,Single,2
799000008,57.0,M,2,Post-Graduate,Divorced,1
721517208,41.0,M,4,Unknown,Married,1
719068683,52.0,F,1,High School,Married,2
709120008,43.0,M,2,High School,N/A,2
709117533,42.0,M,3,High School,Single,1
816594183,58.0,F,2,Uneducated,Married,3
789485433,42.0,M,4,College,Married,3
712881483,55.0,M,1,Post-Graduate,Married,3
712689333,38.0,M,2,Unknown,Single,2
771492408,40.0,F,2,Graduate,Married,2
711668283,48.0,M,4,Uneducated,Married,3
772684833,32.0,F,1,Unknown,Married,2
712960308,33.0,F,2,High School,Single,1
713530833,58.0,M,2,Graduate,Married,3
756065433,26.0,M,0,Unknown,Single,2
710997183,46.0,M,0,Unknown,Married,2
711146358,39.0,F,1,Graduate,Married,2
716144058,36.0,F,1,College,Single,3
778699908,43.0,M,2,Uneducated,Married,3
713571258,45.0, M ,2,Unknown,Married   ,2
711676908,51.0,F,3,College,Married,3
719315508,62.0,F,0,Unknown,Married,2
778623858,58.0,m,0,Uneducated,Married,3
714665733,42.0,M,4,Graduate,Married   ,0
816089433,49.0,M,4,Doctorate,Married,1
716991933,250.0,F,3,Uneducated,Single,1
714534108,45.0,m,2,High School,Married,3
787456608,29.0,M,2,High School,Married,2
717090183,60.0,FEMALE,1,Doctorate,Married,2
772782708,50.0,M,3,Post-Graduate,Single,2
710722908,53.0,M,3,Doctorate,Single,0
795155433,45.0,M,3,Unknown,Married,1
715271733,50.0,F,2,Uneducated,Single,0
771706308,46.0,M,2,Doctorate,Single,2
713989233,61.0,M,0,Post-Graduate,Married   ,3
780198258,46.0,M,4,College,Single,1
802002858,62.0,F,1,High School,Married,2
716290233,43.0,F,3,Graduate,Married,3
828298908,54.0,M,4,Graduate,Married,0
788946783,50.0,M,2,Unknown,Single,3
720697908,35.0,M,2,High School,Married,1
780598383,35.0, M ,3,Doctorate,Single,2
715345833,36.0, M ,1,High School,Single,1
710831133,42.0,M,3,Unknown,Married,2
766706358,39.0, M ,2,Unknown,Married,0
816533733,50.0,M,1,Unknown,Married   ,2
712373208,43.0,M,3,Doctorate,Single,2
721433283,39.0,F,1,High School,Single,2
720680058,47.0,FEMALE,2,Post-Graduate,N/A,3
716909283,60.0,M,1,Post-Graduate,Single,3
754654383,30.0,M,2,High School,Married,0
719226333,44.0,M,4,Unknown,Married   ,2
779759058,52.0,M,0,Graduate,Single,2
718206783,45.0,F,4,Unknown,Single,3
715783758,40.0,M,4,Graduate,Divorced,3
771190083,36.0,m,3,Post-Graduate,Single,1
713135883,65.0,m,0,High School,Married,0
778799583,35.0,F,0,Unknown,Married   ,1
808796208,54.0,F,2,Unknown,Divorced,2
708313608,53.0,M,3,Unknown,N/A,0
779330208,62.0,F,1,College,Married,3
794498733,40.0,M,2,Unknown,Single,3
807964908,41.0,M,4,High School,Married,2
823845783,53.0,M,2,Unknown,Married,3
711748983,30.0,M,1,High School,Married,2
718064283,46.0,M,3,Uneducated,N/A,0
710492733,29.0,M,0,Post-Graduate,Married   ,2
779016408,37.0,F,3,Uneducated,Married   ,3
717787533,51.0,FEMALE,1,High School,Married,1
714851058,31.0,M,0,Graduate,Married,0
823535133,45.0,M,2,Uneducated,Unknown,2
708455883,57.0,M,1,Graduate,Single,2
780095808,43.0,M,3,Unknown,Divorced,1
709207458,44.0,FEMALE,3,Graduate,Married,3
763895958,53.0,M,2,High School,Married,1
715942683,32.0,F,3,Graduate,Single,3
721301733,53.0,M,1,Graduate,Married,2
711927108,54.0,M,3,High School,Married,4
718083483,42.0,M,3,Uneducated,Married   ,0
717548358,38.0,F,1,College,Married,1
816829608,44.0,M,2,Unknown,Married,2
713936583,54.0,M,2,Graduate,Married   ,1
709682658,37.0, M ,4,High School,Single,1
793889508,48.0,F,2,Graduate,Married,3
714648933,55.0,F,3,Graduate,Married   ,0
711556533,43.0,F,1,Graduate,Unknown,3
717420333,37.0,M,1,High School,Single,2
768921933,34.0,M,2,High School,Married,3
714311583,46.0,F,4,Graduate,Single,2
717707133,32.0,M,1,Unknown,Single,3
716043258,53.0,M,3,Unknown,Married,2
716343408,46.0,M,3,Graduate,Divorced,1
718909158,38.0,M,1,College,Married,3
719471433,31.0,F,0,Graduate,Married,2
712763808,38.0,M,2,Unknown,N/A,3
711147483,46.0,F,3,Graduate,Single,3
719788833,47.0,M,3,High School,Married,3
715168983,47.0,F,3,Graduate,Married,2
714306258,56.0,M,1,College,Married   ,1
713828208,47.0,M,2,Uneducated,Unknown,1
710574558,47.0,M,4,Graduate,Single,2
710947683,64.0,F,0,Graduate,Married   ,1
711113958,37.0,F,3,Unknown,Married,1
718923858,42.0,M,1,College,Married,2
752666508,41.0,M,4,College,Married,3
712672083,65.0,F,0,High School,Married   ,2
719863758,49.0,F,3,Post-Graduate,Married,2
720990183,54.0,M,5,High School,Married,3
720718908,46.0,M,3,Uneducated,Single,3
721250358,50.0,M,2,Unknown,Married,3
779773533,50.0,F,3,Unknown,Married,3
708249708,48.0,m,1,Doctorate,Married,3
713967783,62.0,F,0,Unknown,Married,1
779506158,39.0,F,1,College,Married,2
759823158,46.0,M,1,Unknown,N/A,3
716608608,41.0,M,2,Uneducated,Married,3
789528183,39.0,F,2,Graduate,Married   ,3
708895158,46.0,M,2,Unknown,Married,3
824805858,39.0,F,2,Uneducated,Single,3
720840108,44.0,M,0,Uneducated,Married,0
787595658,57.0,F,3,Unknown,Single,1
720244983,40.0,M,3,Unknown,Single,1
713220258,65.0,F,0,High School,Married,2
813469458,26.0,F,1,Graduate,Single,3
788939358,47.0,M,2,High School,Unknown,2
718870158,47.0,M,4,High School,Married   ,3
788673708,57.0,F,2,High School,Married,3
711809283,31.0,M,1,Unknown,N/A,3
816513108,54.0,M,4,Graduate,Married,2
718594608,43.0,F,2,Post-Graduate,Married,3
823606983,39.0,M,2,College,Married,2
717028158,53.0,M,3,Graduate,Married,3
788485908,44.0,M,3,Unknown,Married,3
714472608,59.0,M,0,College,Married,3
710793783,53.0,F,3,Graduate,Married,1
794340033,34.0,F,3,Uneducated,Married,3
716462658,47.0,M,4,Doctorate,Single,1
718050033,54.0,M,2,College,Married,3
714023808,42.0,F,2,Graduate,Married,1
716341833,53.0,F,3,College,Married,3
719648358,50.0,M,2,Graduate,Married   ,1
816600933,56.0,M,0,College,Married,3
714208533,43.0,M,3,High School,Married,3
713095533,44.0,F,4,High School,Divorced,3
809967783,34.0,F,4,Graduate,Divorced,3
715848408,61.0,M,1,Graduate,Unknown,1
714414483,54.0,F,0,Unknown,Married,1
708655983,49.0,F,3,High School,Divorced,2
720426708,56.0,M,3,High School,Single,3
713743158,47.0,M,1,Graduate,Married,2
721279083,53.0,M,4,Graduate,Married   ,3
779149683,30.0,F,0,Graduate,Divorced,2
714970458,39.0,F,2,High School,Married   ,1
719070108,44.0,M,2,Graduate,Married,3
715490733,54.0,F,3,Uneducated,Single,2
714989583,46.0,M,2,Graduate,Married,3
820355433,43.0,M,3,Unknown,Single,1
715901508,35.0, M ,1,High School,Married,2
710370483,39.0,F,4,College,Married   ,3
778573233,61.0,F,1,Graduate,Married,2
708833133,40.0,F,3,Graduate,Divorced,2
719885883,53.0,M,3,College,Single,0
712523283,55.0, M ,2,Unknown,Married,2
711309033,41.0,M,2,Unknown,Single,2
708134283,35.0,M,2,Uneducated,Married,3
720147633,61.0,M,1,Unknown,Single,2
708983658,51.0,M,2,Uneducated,Single,1
766285608,42.0,M,3,High School,Single,3
779715108,46.0,M,2,Unknown,Divorced,3
798035358,46.0,F,4,High School,Single,2
719391783,46.0,M,4,Uneducated,Married,2
809342208,26.0,M,0,Graduate,Single,2
780713058,46.0,M,3,High School,Married,3
779338683,62.0,M,1,Graduate,N/A,2
783387783,55.0,M,2,Uneducated,Divorced,3
787800108,55.0,M,2,College,Married,2
721397808,32.0,M,0,High School,Married,0
778698408,37.0, M ,4,Uneducated,Married,2
709545333,33.0,F,4,High School,Single,3
716032233,42.0,M,2,College,Married,2
717835908,33.0,M,2,Post-Graduate,Married,3
719466558,60.0,F,0,High School,Single,2
778663458,65.0,M,1,High School,Married,1
716024808,57.0,M,1,Graduate,Married,3
713008308,59.0,F,0,Unknown,Married,2
794831733,45.0,F,5,Graduate,Married,2
713854608,62.0,M,1,Uneducated,N/A,3
715993608,51.0,M,2,College,Single,2
789368658,57.0,M,2,Graduate,Married,3
802817358,38.0,F,3,High School,Married,1
708098133,32.0,F,0,Graduate,Married,0
801499908,43.0,F,4,Graduate,Married,2
824770683,51.0,F,0,Unknown,Divorced,3
718310733,50.0,M,2,Unknown,N/A,1
708162558,64.0, M ,0,Uneducated,Married,2
721129383,53.0,F,1,Doctorate,Married   ,2
721249158,42.0,M,2,Uneducated,Single,3
721049658,53.0,M,3,Graduate,Single,0
806392908,52.0,F,4,High School,N/A,3
714886533,60.0,F,2,High School,Married,2
772375533,30.0,M,1,Graduate,Married   ,2
826775058,43.0,F,3,Uneducated,Married,2
711878733,60.0,M,1,Uneducated,Married,3
714550383,46.0, M ,2,High School,Single,3
712636308,65.0,F,2,High School,Married,2
772139433,44.0,F,2,College,Single,3
709058808,56.0,F,2,College,Married,2
813240408,45.0,FEMALE,4,High School,Married   ,2
767753958,37.0,M,3,Graduate,Married   ,2
710111733,48.0,M,2,High School,N/A,3
761544333,37.0,F,4,College,Married   ,3
788814783,39.0,M,1,Uneducated,Single,3
715034358,41.0,M,2,Graduate,Married,3
709624533,55.0,F,2,High School,Married,0
709942383,34.0,M,1,Graduate,N/A,2
803957508,52.0,M,2,Unknown,Single,3
713378133,54.0,F,0,Post-Graduate,Single,3
709217358,40.0,M,3,Post-Graduate,Married,2
720998358,52.0,M,0,High School,Married,1
721051908,45.0,M,3,Graduate,Single,3
715232058,61.0,M,0,Post-Graduate,Married,2
806250783,57.0,m,2,High School,N/A,2
817245183,51.0,M,2,Unknown,Unknown,2
713670333,60.0, M ,1,Unknown,Married   ,2
826477083,48.0,F,2,College,Married,3
788728608,34.0,M,0,High School,Married,2
717190533,49.0,M,4,High School,Married,2
716580033,53.0,FEMALE,3,High School,Married,3
711644508,34.0,M,2,Uneducated,Single,0
714334383,54.0,M,2,Graduate,Married,0
720611058,40.0,M,3,Graduate,Single,3
712420833,49.0,m,5,College,Single,2
713845083,41.0,F,4,High School,Single,3
713756508,46.0,M,3,Graduate,Divorced,3
735565158,46.0, M ,4,Graduate,Married,2
714131058,30.0,M,0,Graduate,Unknown,3
717180633,59.0,M,1,Post-Graduate,Married,2
717295683,50.0,M,0,Doctorate,Single,2
713128833,49.0,M,2,Unknown,Unknown,2
813499458,45.0,M,5,High School,Unknown,1
710070183,53.0,F,1,High School,Single,2
789605658,42.0,F,1,Doctorate,Married,2
710045058,46.0,M,5,High School,Married,3
710164683,33.0, M ,1,Graduate,Married,3
710802258,46.0,F,2,Graduate,Married,0
721036233,61.0,M,0,High School,Married,3
710036508,42.0,M,5,Uneducated,Married,2
717776808,47.0,F,4,Graduate,Single,3
714906033,47.0,F,2,Graduate,Single,2
714273708,53.0,FEMALE,4,Graduate,Married,3
721117533,46.0,F,3,Graduate,Single,3
715374558,26.0,M,0,College,Married   ,3
824807658,45.0,M,3,Graduate,Married,3
714940608,36.0,M,2,High School,Divorced,2
824782008,42.0,M,3,High School,Unknown,2
717561108,52.0,M,1,Graduate,Married,2
717127083,37.0,M,3,Graduate,Married,0
772460508,53.0,M,1,Uneducated,Married,2
720484908,65.0,F,1,Post-Graduate,Married,3
771237933,47.0,M,1,Uneducated,N/A,3
794664183,38.0,M,0,Uneducated,Married   ,3
797488158,52.0,M,2,High School,Married,0
708543258,36.0,M,3,High School,Married,2
778706508,43.0,M,4,College,Married,4
712240083,38.0,F,3,Unknown,Married   ,2
713650683,65.0,F,0,Graduate,Married,4
772532208,51.0,F,2,Doctorate,Married,3
778929783,40.0,M,3,Graduate,Divorced,3
714244383,39.0,M,3,College,Unknown,3
718797558,39.0,F,1,Graduate,N/A,3
712821333,60.0,M,0,Uneducated,Married,3
721120008,43.0,F,2,Uneducated,Single,2
709633533,31.0,M,2,Uneducated,Married,4
710789058,55.0,M,1,Graduate,Single,3
716174433,65.0,F,1,College,N/A,3
789886533,54.0,F,1,High School,N/A,3
715210308,40.0,F,1,High School,Married,4
721038408,38.0,F,2,High School,Married,2
713325108,36.0,M,2,Post-Graduate,Married   ,3
720352533,43.0,M,3,High School,Unknown,3
708431433,41.0, M ,3,Graduate,Married,2
716996583,50.0,M,3,High School,Divorced,2
718699683,48.0,FEMALE,3,College,Married,2
771359958,39.0,m,4,Unknown,Single,2
716604633,55.0,F,2,Post-Graduate,Married,2
813952233,44.0,M,3,Graduate,Unknown,4
713053383,42.0,M,3,Graduate,Married,3
709979583,54.0,M,3,Graduate,Married,3
709380333,57.0,FEMALE,1,Uneducated,N/A,3
778574283,53.0,F,1,Uneducated,Married,3
789875883,41.0,F,4,Uneducated,Single,2
714661233,39.0,M,1,Graduate,Single,4
813915933,45.0,M,2,Graduate,Divorced,2
708358683,46.0,M,2,Graduate,N/A,2
824761458,54.0,M,2,High School,Married,3
715362183,40.0,FEMALE,4,Graduate,Married,2
721194858,48.0,M,4,Graduate,Married   ,2
803595858,56.0,F,3,High School,Married,1
716198358,33.0,F,4,Post-Graduate,Married,3
714173808,44.0,F,4,Graduate,Single,2
709465758,62.0,F,1,Post-Graduate,Married,3
714081558,33.0,F,0,Graduate,Married,4
717364458,36.0,F,3,High School,Married   ,4
778755858,46.0,M,3,Graduate,Married   ,3
710754933,61.0, M ,0,Graduate,Married,3
720007383,41.0,F,2,Unknown,Single,3
810220833,42.0,M,4,Graduate,Unknown,2
718362783,35.0,M,2,Graduate,Married   ,3
708267858,65.0,F,0,High School,Married,3
708856983,36.0, M ,3,Post-Graduate,Married,2
715588908,42.0,F,4,Graduate,Single,3
772674933,51.0,M,1,Uneducated,Married,3
720148983,54.0,F,1,Uneducated,Married,4
720650208,40.0,F,3,College,Unknown,3
769732233,40.0,M,5,Graduate,Married,4
713030958,57.0,F,2,College,Married   ,2
711320508,57.0,M,4,Graduate,Married,4
795795408,53.0,m,2,Uneducated,Married   ,3
717904383,40.0,M,2,Graduate,Married,2
714115533,28.0,M,0,Graduate,Married,3
712475733,38.0,F,3,High School,Married,3
718996758,37.0,F,2,Graduate,Married,2
713049933,65.0,F,1,High School,Married,2
709961958,58.0, M ,4,High School,Divorced,1
718301508,41.0,M,2,High School,Married,2
714831033,54.0,M,5,Graduate,Married,3
710653158,39.0,F,4,Graduate,Married,4
721265883,26.0,M,1,Graduate,Single,2
715049583,60.0,M,1,Unknown,Married,3
715394883,35.0,m,2,High School,Married,4
773448558,46.0,M,3,Graduate,Divorced,3
717249783,47.0,M,4,Unknown,Married   ,2
708344358,53.0, M ,3,High School,Married,3
712003083,55.0,M,1,Graduate,Married,4
754282908,50.0,F,1,Post-Graduate,Married,3
717412608,38.0,F,2,High School,Married,2
719412258,39.0,F,3,Graduate,Single,4
788675658,39.0,m,2,Unknown,Single,4
717683583,39.0,FEMALE,3,High School,N/A,3
820584408,49.0,F,3,Graduate,Single,2
719392833,45.0,F,3,Graduate,Married,2
718595583,55.0,M,3,Graduate,Married,3
778508883,44.0,M,5,Graduate,Married   ,4
715511658,49.0,F,5,Post-Graduate,Unknown,4
711999783,41.0,M,3,Uneducated,Married,2
753856008,49.0,FEMALE,2,Unknown,Unknown,4
789920883,45.0,F,3,Graduate,Single,4
788677533,44.0,M,4,Unknown,Married,4
716284308,65.0,FEMALE,2,Graduate,Married,2
712120608,35.0,M,3,College,Married,3
715482483,26.0, M ,0,High School,Single,3
720848733,38.0, M ,1,High School,Married   ,2
708480333,65.0,M,0,Unknown,Single,3
826723308,58.0,M,3,College,Married,4
801369258,47.0,F,5,Post-Graduate,Married,2
709584483,33.0,F,3,Graduate,Married,4
715708308,54.0,F,3,Doctorate,Married,3
779707308,35.0,F,1,Graduate,Married,2
711688158,47.0,M,5,Graduate,Single,4
711848658,35.0,M,3,College,Married,2
715855083,48.0,M,4,High School,Married,4
778971408,36.0,M,4,Doctorate,Married,4
711648708,44.0,M,3,Graduate,Married,2
713149683,44.0,F,3,College,N/A,4
771903033,36.0,F,1,Graduate,Married,2
737925558,64.0, M ,0,Doctorate,Married,2
803347908,34.0,F,1,Graduate,Single,2
817285758,49.0,M,4,Graduate,Single,3
711480108,37.0,M,4,High School,Married,4
709662708,65.0,FEMALE,1,High School,Married,3
709224858,53.0,M,2,Post-Graduate,Married   ,2
821771508,32.0,M,0,High School,Married,2
712216533,44.0,m,5,Unknown,Single,3
710522433,65.0,M,0,Graduate,Married   ,2
779046408,60.0,M,0,Graduate,Married,4
708595158,27.0,FEMALE,0,Graduate,Single,2
757266933,52.0,M,2,Post-Graduate,Married,4
816776283,42.0,M,4,High School,Unknown,2
719904333,29.0,M,0,Graduate,Married,4
718264233,29.0,M,0,High School,Married,4
784798683,38.0,M,2,High School,Married,2
710899833,36.0,M,2,Graduate,Married   ,3
780025908,40.0,m,2,Post-Graduate,Married,2
713610033,47.0,M,3,Post-Graduate,Single,3
709364433,36.0,F,3,High School,Married,2
713086908,26.0,FEMALE,0,High School,Single,2
709793133,43.0,F,2,Unknown,Single,4
710032608,52.0,F,1,Graduate,Married   ,3
779351208,49.0,M,2,Unknown,Single,4
719776608,50.0,M,2,Graduate,Married,3
709220583,34.0,M,3,Graduate,Divorced,2
719555733,53.0,F,2,Uneducated,Married,3
740852733,49.0,M,3,High School,Married,2
709528308,53.0,M,4,High School,Married,3
715127208,48.0,M,3,Doctorate,Divorced,2
817144458,32.0, M ,2,Graduate,Single,2
710628783,,M,4,High School,Single,3
772145658,43.0,M,4,Uneducated,Single,3
739594758,51.0,F,2,Graduate,Single,2
789198708,58.0,M,3,Graduate,Married,2
720953658,59.0,F,0,Graduate,Married,4
771330558,51.0,M,4,High School,Married,3
714078558,62.0,F,1,High School,Married,1
712207683,38.0,M,0,Unknown,Divorced,2
788826408,33.0,M,1,Uneducated,Married,3
790128033,54.0,M,3,High School,Single,2
718082208,37.0,F,1,Graduate,Married,4
712037358,30.0,M,0,Unknown,Married,2
711711483,61.0,FEMALE,0,High School,Married,3
718861458,49.0,M,5,Unknown,Single,2
709426608,56.0,M,1,Doctorate,Married,4
811457058,51.0,F,3,Post-Graduate,Married,2
773073558,44.0,F,3,Graduate,Divorced,3
715937133,64.0,F,1,Uneducated,N/A,2
713480583,46.0,F,3,High School,Married,2
716383683,39.0,F,2,Post-Graduate,Unknown,4
713693958,38.0,m,1,Uneducated,Married   ,4
715443708,53.0,M,1,Uneducated,Married,3
770769483,35.0,M,2,Post-Graduate,Married,3
789326808,26.0,M,0,College,Single,2
712105533,32.0,M,2,High School,Single,4
720674133,36.0,M,1,Uneducated,Married,2
779216358,48.0,M,2,College,Married,3
717322833,55.0,M,2,Unknown,Single,2
710279508,52.0,M,2,Graduate,Married,2
712168833,52.0,F,1,High School,Married,3
780581508,58.0,F,1,Doctorate,Single,4
711957708,38.0,F,2,Graduate,Married,4
778782858,60.0,M,1,Graduate,N/A,3
712924383,55.0, M ,3,Unknown,Single,2
709366458,43.0,F,3,College,Married,4
796990908,35.0,FEMALE,3,Post-Graduate,Single,2
715702758,38.0,F,4,Graduate,Married,3
788974608,48.0,M,3,Graduate,Unknown,3
714790008,38.0,F,1,Unknown,Single,3
787438983,43.0,M,3,College,N/A,2
713834358,36.0,m,2,Post-Graduate,Married,4
710084883,34.0,M,2,College,Married,4
710736558,39.0,F,2,Unknown,Married,4
788915283,43.0,F,2,College,Single,2
714916758,48.0,F,2,Uneducated,Married,2
789611283,44.0,M,4,Graduate,Married,3
773288958,38.0,M,1,Graduate,Married   ,3
811721133,62.0,M,1,High School,Married,3
813961233,30.0,M,0,Unknown,Single,2
783020958,39.0,M,3,Unknown,Married,4
715764483,53.0,F,3,High School,Unknown,4
798110358,64.0,F,1,High School,Married,4
715745508,51.0,F,4,Graduate,Single,2
714350658,32.0,m,1,Graduate,Married   ,4
826478958,52.0, M ,1,College,Married,3
719127558,43.0,M,2,High School,Divorced,4
712454958,40.0, M ,5,Graduate,Married   ,2
718561458,54.0,M,1,High School,Married,4
822984108,34.0,F,4,High School,Single,3
719469333,33.0,F,1,High School,Single,4
720871383,36.0,M,2,Graduate,Married,3
788827308,65.0, M ,1,Graduate,Married   ,4
710180958,43.0,M,3,High School,Single,3
778346283,53.0,M,0,Graduate,Married,3
787547208,48.0,F,3,College,Married   ,4
714983283,39.0,F,3,High School,N/A,3
789344358,57.0,FEMALE,1,Unknown,N/A,3
710406633,51.0,F,3,Uneducated,Married,2
767653233,48.0, M ,3,Graduate,Married,3
719461008,51.0, M ,2,High School,Married,2
789731433,26.0,F,0,Unknown,Single,4
775198608,38.0,F,2,Graduate,Married,3
717567333,35.0,M,3,Graduate,Married,2
772794108,46.0,m,3,Doctorate,Single,4
712072908,48.0,M,4,College,Single,2
709328733,49.0,F,2,Uneducated,Married,3
788107683,35.0,M,4,High School,Married,3
713757633,65.0,F,0,Unknown,Married,4
713279808,,M,2,Unknown,Married,3
712440483,54.0,F,2,Uneducated,Married,3
715078383,64.0,F,0,Graduate,Married   ,3
709214358,39.0,F,3,Graduate,N/A,2
778399008,50.0, M ,0,High School,Married   ,2
811534983,54.0,F,3,Graduate,Married,4
719728383,38.0,F,4,Graduate,Married   ,2
718726833,39.0,M,1,High School,Married,4
780605508,53.0,M,1,Unknown,Married,3
719450508,53.0,M,2,High School,Married,3
711213108,32.0,M,1,College,Divorced,4
708488208,57.0,F,3,Uneducated,Married   ,3
717206508,65.0,F,0,High School,Married   ,2
821836008,57.0,M,2,Uneducated,N/A,4
807244983,65.0,F,0,College,Married,2
821872758,65.0,M,0,High School,Single,4
809959683,55.0,M,2,College,Married,4
715079208,54.0,M,1,College,Married,4
767049258,44.0,M,4,High School,Single,3
709579383,58.0,M,1,Uneducated,Married,2
781923483,53.0,F,1,College,Married,4
718654533,33.0,F,1,High School,Single,2
716169258,47.0,F,5,Graduate,N/A,4
713908683,51.0,M,1,Unknown,Single,2
708212658,38.0,F,3,Graduate,Married,2
756013833,57.0,M,3,Doctorate,Married,3
719358333,36.0,M,4,Uneducated,Married,4
713735508,35.0,M,3,Uneducated,Married,2
805259733,55.0,F,2,Unknown,Married,4
738749733,57.0,F,4,Doctorate,Married,3
814833408,56.0,M,2,Doctorate,Married   ,4
719182308,38.0,F,2,High School,Married   ,3
818497758,54.0,F,3,Graduate,Married,3
719518308,48.0,M,2,Unknown,Unknown,4
709991883,53.0,M,1,Graduate,Married,2
770901258,30.0,F,1,Graduate,Married,3
711499158,47.0,M,2,Uneducated,Married,4
720445533,60.0,F,1,College,Married,3
809951133,54.0,M,3,College,Single,3
714657108,37.0, M ,2,Uneducated,Married,4
789048858,32.0,F,1,Post-Graduate,Married,3
771816408,44.0, M ,4,Uneducated,Married,2
798158808,53.0,F,1,College,Single,2
787685658,43.0,M,2,High School,Divorced,2
720141408,49.0, M ,2,Graduate,Single,2
788699808,38.0,FEMALE,4,Unknown,Single,2
708216108,56.0,F,1,College,Married,4
715074258,26.0,F,0,Graduate,Single,3
771653583,58.0,M,1,High School,N/A,4
717374358,33.0,M,1,Unknown,Married,0
720836808,35.0,M,3,High School,Single,2
818701383,37.0,M,3,High School,Married   ,2
717277833,27.0,F,1,Graduate,Single,4
778137108,43.0,M,4,High School,Single,2
720973833,49.0,M,2,Graduate,Divorced,2
768490458,49.0,M,2,Uneducated,Married,3
751487358,39.0,F,3,Graduate,Married,3
712742808,41.0,F,3,Uneducated,Married,3
712820208,32.0,FEMALE,0,High School,Divorced,4
794649858,58.0,F,1,Uneducated,Married   ,3
755262933,56.0,FEMALE,2,Post-Graduate,Married,4
709541433,37.0,M,2,Graduate,Married,4
820622433,39.0,M,1,High School,Married,2
712586583,26.0,F,0,Graduate,Single,4
709816158,31.0,m,1,Unknown,Single,2
712196508,46.0, M ,3,High School,Single,3
767269908,36.0,FEMALE,2,College,Married,2
710927733,39.0,M,1,Unknown,Married,3
711310908,53.0,F,4,College,Married,3
788862333,38.0,FEMALE,3,Uneducated,Married,2
713194608,37.0,M,2,Graduate,Married,2
793550958,47.0,F,2,Graduate,N/A,4
712607583,56.0,M,1,College,Married   ,3
713921058,55.0,F,3,High School,Married,2
709183683,31.0,F,0,Uneducated,Single,0
713407458,62.0,FEMALE,0,Graduate,Single,4
715241583,34.0,M,3,High School,Married,4
710475408,33.0,M,3,High School,Married,2
708971583,38.0,F,2,Uneducated,Single,2
714547458,65.0,M,0,Graduate,Married   ,2
827631483,57.0,M,1,High School,Married,4
711159108,58.0,F,0,High School,Married,2
789262683,60.0,M,1,Unknown,Divorced,2
712940508,39.0,M,3,Unknown,Single,4
789733008,39.0,FEMALE,2,High School,Married,2
714703158,39.0,F,2,High School,Married,3
710255208,60.0,M,0,Uneducated,Married,4
779236083,37.0,F,3,High School,Married,3
713438358,41.0,F,4,Graduate,Married,2
715973583,56.0,M,3,Uneducated,Married,3
794113758,60.0,M,0,High School,Married,2
709452633,56.0,F,4,High School,Single,3
788210583,62.0,M,0,College,Married,4
717784983,41.0,F,2,Uneducated,Married,3
786557358,44.0,F,1,Unknown,Married,4
768460908,59.0,M,1,Graduate,Single,3
718899708,55.0,F,1,College,Married,2
714697533,26.0,m,1,High School,Single,3
713206683,40.0,FEMALE,4,Graduate,Single,3
708679383,44.0,F,2,Unknown,Unknown,3
713067033,37.0,M,2,Uneducated,Single,3
789314133,37.0,M,1,High School,Married,3
713956308,65.0,F,0,Graduate,Married,2
711595833,46.0,M,3,College,Married,2
779521533,53.0,M,2,High School,Married,3
715225458,56.0,m,1,Uneducated,Married,4
716487408,48.0,M,3,Graduate,Married,3
719338383,34.0,M,2,High School,Married,3
710523333,65.0,M,0,Graduate,Married,2
787489083,55.0,M,4,Post-Graduate,Married,4
720747633,32.0,M,1,Unknown,Married,4
779480658,58.0,F,4,Graduate,Married,4
711498258,54.0,M,3,High School,Married,2
709316433,52.0,M,2,High School,Single,4
778734108,36.0,M,3,Uneducated,Married,4
778388358,56.0,M,3,Graduate,Single,3
716773533,33.0,M,3,Graduate,Married,3
822130683,61.0,M,0,Graduate,Married,4
717268458,61.0,M,0,Graduate,Married,4
827888433,43.0,M,4,Uneducated,Single,2
716522583,48.0,F,3,College,N/A,3
789415983,36.0,M,3,Graduate,Married,2
719819958,34.0,M,2,Uneducated,Married,4
769579608,53.0,F,1,Graduate,Single,4
772353408,43.0,FEMALE,5,Unknown,Single,4
716615583,61.0,F,1,High School,Married,3
781131483,55.0,M,2,High School,N/A,4
719101908,51.0,F,1,Graduate,Married,3
720521808,38.0,M,1,Graduate,Single,2
718136283,52.0,M,2,Uneducated,Single,4
778855383,36.0,F,5,High School,Married,3
779722308,45.0,F,3,High School,Married,2
818926833,34.0,F,3,College,Married,2
721217283,27.0,FEMALE,0,Graduate,Single,2
717167283,49.0,F,5,Unknown,Divorced,4
713371233,43.0,F,1,Graduate,Married,2
778426608,52.0,M,4,Graduate,Married,3
713823033,31.0,FEMALE,2,Unknown,Married,2
787515333,40.0, M ,3,Uneducated,N/A,3
710944608,39.0,M,3,Graduate,N/A,4
718444233,45.0,M,3,Graduate,Married,2
771099183,37.0,F,2,Graduate,Single,3
770241333,49.0,F,4,Graduate,Divorced,4
710819733,56.0,M,3,Graduate,Married,1
772155108,62.0,F,0,High School,Married,4
798796233,37.0,F,3,High School,Married,3
815472108,42.0,M,3,High School,Single,3
769145733,36.0,M,3,Graduate,Single,3
783364233,59.0,M,0,Graduate,Married,3
772236108,40.0,F,1,Graduate,Married,3
715640358,43.0,M,3,High School,Single,3
713529858,29.0, M ,2,Graduate,Married   ,3
715684308,42.0,F,4,Graduate,Married,2
709451508,63.0,F,1,High School,Married,3
709204158,36.0,F,2,Post-Graduate,Single,4
713182458,53.0,M,4,High School,Married   ,2
710624658,36.0,m,2,Uneducated,Married,2
716355783,36.0,M,3,Unknown,Married,3
716793108,26.0,M,0,College,Single,2
716162583,45.0, M ,0,Unknown,Married   ,3
714051033,55.0, M ,0,Graduate,Married,4
715007583,61.0,F,0,Unknown,Unknown,2
719139558,26.0,M,0,Uneducated,Single,4
794632308,40.0,M,4,Graduate,Married,2
770662383,38.0,M,2,Graduate,Single,2
714787383,32.0,FEMALE,0,College,Married,3
714700158,53.0,M,2,Unknown,Married,3
710581758,52.0,F,2,Graduate,N/A,3
720497958,29.0,M,1,Graduate,Married   ,2
720920058,38.0,M,2,Graduate,Married,4
710872233,27.0,M,0,Unknown,Single,2
709855608,46.0,F,4,High School,Married,4
815484783,57.0,M,0,Uneducated,N/A,3
771602883,42.0,M,3,High School,Single,4
755953308,62.0,F,0,Post-Graduate,Married,4
758408883,37.0,F,1,Graduate,Married   ,4
717940008,57.0,F,2,Unknown,Divorced,2
720917808,35.0,M,2,High School,Single,4
812801958,55.0,F,1,Unknown,Married,4
714997683,56.0,F,4,Graduate,Married,3
709379283,39.0,m,2,Graduate,Married,4
711840408,64.0,M,0,College,Married,4
785328408,37.0,F,4,Graduate,Married   ,3
719873808,34.0,M,1,College,Married,2
715528983,46.0,M,5,Uneducated,Divorced,2
720254883,65.0,F,0,High School,Married,3
811980858,36.0,M,0,Graduate,Married,2
711330408,35.0,F,2,College,Married,3
718465458,49.0,M,1,Unknown,Single,4
710616183,46.0,m,3,Uneducated,Single,4
714580158,26.0,M,0,Post-Graduate,Married,4
710798883,52.0,M,3,Graduate,Single,4
720511608,38.0,F,0,Graduate,Married,3
708913233,37.0,M,1,High School,Married,2
788038383,33.0,F,3,Graduate,Married,2
719905908,59.0,M,1,Uneducated,Married,3
807044958,34.0,M,3,High School,Married,3
719514783,39.0,F,3,Post-Graduate,Unknown,4
787643658,59.0,M,0,Graduate,Married,4
779138883,50.0,M,1,Graduate,Married,4
708173433,26.0,F,1,Unknown,Married   ,4
778401033,32.0,M,0,High School,Married,4
818375733,51.0,F,2,College,Married,3
711048783,41.0,M,4,Doctorate,Married   ,3
721415658,39.0,F,1,Graduate,Married,2
717961458,49.0,F,2,Uneducated,Single,4
718563483,30.0,M,2,Unknown,Divorced,3
717128283,40.0,F,3,High School,N/A,2
718068933,36.0,F,3,Uneducated,Single,4
718623783,56.0,M,2,College,Married,2
716565258,37.0,M,3,Doctorate,Single,4
712505658,51.0, M ,4,Unknown,N/A,3
792565908,36.0,F,2,Uneducated,Single,3
709267308,62.0,M,1,Graduate,Married,2
710035008,31.0,F,0,Uneducated,Single,4
790082508,42.0,M,4,High School,Single,2
716866308,38.0,M,2,High School,Married,4
709707033,45.0,M,3,Graduate,Married   ,2
718346658,50.0,F,2,Graduate,Married,4
824157858,58.0,M,3,Graduate,Married,3
709735008,35.0,M,2,High School,Married,4
814593858,58.0,M,3,High School,Single,2
718416858,42.0,FEMALE,5,Graduate,N/A,3
710307933,32.0,F,0,College,Single,4
715870758,35.0,M,4,Graduate,Married,4
713819283,51.0,M,1,Uneducated,Married,2
710424408,63.0,M,2,Graduate,Married,4
709493283,42.0,M,2,Unknown,Single,4
712489158,36.0, M ,0,Uneducated,Single,2
719013108,42.0,M,3,Graduate,Divorced,4
721178583,,FEMALE,3,Graduate,Unknown,2
717769008,38.0,M,2,Graduate,Married,4
709986633,29.0,M,1,High School,Married,3
721062408,54.0,m,2,Uneducated,Divorced,4
771349458,33.0,M,2,Graduate,N/A,3
780557658,63.0,F,0,Uneducated,Married,2
771441558,49.0, M ,2,Post-Graduate,Married,3
756409758,44.0,F,2,Graduate,Married,4
720009558,33.0,F,2,College,Single,3
778885158,250.0,M,3,Uneducated,Married,3
715543908,52.0,F,3,Uneducated,Married,3
717591483,52.0,F,3,Graduate,Single,3
715042608,39.0,F,2,Doctorate,Married,4
755959683,50.0,F,5,Unknown,Unknown,2
715367058,43.0,M,3,College,Unknown,3
714573258,36.0,m,2,Post-Graduate,Single,4
712281183,55.0,M,4,Graduate,Married,2
717670758,30.0,F,1,Graduate,Single,3
720666333,36.0,M,3,Unknown,N/A,2
771556308,26.0,F,0,High School,Single,4
708931908,48.0,M,3,High School,Single,3
718894233,53.0,F,2,Graduate,Married,4
771544533,42.0,F,5,High School,Married,4
708927108,53.0,M,2,Graduate,Married,2
717831783,58.0,F,2,Uneducated,Married   ,4
709288383,32.0,M,2,Graduate,N/A,3
710813733,48.0,M,4,Uneducated,Married,4
721084833,48.0,M,5,High School,Married,2
711258108,54.0,M,1,College,Married,2
710149008,59.0,M,0,High School,Married,4
711902058,35.0,M,2,Graduate,Married,2
716757033,37.0,M,4,Post-Graduate,Married,4
712688433,36.0,M,3,High School,Divorced,3
713203908,26.0,M,0,Uneducated,Single,3
711772008,35.0,F,3,Graduate,Single,1
708799983,40.0,M,1,Post-Graduate,Married,4
778882758,55.0,F,2,Unknown,Married,4
709157133,39.0,M,1,Unknown,Divorced,3
741344808,39.0,F,2,Graduate,Married,4
739692933,46.0,F,2,Unknown,Single,4
766429908,49.0,M,2,High School,Unknown,2
802087683,32.0,M,0,Post-Graduate,Married,3
712491108,35.0,M,1,Post-Graduate,Married,4
714767508,39.0,M,2,Graduate,Married,2
720376008,53.0,F,2,Graduate,Married,4
779126658,26.0,F,0,Graduate,Single,2
793222008,32.0,FEMALE,0,High School,Married,3
720812433,54.0,M,2,College,Married,2
717623583,36.0,F,3,High School,Married   ,4
708878508,45.0,F,3,High School,Married,3
710043408,49.0,M,3,Graduate,N/A,4
789079758,44.0,M,4,Doctorate,Unknown,3
721311333,32.0,M,1,High School,Married,4
710749458,64.0,F,0,Doctorate,Married,3
778275783,37.0,F,2,Unknown,Unknown,2
799498158,31.0,M,1,Post-Graduate,Married,3
716334258,49.0,F,3,Uneducated,Divorced,2
716075208,32.0,F,3,High School,Married,4
780276258,53.0,M,2,High School,Married,3
789282333,62.0,F,0,Graduate,N/A,3
811571733,26.0,F,0,Unknown,Single,2
709429533,49.0,F,5,Graduate,Divorced,4
715247508,30.0,F,1,Graduate,Married,2
718784358,34.0,M,4,Uneducated,Married   ,2
751450008,41.0,M,1,Post-Graduate,Single,4
719227233,27.0,F,1,Unknown,Single,3
711050058,33.0,m,2,Uneducated,Married,4
779040408,56.0,FEMALE,2,High School,Married   ,2
714024858,36.0,M,3,High School,Married   ,2
789849108,35.0,m,1,Graduate,Single,2
710391258,27.0,M,0,Graduate,Married,4
718830183,46.0,M,1,High School,Single,4
779696883,48.0,M,2,Graduate,Divorced,4
719249733,54.0,M,1,Unknown,Single,2
737971833,38.0,M,1,Graduate,Married,3
772468983,36.0,M,1,Post-Graduate,Married,2
710990283,56.0,M,1,High School,Married,2
808750458,32.0,M,1,Doctorate,Single,3
719692983,36.0,M,2,Doctorate,Married,4
719125158,35.0,F,2,High School,Single,2
787509408,26.0,M,0,College,Single,2
719206308,32.0, M ,1,High School,Married,2
717141858,56.0,F,2,High School,Single,2
713172408,54.0,M,1,Unknown,Married,4
720314583,54.0,M,2,Unknown,Married,2
708347583,37.0,F,4,Uneducated,Married,4
711006783,38.0,F,1,Graduate,Single,3
718274283,35.0, M ,3,College,Single,3
803977008,39.0,M,2,Unknown,Married,4
715216908,48.0,M,4,Doctorate,Single,4
779611008,29.0,M,0,Graduate,N/A,4
811467708,33.0,M,2,Graduate,Married   ,2
812597508,39.0,F,1,High School,Married,3
718651083,35.0,F,2,Graduate,Single,4
708577308,43.0,F,1,Unknown,Divorced,3
813990483,27.0,F,0,High School,Married,2
816319008,52.0,F,2,Graduate,Single,3
789627258,31.0,M,1,Graduate,Married   ,3
713346558,45.0,M,4,Graduate,Divorced,4
708744933,35.0,M,2,High School,Married,4
708828258,55.0,M,2,College,Married,3
713511108,61.0,M,1,Uneducated,Married,4
710208633,37.0,F,1,Graduate,Married,2
824165658,38.0,M,2,Unknown,Married,3
826513233,54.0,F,3,Unknown,Married,2
788789658,40.0,M,5,Unknown,Unknown,4
717837858,47.0,M,5,College,Married,2
709382958,55.0, M ,2,Graduate,Married,4
716253858,37.0,M,5,Post-Graduate,Married,2
713725683,36.0,F,0,College,Single,2
710364258,53.0,F,2,Uneducated,Married,2
816033783,26.0,M,0,High School,N/A,3
715065483,45.0,F,3,Graduate,Married   ,3
718751133,36.0,F,2,Unknown,Married,4
713983308,60.0,M,0,Post-Graduate,Married,4
718418958,30.0,M,1,Post-Graduate,Divorced,4
779367858,39.0,M,4,High School,Married,3
711285633,33.0,F,0,Unknown,Single,3
714974658,48.0,F,4,College,Married,4
716374308,39.0,M,3,Graduate,Married,2
713416233,38.0,M,2,Graduate,Married,2
797643708,47.0,M,1,High School,Married   ,4
808292958,26.0,M,0,Graduate,Single,3
719831958,49.0,M,3,College,Single,4
708860358,38.0,M,3,High School,Married,3
717385983,30.0,M,0,Graduate,Married   ,2
719049033,53.0,M,3,High School,Married,4
717581658,49.0,M,2,Unknown,Single,2
714347508,35.0,M,2,Uneducated,Single,3
803833608,40.0,M,3,Uneducated,N/A,3
712576908,30.0,M,0,High School,Married,4
778511733,42.0,F,3,College,Single,2
721464783,62.0,m,0,Graduate,Married,2
821179233,50.0,m,1,Post-Graduate,Single,3
713126733,56.0,M,3,College,Married,2
719688408,45.0,M,3,Graduate,Married,3
779811183,35.0,F,3,Uneducated,Married,2
771086208,57.0,F,2,Graduate,Married,4
715217733,33.0,F,2,High School,Single,4
813752433,43.0,F,3,Graduate,Single,4
711876333,53.0,M,3,Graduate,Married,4
715256658,50.0,M,2,College,Single,2
711329658,30.0,M,0,High School,Married,4
710227908,37.0,F,3,Graduate,Single,3
716362008,37.0, M ,2,Doctorate,Married,2
714939708,45.0,M,3,Graduate,Single,3
708083283,58.0,M,0,Unknown,Single,3
719431608,63.0,F,0,College,Married,4
769411758,43.0,M,1,Graduate,Single,4
714248733,26.0,F,0,Unknown,Single,2
804481608,37.0,m,1,Unknown,Single,3
714631833,53.0,M,4,Graduate,N/A,4
769751958,55.0,m,3,Unknown,Married,4
717999183,36.0,M,3,High School,Married,3
713075283,51.0,M,3,High School,Single,4
711561108,36.0,M,4,Graduate,Single,2
709854483,35.0,F,1,High School,Married,3
713630733,34.0,F,2,Graduate,Single,3
717599283,57.0,M,0,Doctorate,Married,2
806407308,54.0,F,3,College,Single,3
712730583,29.0,M,0,Uneducated,Married,3
712142733,37.0,F,3,Post-Graduate,Married   ,2
720153258,53.0,F,2,College,Single,3
814086333,36.0,M,3,College,Married,4
715524708,49.0,M,5,Unknown,Single,2
713307708,64.0,F,0,Unknown,Married,2
714069858,53.0, M ,3,Graduate,Married,2
712789383,52.0, M ,1,Graduate,Married,4
787983633,35.0,F,3,Uneducated,Married,3
758583708,37.0,F,3,Graduate,Single,4
717130383,50.0,M,0,Uneducated,Married,3
720770883,65.0,F,0,Graduate,Single,3
716797758,53.0,F,2,Unknown,Married,4
713835258,53.0,M,1,Unknown,Married,3
720677733,40.0,m,3,Graduate,Married,0
718587858,39.0,m,4,High School,Married,4
710263608,53.0,F,3,High School,Married,4
715055433,36.0,M,3,Uneducated,N/A,4
715498308,35.0,F,2,Graduate,Married,4
708099183,37.0,F,2,High School,Single,2
716452908,36.0,m,1,Unknown,Single,3
789959283,39.0,M,2,College,N/A,2
713536158,65.0,M,1,College,Married,2
716750358,45.0,m,1,Unknown,Married,3
815299833,38.0,F,2,Graduate,Married,3
721003008,36.0,F,4,Graduate,Married   ,2
779883933,40.0, M ,4,Graduate,Married,2
716612958,35.0,F,2,College,Married   ,3
715859058,54.0,M,3,Post-Graduate,Married,4
772031733,40.0,M,4,Graduate,Single,2
720668358,59.0,M,0,Uneducated,Single,3
778708533,26.0,F,0,High School,Single,4
719649408,46.0,FEMALE,2,High School,Married,3
715457658,29.0, M ,1,Graduate,Married,4
711934308,38.0, M ,3,Graduate,Single,3
781326483,31.0,FEMALE,0,Graduate,N/A,2
712557708,35.0,M,1,High School,Married,2
789187908,56.0,M,2,Uneducated,Married,2
773297508,-99.0,M,3,College,Married,3
716529258,42.0,M,4,Doctorate,Married,4
708242283,29.0,M,1,College,Single,2
789247458,32.0,M,0,Graduate,N/A,3
717100833,37.0,F,2,High School,Married,2
716870583,36.0,F,3,Unknown,Married,3
719999508,37.0,M,3,Unknown,Married,2
721236408,38.0,M,2,Graduate,Married,3
720122808,52.0,M,2,High School,N/A,3
716882658,62.0, M ,2,Graduate,Married,4
713734758,35.0,F,2,Graduate,Married,2
709085358,36.0,M,1,Graduate,Single,4
715785933,54.0,M,3,College,Married,0
717159858,27.0,M,1,High School,Single,2
713259858,26.0,M,0,High School,Single,3
787516908,56.0,F,2,Graduate,Married,3
711145008,60.0,F,1,Graduate,N/A,2
715013733,54.0,m,4,Graduate,Married,3
717098208,48.0,M,3,Unknown,Married,2
737982408,33.0, M ,1,College,Single,4
713216883,64.0,F,0,Unknown,Married,4
709361058,35.0,M,2,Graduate,Married,3
710312658,54.0,F,2,Unknown,Married,3
773383158,29.0,F,1,College,Single,4
716053083,33.0,M,2,Graduate,Married,4
717667833,34.0,M,1,Graduate,Married,3
716998608,48.0,M,3,Graduate,Unknown,2
772086408,38.0,M,3,High School,Married   ,4
708597558,42.0, M ,3,High School,Single,3
718011783,55.0,m,3,Graduate,Married,3
714360033,62.0,M,1,High School,Married,3
811005858,33.0,F,0,Unknown,Married,4
794485158,38.0,M,2,Unknown,Married,2
708513183,39.0,M,1,Uneducated,Married,2
719353158,56.0,M,1,College,Married,3
711436083,36.0,M,1,Graduate,Married,3
780374133,29.0,M,1,College,Married   ,3
739117233,57.0,FEMALE,3,High School,Married,2
708486033,55.0,F,3,Post-Graduate,Married,3
795237183,51.0,F,2,Graduate,Married,4
788788758,57.0, M ,3,College,Single,2
709635858,56.0,F,3,Graduate,Married,3
789701658,26.0,m,0,College,Single,2
713484483,36.0,F,4,Uneducated,Single,2
711954558,53.0,F,3,Graduate,Married,4
712655583,41.0,M,3,Graduate,Married,2
779686683,26.0,F,0,Post-Graduate,Married   ,2
711226758,51.0,F,1,College,Divorced,3
713241033,34.0,M,0,Graduate,Married,3
788754108,65.0,F,1,Unknown,Single,4
717013383,52.0,M,2,High School,Married,4
712634133,54.0,m,2,Graduate,Married,4
709537683,37.0,M,3,College,Married,3
778627983,40.0,F,3,Graduate,Married   ,3
720241758,55.0,M,0,Doctorate,Married,3
720814233,45.0,FEMALE,4,High School,Married   ,3
785080308,37.0,F,2,High School,Married,3
713358633,30.0,M,1,Graduate,Single,2
720392433,55.0,F,1,Unknown,Married,2
720282558,36.0,M,2,Graduate,Single,4
821370858,39.0,M,1,Graduate,Married,4
799249833,34.0,FEMALE,2,Graduate,Single,4
713016633,47.0,M,3,High School,Single,2
814471983,42.0,M,3,High School,N/A,3
779612808,61.0,M,1,Graduate,Married,4
716692683,31.0,M,1,College,Single,3
790145733,40.0,M,3,College,Single,4
716038533,42.0,F,3,Graduate,Unknown,2
714421233,54.0,F,0,Graduate,Married   ,4
709783908,52.0,F,3,Unknown,Married,2
812788233,31.0,F,0,Graduate,Married,4
772452783,43.0,M,3,Unknown,Married   ,2
714002658,49.0,M,2,Unknown,N/A,2
713464983,45.0,F,2,Graduate,Unknown,4
713910108,38.0,M,1,Graduate,Married,3
808169358,57.0,M,2,Uneducated,Single,4
714013083,63.0,F,2,Graduate,Married,4
715381533,42.0,F,4,Post-Graduate,Single,3
717678408,61.0,FEMALE,1,Doctorate,Married,4
719143308,37.0,M,2,Unknown,Single,3
711509658,61.0,M,2,Graduate,N/A,4
757481283,35.0,M,3,College,Married,4
808681158,57.0,M,0,Graduate,Married,4
718867683,64.0,M,1,Unknown,Married,4
714618333,39.0,F,2,Doctorate,Married,4
794562783,28.0,F,0,Unknown,Single,2
708208758,53.0,FEMALE,1,Graduate,Single,2
794504658,39.0,M,1,Unknown,Married,0
714772758,35.0,F,3,Graduate,Married,4
713830233,47.0,FEMALE,5,High School,Married,2
713577483,47.0,M,4,Unknown,Married,4
814513008,38.0, M ,2,Graduate,Married,3
712765158,26.0, M ,1,High School,Single,3
714411108,37.0,F,3,Graduate,Single,3
720231108,57.0,M,2,Graduate,Single,3
709035708,38.0,F,0,Unknown,Married,3
720662508,39.0,m,1,Graduate,Married,2
708623283,35.0,FEMALE,2,Uneducated,Single,2
813247083,38.0,M,2,Graduate,Married,2
780078333,56.0,m,2,Unknown,Married,2
811915383,36.0,m,3,Uneducated,Married,2
719818983,39.0,M,1,College,Divorced,4
716349183,58.0,F,1,Uneducated,Married,3
710067183,28.0,M,1,High School,Married   ,3
771234558,65.0,F,0,Graduate,Single,2
820288233,26.0,F,0,Uneducated,Single,4
717511533,28.0,M,0,Graduate,Single,4
711642108,30.0,F,1,Uneducated,Married,2
712495233,31.0,F,0,Uneducated,Married,2
718484283,57.0,M,3,Post-Graduate,Married,4
717413658,43.0,M,4,High School,Married,2
804668658,26.0,F,0,Uneducated,Single,4
715934283,39.0,F,2,High School,Single,2
717499083,35.0,M,0,Unknown,N/A,2
715279683,52.0,F,2,Uneducated,Married,4
718971333,33.0,M,1,Graduate,Single,2
709219533,53.0,M,3,High School,Married,0
709150608,30.0,F,0,Unknown,Married   ,4
788259558,59.0,M,0,Unknown,Married,4
802464033,65.0,F,0,Graduate,Married,3
712757808,33.0,F,2,Uneducated,Married,4
714457083,52.0,F,2,High School,Married,2
713413758,26.0,F,1,College,Single,3
708741633,52.0,M,4,High School,Married,4
714043833,37.0,F,3,Graduate,Married   ,4
789577833,56.0, M ,2,Graduate,Married,4
787570758,35.0,M,2,Uneducated,Married,4
720371733,58.0,m,0,Graduate,Married,2
819117183,34.0,F,3,Unknown,Married   ,4
711776433,37.0,M,3,Uneducated,Single,2
709583133,53.0,M,3,Uneducated,Married,3
719521983,38.0,M,2,Uneducated,Married,3
718415133,38.0,M,1,Uneducated,Married,3
710594358,28.0,F,0,Unknown,Single,4
709730508,39.0,m,0,High School,Single,3
720462633,43.0,F,3,Uneducated,Single,3
715005558,36.0,M,2,College,Single,2
779993208,38.0,F,2,Uneducated,Married,3
787543008,37.0,M,1,Graduate,Single,4
743265108,37.0,M,4,College,Single,4
713770383,29.0,F,0,Uneducated,Married   ,4
712392108,51.0,M,3,High School,Married,4
720145683,54.0,M,1,College,Married,2
714832383,35.0,M,0,High School,Single,3
772706283,38.0,m,2,College,Married,4
795920358,33.0,F,2,High School,Married,3
716277558,45.0,F,1,Uneducated,Single,4
764776833,61.0,M,0,Graduate,Married,2
710795883,33.0,F,3,Uneducated,Married,4
710428308,55.0,M,4,High School,Single,4
721096983,34.0,F,2,Graduate,Single,4
715760733,58.0,M,4,High School,Married,4
718227033,38.0,m,4,Graduate,Married,2
720610008,59.0,M,1,College,Married,4
719517258,57.0,m,4,Unknown,Single,4
714111333,55.0,M,1,High School,N/A,3
717551358,63.0,M,0,Graduate,Married,4
813573333,60.0,M,1,High School,Married,4
711709683,53.0,F,2,Uneducated,Married,4
712902483,35.0, M ,3,High School,Married,2
710893533,53.0,M,1,Unknown,Married,4
719883858,58.0,M,2,Graduate,Married,0
719628033,33.0,F,1,Post-Graduate,Married,3
712043433,53.0,M,1,Graduate,Married,2
769095558,59.0,M,1,Doctorate,Single,2
816094233,37.0,M,1,High School,Married,2
758417508,50.0,F,4,High School,N/A,4
721234308,35.0,F,2,Uneducated,Married,3
717138558,28.0,M,0,Post-Graduate,Married,3
798120858,37.0,M,3,Uneducated,Married,2
709997958,39.0,M,3,Graduate,Married,4
712617408,31.0,M,1,Post-Graduate,Single,3
720158208,37.0,M,3,Graduate,N/A,2
716548083,39.0,M,4,Graduate,Married,4
717631008,38.0, M ,2,Graduate,N/A,2
813964383,35.0,M,3,Graduate,Single,3
719952408,30.0,M,0,Graduate,Married,2
771028533,48.0,F,3,Post-Graduate,Married,3
771823308,33.0,F,2,Uneducated,Unknown,4
719854008,47.0,M,3,Unknown,Single,2
713998233,37.0,F,2,High School,Single,4
714746358,38.0,M,3,Unknown,Married,2
713574708,39.0,M,3,College,Single,2
714753258,34.0,M,2,Unknown,Married,4
712004208,65.0,M,0,Graduate,Married   ,2
719621958,43.0,M,3,Graduate,Married   ,3
819610908,38.0,M,2,Uneducated,N/A,4
823948308,48.0,M,4,Post-Graduate,Unknown,4
712064358,,M,1,Graduate,N/A,4
816013383,65.0,F,0,Graduate,Divorced,3
758765808,36.0,F,2,Unknown,Married,4
780881358,35.0,M,3,Graduate,Single,2
709422183,58.0,F,1,Graduate,Married,2
779951058,54.0,F,3,High School,Married,4
809941233,53.0,M,1,Graduate,Married,3
710844408,38.0,M,3,Post-Graduate,Married,2
819002508,31.0, M ,1,Unknown,Single,2
807141183,34.0,M,1,Graduate,Married,2
711119358,38.0,M,3,Unknown,Married   ,2
808273533,39.0,M,2,High School,Single,3
716297658,37.0,M,2,Graduate,Single,4
716532258,51.0,F,1,High School,Single,2
720540708,53.0,F,3,Uneducated,Married,4
720904233,53.0,M,0,Graduate,Married,2
720863133,65.0,M,1,Graduate,Married,4
714957108,33.0,F,3,High School,Married   ,3
790102008,37.0,M,3,Doctorate,Single,3
781933983,47.0,M,4,Graduate,Married,4
712643358,59.0,F,0,High School,Married,4
716686158,59.0,F,0,Post-Graduate,Married,3
806894133,34.0,F,3,Post-Graduate,Single,4
721344858,26.0,M,0,Uneducated,Single,4
813230208,45.0,M,4,College,Single,3
716835033,54.0,F,2,Graduate,Married,2
787500333,52.0,M,2,Post-Graduate,Single,3
768582033,47.0,M,3,High School,Married,4
713992158,57.0,F,4,Unknown,Married,2
719916408,34.0,M,5,Graduate,Married,2
789433758,36.0,M,0,College,N/A,2
785011383,36.0,F,0,Uneducated,Married   ,4
719283633,57.0,F,3,Uneducated,Married,3
710816358,29.0,FEMALE,1,Post-Graduate,Married,2
779653458,37.0,M,3,Graduate,Married,3
716382708,46.0,F,2,Graduate,Single,3
710387583,55.0,M,0,High School,Married,4
718772133,56.0,M,3,Graduate,Married,3
711224733,32.0,M,0,High School,Married,4
718360083,39.0,M,4,Uneducated,Married,2
716102583,63.0,F,1,Graduate,Married,3
720673008,49.0,F,3,Unknown,Divorced,4
708459633,38.0, M ,2,High School,Married,3
712868733,60.0,M,0,Uneducated,Married   ,2
713790708,38.0,M,3,Uneducated,Married,3
717648783,63.0,M,2,High School,Married,3
714709983,43.0,F,2,College,Married   ,4
819409608,39.0,F,2,Graduate,Married,4
717585858,35.0,F,4,High School,Single,4
791856033,45.0,M,2,College,Divorced,4
714474483,35.0,FEMALE,1,Graduate,Married,2
716448783,48.0,m,3,Graduate,Married,3
711065133,26.0,M,1,High School,Single,4
713769258,36.0,M,3,College,Married,3
712288158,37.0,M,2,College,Married,2
714130233,39.0,M,2,Unknown,Married,2
789127533,49.0, M ,4,High School,Divorced,2
717038733,56.0,m,3,Uneducated,Married,3
804840033,45.0,M,2,College,Married,4
709363383,34.0,M,2,High School,Single,2
789760233,29.0,M,0,Unknown,Divorced,3
712058958,28.0,M,0,High School,Single,4
708295533,65.0,m,0,Post-Graduate,Married,2
817686633,26.0,F,1,College,Single,4
713738883,57.0,F,3,Uneducated,Married   ,3
721310283,47.0,M,3,Graduate,Single,4
803132733,54.0,F,1,Graduate,Married,2
779852133,48.0,M,2,Unknown,Married,4
716210283,36.0,F,1,High School,Married,4
711615933,43.0,FEMALE,3,Graduate,Married,2
785311158,54.0,FEMALE,2,Graduate,Single,4
717267108,-99.0,M,1,College,Single,2
711636558,33.0,m,3,Graduate,Married,4
717504258,38.0,M,2,College,Married,4
718242333,36.0,M,4,Graduate,Single,2
771844458,40.0,F,3,Graduate,Married,2
708892833,37.0, M ,2,Graduate,Married,4
779465358,26.0,F,0,High School,Single,3
720191883,45.0,M,3,High School,Single,3
710934033,26.0, M ,0,High School,Single,4
714473658,42.0,M,3,Graduate,Single,2
716569983,33.0,M,2,College,Married,2
789833583,57.0,F,4,High School,Married,4
818923158,55.0, M ,2,Graduate,Married,4
716596308,40.0, M ,3,Uneducated,Single,3
716620458,32.0,M,1,High School,N/A,3
710251608,62.0,F,1,High School,Married,4
710633808,26.0,M,0,Graduate,Single,3
719318583,37.0,M,3,High School,Married,4
819202533,57.0,M,1,Doctorate,Married,3
827360883,47.0,F,3,High School,Married,2
771196083,47.0,M,4,Graduate,Married,3
809962908,48.0,F,2,Graduate,Single,4
788965683,49.0,F,4,Uneducated,Married,3
817142433,35.0, M ,3,Graduate,Married,4
716993058,57.0,M,3,Unknown,Divorced,3
771040758,62.0,F,0,Graduate,Single,2
713309583,55.0,F,2,College,Married,4
710273658,36.0,M,2,Graduate,Married,3
771429408,54.0, M ,1,High School,Married,2
719452308,30.0,F,0,Graduate,Married,3
818908833,46.0,M,3,Graduate,Married,2
780998133,43.0,M,3,Graduate,Married,4
801726933,34.0,M,2,Graduate,Married,3
788474658,55.0,M,3,Graduate,Married,4
708438033,36.0,F,2,Unknown,Married,4
710562258,44.0,M,1,Graduate,Married   ,3
770764908,39.0,M,2,Unknown,Married,3
814776033,34.0,M,2,Graduate,Married   ,3
715057383,40.0,M,3,Graduate,Married,4
717970158,42.0,M,2,College,Single,2
715168008,36.0,FEMALE,3,Graduate,Divorced,3
720802833,26.0,F,1,High School,Single,3
789370383,42.0,M,1,High School,Married   ,2
711782733,55.0,M,0,Graduate,Married,2
709000008,45.0,M,3,Unknown,Single,2
719381733,61.0,M,2,High School,Married   ,3
771169458,41.0,M,4,College,Married   ,0
709974108,35.0,F,1,Graduate,Single,3
757024233,34.0,M,2,Graduate,Married   ,4
768928833,37.0,M,2,High School,Married,4
720504633,46.0,M,2,Uneducated,Unknown,3
812441358,26.0,FEMALE,1,College,Divorced,2
713287608,54.0,F,3,High School,Married,4
711357858,47.0,m,3,Graduate,Single,4
715478733,56.0,F,5,Graduate,Married,4
780382008,42.0,F,4,Unknown,Single,2
715749858,30.0,M,1,Unknown,Married,3
710951808,32.0,M,1,Unknown,Married,3
713469333,40.0,FEMALE,2,High School,Single,4
719243808,33.0,F,1,Graduate,Married,4
772202058,64.0, M ,0,Graduate,Married,4
711346383,33.0,M,1,High School,Single,3
711405333,52.0,M,3,Post-Graduate,Married,2
778407033,59.0,F,0,Uneducated,Married   ,4
714862083,41.0,F,4,Uneducated,Single,3
711199008,38.0,M,2,Unknown,Married,2
709858533,29.0,M,2,Graduate,Divorced,2
718627458,43.0,F,3,Doctorate,Married,2
711816108,40.0,M,3,High School,Single,4
717105258,37.0,F,1,Graduate,Married,3
715822008,32.0,M,1,High School,Married   ,2
714971583,36.0,M,2,Graduate,Married   ,2
713663508,58.0,M,0,High School,Unknown,3
709025583,53.0,M,3,High School,Married,3
812809083,37.0,F,3,Unknown,Single,4
714073983,47.0,M,2,Unknown,Single,3
789297558,36.0,M,1,Uneducated,Single,2
710375283,26.0,F,0,Uneducated,Single,2
712189233,38.0,F,1,Graduate,Married,3
713767383,32.0,F,0,High School,Married,2
797414733,37.0,F,3,Graduate,Single,4
712452033,26.0, M ,1,Unknown,Single,3
714151533,55.0,F,1,Graduate,Married,4
720440583,35.0,M,2,Unknown,Married,2
787494783,58.0,M,3,High School,Married,2
819966033,32.0,M,0,Graduate,Single,3
710297133,47.0,M,3,High School,Married,3
793355508,32.0,M,0,Graduate,Single,3
708580908,56.0,M,3,High School,Married,3
719826333,34.0,F,2,Doctorate,Single,2
780689733,65.0,M,0,Unknown,Single,2
744764433,55.0,M,2,Uneducated,Married,3
714902283,43.0,M,0,High School,Married,3
789309558,31.0,M,2,College,N/A,4
713188383,54.0,F,1,College,Married,4
719506983,52.0,M,3,Graduate,Married,4
714804483,48.0,M,3,College,Divorced,3
748503708,54.0,FEMALE,1,High School,Single,3
803587533,33.0,M,1,Uneducated,Single,4
789777408,26.0, M ,0,Post-Graduate,Single,3
716811483,30.0,F,2,Uneducated,Married,1
714118383,49.0,FEMALE,5,Graduate,Married,3
720532908,36.0,F,2,Unknown,N/A,2
765055833,56.0,FEMALE,4,Unknown,Married,2
715310208,53.0,M,3,Uneducated,Married,1
718577958,39.0,M,2,Uneducated,Married,4
789167658,34.0,M,3,College,Married,2
789987183,53.0,M,2,College,N/A,4
717730533,32.0,M,0,Graduate,Single,3
708668283,39.0,M,2,Graduate,Married   ,2
772360683,57.0,M,1,High School,Married,4
712500933,48.0,F,4,Graduate,Single,4
804867183,37.0,M,3,Unknown,Married,4
826068183,36.0,M,1,Graduate,Married,3
820044333,39.0,M,3,College,Divorced,2
714211533,31.0, M ,0,Graduate,Divorced,2
710287533,31.0,M,2,Graduate,Married   ,4
720603558,36.0,M,4,Graduate,Single,1
819258408,47.0,m,5,Graduate,Single,4
717664008,37.0,M,3,College,Married,4
717437058,38.0,m,2,Unknown,Divorced,0
717327783,39.0,M,2,Graduate,Married,2
712887633,39.0,M,1,Unknown,Single,3
716129208,37.0,M,3,Graduate,Married,3
718037433,58.0,M,1,Graduate,Married,2
709839858,58.0,m,2,Graduate,Married,3
719686458,37.0,M,3,Graduate,Married,1
721434483,54.0,M,3,Graduate,Married,2
716096358,45.0,F,3,Uneducated,Single,1
718244958,36.0,F,2,Graduate,Married,2
711315783,53.0,M,3,Graduate,Married,2
821296083,34.0,F,1,College,Married,3
711562833,35.0,FEMALE,4,Graduate,Married,4
716447733,32.0,M,3,Graduate,Married,3
719591283,38.0,M,2,Uneducated,Married,4
789911808,37.0,M,3,Uneducated,Married,2
713195808,37.0,F,3,High School,Married,4
717866133,47.0, M ,2,Graduate,Single,3
716670783,52.0,F,3,Doctorate,Married   ,1
789197508,54.0,M,3,High School,Married,4
713108433,53.0,M,3,College,Married   ,4
711403383,33.0,FEMALE,3,College,Single,1
768212583,49.0,M,2,Graduate,Married,4
720181758,37.0,M,0,Doctorate,Married,4
710632683,31.0,M,1,Uneducated,Married   ,3
711836733,43.0,M,3,Graduate,Married   ,3
771183933,39.0, M ,1,Uneducated,Married,3
711327558,38.0,M,2,High School,Married,1
788971308,62.0,F,1,Uneducated,Married,2
718950483,58.0, M ,1,Unknown,Married,2
714278958,39.0,F,2,High School,Married,3
711817158,30.0,M,2,College,Divorced,4
765824058,46.0,FEMALE,4,Doctorate,Married,1
710109633,39.0,M,2,College,Married,2
713643858,53.0,F,1,College,Married,2
716399583,34.0,M,1,Uneducated,Married,1
714516783,54.0,F,0,Graduate,Divorced,1
710490708,54.0,M,3,High School,Single,3
780662133,39.0,M,2,Uneducated,Married   ,5
715389708,36.0,F,3,Graduate,Married   ,2
789607983,38.0,M,3,High School,Married,2
720171033,45.0,M,4,Unknown,Married,1
815104608,28.0,F,0,Graduate,Divorced,3
719660658,37.0,F,1,High School,Single,2
714159858,57.0,M,0,Graduate,Married,2
714225333,48.0,F,4,Graduate,Married,1
712204308,33.0,M,0,Unknown,Single,1
718468158,38.0,M,1,Uneducated,Married,3
711575058,36.0,M,3,Unknown,Married,2
735417408,37.0,M,2,High School,Married,2
717171408,36.0,M,1,Unknown,Married,1
814312308,54.0,F,3,Uneducated,Married   ,2
711786108,52.0,M,1,Graduate,Married,2
712905708,53.0,F,1,Graduate,Married,4
720050208,27.0,F,1,High School,Single,3
793952133,32.0,F,0,High School,Married,3
798140283,57.0,M,4,Graduate,Married,1
720427683,58.0,M,2,Uneducated,Single,4
789970233,54.0,F,2,High School,Married,1
713893308,45.0,M,3,Graduate,Divorced,1
718843608,36.0,F,2,Post-Graduate,Married   ,4
752085108,39.0,F,2,Graduate,Married,2
789435783,39.0,F,1,Graduate,N/A,2
711032058,34.0,M,3,High School,Single,3
784719708,54.0,F,2,Uneducated,Married,1
804663258,54.0,M,2,High School,Married,4
716900433,36.0, M ,2,Graduate,Married   ,2
720909408,37.0,M,2,High School,N/A,2
712187808,27.0,M,0,Uneducated,Married   ,4
718428033,55.0,F,4,Graduate,Single,1
714892533,26.0,M,0,Unknown,Single,2
714985458,56.0,M,1,Graduate,Married,3
716647983,58.0,F,2,Graduate,Married,1
712340733,42.0,F,2,Graduate,Unknown,2
719293533,30.0,M,1,College,Married   ,3
715257708,38.0,M,1,High School,Married,1
708331758,47.0,F,2,Uneducated,Divorced,4
709501683,33.0,F,1,Graduate,Single,2
711692508,54.0,F,2,Post-Graduate,Married,3
715612983,65.0,F,1,Graduate,Single,4
709674333,33.0,M,2,High School,Single,1
805522758,44.0,F,1,Doctorate,Divorced,4
781013958,57.0,F,3,Unknown,Married,2
717495258,34.0,M,3,Uneducated,Married,2
795052083,63.0,F,0,Uneducated,Single,4
773389908,37.0,F,3,High School,Married   ,3
719320833,39.0,M,2,Post-Graduate,Married,2
816843933,39.0,M,2,High School,Married   ,3
789196158,55.0,M,1,Graduate,Married,4
717930483,37.0,M,2,Graduate,Single,0
773442258,57.0,M,1,Doctorate,Married,2
719872833,45.0,F,2,Graduate,N/A,3
721491258,53.0,M,4,Graduate,N/A,2
770575233,37.0,M,2,Graduate,Single,2
715800708,60.0,F,0,Uneducated,Married,2
719996958,29.0,F,0,Uneducated,Single,4
719889408,56.0,F,4,Uneducated,N/A,5
708811233,37.0,M,2,Graduate,Married,1
794627208,43.0,M,1,High School,Married   ,2
719020983,58.0,m,1,Graduate,Married,1
719131533,29.0,F,0,Post-Graduate,Divorced,4
710449983,38.0,M,2,High School,N/A,2
715651833,65.0,M,1,Unknown,Married   ,4
720714933,62.0,F,1,Graduate,Married,2
789170283,53.0,M,1,Graduate,Unknown,4
810201783,26.0,F,0,Graduate,Single,3
715517733,46.0,F,3,High School,Single,4
709042908,51.0,FEMALE,1,College,Married,1
715023333,39.0,M,2,Uneducated,Married,4
720801033,51.0,F,1,High School,Married,3
714345783,59.0,FEMALE,2,High School,Married,2
779209083,56.0,M,3,Unknown,Married,4
713972658,56.0,F,2,Graduate,Married,2
710782458,31.0,FEMALE,1,Graduate,Married,5
711142308,37.0,M,0,High School,Divorced,5
824789283,36.0,M,2,High School,Single,2
715187733,26.0,F,1,Unknown,Single,3
721014858,61.0,F,0,Graduate,Married,2
710363433,26.0,M,0,High School,Married   ,3
715479483,35.0,M,2,College,Married,4
708243483,53.0,M,3,College,Married,5
714770808,59.0,M,2,High School,Married,5
720626058,37.0,M,1,Graduate,Single,4
709185108,38.0,M,3,High School,Married,2
719596908,56.0,F,5,Doctorate,Married,2
719273733,37.0,M,2,Uneducated,Married,5
717348258,33.0,M,1,Graduate,Married,3
770882508,38.0,M,2,College,Married,5
799026633,56.0,M,1,Uneducated,Married,5
718777008,59.0,FEMALE,0,High School,Married,2
713352183,30.0,m,1,Post-Graduate,Married   ,2
716128083,56.0,M,2,High School,Married,3
721288158,33.0,M,2,Unknown,Single,2
757881258,31.0,M,0,Graduate,Divorced,2
715843533,26.0,M,1,College,Single,3
717234183,29.0,M,1,Graduate,Married,4
717260058,53.0,F,2,Uneducated,Married,5
709710783,35.0,F,0,High School,Single,4
787284858,35.0,FEMALE,2,Uneducated,Unknown,2
815845758,56.0,F,4,High School,Married   ,3
720639783,35.0,F,1,Uneducated,Married   ,2
713331408,35.0,M,3,Uneducated,Married,5
778693458,32.0,M,1,High School,Married   ,3
788610258,49.0,M,4,College,Unknown,4
711173883,36.0,M,4,Graduate,Divorced,2
717628608,37.0,m,3,Unknown,Married,5
789261558,58.0,M,1,High School,N/A,4
770647233,35.0,F,2,High School,Married,3
712826208,39.0,F,2,Graduate,Married,2
718181433,65.0, M ,0,Uneducated,Single,2
714460683,65.0,M,0,High School,Married,5
716460933,51.0,M,2,Unknown,N/A,4
710787708,56.0,F,1,Uneducated,Married,5
713800158,58.0,M,0,High School,Married,2
712551258,39.0,FEMALE,1,Uneducated,Married,3
715379133,51.0,F,1,College,Married   ,2
712091433,58.0,M,4,Uneducated,Single,3
771756333,34.0,FEMALE,3,Graduate,Married,3
779895108,39.0,M,3,Unknown,Single,4
771976683,54.0,F,1,College,Married,2
716800908,26.0,F,2,High School,Single,3
789413958,53.0,M,1,Graduate,Single,3
711574008,32.0, M ,3,College,Single,5
714138408,49.0,M,3,High School,Married,4
709334658,39.0,F,2,Uneducated,Married,5
709564683,32.0,M,2,Graduate,Married,5
772292358,30.0,M,1,College,Divorced,3
712933083,37.0,M,1,Uneducated,Single,2
710497608,38.0,M,2,Uneducated,Single,2
721443408,46.0,FEMALE,2,Uneducated,Married   ,3
709149408,36.0,M,2,Uneducated,Married,4
708446808,33.0, M ,1,Post-Graduate,Married   ,2
824192658,58.0,F,3,Post-Graduate,Married   ,3
711625683,46.0,M,4,Doctorate,Married,5
717487983,39.0,M,5,Unknown,Married,3
717301908,54.0,F,2,Doctorate,Married,3
718435158,50.0,M,3,High School,Married,4
714797733,41.0,M,3,College,Single,4
719213133,53.0,M,1,Graduate,Unknown,2
798962058,36.0,m,5,Graduate,Married,3
718970058,38.0,M,3,Unknown,Married,4
713021208,55.0,F,2,College,Single,3
810856833,45.0,M,4,College,Unknown,2
787868958,36.0,M,2,High School,Single,3
708161133,45.0, M ,1,Graduate,Married   ,2
708174708,38.0,M,4,Graduate,Married,4
708735183,35.0,F,2,High School,Married,3
708445608,48.0,M,3,College,Married,3
778943883,51.0,M,2,Uneducated,Married   ,4
788810658,37.0,F,1,College,Single,5
789050883,33.0,m,2,Doctorate,Single,4
714531108,31.0,M,1,College,Married,3
711635358,40.0,F,4,College,Single,2
803648508,43.0,m,4,High School,Unknown,3
813200058,63.0,M,0,Graduate,Married,5
805261983,35.0,F,4,Unknown,Married,4
715206408,31.0,F,1,High School,Married   ,5
788684508,36.0,M,4,Uneducated,Married,3
737933883,34.0,M,1,High School,Married,2
768655158,29.0,M,0,Unknown,Married,2
774437583,55.0,M,1,Doctorate,Married,4
713104458,46.0,M,2,Graduate,Single,5
715462008,45.0,M,2,College,Married,2
715366083,52.0,F,0,Doctorate,Single,3
712322058,40.0,F,3,High School,Married,3
719737833,46.0,F,4,Uneducated,Married,2
789530208,54.0,F,2,Graduate,Married,2
717885183,36.0,M,1,Graduate,Single,2
716244033,44.0,M,3,Graduate,Married,3
711614658,37.0, M ,2,Uneducated,Single,3
804598908,35.0,M,3,Graduate,Single,3
719161683,64.0, M ,0,Unknown,N/A,4
719327808,52.0,F,2,Uneducated,Married,2
714038433,37.0,F,5,High School,N/A,2
710129283,45.0,F,4,Uneducated,Married,1
709367433,28.0,M,1,Unknown,Single,1
719729433,65.0,F,1,Graduate,Married,0
717192933,55.0,M,0,Graduate,Married,1
711734508,55.0,M,2,Graduate,Married,3
715153158,41.0,M,4,Uneducated,Single,4
712149033,57.0,F,2,High School,Married,1
713901108,37.0,M,2,High School,Married   ,4
719415858,29.0,M,0,College,Divorced,2
719385558,62.0,F,0,College,Married,2
779528658,42.0,M,4,College,Unknown,3
721508283,47.0,m,1,Graduate,N/A,1
757753083,44.0,F,0,Graduate,Married,2
797753283,34.0,F,1,High School,Married,4
807523008,37.0, M ,1,Graduate,Single,3
711416958,33.0,F,2,Graduate,Single,2
780865308,40.0,FEMALE,4,Uneducated,Married,2
708423933,51.0,M,2,Doctorate,Single,0
714321408,65.0,M,1,High School,Married,2
771852483,46.0,M,3,Graduate,Single,4
708185208,27.0,m,0,Graduate,Single,2
714920208,37.0,F,1,High School,Unknown,0
789952158,34.0,F,1,Doctorate,Married,3
713237958,34.0,M,0,Graduate,Married   ,4
715956258,35.0,F,1,Uneducated,Married,4
769196433,55.0,F,2,Post-Graduate,N/A,1
778942233,60.0,F,0,Doctorate,Married,4
708651933,56.0,M,2,Graduate,Married,2
720467583,52.0,M,2,High School,Single,2
716549058,45.0,F,4,Uneducated,Married,3
713533983,56.0,M,1,Graduate,Married,4
787463508,26.0,FEMALE,0,Graduate,Single,4
710256708,30.0,M,1,Unknown,Single,0
708980283,34.0,M,3,High School,Married   ,4
719484408,39.0, M ,3,Uneducated,Married,4
710023233,36.0,M,3,Graduate,Single,4
789101883,32.0,FEMALE,3,Unknown,Single,2
778381608,48.0,M,4,Doctorate,Single,4
787492908,50.0,F,2,Uneducated,Married   ,2
709932558,39.0,F,2,Uneducated,Married,2
780219483,61.0,F,0,Graduate,Married,1
708590658,65.0, M ,1,Unknown,Married,2
715143333,45.0,F,1,High School,Divorced,2
801048483,34.0,M,3,Uneducated,N/A,3
711913833,37.0,M,3,Graduate,Married,4
715413483,44.0,F,3,Graduate,Single,3
715750758,56.0,M,1,Uneducated,Married,1
714062958,36.0,M,4,Unknown,Single,2
710458758,65.0,F,0,Graduate,Married,5
719494983,26.0,M,0,Graduate,Single,3
710586483,26.0, M ,0,High School,Single,4
772637058,34.0,M,3,Uneducated,Married,4
718229133,51.0,M,2,College,Married   ,4
718423533,57.0,M,3,College,Unknown,4
781089708,30.0,m,0,Graduate,N/A,2
773082033,35.0,M,1,Post-Graduate,Married   ,4
815288583,32.0,M,0,Graduate,Married,2
720431433,62.0,M,1,Graduate,Married,2
709164408,32.0,M,1,Uneducated,Married,3
710567508,53.0,M,3,High School,Married,3
719427333,55.0,M,3,College,Married,4
714765408,26.0,F,1,Unknown,Married   ,3
709785783,35.0,F,0,Graduate,Single,4
809290308,31.0,F,0,Graduate,Married,1
779598183,53.0, M ,3,Unknown,Single,2
779783508,45.0,M,2,Graduate,Married   ,3
719568333,39.0,FEMALE,3,Unknown,Single,2
719207733,61.0,F,0,High School,Married,0
715533108,31.0,F,0,Uneducated,Single,4
714816258,37.0,M,2,Graduate,Single,2
787573683,41.0,M,3,Post-Graduate,Married,2
804310758,58.0,M,3,Graduate,Married,5
792912708,45.0,M,5,Graduate,Married,5
719078283,57.0,F,4,High School,Married,4
708620283,35.0, M ,1,Unknown,Single,2
770985633,39.0,M,2,Unknown,Married,2
780094008,55.0,M,3,Doctorate,Married   ,1
716420358,41.0,F,2,High School,Married,4
825756333,55.0,FEMALE,0,Uneducated,Married,1
755273658,52.0,F,2,Graduate,Married,3
709096908,57.0,M,2,Graduate,Married,1
714840858,40.0,F,3,High School,Unknown,4
721205508,47.0,M,4,High School,Married,4
786493908,42.0,F,4,Uneducated,Single,3
803963808,39.0,M,3,Graduate,N/A,5
806170158,39.0,M,4,Graduate,N/A,2
751469808,36.0,M,3,Graduate,Married   ,4
721055058,36.0,M,2,Uneducated,Married,5
709794333,29.0,M,0,Graduate,Married,4
718361583,56.0,F,2,Uneducated,Married,5
714327183,37.0,F,4,Graduate,Married,1
808909008,61.0,M,0,Post-Graduate,Married,4
716207508,36.0,M,3,High School,Married,4
768965208,51.0,F,1,Graduate,Married,2
720185058,46.0,M,3,Graduate,Married,4
715220508,31.0,F,0,High School,Married,1
712112733,33.0,M,2,Doctorate,Single,2
712298883,50.0,F,3,High School,Single,1
717813558,57.0,F,3,High School,Single,2
716823408,65.0,M,0,Doctorate,Single,2
719089383,48.0,M,2,High School,Married,1
710039208,57.0,F,3,Unknown,Married   ,1
780237033,63.0,F,1,Unknown,Married,3
720986958,50.0,F,2,Graduate,Divorced,5
709473708,39.0,M,3,Graduate,Married,3
708593883,39.0,M,2,College,Married,4
710241858,39.0,F,4,Unknown,Married   ,4
715392558,52.0, M ,1,Unknown,Single,2
717399183,37.0,M,1,Graduate,Married,1
817925058,50.0,F,2,Uneducated,N/A,4
716029158,59.0,M,0,Unknown,Married,5
715043508,38.0,M,2,Graduate,Unknown,4
716610558,65.0,F,0,High School,Single,3
716768808,57.0,M,1,Unknown,Married,4
795810633,65.0,m,0,Uneducated,Married,2
779925033,38.0,F,4,Graduate,Married,4
790225758,41.0,M,2,College,Single,3
713879283,55.0,F,2,Graduate,Married,2
715968858,28.0,M,0,Post-Graduate,N/A,2
767687208,31.0,FEMALE,2,Unknown,Single,3
778728783,39.0,F,2,Unknown,Married,1
713637783,44.0,F,3,Graduate,Married,0
718162908,55.0,M,3,College,Married,1
708664008,57.0,M,3,College,Married,4
711929058,28.0,m,0,High School,Married,5
770781558,35.0,F,2,Graduate,Married,2
790048158,46.0,m,4,College,Married,3
721258158,65.0,FEMALE,1,Uneducated,N/A,5
786480183,50.0,F,2,Uneducated,Married,5
721378008,31.0,M,0,Uneducated,Divorced,2
786566733,49.0,M,2,Unknown,N/A,5
794551383,50.0,F,3,College,Single,4
820981383,44.0,F,4,High School,N/A,4
713366583,63.0,F,1,High School,Married,3
767311008,41.0,M,1,Graduate,Divorced,3
716624133,56.0,M,1,Unknown,Married,3
712727283,55.0,M,1,Graduate,Married,3
716059608,48.0,F,4,College,Single,3
708292833,35.0,M,2,High School,Single,3
720013083,30.0,F,0,Post-Graduate,Single,2
710540883,37.0,M,3,High School,Single,2
709212183,53.0,F,2,Graduate,Married,3
713424108,37.0,M,1,Graduate,Single,3
718476033,65.0,F,0,Uneducated,Married   ,5
815001108,48.0,M,2,Doctorate,Single,2
709802208,37.0,M,1,Graduate,Married,4
713445183,35.0,M,1,High School,Married   ,2
717310458,35.0,F,3,Graduate,N/A,2
789158433,49.0,F,2,High School,Unknown,2
788761608,26.0,F,0,High School,Single,4
709916058,58.0, M ,1,Unknown,Married,3
789804933,29.0,F,2,Uneducated,Single,2
780070833,58.0,FEMALE,2,Unknown,Married,2
772776033,33.0,M,2,College,Married   ,3
719804208,36.0,FEMALE,2,Graduate,Married,3
715077483,47.0,F,3,Doctorate,Married,4
717000858,41.0, M ,2,Graduate,Married   ,2
792402483,46.0,M,4,Graduate,Married   ,1
712973733,58.0,m,4,Graduate,Married,2
813213558,53.0,FEMALE,1,Doctorate,Single,3
718215033,54.0,F,3,Unknown,Married,4
717207408,39.0,F,1,Uneducated,Divorced,2
711426033,49.0,M,2,Graduate,Married,2
719233833,35.0,F,3,High School,Married,4
716864733,47.0,M,3,College,Married   ,3
821168733,38.0,M,3,Graduate,Married,3
710135058,56.0,M,1,Graduate,Married,0
720228708,56.0,M,2,High School,Married,3
718618458,38.0,M,3,High School,Single,4
719470458,46.0,M,3,College,Single,3
719587158,37.0,M,1,High School,Single,3
715499808,63.0,m,0,Unknown,Married,4
718589133,65.0,m,1,Graduate,Single,2
789235383,38.0,m,4,College,Married,4
773364483,45.0,FEMALE,4,Doctorate,Unknown,2
713548158,26.0,M,0,College,Single,3
720264783,58.0,F,2,Graduate,Married   ,3
715319958,48.0,M,3,Uneducated,Married,4
710528583,26.0,F,0,Unknown,Single,4
809990883,48.0,F,3,Graduate,Single,2
714412308,33.0,M,3,Graduate,Married,5
772303458,62.0,F,0,Doctorate,Married,2
721243083,55.0,M,3,Uneducated,Divorced,4
711990933,40.0,F,2,Graduate,Single,2
819977058,46.0,M,2,High School,Single,2
721467258,58.0,M,1,High School,Married,5
719976558,47.0,M,2,Graduate,Unknown,4
718824783,50.0,M,2,Unknown,N/A,3
713303733,53.0,M,1,Graduate,Married,2
711129483,45.0,m,3,Graduate,Married,3
779618433,48.0,M,4,Uneducated,Married   ,2
797757333,43.0,m,3,Post-Graduate,Married,2
814497483,60.0,M,0,Uneducated,Married,2
709623483,56.0,M,2,High School,Married,3
709056558,43.0,F,3,College,Married,2
708238833,57.0,F,3,High School,Married   ,3
813261408,52.0,F,1,Uneducated,Married,3
720424608,56.0,F,1,Unknown,Married   ,2
798022683,43.0,M,1,Graduate,Married,3
769756983,38.0, M ,3,Graduate,Married,2
712674183,53.0,M,2,College,Married   ,1
708900408,52.0,F,1,Graduate,Divorced,4
713625483,58.0,M,2,College,Married,2
716869458,34.0,F,3,College,Single,1
788723133,36.0,M,1,High School,N/A,2
794462133,55.0,F,0,Graduate,Single,3
712604133,54.0,M,1,Uneducated,Married,4
714397983,36.0,M,2,College,Married,1
788269158,35.0,F,2,Graduate,N/A,0
715898058,53.0,M,2,Graduate,Married   ,3
711906033,48.0,F,3,Graduate,Married   ,2
711367308,37.0,M,3,Uneducated,Single,4
790186458,45.0,M,3,Uneducated,Single,0
712040433,54.0,F,1,High School,Married   ,3
709616958,38.0,M,2,High School,Married   ,4
714633858,35.0,F,2,College,Married   ,2
794818833,36.0,F,1,Uneducated,Single,2
711219333,33.0,M,1,Post-Graduate,Married,0
713384508,28.0,M,1,High School,Single,1
772514808,36.0,F,2,Uneducated,Single,4
710808108,34.0,F,3,College,Divorced,2
778973658,55.0,m,0,Doctorate,Married,4
712005108,61.0,F,0,Post-Graduate,Married,3
804577833,44.0,F,2,Graduate,Married,0
715028283,54.0,M,1,Graduate,Married,2
789786258,39.0,M,2,High School,Married,4
715421058,51.0,M,1,Unknown,Married,4
797166633,47.0,M,2,Unknown,Single,4
711041508,37.0,F,1,High School,Married,4
712847208,47.0,F,3,Graduate,Unknown,3
779174133,56.0, M ,3,Uneducated,Married,5
715680933,53.0,M,1,Graduate,Single,4
770871708,62.0,M,0,Graduate,Married,5
772643058,58.0,F,3,Graduate,Married,3
718199133,57.0,M,1,High School,Married,2
721475133,54.0,F,1,Doctorate,N/A,4
766322883,33.0,m,3,College,Single,5
771197433,54.0,F,1,Graduate,Married,4
709516458,30.0,M,0,Graduate,Divorced,3
716456808,36.0,m,2,High School,Single,5
716819958,60.0,M,2,Graduate,Married,2
779449308,46.0,F,4,High School,Single,4
784891458,55.0,M,1,Graduate,Married,3
790004883,55.0,M,1,High School,Married,3
770262183,31.0,M,0,Uneducated,Single,2
715277583,55.0,F,3,Uneducated,Divorced,1
815510883,36.0,M,2,Post-Graduate,Single,5
713997183,34.0,F,2,Unknown,Single,2
715107033,33.0,F,1,Graduate,Married   ,4
720706008,30.0,m,2,Post-Graduate,Single,5
710108133,54.0,F,2,Graduate,Married,0
718983333,53.0,M,2,Uneducated,Married,3
714030183,59.0,M,0,Graduate,Single,3
710496708,41.0, M ,2,College,Single,2
714935883,45.0,M,3,Uneducated,Married   ,1
718972758,50.0,F,2,Graduate,Married,3
711827958,57.0, M ,2,Uneducated,Married,1
778724058,63.0,M,0,Doctorate,Single,3
809620833,35.0,F,3,Unknown,Single,2
718920708,35.0,M,3,Graduate,Married,3
771051783,53.0,M,3,High School,Married,5
715970133,33.0,F,4,College,Married   ,2
806889633,38.0,M,2,Uneducated,Married,4
717338733,31.0, M ,0,High School,Divorced,3
779223858,37.0, M ,2,Graduate,Married   ,4
769980333,36.0,M,1,Uneducated,Single,5
716112933,39.0,F,3,Graduate,Married   ,3
788783133,58.0,F,0,Post-Graduate,Married,3
816325533,39.0,F,1,Graduate,Married,5
720113433,61.0,FEMALE,0,Unknown,Married   ,4
717233058,34.0,M,4,Unknown,Married,4
710233683,55.0,M,3,Graduate,Married   ,4
778327908,50.0,FEMALE,2,Uneducated,Single,5
716400633,33.0,M,3,High School,Single,3
787488108,48.0,FEMALE,1,High School,N/A,4
771649083,63.0,FEMALE,0,High School,Married,4
789853533,54.0,M,3,High School,Married,5
806256333,41.0,M,4,Graduate,Unknown,5
796336833,51.0,M,3,Doctorate,Married,4
713763633,54.0,F,2,Graduate,Married,2
710942358,47.0,M,4,Unknown,Married   ,3
713974533,52.0,F,3,Post-Graduate,Single,3
787231233,34.0,FEMALE,5,Post-Graduate,Single,2
719810583,64.0,M,0,High School,Married,2
717124983,62.0,F,1,Uneducated,Married,1
787523283,38.0,m,1,Graduate,Single,5
719493858,52.0,F,2,Graduate,N/A,2
709897983,35.0,F,2,Doctorate,Married,3
717225258,35.0,M,2,Graduate,Single,2
803148033,54.0,M,1,College,N/A,5
779474958,35.0,F,3,Unknown,Single,1
712060158,35.0,M,0,Doctorate,Single,3
713292933,36.0,F,3,Graduate,Single,2
710982858,33.0,F,3,Graduate,Single,2
714542058,53.0,M,1,Graduate,Unknown,1
712319058,37.0,F,1,Uneducated,Married,0
744483633,35.0,M,3,Graduate,Married,2
714947883,59.0,M,1,Graduate,Married,2
788776908,47.0, M ,1,Unknown,Unknown,4
714802458,48.0,F,3,High School,Married   ,1
721485708,58.0,M,2,Uneducated,Married,3
716378658,55.0,F,2,Unknown,Married,3
713375658,37.0,M,2,Graduate,Married   ,3
717828108,57.0,M,2,Graduate,Married,0
788784258,60.0,M,2,High School,Married,4
718875483,50.0,M,1,College,Married   ,4
811111083,56.0,M,2,High School,N/A,3
715749108,48.0,M,3,Graduate,Married,2
780197133,40.0,M,4,Graduate,Single,1
719146008,48.0,M,3,Graduate,Married,3
717727308,50.0,F,1,Uneducated,Married,2
718445883,61.0,m,1,Uneducated,Married,4
795997908,36.0,M,2,High School,Married,3
710159658,46.0,M,5,High School,Married,2
716068683,28.0,M,0,Uneducated,Divorced,3
778844433,49.0,M,5,Unknown,Single,1
715161633,44.0,F,4,High School,Single,3
773270058,57.0,M,5,High School,Married,3
714120258,37.0,M,2,Uneducated,Divorced,2
720076458,57.0,M,2,Uneducated,Married,4
720693033,33.0,M,1,Unknown,Married,4
719978583,46.0,M,2,High School,N/A,3
712784058,45.0,F,2,High School,Divorced,3
717261708,53.0,M,1,Unknown,Married,3
803665983,52.0,M,0,Unknown,Married,4
815838633,34.0,M,1,Unknown,Married,3
826706208,55.0,M,3,Graduate,Single,3
721218408,53.0, M ,4,High School,Married,4
779484408,37.0,M,1,Unknown,Married,2
710416533,58.0,F,3,Unknown,Single,1
719706483,33.0,M,3,High School,Married,2
712206858,39.0,M,3,Graduate,Married,2
709886583,37.0,F,2,High School,Single,1
711040758,32.0, M ,0,Uneducated,Single,3
817197333,26.0,F,1,Uneducated,Single,3
718929708,60.0,F,0,Graduate,Married,2
721150833,37.0,M,1,Graduate,Single,5
714514983,43.0,FEMALE,5,Graduate,Married,4
779888658,56.0, M ,1,Uneducated,Married,1
715883358,52.0,M,3,College,N/A,2
713363583,34.0,M,2,Uneducated,Single,2
772935108,47.0,M,1,Unknown,Divorced,3
820075983,26.0,M,0,Graduate,Single,2
721502958,54.0,M,1,High School,Married,3
708596283,35.0,F,3,Uneducated,Single,2
710325258,52.0,M,1,Unknown,Married,0
708823908,41.0,M,3,Graduate,Single,3
826401858,36.0,F,0,Uneducated,Divorced,3
709554483,53.0,F,1,Graduate,Married,3
710545158,42.0,M,3,Unknown,Single,2
788621658,54.0,M,1,College,Married,2
716713533,53.0,M,3,Post-Graduate,Single,2
712338033,36.0,M,2,High School,Married   ,4
711639708,42.0,FEMALE,3,Graduate,Single,2
720216108,27.0,F,2,College,Divorced,3
718708908,58.0,M,4,Graduate,Married,4
802890333,59.0,M,1,Uneducated,Married   ,3
712965183,63.0,F,2,Graduate,N/A,3
796170933,57.0,m,2,Uneducated,N/A,4
712816833,56.0,F,0,High School,Married,2
814829583,42.0,F,3,Unknown,Single,3
798769458,29.0,F,1,High School,Single,2
818034558,44.0,M,2,Unknown,Unknown,3
719483358,33.0,M,1,College,Married,2
719647383,35.0,M,2,Graduate,Married,2
714909108,33.0,F,3,Graduate,Single,3
793678608,46.0,M,4,Graduate,Single,4
720854358,27.0,M,0,Unknown,Married   ,4
709126833,42.0,M,3,College,Unknown,1
788896983,53.0, M ,2,Graduate,Married,2
715731033,50.0,M,3,Graduate,Single,3
717636933,48.0,FEMALE,5,College,Divorced,1
772658658,57.0, M ,2,High School,Single,4
755943033,34.0,F,2,Graduate,Single,1
772399983,55.0,M,2,College,Single,4
826130133,58.0,m,2,Graduate,Married,4
719238183,55.0,F,3,Graduate,Married,3
802666083,48.0,F,2,Uneducated,Married   ,2
713682708,45.0,M,2,College,Married   ,2
712774008,59.0,M,0,Uneducated,Married   ,2
717627333,53.0,m,2,Post-Graduate,Married,4
779542608,47.0,m,4,Uneducated,Single,2
715322958,43.0,F,3,Unknown,Married,1
779100408,33.0,F,1,Post-Graduate,Married,0
715352883,49.0,F,2,Post-Graduate,Single,2
789963033,54.0,F,1,Graduate,Single,5
710687508,65.0,M,0,High School,Married,1
789656358,49.0,FEMALE,5,Graduate,Married,1
715720083,47.0,M,5,Unknown,Single,3
716584158,51.0,M,4,High School,Married,2
815727183,36.0,FEMALE,3,High School,Single,1
717066408,36.0,M,2,Graduate,Married,4
708104658,46.0,M,1,Graduate,Unknown,2
718016808,62.0,F,0,Unknown,Married,0
814571058,30.0,F,1,College,Single,0
714757908,46.0,M,4,Graduate,Married   ,3
710345808,41.0,M,4,Uneducated,Married   ,2
814752558,50.0,M,1,Uneducated,Married,3
721284258,53.0,M,2,Unknown,Married,3
719336583,55.0,M,2,Uneducated,Married   ,3
797638383,49.0,F,4,High School,Married,2
708434733,56.0,M,1,Graduate,Married,3
711802758,63.0,M,1,Graduate,Married,2
720620058,41.0,M,4,High School,Unknown,2
819169683,34.0,m,2,Unknown,Married   ,2
709757583,35.0,M,0,Unknown,Married,1
789307833,44.0,M,4,College,N/A,3
823912308,38.0,F,3,Graduate,Married,0
720746208,52.0,M,1,Graduate,Married,1
709121283,54.0,M,3,Uneducated,Married,2
714093108,58.0,F,2,High School,Single,3
718368333,26.0,M,0,College,Unknown,2
806752533,27.0,F,1,Post-Graduate,Single,3
758521983,33.0, M ,1,Unknown,Married,2
779473308,32.0,m,0,Uneducated,Single,3
709376508,58.0,F,1,College,Married,2
712589658,45.0,F,4,Uneducated,Unknown,2
712141683,48.0,F,3,High School,Married   ,1
712494108,38.0,M,2,Post-Graduate,Single,4
721350783,54.0,M,2,High School,Married,4
710133858,40.0,F,1,Graduate,Unknown,1
719152383,35.0,F,4,Uneducated,Married,4
715174158,31.0,M,1,College,N/A,0
780040758,40.0,F,4,College,Married,2
719525358,52.0,FEMALE,0,Graduate,Single,3
710892408,57.0, M ,1,High School,Married,2
713295183,48.0,M,2,Graduate,Divorced,3
789871233,49.0,M,3,High School,Married,2
712663533,40.0,M,4,High School,Single,2
820906233,45.0,M,2,Graduate,Married,2
821163408,41.0,M,3,Unknown,Married   ,3
708947208,36.0,M,2,Graduate,Single,1
715261458,37.0,F,1,Graduate,Single,4
789310833,44.0,F,3,College,Divorced,5
818294958,52.0,M,2,College,Married,2
713902983,42.0,FEMALE,3,High School,Married,1
771693933,62.0,F,1,Graduate,Married,4
827984658,49.0,M,3,Post-Graduate,Married,4
789012633,30.0,F,0,Graduate,Single,1
807237783,50.0,M,3,Uneducated,Single,5
803408733,32.0,M,2,High School,N/A,4
824667708,32.0,F,1,Graduate,Single,3
807165033,49.0,M,3,Post-Graduate,Single,5
809984133,37.0,M,2,Doctorate,Single,5
718949433,42.0,m,3,College,Single,2
751227183,36.0,M,2,Unknown,Single,5
716331408,52.0,F,4,Unknown,Married,5
714199983,48.0,M,3,Uneducated,Single,5
774172158,29.0,M,1,Unknown,Single,2
708171858,33.0,F,3,Post-Graduate,Married,3
709074108,36.0,m,2,College,Married   ,5
721304133,36.0,F,4,High School,Married,3
787430733,56.0,F,2,High School,N/A,2
711225933,28.0,FEMALE,1,High School,N/A,4
717478983,31.0,F,2,Uneducated,Divorced,0
720949083,44.0,F,3,Uneducated,Single,5
712851108,51.0,F,3,High School,Married,5
713151258,55.0,M,3,Graduate,Single,4
799731033,34.0,F,2,Doctorate,N/A,2
822138333,61.0,F,0,Graduate,Single,5
708532308,37.0,M,2,Uneducated,Single,2
713718558,46.0, M ,3,Graduate,Married,5
778939683,47.0,F,3,Uneducated,Married,2
713322633,54.0,M,1,Graduate,Married,3
754671558,50.0,F,3,Unknown,Single,4
719291283,36.0,FEMALE,4,High School,Single,2
720659283,37.0,M,5,Graduate,Married,4
719535558,47.0,M,4,College,Divorced,1
771032658,54.0,M,3,Unknown,Married   ,2
709468683,64.0,F,0,High School,Married,2
719455908,48.0,M,3,Graduate,Married,3
816890883,35.0,M,2,Uneducated,Single,3
709826058,49.0,M,2,Unknown,Married,1
735008958,42.0,m,5,Unknown,Married,2
713766183,49.0,M,0,Uneducated,Single,4
719148633,53.0,F,2,Graduate,Married,4
789266208,56.0,M,2,High School,Married   ,3
718373658,41.0,M,3,College,Single,0
712255458,37.0, M ,3,High School,Single,5
789494133,30.0,M,0,High School,Married,3
714178458,45.0,M,3,Post-Graduate,Married,2
717595908,54.0,M,1,High School,Married,1
798114033,46.0,M,2,Graduate,Married,4
709479558,36.0,F,4,College,Single,1
778148283,48.0,M,2,Doctorate,Single,1
719363283,59.0,FEMALE,0,Doctorate,Single,2
716225433,60.0,M,1,Uneducated,Married   ,4
719882583,44.0,M,5,Graduate,Single,5
711076533,65.0,M,0,College,Divorced,2
820651908,46.0,F,3,Graduate,Single,4
710884683,48.0,M,4,Graduate,Married,5
797468658,53.0,M,3,High School,Married,3
716375883,53.0,F,3,Uneducated,Married,2
711534183,41.0,M,2,High School,Single,4
721083258,37.0,F,4,High School,Married   ,3
717986058,29.0,F,0,High School,Single,5
804610908,49.0,F,2,Doctorate,N/A,0
717602733,47.0,M,3,Doctorate,Single,2
770952933,53.0,F,1,Unknown,Married,4
713233908,33.0,M,2,Graduate,Married   ,3
755365233,34.0,M,1,Graduate,Unknown,4
715105908,28.0,F,0,Graduate,Single,3
712658283,36.0,F,3,Graduate,Single,3
708796458,30.0,F,2,Graduate,Single,4
713557533,34.0,M,3,High School,Single,3
710524533,38.0,F,4,College,Married,4
713412558,39.0,F,4,Post-Graduate,Married,1
720000708,32.0,F,0,Graduate,Married,2
718934058,36.0,M,2,Doctorate,Single,2
710607408,-99.0,F,3,High School,Single,4
717613233,45.0,M,4,Uneducated,Married,4
821710308,38.0, M ,3,Uneducated,Single,2
716089983,31.0,M,0,Graduate,Single,4
720430083,65.0,M,0,High School,Married   ,2
712071708,63.0,FEMALE,0,Graduate,Married,4
770721858,65.0, M ,1,Graduate,N/A,5
751381458,43.0,F,3,College,Married,4
715629783,51.0,M,1,Graduate,Married,2
768886533,37.0,M,3,Graduate,Married,3
711023508,55.0,F,1,Graduate,Married,2
711291558,27.0, M ,0,Uneducated,Single,3
714929283,34.0,F,0,High School,Married,3
716285358,32.0,F,1,College,Divorced,4
710958033,49.0,F,5,Uneducated,Single,2
711368283,39.0,M,2,Unknown,Married,2
807275733,27.0,M,0,Post-Graduate,Single,2
708231183,30.0,M,1,Uneducated,Divorced,4
789690483,39.0,M,4,High School,Married,3
789338583,42.0,M,2,Doctorate,Married,2
717411483,55.0,M,4,College,Divorced,3
720799608,57.0, M ,2,Graduate,Married,2
714112383,53.0,M,2,Graduate,Married,2
717994608,51.0,M,0,Graduate,Married,2
798558783,47.0,M,3,Graduate,Married,4
716875083,26.0,F,0,High School,Single,4
714603558,37.0,m,2,High School,Single,3
789903708,45.0,F,2,Uneducated,Single,2
801989733,55.0, M ,2,Uneducated,Single,2
789504183,37.0,M,4,Graduate,Single,4
714574083,36.0,F,3,Graduate,Single,3
717978033,36.0,F,1,High School,Single,4
711256908,39.0,M,2,High School,Married   ,3
721023708,47.0,M,4,Uneducated,Married,3
714522258,56.0,m,2,Graduate,Married,2
714247458,56.0,F,4,Uneducated,Single,2
780416433,38.0,M,2,Unknown,Married,3
713644758,49.0,M,3,Graduate,Single,3
712700358,36.0,F,4,Uneducated,Single,2
779873508,51.0,F,0,High School,Married,4
779342958,26.0, M ,0,College,Married,3
711738333,34.0,M,2,Graduate,Married,3
709413933,56.0, M ,2,High School,Single,4
720323208,43.0,M,2,Graduate,N/A,4
708132783,47.0,F,3,Uneducated,Married   ,2
713372583,42.0,F,4,High School,Single,0
710092683,-99.0,M,2,College,Married,2
779284833,55.0,M,2,Post-Graduate,Single,1
713426358,28.0,F,0,College,Married,3
717132633,62.0,M,0,Uneducated,Single,2
714967233,52.0,M,2,Doctorate,Married,3
767587833,44.0,M,3,Unknown,Single,5
714954033,29.0,F,0,Post-Graduate,Single,3
716154258,48.0,M,4,Doctorate,Unknown,2
755399433,43.0,M,3,Uneducated,Married,2
709876008,49.0,F,2,Post-Graduate,Single,3
709918158,43.0,M,3,High School,Married,1
713350908,41.0,F,2,Uneducated,Married,3
715759458,43.0,M,3,Graduate,Single,4
713976258,51.0,m,3,Graduate,Single,3
790174608,37.0,M,1,Doctorate,Single,2
771335358,37.0,M,2,College,Divorced,4
708382083,49.0,FEMALE,5,High School,Married,2
771829758,36.0,M,3,Uneducated,Married,3
767333808,50.0,F,2,Graduate,Unknown,4
721385433,64.0,M,0,Unknown,Married,4
794293908,36.0,F,3,College,Single,3
720409608,45.0,M,3,High School,Married,3
717830583,41.0,M,2,Graduate,Married,3
715455708,47.0,M,3,Graduate,N/A,2
719108358,39.0,M,2,Post-Graduate,Married,1
769323183,51.0,M,4,Uneducated,Married   ,3
820020258,55.0,F,1,High School,Single,4
719234883,57.0,M,3,Graduate,Single,3
807349158,36.0,M,4,Doctorate,Married   ,4
710799783,35.0,M,2,Unknown,Married,4
778456983,38.0,F,2,Unknown,Single,3
708644208,39.0,F,2,Graduate,Single,4
711659958,65.0,F,0,Graduate,Married,1
798988983,51.0,F,2,Uneducated,Married,2
710760258,50.0,F,3,High School,Married   ,4
799700208,38.0,M,2,Graduate,Single,1
772401933,36.0,F,1,Unknown,Single,2
787460883,41.0,M,3,Uneducated,Married   ,4
770937183,40.0,F,4,Graduate,Single,2
715468083,40.0, M ,2,Doctorate,Married,4
807161508,26.0,M,1,Unknown,Single,2
772268058,46.0,F,4,Uneducated,Single,3
710166783,49.0,F,1,Graduate,Married,0
804820233,38.0,M,2,Unknown,Married   ,2
708758658,49.0,m,4,Graduate,Married,1
714011358,38.0,M,3,Graduate,Divorced,3
712401033,36.0,M,1,Unknown,Single,1
771212508,34.0,F,2,Unknown,Single,4
821150958,52.0,M,5,Graduate,Single,1
792272658,40.0,M,3,Graduate,Single,4
809818008,36.0,FEMALE,3,Uneducated,Married,5
803231058,53.0,M,3,High School,Single,1
715698633,40.0,F,2,Unknown,Married,1
720450108,54.0,M,1,Graduate,Married,1
719076858,34.0,M,4,College,Single,2
720016308,62.0,F,1,Unknown,Single,2
712443558,39.0,F,1,College,Single,1
711835758,50.0,M,3,Graduate,Married,3
709284333,36.0,M,1,Uneducated,Divorced,2
788122533,56.0,F,1,Graduate,Married,2
709206333,44.0,F,4,Graduate,Single,4
713039808,45.0,M,4,College,Married   ,1
801700233,36.0,M,2,Graduate,N/A,0
716815308,44.0,F,2,Uneducated,Married,5
821149008,52.0,M,2,Graduate,Single,4
720580383,50.0, M ,3,Graduate,Married,4
780202908,53.0,F,2,Graduate,Single,4
787504158,36.0,F,0,Unknown,N/A,2
716183283,27.0,F,1,College,Divorced,2
824168808,31.0,F,1,College,Divorced,3
712936908,36.0,M,3,Unknown,Single,1
719855958,41.0, M ,4,High School,Single,4
710112933,28.0,M,1,Uneducated,Married   ,2
768364233,59.0,M,1,High School,N/A,5
771725808,43.0,M,3,Uneducated,Unknown,4
780686358,41.0,M,3,Unknown,Married,1
712762758,46.0,M,2,Graduate,Married,0
714392808,51.0,M,3,Unknown,Married,5
713089458,44.0,M,1,High School,Married,2
826780683,-99.0,M,3,Graduate,Married,2
780251658,32.0,M,1,High School,Married,4
772273983,48.0,M,4,Uneducated,Married   ,4
737944908,58.0,M,2,Unknown,Married,2
720688158,37.0,F,3,High School,Single,4
719902908,51.0,M,3,Unknown,Married,3
771682533,43.0,F,3,Unknown,Married,2
708193008,41.0,M,4,Uneducated,N/A,4
772449858,51.0,M,3,Graduate,Married   ,4
715992558,52.0,M,2,Doctorate,Married,2
708502908,61.0,M,2,High School,Married   ,3
720132258,49.0,FEMALE,3,Post-Graduate,Single,5
708704433,36.0,F,3,High School,Single,4
720906033,35.0,M,1,Graduate,Married,4
719961183,63.0,F,0,High School,Married,2
718838808,36.0,F,1,Post-Graduate,Married,3
710268858,33.0,F,4,Graduate,Single,2
788360283,33.0, M ,1,Graduate,Single,0
717914808,65.0,M,1,High School,Married   ,5
802884933,61.0,M,1,Graduate,Married,3
714436383,44.0,M,4,Graduate,Unknown,2
718785483,38.0,m,1,Doctorate,Single,3
708816408,41.0,M,4,Uneducated,N/A,3
715363908,44.0,F,4,Uneducated,Married,2
709163358,41.0,M,5,Unknown,Single,4
827643858,45.0,F,2,Unknown,N/A,2
711251133,37.0,M,0,Post-Graduate,Single,3
716896833,51.0,M,1,Unknown,Single,4
789193383,65.0,M,0,Uneducated,Single,5
712801758,37.0,F,1,Graduate,Single,2
719836083,54.0, M ,4,Unknown,Married   ,2
718291233,46.0,M,4,Graduate,Married,3
718682883,41.0,M,2,Unknown,Married   ,1
771503958,49.0,M,2,Unknown,N/A,3
771960708,51.0,M,2,Graduate,Married,4
717427983,50.0,F,3,High School,Married   ,4
712737108,48.0,F,4,High School,Married   ,2
771599283,53.0,FEMALE,2,Graduate,Married,5
717237708,54.0,M,2,Post-Graduate,Single,5
710703708,46.0,m,4,Unknown,Married   ,2
712513458,47.0,m,4,High School,N/A,4
709690158,52.0,F,4,Graduate,Married,2
709959858,43.0,F,4,Graduate,Single,4
720683958,41.0,M,4,Uneducated,Divorced,2
780704358,34.0,M,3,Post-Graduate,Unknown,0
717843783,33.0,F,1,College,Married   ,2
718318383,49.0,M,1,High School,Unknown,4
708849858,44.0,M,3,Doctorate,Single,5
712652283,36.0,M,1,Uneducated,Divorced,3
793461933,37.0,M,3,High School,Single,4
720084183,46.0,M,3,Unknown,Divorced,4
767114958,65.0,M,0,Uneducated,Single,2
709216533,52.0,M,2,College,Married,4
720897783,50.0,M,1,Uneducated,Married   ,5
773503308,59.0,m,1,Uneducated,Single,4
719963433,37.0,F,3,Unknown,Single,2
708139833,40.0,M,3,Graduate,Unknown,3
710664558,40.0,F,3,High School,Married,4
713687508,59.0,M,1,Doctorate,Single,4
816312633,52.0,F,3,College,Married,3
712019883,43.0,F,4,Unknown,Unknown,3
718216008,48.0,M,3,Graduate,Married,3
718345233,45.0,FEMALE,2,Graduate,Unknown,3
771228183,30.0,F,0,Graduate,Divorced,3
789430083,41.0, M ,5,High School,Single,2
779524833,51.0,M,1,Unknown,Single,3
823621083,46.0,M,3,Graduate,Married,4
715563558,50.0,M,1,Unknown,Married,2
715424283,31.0,F,0,College,Married,2
807209808,48.0,M,1,High School,Single,2
716578158,39.0,F,1,Unknown,Married   ,5
708911508,50.0,F,2,Unknown,Married,2
717332733,47.0,M,4,Unknown,Single,4
710681808,53.0,M,3,High School,Single,3
708740808,45.0, M ,4,Graduate,Married,4
711728208,46.0,m,4,Graduate,Single,2
720562008,34.0,M,2,Graduate,Single,3
709012083,39.0,M,1,Uneducated,Married,4
771073908,62.0,M,0,Unknown,Married,2
718174908,53.0,F,3,Uneducated,Married,2
709550958,51.0,M,3,Graduate,Married,4
720411183,34.0,F,1,High School,Married   ,0
720776508,44.0,F,2,Doctorate,N/A,2
755615208,49.0,M,3,High School,Single,2
708147108,26.0, M ,0,Graduate,Divorced,3
827476983,56.0,F,2,College,Single,1
716682258,52.0,M,1,High School,Divorced,5
708563433,65.0,F,0,High School,Single,3
772277508,65.0,F,1,Unknown,Single,2
712515558,35.0,M,1,College,Single,3
719342808,48.0,M,3,Graduate,Single,3
788957358,53.0,F,1,Graduate,Single,2
778386033,38.0,M,3,Uneducated,Married,4
820060758,50.0,F,1,College,Single,4
713271708,46.0,M,3,Uneducated,Married,2
720555483,48.0,M,3,Graduate,Single,3
709405758,36.0,M,2,Graduate,Married,2
769463433,41.0,F,2,Post-Graduate,Single,2
786087633,60.0,M,0,Unknown,Married,0
738627708,49.0,FEMALE,2,Unknown,Single,4
719527833,45.0,F,4,High School,Unknown,3
715921758,36.0,M,2,College,Single,2
717280158,49.0,M,3,Graduate,Married,5
714179658,43.0,M,3,High School,Single,3
806637558,58.0,M,1,High School,Married,5
714828708,46.0,M,0,High School,Divorced,4
711989358,50.0,M,2,Graduate,Married   ,1
720188508,43.0,M,4,Graduate,Single,4
719528958,57.0,F,3,College,Single,3
713110908,30.0,M,1,Unknown,Married,5
721179708,48.0,F,2,Unknown,Married,3
716363658,51.0,FEMALE,2,Doctorate,Single,5
711443808,46.0,M,2,Unknown,Divorced,1
778952058,46.0,M,3,College,Married,5
713642133,45.0,M,4,Unknown,Married,3
778908783,52.0,FEMALE,3,College,Married,4
778170633,48.0,M,5,Graduate,Married,2
714670533,47.0,M,3,Unknown,Single,5
771833433,49.0,M,2,High School,Married,4
772758783,43.0,M,1,Unknown,Married,5
788959758,47.0,F,4,Uneducated,Single,1
716878533,55.0, M ,2,Unknown,Married,1
713267133,41.0,F,5,Post-Graduate,Married   ,2
716263533,44.0,M,5,High School,Married,2
719026383,35.0,F,2,Uneducated,Married,3
821755233,40.0,F,2,Unknown,Married,2
709683633,32.0,F,1,High School,Single,2
714318033,50.0,m,4,Unknown,Married,4
828291858,38.0,M,3,College,Single,4
779647608,39.0,M,2,High School,Single,2
787605558,48.0,F,3,Graduate,N/A,2
771534408,-99.0,F,2,College,Married   ,3
716219808,49.0,M,3,Graduate,Unknown,3
715690908,46.0,F,3,Graduate,Single,2
789125733,38.0,F,4,Doctorate,Married,4
717271983,60.0, M ,0,College,Single,2
709695333,48.0,M,2,High School,Single,4
712233183,45.0,F,2,Graduate,Single,1
716645883,47.0,M,2,Unknown,Unknown,2
711762408,43.0,M,2,Doctorate,N/A,2
818305008,41.0,F,2,Graduate,Married,3
788159433,53.0,M,2,Unknown,Single,2
709104333,50.0,M,5,Post-Graduate,Married,4
708112008,56.0,M,2,Graduate,Married,3
714731208,63.0,F,0,Uneducated,Unknown,2
710006958,53.0,F,1,High School,N/A,2
815062383,35.0, M ,2,High School,Married,1
778447908,51.0,M,2,College,Married,2
720725058,51.0,F,1,Graduate,Single,4
803415183,44.0,M,3,Unknown,Single,1
708582858,38.0,M,3,Graduate,Single,4
779833908,40.0,F,2,Graduate,Divorced,1
818687958,48.0,M,2,Graduate,Divorced,2
708714108,42.0,F,3,High School,Single,3
754872333,50.0, M ,2,Graduate,Married,3
718637208,54.0,F,2,Graduate,N/A,1
816772908,38.0,FEMALE,3,High School,N/A,2
711935283,55.0, M ,5,Post-Graduate,Single,4
716950758,46.0,M,4,High School,Married   ,2
716497908,49.0,F,1,Doctorate,Married,2
809358708,38.0,M,3,Unknown,N/A,2
716037708,50.0,M,0,Uneducated,Divorced,3
717804783,40.0,F,3,Graduate,Single,4
715338783,32.0,M,1,High School,Married   ,2
779645658,49.0,M,3,Graduate,Single,4
787565433,53.0,M,2,Post-Graduate,Married,4
717287883,57.0,M,3,Graduate,Married,3
715746633,64.0,F,0,Graduate,Single,2
720635883,34.0,M,3,Unknown,Unknown,3
710077008,43.0,M,2,Uneducated,Single,1
804437658,42.0,F,3,Doctorate,Married,1
780000258,48.0,M,3,Uneducated,Single,5
825785508,49.0,M,3,High School,Single,2
720252858,57.0,M,3,College,Single,2
710017758,44.0,M,4,Graduate,Single,3
711750183,63.0,F,2,Graduate,Single,3
718364283,43.0,M,3,Graduate,Single,4
711638658,33.0,M,4,High School,Single,1
711046383,55.0,M,2,Graduate,Single,1
720877083,50.0,m,2,Graduate,Married,2
715662258,49.0,FEMALE,3,Unknown,Unknown,2
715570533,48.0,M,3,Post-Graduate,Unknown,6
758202858,47.0, M ,3,High School,Unknown,4
712872183,35.0,F,4,Uneducated,Single,2
710014683,31.0,F,0,Graduate,Single,2
716934333,50.0,M,3,Uneducated,Single,4
778523733,38.0,M,3,Graduate,Single,2
716353083,39.0,m,3,Graduate,Married   ,3
753642933,52.0,F,3,High School,Single,0
708151008,49.0,F,4,Graduate,Married,2
789646158,49.0,M,4,Uneducated,N/A,3
712423233,44.0,M,3,High School,Divorced,1
719806233,36.0,M,1,Graduate,Married   ,2
786509358,44.0,M,3,Unknown,Married,4
711502908,44.0,M,3,Graduate,Single,2
748617858,35.0,M,5,Uneducated,Single,3
721532583,45.0,m,4,Graduate,Married,4
789244308,56.0,M,4,College,Single,4
709330383,37.0,F,1,Graduate,Single,3
719136183,48.0,F,3,Uneducated,Married,3
716939358,43.0,F,3,Graduate,Divorced,4
778155558,45.0,M,3,Unknown,Married,2
713461533,54.0,FEMALE,3,Graduate,Single,1
803776533,46.0,M,2,Post-Graduate,Single,2
714857508,44.0,F,4,Doctorate,Married,4
720348933,44.0,FEMALE,3,Graduate,Single,4
721158108,38.0,M,2,Graduate,Single,4
789043008,55.0,F,2,Post-Graduate,Divorced,4
713362158,50.0,M,3,Unknown,Single,4
712623258,42.0,FEMALE,3,Graduate,Married,3
708494583,49.0, M ,3,Uneducated,Married   ,3
718394658,31.0,F,0,Graduate,N/A,1
719398158,51.0,m,2,Unknown,Unknown,3
711885258,47.0,F,4,High School,Married   ,4
789161358,30.0,F,0,Graduate,Married,4
787581858,46.0,M,2,Unknown,Married   ,4
779198133,45.0,F,3,High School,Divorced,2
708314808,53.0,F,2,College,Married,3
720508233,62.0,M,0,Unknown,Single,4
717134058,65.0,F,1,Unknown,Married   ,2
783366483,44.0,F,3,Unknown,Married,3
715412583,51.0, M ,3,Post-Graduate,Married,4
719562108,28.0,F,0,Uneducated,Married   ,3
754457883,49.0,M,2,Unknown,Single,2
742552683,44.0,F,3,High School,Married   ,5
711455133,55.0,M,3,College,Single,3
716387733,49.0,M,4,Graduate,Single,5
772571508,34.0,F,2,High School,Single,0
718815108,50.0,FEMALE,2,Unknown,Married,1
719266158,42.0,M,2,Graduate,Divorced,1
720708183,53.0,F,1,Uneducated,N/A,1
767523933,53.0,M,3,High School,Single,0
797466033,32.0,FEMALE,1,High School,Married,3
771886233,48.0,M,1,Unknown,Married,5
712612233,35.0,M,4,Graduate,Single,3
716516208,45.0,M,4,Graduate,Married,3
709950858,45.0,M,5,College,N/A,1
779882508,53.0, M ,2,Unknown,N/A,4
717472833,42.0,M,4,Unknown,N/A,5
712665633,43.0,F,3,Graduate,Married,4
709562358,55.0,F,2,Unknown,Single,5
715391433,38.0,M,0,Graduate,Married   ,4
708722583,39.0,F,4,Uneducated,Single,1
720452508,51.0,m,1,College,Married   ,1
714566958,44.0,M,3,High School,N/A,5
816084333,42.0,FEMALE,2,Unknown,Single,2
806179683,63.0,F,1,College,Single,2
806244183,39.0,M,2,Graduate,Divorced,4
787999533,52.0,M,2,High School,Single,2
718358808,57.0,F,2,High School,N/A,5
718474683,36.0,m,0,High School,Married,2
716908158,42.0,F,3,College,Married,1
713984208,52.0,M,4,Graduate,Married,1
713013483,40.0,F,4,Graduate,Married   ,3
754599558,40.0,F,3,College,Single,1
788739633,38.0,M,1,Unknown,Married,4
712411908,44.0,M,3,High School,Married,5
717538683,43.0,m,3,Graduate,N/A,2
709447908,45.0,m,2,Graduate,Married,4
816834933,34.0,F,4,Graduate,Single,2
718963158,49.0,FEMALE,1,Unknown,Single,1
714358008,53.0,F,1,College,Divorced,3
720758808,38.0,M,3,College,Single,5
708255633,36.0,M,1,Graduate,Single,4
716101308,48.0, M ,3,Unknown,Married,4
715986258,53.0,m,1,Uneducated,Single,2
715858008,49.0,F,1,Uneducated,Married   ,3
806226933,37.0,M,2,High School,Unknown,1
708361833,44.0,M,4,Graduate,N/A,3
778422933,42.0,F,1,Unknown,Married   ,2
708957183,48.0,M,0,Unknown,Divorced,0
718000383,60.0,F,1,Graduate,Single,4
714466458,49.0,F,2,High School,Married   ,2
719608308,37.0,M,2,High School,Single,3
792995808,57.0,FEMALE,3,Post-Graduate,Single,5
716211258,59.0,FEMALE,1,College,Unknown,4
779289033,46.0,F,3,Uneducated,Married   ,5
719356008,39.0,F,3,Graduate,Single,4
718503108,40.0,M,3,Unknown,Married,1
779661033,49.0,M,4,Unknown,Married,3
813053733,53.0,M,4,Unknown,Single,4
718354683,59.0,F,0,Graduate,Married   ,3
720529308,63.0,M,0,High School,Single,1
787578183,36.0,M,3,High School,Single,2
737952333,64.0,M,1,Graduate,Married   ,5
779498058,39.0,M,2,Graduate,Married,3
799707858,50.0,F,1,High School,Married,2
719543208,38.0,F,3,Uneducated,Single,3
797743233,-99.0,M,3,Uneducated,Married   ,3
710658483,47.0,M,4,Graduate,Unknown,6
715399908,54.0,F,2,High School,Married   ,5
710288883,40.0,FEMALE,1,Graduate,Married,5
719912808,52.0, M ,2,High School,Married   ,4
720247158,63.0,M,0,Graduate,Single,2
718672233,48.0,F,1,Graduate,Single,2
789593058,46.0,M,5,College,Married   ,3
710278458,52.0,M,2,High School,Single,3
714467733,45.0,FEMALE,2,Graduate,Married,3
803026008,48.0,M,3,Unknown,Married,2
772000533,59.0,M,1,Graduate,Married,2
811035483,47.0,FEMALE,3,Uneducated,Divorced,5
715480983,55.0,F,2,College,Married   ,3
819997983,53.0,M,5,Unknown,Married,0
807593058,41.0, M ,3,Unknown,Single,4
720437358,40.0,FEMALE,3,Graduate,Married   ,2
719465733,52.0,F,2,High School,Married   ,3
711978858,59.0,M,2,Graduate,Single,2
814364808,36.0,F,2,Uneducated,Married,1
788820933,59.0,M,2,Graduate,Single,2
713316558,41.0,M,4,High School,N/A,2
779856483,38.0,M,2,Post-Graduate,Single,2
717085983,44.0,F,2,High School,Single,3
788030208,42.0,F,2,Uneducated,Single,3
709914858,48.0,F,2,Graduate,Married,2
716111808,57.0,F,2,Unknown,Married   ,1
708618933,34.0,M,2,Uneducated,Single,2
720446508,50.0, M ,2,Uneducated,Single,2
756488883,41.0,M,2,Uneducated,Single,2
708414033,50.0,M,4,Graduate,Married,3
756727233,49.0,M,2,High School,Single,4
720379533,47.0,M,3,Unknown,Unknown,4
720340383,45.0,F,2,Graduate,Married,2
771453033,47.0,M,3,High School,Married,2
708747708,43.0,M,3,Graduate,Married,2
712460433,39.0,M,2,Uneducated,Single,3
719801508,36.0,M,1,Uneducated,Unknown,3
720983733,44.0,M,3,Unknown,Single,3
713657733,47.0,M,4,Unknown,Single,1
709955958,41.0,F,1,High School,Single,0
719099583,42.0,M,3,Graduate,Married,3
719513733,48.0,M,3,Doctorate,Married   ,4
710654808,46.0,M,4,Graduate,N/A,4
719651358,46.0,F,4,Uneducated,Single,3
718917408,46.0,F,3,Graduate,Married,3
808753758,52.0,M,2,Uneducated,Divorced,2
711699183,56.0,M,2,Uneducated,Divorced,2
711196458,38.0,m,1,Unknown,Married,3
772565883,41.0,M,0,High School,Single,2
717203958,51.0,M,3,Graduate,Married,2
769701258,26.0,F,0,Unknown,Unknown,3
714933783,51.0,M,2,Graduate,Married,4
717650133,41.0,M,5,Graduate,Married   ,4
708707808,57.0,M,2,Graduate,Unknown,2
717331758,44.0,M,4,Graduate,Married,4
801385458,52.0,M,1,Uneducated,Married,4
710605458,49.0,M,2,High School,Married,2
719570733,52.0,M,2,Unknown,Single,3
708646233,44.0,F,1,Unknown,Divorced,1
766006758,63.0,M,1,High School,Married,4
710695083,44.0,M,3,College,Single,3
709224033,53.0,M,4,Uneducated,Single,2
795991758,47.0,F,3,Unknown,Married,3
709381383,49.0,M,4,Graduate,Married,2
810321933,35.0,M,3,High School,Unknown,3
716235783,45.0,M,3,College,Married,4
758833758,45.0,M,4,Unknown,Married,3
713579733,36.0,M,2,College,Single,3
804649833,42.0,FEMALE,3,Post-Graduate,Married,4
780971583,46.0,M,1,Graduate,Divorced,2
804673308,49.0,M,5,Uneducated,Married,4
788747358,50.0,M,0,High School,Married   ,2
713199558,57.0,F,3,Doctorate,Single,2
713777883,46.0,F,0,Graduate,Divorced,2
771081558,55.0,M,2,High School,Divorced,2
710229333,38.0,M,2,College,Single,3
720406233,35.0,F,2,Graduate,Married,4
767784708,48.0,M,0,Doctorate,Married,4
712052058,57.0, M ,3,Graduate,Single,0
715278708,55.0,M,2,Unknown,N/A,1
827049558,47.0,M,2,Graduate,Unknown,2
710248233,37.0,M,3,College,Single,3
712146558,48.0,F,5,Uneducated,Married   ,3
715179933,49.0,F,2,High School,Married,3
709215708,49.0,M,2,Post-Graduate,Unknown,5
710668458,48.0,F,4,Graduate,Married   ,0
718828083,52.0,M,1,Graduate,Single,3
720781158,44.0,F,2,Uneducated,Divorced,3
716938383,41.0,M,4,Unknown,Married,3
709976358,51.0,F,1,Unknown,Single,3
715688958,45.0,F,2,Post-Graduate,Single,3
721493883,49.0,FEMALE,4,Unknown,Single,2
709830783,47.0,M,5,Unknown,Single,2
715354983,44.0,M,3,Graduate,Married,1
713532858,42.0,M,2,Doctorate,Unknown,2
721295658,62.0,M,1,Unknown,Single,4
720313083,32.0,M,1,Unknown,Single,2
720724008,43.0,M,2,Graduate,Single,4
712828533,62.0,M,1,Graduate,Single,2
717007458,46.0,M,2,Graduate,Married,3
710728458,62.0,F,1,Unknown,Single,2
717720108,42.0,FEMALE,2,Graduate,Married,3
720648483,39.0, M ,4,College,Single,2
770146008,59.0,M,1,Graduate,Single,2
714829683,43.0,M,2,Doctorate,Single,3
717015333,52.0,M,1,Unknown,Married   ,2
757837458,59.0, M ,2,High School,Single,4
719240358,60.0,M,1,Unknown,Single,0
719036883,48.0,F,1,Uneducated,Divorced,2
714000108,40.0,F,3,College,Divorced,4
720786033,55.0,M,1,College,Single,4
708917133,48.0,M,3,High School,Single,4
818929158,36.0,M,2,Doctorate,Single,2
709513458,49.0,M,3,High School,Unknown,2
717705858,40.0, M ,2,High School,Unknown,3
716573058,54.0,F,3,Doctorate,N/A,4
827695683,40.0,M,3,Uneducated,Married   ,5
819189108,63.0,M,0,College,Single,2
716977758,44.0,F,3,Uneducated,Married,1
714901383,44.0,M,2,High School,Married,3
718500633,45.0,F,4,Unknown,Married,1
713516433,36.0,F,3,College,Single,0
715140933,45.0, M ,3,Graduate,Single,4
712642533,38.0,M,3,Unknown,N/A,3
721498008,44.0,F,3,Uneducated,N/A,2
717189183,35.0, M ,1,Doctorate,Single,2
708902883,55.0, M ,2,Graduate,Single,2
817889583,61.0,F,0,Graduate,Single,4
717242058,43.0,F,5,Graduate,Married,4
715628733,40.0, M ,4,Unknown,Single,4
716613933,51.0,F,3,High School,Single,2
712709508,48.0,F,2,Unknown,Married   ,4
716306583,64.0,M,0,Graduate,N/A,5
720026058,49.0,M,3,Graduate,Married   ,3
756397458,54.0,F,1,Graduate,Single,4
712644483,46.0,M,3,High School,Single,1
814489683,34.0,F,2,Unknown,Single,0
789111483,46.0,M,3,Graduate,Unknown,4
709573533,48.0,M,3,Uneducated,Married,2
807137808,45.0,M,3,High School,N/A,2
711861258,65.0,F,1,Uneducated,Single,3
716660583,45.0,M,0,Graduate,Single,2
717222033,40.0,F,3,Unknown,Single,4
716617608,50.0,F,1,High School,Single,3
716786808,40.0,M,5,Post-Graduate,Single,2
718882008,38.0,M,1,High School,Single,2
770975133,36.0,M,0,Graduate,Unknown,4
715234008,54.0,F,1,High School,Single,3
709326183,50.0,M,2,High School,Single,2
721233033,50.0,M,2,High School,Single,3
712319958,41.0,M,4,High School,Married   ,1
712198983,46.0,M,4,Graduate,Married,3
772103208,44.0,m,5,High School,Married   ,2
779502333,50.0,M,4,Graduate,Single,2
718737708,45.0,M,4,Graduate,Single,3
821351958,40.0,m,4,College,N/A,2
716142858,46.0,F,4,Uneducated,Married,4
826079508,48.0,FEMALE,2,Unknown,Unknown,3
773236983,47.0,m,4,High School,Married,3
826717533,42.0,M,3,Graduate,Unknown,1
789334458,43.0,F,3,Graduate,Unknown,3
814092858,49.0,F,3,Graduate,Unknown,1
708355683,46.0,F,4,Graduate,Married,3
803124408,41.0,m,3,Unknown,Married,5
789964983,45.0,FEMALE,2,Graduate,Divorced,4
720303933,40.0,M,2,Graduate,Married,3
708665133,40.0,M,2,Graduate,Married,3
828236133,49.0,M,2,Graduate,Married,0
712000758,51.0,M,4,Uneducated,Single,1
715378383,43.0,F,4,Graduate,Single,4
769985883,45.0,M,2,Graduate,Single,3
709297608,38.0,M,3,College,N/A,2
716971833,40.0,FEMALE,2,Uneducated,Married,3
801373833,49.0,M,4,College,Divorced,3
716040783,45.0,F,3,Graduate,Unknown,2
817977933,63.0,F,0,Graduate,Single,3
827055333,43.0,M,3,Graduate,Single,5
772116408,50.0,M,1,High School,Single,1
734924658,47.0,F,5,High School,Married,1
711775383,63.0,M,1,Graduate,Single,4
715019058,30.0,F,2,Post-Graduate,Divorced,2
780715683,41.0,M,3,Doctorate,Single,3
827341383,38.0, M ,3,Graduate,Single,2
708757233,44.0,F,2,High School,Married,3
710504283,50.0,M,1,Uneducated,Married,4
713919183,50.0,M,3,Unknown,N/A,4
713171358,46.0,F,4,College,Single,2
773140683,51.0,M,0,Unknown,Married,2
716358033,53.0,F,1,Graduate,Married   ,4
826410708,40.0,FEMALE,4,Unknown,Married,3
789717708,49.0,F,1,Unknown,Married,4
711679533,54.0,M,2,Post-Graduate,Divorced,2
711342483,50.0,M,1,College,Married,3
720242733,45.0,M,4,Unknown,Single,3
721213833,46.0,FEMALE,2,High School,Unknown,3
756624183,51.0,F,3,Graduate,Married,3
717622308,63.0,FEMALE,0,High School,Married   ,3
714629358,54.0,F,3,Graduate,Married   ,4
744307008,51.0,M,1,Uneducated,Married,3
708871158,60.0,M,1,Graduate,Single,4
710979033,30.0,M,0,Unknown,Single,3
818903583,44.0,M,5,Uneducated,Divorced,0
712980333,33.0,M,3,Graduate,Divorced,3
717655458,40.0,F,2,Uneducated,Unknown,4
822112383,52.0,M,3,College,Married,2
711538758,39.0,M,5,Graduate,Single,3
719987733,51.0,F,3,Unknown,Single,3
719184783,51.0,F,1,Graduate,Married   ,2
715857183,46.0,M,2,College,Single,2
719657583,44.0,M,3,Graduate,Married,6
789713208,62.0,F,0,Doctorate,Single,5
802031583,53.0,M,2,Uneducated,Single,1
711529383,47.0,F,3,Graduate,Married,4
715371108,45.0,M,3,Graduate,Married,2
712988958,42.0,M,4,Graduate,Single,0
713005908,47.0,F,2,Graduate,Married,3
712236483,41.0,F,2,Graduate,Single,4
711852783,46.0,M,2,Unknown,Married,2
780056733,36.0, M ,3,Unknown,Single,3
796903083,47.0,F,1,Doctorate,Married,2
716014983,56.0,F,3,High School,Single,3
712521783,54.0,m,3,Graduate,Unknown,4
780045708,42.0,F,3,Graduate,Single,2
719488008,39.0, M ,1,Graduate,Married,1
771575058,45.0,M,1,Graduate,Married   ,4
772137183,52.0,m,2,Graduate,Single,1
779709033,46.0,m,4,Unknown,Married,2
709716258,48.0,M,3,High School,Unknown,3
737986083,46.0, M ,3,High School,Single,4
713343333,42.0,M,3,Unknown,Married,4
779331558,45.0,F,2,Unknown,Single,3
714973758,50.0,FEMALE,3,Graduate,Married   ,2
718009158,50.0,F,3,Uneducated,Married   ,2
789597408,39.0,F,1,Post-Graduate,Single,3
712165308,45.0,F,2,Doctorate,N/A,4
821768658,52.0,M,0,Unknown,Single,5
719341683,42.0,FEMALE,2,Unknown,Married,4
708637758,49.0,F,3,Graduate,Single,4
779974758,51.0,M,2,College,Single,3
821815458,48.0,M,3,High School,Single,1
711708408,52.0,F,3,High School,Married,2
812449758,43.0,M,3,High School,Single,2
715682208,49.0,M,3,Doctorate,Married,4
719914908,37.0,M,2,Uneducated,Divorced,2
714744783,48.0, M ,3,Unknown,Married,4
710809833,40.0,M,3,Graduate,N/A,2
720942333,49.0,M,2,Unknown,Married,4
709423158,46.0,M,4,Graduate,Single,0
718307433,50.0,FEMALE,0,Graduate,Single,4
772607433,50.0,FEMALE,3,High School,Married,4
801709308,44.0,F,4,Uneducated,Married,2
778502958,47.0,M,3,Unknown,Divorced,5
806656083,48.0,F,2,Graduate,Married,4
823635033,49.0,F,2,High School,Married   ,5
718739508,51.0,F,5,Unknown,Married,4
709272333,59.0,m,1,Uneducated,Unknown,3
721538883,45.0,M,4,Graduate,Single,4
718835583,50.0,F,1,Graduate,Married,2
827970933,46.0,F,4,Graduate,Married,0
719888358,47.0,M,1,Unknown,Divorced,5
717030633,46.0,M,4,College,Single,4
815085708,60.0,F,0,High School,Single,5
716332533,38.0,F,3,Unknown,Unknown,3
822964683,51.0,F,1,Graduate,Single,4
719335233,47.0,F,3,Uneducated,N/A,4
779683683,47.0,M,3,High School,Single,2
712653183,49.0,F,4,Unknown,Single,4
715485483,39.0,F,5,Graduate,Married,3
788912658,44.0,FEMALE,2,Unknown,Married   ,4
711396483,40.0,M,2,Graduate,Single,3
789220008,56.0,M,3,High School,Married,2
716436483,45.0,F,3,Uneducated,Unknown,3
717661908,37.0,M,5,Doctorate,Single,1
778459833,42.0,M,5,Graduate,Married,3
769448658,43.0,F,2,Unknown,Married,3
820346133,59.0,F,2,Uneducated,Single,2
720119808,42.0,M,3,High School,Married,2
721523658,46.0,M,5,High School,Unknown,3
711176133,28.0,M,0,High School,Single,4
794560833,47.0,F,3,Graduate,Married,6
718197108,54.0,M,2,Graduate,Single,3
713750583,55.0,F,1,College,Unknown,4
769576608,62.0,M,1,Uneducated,Single,2
708626058,49.0,F,2,Uneducated,Married,4
710333883,48.0, M ,3,Graduate,Married,2
715401633,43.0, M ,3,Graduate,Married   ,2
755220783,51.0,M,1,Doctorate,Married,4
789603183,48.0,M,4,High School,Unknown,3
767564358,47.0,m,5,Doctorate,Married,1
789744033,50.0,M,2,Graduate,Married   ,1
709887483,56.0,M,2,Uneducated,Divorced,3
779765058,43.0,m,2,Unknown,Single,1
789177333,47.0,F,2,Graduate,Married,2
717262833,49.0,F,3,Unknown,Married,4
714878508,48.0,F,2,High School,Single,3
711079308,40.0,M,3,Graduate,Married,3
794510358,41.0,M,3,Graduate,Married,3
715033533,43.0,F,2,High School,Married,2
779400183,42.0,M,3,Graduate,Single,4
716636808,39.0,M,3,Graduate,Single,2
708733983,50.0,F,1,Doctorate,N/A,2
710521383,50.0,M,3,Uneducated,Married   ,0
720075558,50.0,m,4,College,Married,4
716468658,51.0,m,2,Unknown,Single,3
717569283,47.0,M,5,Doctorate,Single,2
787491483,41.0,M,3,Unknown,Divorced,3
779995833,49.0,FEMALE,0,Unknown,Married,4
714215058,42.0,F,3,High School,Married,4
789407958,42.0,M,1,Graduate,Married,3
715118058,45.0,M,3,Graduate,N/A,1
713672208,50.0,M,1,Doctorate,Divorced,2
720865383,53.0,M,3,Graduate,Single,1
713701533,51.0,M,2,Unknown,Married,2
778895883,50.0,F,1,Unknown,Married,1
719655258,64.0,M,0,Graduate,Single,4
711205758,45.0,M,3,College,Single,3
806264958,52.0,m,2,High School,Single,3
714659133,47.0,M,5,High School,Married,2
716425833,38.0,M,2,Graduate,Single,1
712166583,45.0,F,0,Graduate,N/A,3
713124558,43.0,F,2,Graduate,Married,4
714048783,57.0,M,2,High School,Single,0
708784908,47.0,F,3,Graduate,Unknown,4
714332658,42.0,F,3,Graduate,Single,4
719169783,52.0,F,2,Uneducated,Married,3
718270833,48.0,F,3,Post-Graduate,Married,3
721268133,44.0,M,3,Post-Graduate,Married,2
795343683,40.0,F,3,High School,Single,3
715611933,50.0,F,4,Doctorate,Married,2
711184983,41.0,M,5,Unknown,N/A,1
779601783,42.0,F,5,College,Married,2
784263558,43.0,M,2,Uneducated,Single,3
720795858,44.0,M,4,Graduate,Married   ,2
756629133,61.0,F,1,Graduate,Single,2
714387108,51.0,M,3,Graduate,Single,3
712164333,40.0,M,4,High School,Married   ,2
714429258,46.0,M,5,Doctorate,Single,3
796791258,50.0,M,1,Uneducated,Married,4
711220683,48.0,m,1,Unknown,Married,3
717582558,50.0,M,1,Graduate,Single,3
714779733,44.0,FEMALE,4,Unknown,N/A,4
817965858,42.0,F,4,Unknown,Married,3
717358158,46.0,M,3,Uneducated,Married   ,2
720301458,52.0,M,1,High School,Single,2
826471458,42.0,M,3,Graduate,Married   ,3
794579658,47.0,FEMALE,3,High School,Married,2
717052158,39.0,M,3,High School,Single,2
818311533,53.0,F,3,Uneducated,Single,1
716156508,52.0,M,2,High School,Married   ,3
711191808,39.0,M,0,Graduate,Single,4
712084383,63.0,M,1,Graduate,Single,2
788641758,53.0,M,4,College,Single,2
788768883,54.0,F,0,Unknown,Single,3
713277783,45.0,F,4,Uneducated,Married,2
717451833,45.0,F,3,Uneducated,Divorced,2
712291308,52.0,F,1,Uneducated,N/A,3
712852233,64.0,F,0,Graduate,Single,4
712312908,47.0,F,4,Unknown,Unknown,4
773457558,45.0,F,5,College,Married   ,2
716194683,41.0,M,4,Graduate,Divorced,3
720563058,56.0,F,3,College,Single,3
719502183,52.0,F,2,Graduate,Married,3
712287333,39.0,M,1,Uneducated,Married   ,4
716944983,61.0,M,0,Uneducated,Married,4
718115733,57.0,M,1,Graduate,N/A,3
827691858,46.0,F,3,College,Single,4
716431833,38.0,M,2,Unknown,Divorced,4
717265983,44.0,F,4,Uneducated,Divorced,0
769578858,40.0,FEMALE,2,Graduate,Married   ,1
712815858,57.0,F,1,High School,N/A,4
815851233,52.0,M,3,High School,Single,3
779425608,50.0,F,1,Unknown,Married   ,4
811532208,51.0,FEMALE,4,Graduate,Married,2
713896533,42.0,M,4,High School,Single,3
712546233,51.0, M ,3,Unknown,Single,3
772148058,45.0,FEMALE,3,Graduate,Unknown,3
771776808,44.0,m,4,Uneducated,Married,3
715905633,45.0,M,1,Graduate,Single,3
778282758,55.0,M,2,College,Married   ,1
717886008,63.0,M,1,High School,Single,2
709985133,33.0,F,2,Graduate,Divorced,2
709289358,46.0, M ,3,Graduate,N/A,2
720457608,41.0,F,4,Graduate,Married,1
780612558,58.0,F,1,Graduate,Single,3
714216033,51.0,M,3,Doctorate,Married,2
710577708,35.0,M,1,Unknown,Single,3
719462433,42.0,F,5,Graduate,Single,2
769063308,45.0,M,3,Post-Graduate,Married,2
715136583,51.0,M,3,High School,Single,4
710915358,63.0,F,0,College,Single,2
709841433,45.0,F,2,Graduate,Married   ,3
710509758,36.0,M,4,College,Single,3
720527058,39.0,F,1,Graduate,Single,3
711787383,52.0,F,2,High School,Single,3
715824108,52.0,F,1,Graduate,Married,3
719474583,50.0,M,1,Graduate,Married,3
719282433,60.0,F,0,Graduate,Single,4
772669833,43.0,FEMALE,3,Post-Graduate,Single,2
789365508,49.0,M,2,High School,Divorced,4
806641683,44.0,M,3,Uneducated,Married,2
805534608,54.0,F,2,College,Single,3
781117533,50.0,M,1,Unknown,Married,2
710294808,44.0,M,3,High School,Married,2
718788258,52.0, M ,5,Unknown,Married,4
716404383,47.0,F,2,Graduate,Married,2
824795358,49.0,F,3,High School,Married,0
715196508,45.0,M,3,Graduate,Married,2
779051808,35.0,F,1,Graduate,Single,2
720695583,65.0,M,1,Graduate,Single,3
826414083,47.0,m,4,Unknown,Married,4
708426483,56.0,FEMALE,2,Graduate,Single,1
787472283,49.0,M,2,Graduate,Married,2
716948283,58.0,M,1,College,Single,2
778375458,52.0,M,3,Graduate,Married,3
718504983,45.0,F,2,Graduate,Married,2
709625733,50.0,M,2,High School,Single,3
719357058,62.0,F,2,Doctorate,Married   ,2
709626858,44.0,F,3,High School,Married,4
711843708,61.0,FEMALE,0,Graduate,Divorced,3
711349083,47.0,F,4,Doctorate,Married,4
721462458,52.0,F,3,High School,Married,1
780833058,46.0,M,2,High School,Married   ,2
769962933,40.0,F,3,Graduate,Single,4
719095533,47.0, M ,4,Uneducated,Married,3
709718058,52.0,F,4,Uneducated,Single,4
819151083,46.0,M,5,High School,Single,4
770778108,49.0,M,4,Post-Graduate,Married,3
718877883,44.0,F,3,Unknown,Single,1
710376708,50.0,F,5,Uneducated,Single,3
718366983,40.0,M,3,Graduate,Married   ,4
719604858,45.0, M ,3,Unknown,Married,3
714549558,41.0,F,2,Graduate,Married,2
822955008,63.0,M,1,Graduate,Single,2
712986483,32.0,M,3,College,Unknown,2
779597133,55.0,M,1,Graduate,Single,2
758426583,51.0, M ,2,Post-Graduate,Married,4
716805408,52.0,M,3,Doctorate,Married,2
711275433,47.0,M,4,Uneducated,Unknown,3
778968408,39.0,M,2,Doctorate,Single,3
827117808,45.0,M,1,Graduate,Married   ,2
804462633,43.0,F,3,High School,Divorced,3
709321908,47.0,M,3,High School,Single,3
714907908,51.0,F,0,High School,Married,2
818336508,50.0,M,2,Unknown,Single,4
712597233,37.0,M,2,Uneducated,Unknown,2
711964533,44.0,M,3,College,Married,2
716705433,62.0,F,1,Uneducated,Unknown,3
717983058,41.0,F,3,Graduate,Married,3
709587783,39.0,M,4,Post-Graduate,Single,3
709804533,40.0,M,4,Uneducated,Single,3
712076358,46.0,M,3,High School,N/A,2
711670308,51.0,F,3,Unknown,Married,0
720717108,64.0,M,1,Uneducated,Single,1
784789758,40.0,M,2,Unknown,Married,0
779689233,50.0,M,3,Graduate,Single,2
788792583,44.0,F,3,Unknown,Single,0
710657508,32.0,M,0,College,Unknown,4
716393958,43.0,M,3,High School,Single,0
770708133,47.0,F,5,High School,Single,2
766131033,43.0,F,4,Graduate,Married,3
719816583,46.0,M,3,Doctorate,Married,2
715376508,47.0,F,5,Graduate,Married,1
709300458,48.0,M,1,Graduate,Married   ,3
778340733,44.0,FEMALE,3,College,Married,4
708195633,40.0,M,2,High School,Unknown,3
714729933,46.0,M,2,Unknown,Married,2
794514108,50.0,FEMALE,2,Unknown,Married,2
812501358,46.0,F,4,Post-Graduate,Divorced,1
718961208,43.0,F,3,College,Single,3
814459833,42.0,F,3,Graduate,Married   ,4
720363258,43.0,F,4,Graduate,Married,3
714496083,51.0,M,3,Unknown,Single,3
713004933,40.0,M,3,High School,Married,1
712011633,40.0, M ,2,Doctorate,Single,3
772466508,45.0,M,3,Unknown,N/A,1
708225483,47.0,M,4,Graduate,Married   ,4
788923758,26.0,F,1,High School,N/A,3
789150633,50.0,F,3,Graduate,Married,2
710809083,37.0,FEMALE,4,College,Married,1
787669233,51.0,M,2,Doctorate,Single,2
708119658,49.0,F,4,Graduate,Married,1
737921733,62.0, M ,1,Unknown,Single,3
765940683,37.0,M,3,Uneducated,Single,2
719732433,54.0,FEMALE,2,Graduate,Single,1
715491483,44.0,M,2,Graduate,Divorced,0
783381933,43.0, M ,4,Uneducated,Married,3
811554708,44.0,F,3,High School,Married,4
719536608,49.0,F,3,Graduate,Single,1
720753183,48.0, M ,2,Post-Graduate,Married,2
714505683,51.0,m,4,Uneducated,Divorced,2
711942783,41.0,F,3,High School,Married,3
714031983,41.0,F,3,High School,Single,3
711372258,59.0,M,1,College,Single,2
710825658,37.0,F,3,Uneducated,Single,2
716575758,50.0,F,2,College,Unknown,2
714732183,47.0,M,4,Uneducated,Unknown,2
714097683,55.0,F,2,Graduate,Married,4
720568083,40.0,M,2,Graduate,Divorced,4
708121908,48.0,M,4,Unknown,Married   ,2
778710783,,M,3,High School,Divorced,2
713745783,29.0,F,0,Post-Graduate,Single,4
711043983,44.0,M,3,High School,Married   ,1
716438433,41.0,M,1,Doctorate,Married,3
709435533,53.0,F,1,Unknown,Single,2
711080358,55.0,M,1,Unknown,Unknown,2
718677858,39.0,M,1,College,N/A,2
720259308,39.0,M,3,High School,Single,3
719346708,41.0,F,1,Unknown,Divorced,4
719874633,44.0,M,1,High School,Unknown,3
720286908,50.0,M,3,Uneducated,Married,2
719168883,45.0,F,5,Unknown,Single,1
789893808,52.0,m,3,Graduate,Divorced,3
772472208,50.0,M,1,Uneducated,Married,4
710402508,52.0,M,0,Unknown,Married,4
710218233,43.0,F,3,High School,Single,3
714212358,38.0,F,3,High School,Single,2
812956983,51.0,M,3,Graduate,Married,3
780241758,59.0,M,1,High School,Single,4
711580908,52.0,F,3,Unknown,N/A,2
712835433,49.0,F,3,Uneducated,Married   ,3
716461683,47.0,m,3,Uneducated,Married   ,1
713617608,43.0,M,3,Unknown,Married,3
714622833,47.0,m,3,Uneducated,Married   ,2
712115958,47.0,F,3,Uneducated,Single,4
712033833,42.0, M ,4,Unknown,Unknown,2
714548733,35.0,M,0,College,N/A,3
719523108,61.0,M,0,Post-Graduate,Married   ,3
710881008,42.0,m,3,High School,N/A,1
715098333,52.0,m,2,High School,Married   ,3
708211383,35.0,FEMALE,3,Graduate,Single,3
715054683,50.0,M,2,Uneducated,Single,4
710670633,40.0,M,4,High School,Married   ,3
784560258,45.0,M,1,Uneducated,N/A,0
710871108,45.0,M,5,Uneducated,Divorced,4
787770858,43.0,M,4,Graduate,Single,3
721104708,41.0,F,3,Post-Graduate,Single,1
717461283,38.0,m,2,Graduate,Single,3
803028858,38.0,F,2,Graduate,Married   ,3
716628633,41.0,M,4,Uneducated,Single,3
813380058,64.0,F,0,Graduate,Single,4
770135358,46.0, M ,1,Graduate,Married,2
719301258,61.0,M,0,Post-Graduate,Single,2
711340233,46.0,F,0,Graduate,Single,2
710002833,32.0,F,1,High School,Married,3
808705758,43.0,M,3,Unknown,Married   ,3
710839308,34.0,F,2,High School,Single,3
768687183,54.0,F,1,College,Single,4
720541758,45.0,F,4,College,Divorced,2
712263258,49.0,F,2,Uneducated,Married,3
712751133,42.0,M,3,Doctorate,Single,3
779662308,49.0,F,2,Unknown,Married,3
719260608,38.0,M,3,Uneducated,Married   ,2
803319633,51.0,F,2,High School,Married,2
708170508,38.0,M,2,Graduate,Married,2
711891933,47.0,M,3,High School,Married,3
802875333,51.0,M,1,High School,Single,4
719991783,40.0,M,2,High School,Married,0
745435533,44.0,M,2,Unknown,Married,3
718063083,40.0,M,2,Graduate,Married,2
710713608,60.0,M,0,Uneducated,Single,2
720487308,49.0,M,1,High School,Unknown,2
719770158,54.0,F,3,Post-Graduate,Single,3
712283808,50.0,F,3,High School,N/A,2
779737233,51.0,M,1,Graduate,Married,2
751076058,44.0,m,4,Unknown,Married,3
736552308,48.0,F,4,Graduate,N/A,3
720578058,53.0,m,4,Unknown,Single,4
714932658,42.0,F,4,College,Single,2
804708633,44.0,F,3,Uneducated,Single,2
716271183,45.0,F,2,Uneducated,Single,2
712442508,52.0,F,4,Post-Graduate,N/A,4
719165508,48.0,F,3,Graduate,Married,4
826467333,57.0,M,1,High School,Single,3
721027083,47.0,F,4,Post-Graduate,Married   ,0
713764458,53.0,FEMALE,2,Graduate,Single,3
816261858,61.0,M,0,Graduate,Single,4
710850633,65.0,M,0,High School,Single,2
805282908,43.0,M,5,Graduate,Unknown,2
771246708,40.0,M,5,Graduate,Unknown,3
785119833,40.0,M,3,College,Divorced,3
716780283,39.0,M,2,Uneducated,Married   ,3
716546283,39.0,M,3,Graduate,Married,4
721308033,45.0,F,2,Post-Graduate,Single,1
779270883,48.0,M,4,High School,Married,3
822061683,38.0,M,1,Graduate,Married   ,4
710058033,51.0,M,0,Uneducated,Divorced,0
710678658,47.0,F,4,Unknown,Married   ,2
712943508,48.0,F,5,Graduate,Married,0
816263808,47.0,M,1,Graduate,Single,2
714162033,45.0,F,3,Post-Graduate,Divorced,3
711238908,65.0,F,0,Uneducated,Single,2
713971608,49.0,M,4,Uneducated,Married,4
715193433,61.0,F,0,High School,Single,2
713111883,51.0,M,1,Unknown,Married,2
716911608,48.0, M ,4,Graduate,Single,4
822898758,44.0,FEMALE,5,Post-Graduate,Married,4
712085733,45.0,M,4,Graduate,Married,3
718583133,49.0,F,3,Graduate,Married   ,0
772095858,38.0,F,2,Graduate,Single,3
780074733,42.0,F,1,Doctorate,Married,3
710182383,44.0,M,3,Uneducated,Divorced,3
713418558,46.0,F,3,Graduate,Divorced,0
715445883,40.0,F,2,Graduate,Married,2
718599108,50.0,F,3,Graduate,Married,2
711546333,46.0,M,3,Uneducated,Married,1
721513833,35.0,M,0,High School,Divorced,2
771669183,49.0,M,1,Graduate,Married,4
774760458,62.0,F,1,High School,Unknown,1
713453733,45.0,F,2,Uneducated,Single,3
804415083,45.0,M,3,Unknown,Married,3
711419133,56.0,M,4,Graduate,Single,3
710691633,58.0,F,1,High School,Married   ,4
715008858,51.0,F,3,Unknown,Single,2
771424908,38.0,M,2,Unknown,Unknown,3
771215583,39.0,M,3,High School,Single,4
711012783,43.0,M,4,Graduate,Single,4
827408058,44.0,F,3,Graduate,Married,2
713904708,40.0,F,3,Graduate,Married,3
807596358,49.0,M,2,Uneducated,Married   ,2
708788583,64.0,F,1,College,Unknown,2
713446083,49.0,F,4,Uneducated,Unknown,3
717888108,47.0,F,3,Doctorate,Married   ,2
819714408,44.0,F,2,Graduate,Married,3
716853258,64.0,m,1,Graduate,N/A,2
719455083,48.0,m,3,Uneducated,Single,4
779299233,52.0,F,3,Graduate,Single,2
771922008,57.0,F,2,Unknown,Married   ,2
708887433,65.0,M,0,Graduate,Single,3
713214558,52.0,M,2,Graduate,Married,3
718038483,42.0,M,3,Uneducated,Single,4
714053358,37.0,M,2,High School,Single,4
713730933,53.0,F,4,Graduate,Married,5
762775908,46.0,F,2,High School,Married,2
713181558,55.0,F,2,Doctorate,Married,3
713079108,51.0,F,0,Graduate,Married   ,2
804426858,35.0, M ,1,Uneducated,Married,1
788379933,41.0,M,3,Doctorate,Single,2
713740533,41.0,FEMALE,3,Graduate,Married   ,3
712235433,43.0,F,1,Graduate,Single,2
811705233,45.0,M,2,Unknown,Single,3
714594933,44.0,F,2,Graduate,Married   ,0
714377058,63.0,F,1,Unknown,Single,4
827114058,46.0,M,4,Post-Graduate,Married,1
708654933,51.0,FEMALE,2,Doctorate,Married,3
720283758,44.0,F,2,Uneducated,Married,3
801994458,58.0,M,1,Unknown,Married   ,3
718834233,38.0,F,2,College,Married   ,2
719196858,50.0,M,2,Graduate,Married,4
708451233,46.0, M ,3,Graduate,Unknown,4
718735908,47.0,M,4,Graduate,Single,3
789339633,51.0,M,2,Uneducated,Divorced,3
804833058,49.0,FEMALE,3,Unknown,Single,4
712542258,47.0,F,5,Unknown,Married,3
713639058,49.0,M,3,High School,Married,3
709560258,49.0,F,3,Graduate,Single,4
718317258,54.0,F,3,Uneducated,Single,3
720362058,57.0, M ,2,Uneducated,Single,3
712606158,47.0,M,4,Uneducated,Married,2
713162358,49.0,F,4,Unknown,Single,2
710673558,37.0,M,1,High School,Single,2
710096658,45.0,F,3,Unknown,Married   ,3
721313808,50.0,M,1,Doctorate,Single,2
778924158,45.0,F,2,High School,Married   ,4
719602908,42.0, M ,2,Post-Graduate,Single,3
820383558,45.0,M,4,High School,Married,3
717953283,41.0,M,3,Graduate,Married,2
710327508,44.0,F,4,Uneducated,Married   ,4
785134758,41.0,M,2,College,Unknown,4
811970808,53.0,F,0,Graduate,Single,3
718676283,43.0,m,2,Uneducated,Married   ,3
720439533,64.0,F,0,Uneducated,Single,3
793720908,46.0,M,5,Uneducated,Single,2
708937608,37.0, M ,4,High School,Married   ,2
769189083,46.0,F,2,Graduate,Single,4
713455233,48.0,M,3,Graduate,Married,1
719563158,48.0,M,2,High School,Married,2
753118533,38.0, M ,2,Doctorate,Married   ,2
713265858,44.0,M,3,Graduate,Married,2
709713033,55.0,M,1,College,Single,3
711608958,50.0,M,1,Uneducated,Married,4
708633783,43.0,M,3,Uneducated,Single,4
714532158,55.0,M,1,Doctorate,Single,3
720950283,47.0,M,3,High School,N/A,3
809797158,42.0,M,2,Uneducated,Single,4
713692683,41.0,M,2,Uneducated,N/A,2
710748483,56.0,m,1,High School,Single,2
720868683,50.0,F,4,Uneducated,Single,3
787532808,41.0,M,4,Post-Graduate,Married,3
709453833,48.0,F,4,Graduate,Married   ,2
712114458,49.0,F,3,Uneducated,Married,3
811013658,41.0,M,2,High School,Married,2
789180933,37.0,FEMALE,3,High School,Single,2
717151383,44.0,F,1,Graduate,Married,3
712470033,44.0, M ,3,College,Married   ,3
717840108,48.0,M,4,Unknown,Married   ,6
709131033,65.0,F,0,Graduate,Unknown,4
721506708,54.0, M ,1,Uneducated,Unknown,4
716039433,48.0,F,2,High School,Single,1
710874933,41.0,M,1,Graduate,Married,4
794682483,43.0,F,3,Post-Graduate,Unknown,3
709229358,46.0,F,5,Uneducated,Single,4
772177308,47.0,F,2,Unknown,Unknown,2
715016508,42.0,F,3,High School,Married,4
716071233,42.0,m,0,High School,Married   ,3
818308533,47.0,M,5,Post-Graduate,Married   ,1
711000933,50.0,F,2,Graduate,Single,4
760104333,43.0,F,3,Graduate,Married,2
718201383,49.0,M,1,College,Married,4
779450958,43.0,F,4,Graduate,Married,2
717990183,52.0,M,4,Uneducated,Married,2
721252683,-99.0,M,5,Unknown,Married,4
710505483,46.0,M,3,Uneducated,Married,3
711587433,47.0, M ,4,Graduate,Married,1
720964683,60.0,M,0,High School,Single,2
711478233,38.0,F,1,Post-Graduate,Single,3
717096858,51.0,M,2,Doctorate,Single,3
719739108,62.0,FEMALE,0,Graduate,Divorced,4
717432933,52.0,F,5,Unknown,Single,3
721501308,41.0,M,3,High School,Single,1
714169083,48.0,M,4,Post-Graduate,Single,0
710194683,43.0,M,3,Graduate,Unknown,4
715365183,51.0,F,1,College,Married   ,2
715448058,42.0,F,1,College,Married,1
779008158,54.0,F,4,Graduate,Single,4
712822758,52.0, M ,3,Uneducated,Married,3
717466158,48.0,F,2,Doctorate,Married,3
798687258,40.0,M,4,Graduate,Married   ,2
717380133,65.0,M,0,High School,Single,1
709693833,47.0,M,4,Graduate,Married,0
804847308,64.0,F,0,Graduate,Single,1
716321583,50.0,F,3,Unknown,Married   ,3
712685733,57.0,F,3,Unknown,Single,2
781306758,58.0,M,2,Uneducated,Single,4
743912958,250.0,F,1,Graduate,N/A,1
712294083,54.0,F,2,High School,Single,4
716630508,58.0,M,3,High School,Married,4
711334983,41.0,F,3,High School,Married,4
717442758,51.0,F,4,High School,Married,2
709137558,52.0,M,0,Uneducated,Unknown,4
714366708,58.0,M,2,Unknown,Divorced,1
711925608,42.0,M,4,Graduate,Divorced,2
721202058,62.0,F,0,High School,Unknown,1
716931183,45.0,M,5,Uneducated,Single,4
800164083,53.0, M ,1,Uneducated,Unknown,2
719682183,53.0,F,2,Unknown,Single,4
710984133,50.0,M,3,Uneducated,Single,4
780307233,44.0, M ,2,Post-Graduate,Married,3
716434533,40.0,M,3,High School,Married,4
828215508,55.0,F,2,Graduate,Unknown,3
716138958,50.0,F,1,Uneducated,Married,4
709276908,38.0,F,2,High School,Married   ,3
815767983,45.0,M,0,Graduate,Married,3
712812408,40.0,F,3,Unknown,Married,3
712403358,55.0,F,2,College,Single,4
717826308,49.0,F,5,Uneducated,Married,4
753443583,-99.0,F,1,High School,Married   ,1
721428333,47.0,F,3,Unknown,Unknown,1
719910333,43.0,F,3,Unknown,Unknown,2
713585958,48.0,F,4,College,Married,2
712866933,51.0,M,2,Graduate,Married,4
719219883,47.0, M ,2,Uneducated,Married,2
779170008,51.0,F,2,High School,Single,2
779727558,49.0,F,4,College,Single,3
714373308,53.0,F,1,Graduate,Single,4
715000383,55.0, M ,3,Uneducated,Single,3
710493558,46.0,F,1,Post-Graduate,Married   ,2
778839108,50.0,FEMALE,3,High School,N/A,4
715548183,65.0,M,1,Graduate,Single,3
712545183,51.0,F,4,Uneducated,Single,2
779032308,46.0,M,3,High School,Married,3
721500108,42.0,M,1,Graduate,Unknown,2
713389233,49.0,F,3,High School,Single,2
718811058,40.0,M,3,Unknown,Married   ,2
717084708,45.0,F,4,High School,Married,1
778247358,65.0,m,1,Graduate,Single,2
710702733,46.0,M,4,Graduate,Single,3
815240358,47.0,F,3,Uneducated,Married,4
715165758,44.0,M,3,Post-Graduate,Married,1
827964858,58.0,F,1,Uneducated,Divorced,3
773667708,50.0,M,1,Graduate,Divorced,3
717400533,54.0,F,0,High School,Married,2
713586858,40.0,M,3,Uneducated,Divorced,4
711393483,49.0,F,4,Unknown,Divorced,1
812979408,39.0,F,0,Unknown,Married,3
711877458,51.0,F,3,College,Married,2
714351558,64.0,F,0,Uneducated,Single,1
828343083,43.0,FEMALE,4,High School,Unknown,3
790002783,38.0,F,2,Graduate,Single,4
708615183,44.0,M,2,Unknown,Married,4
718509858,46.0, M ,3,Graduate,Married,4
718540308,44.0,M,2,High School,Single,0
778180158,44.0,m,4,Doctorate,Divorced,4
778242708,63.0,m,1,Unknown,Single,4
806947308,40.0,M,4,Post-Graduate,Married,3
714899283,46.0,F,2,Unknown,Married,3
708386958,47.0,F,3,Unknown,Married,2
710986758,43.0,M,3,High School,Single,4
718220358,58.0,M,1,Graduate,Single,4
710568333,47.0,M,4,College,Unknown,3
712656783,49.0,M,1,Graduate,Single,3
717483558,42.0,M,3,High School,Married,2
721440633,55.0,F,1,High School,Single,3
738899658,45.0,F,2,Graduate,Single,3
711423558,60.0,F,1,Post-Graduate,Single,2
721522533,48.0,FEMALE,4,Graduate,Single,2
708558408,50.0,M,3,High School,N/A,3
714727833,41.0,F,2,Uneducated,Single,3
714365883,51.0,F,4,Uneducated,Married   ,4
715856208,47.0, M ,3,Graduate,Single,3
708944958,47.0,M,2,Uneducated,Single,4
771516333,41.0,F,2,Graduate,Unknown,3
772051308,55.0,F,3,Graduate,Single,3
788350908,38.0,FEMALE,3,Graduate,Single,3
818322033,41.0,F,3,Graduate,Married,4
716288958,40.0,M,2,College,Married,3
712347258,43.0,F,2,Graduate,Married,2
779072733,36.0,F,2,College,Married,2
710003958,48.0,F,5,Post-Graduate,Married,3
715287708,41.0,F,4,Graduate,Married,2
708774708,47.0,F,4,Graduate,Unknown,3
713535033,44.0,M,3,High School,Married,2
719314683,50.0,F,2,Unknown,Divorced,4
789293358,46.0,FEMALE,3,Graduate,Married,4
787638408,47.0,F,1,High School,Single,4
715974783,53.0,FEMALE,1,Graduate,Married,3
716134533,44.0,M,4,College,Single,3
708834483,46.0,M,2,Doctorate,Married   ,5
780168333,39.0,M,4,Graduate,Married,3
711557508,51.0,M,2,Graduate,Single,0
772506858,45.0,F,4,High School,Single,2
765692658,49.0,F,4,Graduate,Single,4
720598308,47.0,M,4,Uneducated,Single,6
709912683,53.0,m,4,Graduate,Single,2
815353083,44.0,M,1,College,Divorced,2
720093333,41.0,M,3,Post-Graduate,Divorced,3
717281658,52.0,F,3,Graduate,Divorced,4
765731433,48.0,F,3,Graduate,Divorced,3
712050933,48.0,m,4,College,Married,3
787361583,50.0,M,4,College,Divorced,3
709921158,51.0,M,1,High School,Single,4
714781908,43.0,M,3,Graduate,Single,2
717592758,44.0,F,3,Unknown,Single,2
821339433,45.0,F,3,Graduate,Married,2
715174983,40.0, M ,3,Graduate,Married,4
710863308,48.0,M,4,Post-Graduate,Married,2
806824908,45.0, M ,2,Unknown,Married,4
710592933,44.0,m,2,Graduate,Married,3
771881283,42.0,M,1,Uneducated,Divorced,2
708687483,54.0,F,4,Graduate,Single,3
719147208,29.0,F,2,Unknown,Single,2
709607733,40.0,F,3,College,Married,4
713184858,58.0,F,2,High School,Single,4
719929758,50.0,F,1,Doctorate,Married,3
759127158,48.0,M,3,College,Married,3
780717483,51.0,F,3,High School,Married,3
708507483,43.0,F,3,College,Divorced,3
787617483,58.0, M ,0,Uneducated,Single,4
816608808,46.0,M,1,Graduate,Single,3
716727258,52.0,F,1,Post-Graduate,Married,2
813890883,44.0,F,1,Uneducated,Unknown,1
768256908,45.0,M,3,Uneducated,Married,4
811095483,48.0,F,4,Graduate,Married,0
720168558,39.0,F,0,Graduate,Married,3
719309133,56.0,F,1,Graduate,Married,4
721451208,54.0,M,2,Graduate,N/A,2
772879158,47.0,M,5,High School,Married,2
712934583,44.0,F,4,Uneducated,Married,0
710088483,52.0,M,3,Uneducated,Married,3
753534633,42.0,M,3,High School,Single,3
710932683,55.0,F,2,High School,Single,2
714751158,49.0,M,2,High School,Divorced,4
718109808,38.0,M,5,College,N/A,0
713227233,42.0,m,4,Graduate,Single,2
718342158,38.0,F,4,Graduate,Single,2
804606033,46.0,M,4,High School,Unknown,2
720755658,42.0,F,2,Doctorate,Married,0
711795633,65.0,M,0,Doctorate,Single,4
716654808,48.0,FEMALE,4,High School,Single,4
817616433,55.0,F,2,College,Unknown,2
716390958,45.0,M,4,Unknown,Married,3
716564433,53.0,F,1,Graduate,Single,4
719530158,57.0,M,1,Graduate,Single,2
710621283,50.0,M,2,High School,Married,3
716714733,41.0,M,3,Graduate,N/A,0
720921408,46.0,F,2,College,Single,4
789185508,49.0,M,2,High School,Married,1
807014583,31.0,F,0,Graduate,Divorced,3
721388283,54.0,M,2,Post-Graduate,Single,4
716022258,51.0,F,3,College,Single,3
789362058,52.0,M,4,Uneducated,Married,0
771460158,43.0,M,3,Graduate,Single,2
714147858,44.0,M,3,High School,Single,4
708394908,44.0,m,0,High School,Single,3
778433283,51.0, M ,3,High School,N/A,3
720637008,51.0,F,2,Uneducated,Married,3
716877258,55.0,F,3,Graduate,Single,2
812973708,42.0,m,3,High School,Unknown,4
788760633,53.0,M,3,Uneducated,Divorced,2
718602708,43.0,M,3,Graduate,Single,2
712365483,51.0,M,1,Graduate,Single,4
789154833,56.0,M,3,High School,Single,0
715849983,44.0,m,4,Unknown,Married,4
780336258,55.0,F,1,Graduate,Single,2
716567433,41.0,F,4,Graduate,Married,3
713057658,48.0,F,3,Unknown,Divorced,4
718191483,45.0,M,3,Graduate,Divorced,2
811527933,65.0,F,0,College,Single,3
778617708,46.0,M,3,College,Married   ,3
785055108,52.0,M,0,Graduate,Single,4
822961533,65.0,F,0,College,Divorced,3
709124883,49.0,M,3,College,Married,2
772574283,50.0,F,2,Graduate,Married,4
761240358,52.0,F,2,Unknown,Single,2
708469533,42.0,F,3,Unknown,Married,2
769927533,50.0, M ,1,High School,Married,1
718545033,27.0,FEMALE,0,Graduate,Married   ,2
714972558,37.0,F,2,Graduate,Single,0
772204758,42.0,F,2,Post-Graduate,Unknown,2
709039533,43.0,F,3,Unknown,Unknown,4
716492583,37.0,m,1,Uneducated,Single,4
766381908,49.0,F,4,High School,Married,4
719109783,42.0,M,3,Uneducated,Married,2
796236258,48.0,F,5,High School,Married   ,2
709700058,52.0,F,2,Graduate,Single,2
716905158,45.0,M,2,Unknown,Single,3
718851783,49.0,M,1,High School,Married,2
709709283,38.0,M,3,College,Single,4
711993258,50.0, M ,0,High School,Single,2
780105483,65.0,F,0,Uneducated,Single,4
718350033,50.0,M,3,College,Single,2
715294083,46.0,M,2,College,Single,2
710905908,43.0, M ,4,High School,Single,3
721387008,42.0,M,4,Graduate,Married,3
715411608,45.0,F,3,High School,Single,1
710598408,55.0,F,0,Graduate,Single,1
718521258,50.0,F,4,Post-Graduate,Married,4
713138433,50.0,M,3,Graduate,Single,3
718819158,54.0,F,3,Uneducated,Single,3
718871358,45.0,F,2,Graduate,Married   ,1
720186258,45.0,F,4,High School,Divorced,4
710197308,39.0,F,2,Graduate,Married,0
817086783,45.0, M ,3,High School,Married,2
749211483,52.0,F,0,College,Married,1
789749433,33.0,F,1,Graduate,Married,2
715082133,40.0,M,2,Graduate,Married,2
714946908,61.0,M,1,Uneducated,Single,1
716711433,48.0,M,5,High School,Married,1
712429458,50.0,M,2,Graduate,Unknown,3
708406083,35.0,F,0,Unknown,Married,1
720029508,50.0,F,1,Graduate,Single,0
709227033,53.0,M,3,Graduate,Single,3
720846558,49.0,M,1,Unknown,Single,4
716475183,45.0,M,3,Graduate,Unknown,3
714296358,52.0,F,2,College,Unknown,3
719998233,40.0,m,3,Unknown,Married,2
719217483,45.0,m,4,Doctorate,Married,2
720479058,50.0,F,1,Post-Graduate,Single,2
779192283,51.0,F,2,Unknown,Married,2
716385033,60.0,FEMALE,1,Graduate,Single,3
711588708,50.0,F,2,Uneducated,Married,1
714492783,46.0,FEMALE,4,Uneducated,Married,3
709192233,50.0,F,2,Unknown,Married,1
797998158,52.0,M,3,Uneducated,Single,2
714021183,54.0,M,4,Graduate,N/A,3
780710433,53.0,M,2,College,Single,2
780068283,53.0,M,1,Graduate,Single,3
719930658,40.0,M,4,Uneducated,Married,2
755593983,50.0,F,1,Graduate,Married,2
770938533,45.0,M,1,College,Unknown,3
714121083,40.0,F,3,Graduate,Married,2
779210283,36.0,M,3,Uneducated,Married,4
709739283,62.0,M,0,High School,Single,3
716230158,35.0,F,3,Graduate,Married,4
708724908,47.0,F,2,High School,Single,3
789025083,40.0,M,4,Unknown,Unknown,0
713804058,45.0,F,4,College,Married,3
718791708,48.0,M,2,High School,Married,4
785529708,59.0,M,1,Graduate,Single,2
794528283,44.0,M,4,College,N/A,2
794856033,38.0,M,3,Post-Graduate,Married,3
712939533,43.0,M,5,Graduate,Married   ,0
708178608,31.0,F,0,Graduate,Married,2
716556258,50.0,F,3,Doctorate,Single,3
708404883,45.0,F,2,High School,Single,4
709742958,45.0,M,5,High School,Married,3
772695033,47.0,M,5,High School,Single,4
714850158,49.0,M,4,Graduate,Single,3
708831858,43.0,F,3,Uneducated,Married,4
718076733,43.0, M ,1,Graduate,Single,3
714336333,48.0,FEMALE,4,Doctorate,Unknown,2
780006783,59.0,M,1,Uneducated,Single,2
779741883,47.0,F,2,Unknown,Single,3
780657708,48.0,FEMALE,2,Unknown,Married,3
771342183,53.0,F,3,Graduate,Single,2
712901283,53.0,F,2,Graduate,Single,2
802101858,40.0,F,2,Unknown,Married,3
718473558,42.0,F,3,Doctorate,Single,4
743590608,50.0,M,2,High School,N/A,4
720146733,45.0,F,4,Graduate,Unknown,2
788252358,49.0,M,3,High School,Single,2
717740658,55.0,m,2,College,Married,4
714567708,46.0,F,1,Uneducated,Divorced,3
711208083,40.0,F,4,Unknown,N/A,2
709708233,49.0,F,3,Doctorate,Married,2
709957158,48.0,M,4,High School,Married,2
828288333,50.0,M,0,Uneducated,Married,3
709178733,50.0,F,2,Post-Graduate,Married,3
721325133,45.0,M,2,College,Married,3
816606333,57.0,FEMALE,2,High School,Single,4
720454158,44.0,M,2,Unknown,Single,2
717444558,50.0,F,1,Graduate,Married,3
816756783,42.0,M,2,High School,N/A,3
715474833,37.0,M,2,College,Single,2
718271958,54.0,FEMALE,2,Uneducated,Married,4
708924783,43.0,M,3,Graduate,Married   ,0
717669483,52.0,M,1,Graduate,Single,1
809360883,46.0, M ,4,College,Single,1
717176508,43.0,F,3,Unknown,Single,4
711571383,46.0,M,2,High School,Unknown,1
713444058,45.0,M,1,Unknown,Divorced,1
713253858,50.0,F,1,College,Married,3
719609433,55.0,F,4,Uneducated,Divorced,2
797234508,51.0,M,3,Unknown,Single,4
714537258,48.0,M,3,Doctorate,Married,1
793412958,44.0,M,4,Unknown,Married   ,3
714680208,50.0,F,1,High School,Married,4
715240683,46.0,M,4,High School,Married,3
803796708,52.0,M,3,Uneducated,Unknown,4
717368208,49.0,M,1,Graduate,Married   ,4
802662858,55.0,F,2,Graduate,Divorced,4
780206958,49.0,M,4,Graduate,Married,2
779906658,40.0,M,4,Doctorate,Married   ,4
772341783,45.0,FEMALE,3,High School,Single,6
711491283,44.0,F,3,Doctorate,Married,0
720211533,41.0,F,4,Uneducated,Married,3
715409733,47.0,F,4,College,Single,3
710974308,38.0,M,1,Graduate,Unknown,4
715732533,52.0,M,4,Graduate,Married,3
713722608,48.0,F,2,Unknown,Divorced,4
709101258,41.0,F,2,High School,Divorced,2
708588408,53.0,M,3,Uneducated,Single,2
721427358,47.0,M,4,Unknown,Divorced,3
717099408,40.0,M,3,Graduate,N/A,2
715155033,61.0,M,0,High School,N/A,4
789586833,45.0,F,3,Post-Graduate,Married,1
709338633,56.0,F,1,Graduate,Single,3
714106833,57.0,F,3,Graduate,Unknown,1
741116058,48.0,M,2,Graduate,Married,4
813755658,60.0,M,1,Graduate,Single,1
718855983,49.0,F,4,High School,Single,4
711245433,50.0,F,4,Graduate,Single,3
814219008,65.0,M,1,Doctorate,Single,2
711916533,57.0,M,2,Unknown,Single,2
715182108,51.0,F,3,High School,Married,3
717078933,40.0,F,5,Graduate,Married   ,4
719491233,55.0,M,1,College,Single,3
789520533,52.0,M,2,Uneducated,Single,2
714738033,44.0,F,4,Graduate,Married,2
718576908,49.0,F,4,Uneducated,Married,3
715093383,49.0, M ,2,College,Married,3
717195933,42.0,M,3,Graduate,Married,3
747107508,56.0,F,3,Graduate,Married   ,1
717920583,60.0,F,1,Uneducated,Divorced,2
710516283,50.0,M,1,High School,Single,4
787593558,42.0,M,3,Graduate,N/A,0
778747608,65.0,F,1,Unknown,Single,2
714431058,41.0,F,3,College,Single,4
708801108,57.0,F,3,Uneducated,N/A,3
715948833,48.0,FEMALE,4,Graduate,Married,4
770667408,47.0,M,4,College,Married,3
823590483,62.0,F,0,Graduate,Divorced,1
710635083,46.0,m,4,High School,Married,2
716408058,56.0, M ,2,Uneducated,Single,4
713803158,41.0,M,3,High School,Married   ,3
713593683,43.0,F,3,Graduate,Married,3
709339758,43.0,M,3,Unknown,Single,3
789382758,54.0, M ,3,Graduate,Single,3
813427833,45.0,F,4,Graduate,N/A,1
717846108,49.0,FEMALE,4,Uneducated,Married,2
720968583,52.0,F,2,Unknown,Married,2
721437333,46.0,M,2,Graduate,Single,2
709134333,45.0,F,2,Graduate,Unknown,3
712630608,43.0,F,2,High School,Unknown,4
712404483,49.0,M,2,High School,Married,1
717812133,33.0,F,1,Graduate,Unknown,3
714926508,52.0,M,2,Graduate,Married,2
771474108,40.0, M ,2,Uneducated,N/A,2
709774608,51.0,M,3,Unknown,Married,4
718802283,44.0,FEMALE,3,Post-Graduate,Divorced,1
711626658,62.0,F,1,High School,Single,4
789354783,45.0,F,3,Unknown,Single,0
720486408,55.0,F,1,Uneducated,Single,0
717793983,55.0,M,3,Graduate,Single,1
718582158,48.0,M,2,Unknown,Married,4
713127708,38.0,F,0,Uneducated,Married,4
717112533,52.0,F,1,Graduate,Unknown,0
713681433,50.0,F,2,High School,Divorced,4
718846008,58.0,F,0,Unknown,Married,1
714119283,42.0,F,2,Unknown,Single,3
713056083,52.0,M,2,High School,Single,4
718538958,55.0,F,3,College,Married   ,4
710353233,48.0,M,3,College,Divorced,2
713853858,41.0, M ,4,Unknown,Married,2
710342508,48.0,F,2,Uneducated,Married,4
787563858,50.0,F,1,Graduate,Married,3
799239033,53.0,F,3,High School,N/A,4
710733183,46.0,M,3,Post-Graduate,Unknown,2
718489608,50.0,F,4,Graduate,Married   ,2
758824608,47.0,M,4,Uneducated,Married,4
780984408,65.0,F,0,Unknown,Divorced,3
814483608,47.0,F,4,Graduate,Divorced,3
708848208,52.0,M,3,Uneducated,Single,2
719713683,52.0,F,0,Graduate,Married,2
715514133,44.0,F,4,Graduate,Married,4
715955208,35.0,F,1,High School,Married   ,2
794707083,50.0,M,2,College,Single,4
805313808,52.0,F,3,High School,Married,3
772922883,41.0,M,3,Unknown,Married,4
715716333,62.0,F,0,High School,Single,2
714502458,49.0, M ,3,Unknown,Married,4
712444533,43.0,M,2,High School,Single,0
797748708,44.0,M,4,Unknown,Single,4
780203883,43.0,FEMALE,3,Doctorate,Divorced,2
720616908,54.0,M,1,Uneducated,Single,2
817038333,55.0,F,0,Graduate,Married,4
713333433,49.0,FEMALE,3,Uneducated,Unknown,4
710820783,45.0,FEMALE,4,Graduate,Married,2
720338658,56.0,F,3,Post-Graduate,Single,2
803938908,49.0,F,4,Uneducated,Single,2
787921383,53.0,M,0,High School,Single,4
787849833,49.0,M,2,High School,Married   ,0
721143258,46.0,M,1,High School,Single,3
709335558,49.0,M,3,Uneducated,Married,3
806619333,36.0,F,3,High School,Married   ,3
719378658,57.0,M,3,Graduate,Divorced,4
720670458,52.0,F,2,Unknown,Single,3
716955783,52.0,M,2,Graduate,Single,2
817970208,45.0,M,1,Uneducated,Divorced,2
708506508,54.0,M,3,High School,Married,2
750147483,49.0,M,2,High School,Single,4
715540233,43.0,M,3,Graduate,Single,2
807584958,50.0,M,3,Uneducated,Married,5
720686583,46.0,M,3,High School,Divorced,4
820637433,45.0,F,3,High School,Married,3
716346183,43.0, M ,3,Unknown,Divorced,3
715405758,50.0,F,1,High School,Single,4
710094108,33.0,M,3,Graduate,Single,3
713168733,65.0,F,0,Unknown,Single,3
708614058,56.0,F,2,Graduate,Divorced,4
718088133,40.0,F,3,Unknown,Divorced,0
720614658,40.0,FEMALE,2,High School,Divorced,2
716695533,49.0,F,3,College,Married,3
717091533,29.0,F,1,Graduate,Single,3
713231658,45.0,F,2,Doctorate,Single,3
715675458,51.0,M,1,High School,N/A,2
712463883,45.0,M,2,Unknown,Married,3
708489258,40.0,F,3,Graduate,Married,3
708403308,37.0,M,3,Unknown,Single,3
769684158,42.0,M,4,College,Single,2
710349258,45.0,F,3,High School,Single,2
713940033,47.0,m,3,Graduate,N/A,3
713482608,47.0,M,4,College,Married,2
714571008,49.0,F,3,Unknown,Married,3
715354008,43.0,M,3,Graduate,Unknown,2
819363708,43.0,M,1,Post-Graduate,Single,3
712014708,,M,4,Graduate,Married,2
788717358,53.0,M,2,Uneducated,Single,2
710413533,56.0,M,2,Graduate,Married,3
718515483,64.0,FEMALE,0,Graduate,Married   ,5
715059258,38.0,F,3,Doctorate,Married   ,4
713852958,51.0,F,2,Graduate,Single,3
767835558,42.0,F,2,Unknown,Married,3
721531683,44.0,F,4,Graduate,Single,3
720660558,50.0,M,2,Uneducated,Married,4
814845933,62.0,M,0,Graduate,Married   ,3
773155533,49.0,F,3,Unknown,Single,3
711199908,41.0,m,2,Graduate,Single,2
721398858,43.0,M,2,Unknown,Single,4
715664808,43.0,M,2,Graduate,Single,3
715500558,45.0,F,3,Graduate,Married,4
719239158,48.0,m,3,High School,Married,2
820633833,64.0,F,1,Graduate,Single,4
720551733,46.0,FEMALE,4,Doctorate,Married   ,6
718487958,53.0,F,2,High School,Married,0
710533233,38.0,F,1,Graduate,Married,4
778878633,51.0, M ,3,Unknown,Married,1
720197058,47.0, M ,3,Graduate,Unknown,4
716317458,51.0,F,2,Post-Graduate,Single,3
718569258,56.0,F,2,Unknown,Married,3
711649908,33.0,F,3,Graduate,Married,2
720879708,52.0,FEMALE,2,High School,Single,4
815761908,46.0,F,3,Unknown,Married,2
711850533,46.0,F,4,Uneducated,Single,4
721028283,40.0,F,4,High School,Married,3
710763783,49.0,M,2,High School,Married,3
720432858,40.0, M ,4,Post-Graduate,Married,3
772525308,43.0,M,3,College,Single,4
767354208,48.0,M,4,Graduate,Married,1
715670058,50.0,M,3,Graduate,Married,4
713856708,48.0,M,4,High School,Married,2
758086458,46.0,F,3,Graduate,Married   ,4
717035283,46.0,M,1,Graduate,Single,4
709604958,51.0,F,3,Graduate,Single,4
714931458,52.0,F,2,Post-Graduate,Married   ,3
711047658,46.0,FEMALE,3,High School,Married,2
718110858,42.0,M,4,Unknown,Married,5
716385858,42.0,F,4,Graduate,Married,4
708812133,49.0,F,3,Graduate,Married,0
787655058,44.0,F,2,Uneducated,Single,3
803113383,55.0,F,1,Uneducated,Single,3
721273008,54.0,F,1,College,Unknown,4
715762083,46.0,M,0,Uneducated,Married   ,2
711629733,45.0,F,2,Graduate,Married,1
718410258,37.0,M,3,High School,Unknown,4
719745558,52.0,FEMALE,3,Graduate,Single,2
820282383,45.0,F,2,Graduate,Married   ,3
793543758,47.0,m,2,Graduate,Single,4
778224858,42.0,F,2,College,Unknown,4
712555233,59.0,F,0,Graduate,Single,2
718516533,46.0,F,2,Graduate,Single,3
708923658,41.0,F,3,Unknown,Unknown,2
717708783,57.0,M,2,Graduate,Single,4
780688383,35.0,M,1,Graduate,Unknown,3
718821783,53.0,M,1,Unknown,N/A,3
718163808,37.0,M,1,Graduate,Single,4
712693908,43.0,M,3,Graduate,Married   ,1
711286533,43.0,M,3,Graduate,Unknown,2
711655683,55.0,M,1,Uneducated,Single,4
718188858,52.0,F,0,Graduate,N/A,2
718514283,46.0,M,4,High School,Single,2
708642708,40.0,F,2,Uneducated,Married,3
811475733,53.0,F,1,College,Married,3
712089108,49.0,M,3,Uneducated,Divorced,3
710761533,44.0,M,2,Graduate,Married   ,3
714963558,46.0,M,3,Graduate,Single,3
714834258,43.0,F,4,High School,Unknown,4
713788083,28.0,F,1,Graduate,Single,5
719583558,49.0,m,3,Uneducated,Married,3
744705408,48.0,F,4,Graduate,Single,2
713240133,42.0,F,3,High School,Married,1
815015283,43.0,F,4,Graduate,Married,2
718072758,51.0,M,2,Post-Graduate,Married,1
709127808,48.0,M,3,Post-Graduate,Divorced,1
715080258,37.0,F,1,High School,Single,3
709567758,40.0,F,3,Uneducated,Married,2
780067158,51.0,F,2,Uneducated,N/A,3
715357308,44.0,M,2,Graduate,Married,2
720559908,58.0,F,2,Uneducated,Divorced,4
720339558,47.0,F,2,Graduate,Single,2
809599158,48.0, M ,4,Uneducated,Single,4
793269933,46.0,M,3,Graduate,Unknown,2
809978733,33.0,F,2,High School,Single,3
788996058,47.0,F,2,High School,Married,4
712575708,55.0, M ,2,High School,Married,4
789625383,48.0,M,3,Uneducated,Married,3
719730258,41.0,M,4,Uneducated,N/A,3
793717608,39.0,M,0,Doctorate,Single,0
709798908,45.0,F,4,Unknown,Single,4
716077458,46.0,m,3,Uneducated,Married,4
813435108,49.0,F,1,Graduate,Single,1
708084558,46.0,M,3,Doctorate,Divorced,3
719880408,46.0,F,4,Graduate,Married,1
719343633,48.0, M ,3,High School,Unknown,3
718711158,52.0,M,3,Graduate,Married,3
717443658,37.0,FEMALE,0,Graduate,Divorced,1
715976433,42.0,M,3,High School,Unknown,4
719038008,48.0,F,4,Graduate,Single,2
709143183,52.0, M ,2,Doctorate,Married,4
710186958,45.0,F,3,Unknown,Single,4
709274583,40.0,M,2,High School,Married,1
816864483,39.0,F,4,Uneducated,Single,2
708271833,42.0,M,3,Graduate,Single,3
821759658,41.0, M ,4,High School,Divorced,3
820920408,53.0,F,2,Graduate,Single,2
718403358,49.0, M ,2,High School,Divorced,1
713476758,44.0,M,4,Unknown,Married,1
720690933,52.0,M,4,Uneducated,Married,3
719252583,29.0,F,1,High School,Single,1
712783083,48.0,F,4,High School,Married,3
771204108,36.0,m,2,Uneducated,Single,0
817247658,45.0,M,3,High School,Unknown,3
821749608,41.0,M,3,Graduate,Single,3
714389883,45.0,M,4,Graduate,Single,1
713648208,40.0,F,2,Graduate,Unknown,2
826261008,48.0,F,3,Graduate,Unknown,2
824163333,43.0,F,5,Uneducated,Single,4
709444983,38.0,F,3,Uneducated,Single,3
711154908,59.0,F,0,Unknown,Single,2
769575783,49.0,F,3,College,Married,3
720334833,39.0,F,5,College,Single,2
709563258,50.0,F,2,Uneducated,Single,2
708205083,38.0,F,1,High School,Married,3
715276683,52.0,M,2,High School,Married   ,4
721254858,42.0,F,5,Graduate,Married,1
712257258,50.0,F,1,High School,Single,5
789616158,33.0,M,3,Unknown,Divorced,3
708773583,52.0,F,3,Graduate,Unknown,0
711110733,45.0,M,3,High School,Married   ,1
714043008,37.0,M,2,High School,Single,4
780602733,42.0,M,3,Uneducated,Single,3
823557333,43.0,F,2,Uneducated,Unknown,3
772825308,40.0,M,3,Graduate,N/A,3
713251008,43.0,F,2,Uneducated,Married,1
711175083,54.0,M,3,Doctorate,Single,3
756477333,42.0,F,4,Uneducated,Married,1
712294983,39.0,F,2,Graduate,Married,4
717023508,45.0,F,3,Unknown,Unknown,2
709869708,54.0,F,3,College,Single,4
772133808,47.0,F,3,Post-Graduate,N/A,0
768196008,54.0,M,1,Uneducated,Married   ,3
708916083,49.0,F,0,Doctorate,Unknown,3
789526458,44.0,M,3,Unknown,Married,1
716079708,46.0,F,3,College,Single,2
720087708,38.0,F,3,High School,Married,2
714259533,43.0,F,2,Graduate,Married,3
714691683,,M,1,Graduate,Single,4
768420558,59.0,F,0,Graduate,Single,4
778364583,45.0,F,2,Graduate,Married,3
719186433,53.0,F,1,College,N/A,2
719951208,43.0,M,4,Graduate,Single,2
720182658,44.0,F,3,Uneducated,Married   ,3
789022233,50.0,F,2,Uneducated,N/A,2
778353183,31.0,F,0,High School,Married,3
713789883,50.0,F,4,High School,Married,1
773018583,38.0,F,4,Graduate,Married,2
771354633,58.0,M,1,College,Single,4
717308433,49.0,M,5,Uneducated,Unknown,3
712271958,37.0,m,3,Uneducated,Unknown,3
716736858,47.0,F,4,Graduate,Married,2
713796033,47.0,M,2,Graduate,Married,3
710812533,46.0,F,3,High School,Single,3
782555058,35.0,F,1,Unknown,Married,3
714864333,43.0,M,2,College,Divorced,2
787918158,32.0,F,0,Uneducated,Married,4
779070033,63.0,F,0,College,Single,2
789945933,61.0,F,1,Graduate,Single,1
720810783,54.0,F,2,Graduate,Married,3
715627833,48.0,M,3,High School,Married,0
809538783,49.0,M,1,High School,Single,3
715987758,49.0,M,3,Graduate,Married   ,1
711967158,35.0,F,3,Graduate,Single,1
712325433,39.0,F,2,Unknown,Single,2
716470683,48.0,F,3,Post-Graduate,Married,3
713289183,53.0,F,3,Doctorate,Married,1
711549408,51.0,M,3,Uneducated,Married,3
709523508,65.0,F,0,Uneducated,Unknown,2
717578358,49.0,F,4,Graduate,Married,1
711673983,44.0,M,4,Unknown,Single,2
713388108,62.0,F,0,High School,N/A,3
715679733,43.0,F,2,Uneducated,Single,4
779694183,51.0,M,3,College,Married,4
788544108,43.0,F,2,High School,Single,0
715583283,34.0,F,0,Graduate,Married,4
719917233,49.0,FEMALE,3,Post-Graduate,Married,2
717103758,63.0,M,0,Graduate,N/A,2
714621183,39.0,F,3,Graduate,Single,4
721365033,37.0,M,3,Uneducated,Single,4
712999008,40.0,F,3,Graduate,Single,1
780790008,46.0,FEMALE,3,Unknown,Married,2
779499933,46.0,M,5,Uneducated,Unknown,1
717200508,40.0,F,4,Uneducated,Single,3
716995083,52.0,M,2,High School,Married   ,4
718137183,58.0,F,1,College,N/A,3
787507833,49.0,F,1,Uneducated,Unknown,1
810974958,51.0,M,2,High School,Married,2
717967833,55.0,F,1,Unknown,Married,0
712267983,57.0, M ,0,Graduate,Single,3
717376758,56.0,F,2,High School,Married,1
718250883,59.0,FEMALE,2,High School,Married   ,3
717491058,42.0,M,2,Post-Graduate,Single,3
802243458,48.0,M,2,Doctorate,Single,2
714485508,45.0,M,3,Doctorate,Single,4
711377808,47.0,M,3,Graduate,Unknown,2
718565733,62.0,M,0,Unknown,Single,4
712723608,44.0,F,3,Uneducated,Unknown,4
789948408,55.0,M,2,Graduate,Single,4
734909358,43.0,M,4,Graduate,Single,1
719267283,35.0,F,2,Doctorate,Married,0
780684933,49.0, M ,3,High School,Unknown,3
720330558,44.0,M,3,Graduate,Married,3
720784833,48.0,F,3,Graduate,Single,1
789059958,42.0,M,4,High School,Married,4
797138883,43.0,M,4,Unknown,Married,3
721448283,39.0, M ,1,Graduate,Single,1
710552733,42.0,M,5,Unknown,Married,2
742778358,44.0,M,1,Graduate,Single,4
713933658,56.0,F,0,Graduate,Single,2
788142483,46.0,M,3,College,N/A,1
789705408,50.0,M,2,College,Married,2
780378633,43.0,M,3,College,Unknown,4
817422408,45.0,F,3,Uneducated,Single,3
781297983,58.0,M,2,Unknown,Divorced,3
710671608,39.0,F,2,Graduate,Divorced,4
719967708,44.0,F,2,Unknown,Single,4
711879633,45.0,M,3,High School,Single,2
716444733,55.0,F,2,Graduate,Married,4
718460958,49.0,F,2,College,Married,4
789953733,46.0,F,3,Graduate,Married,3
770278833,43.0,M,4,Unknown,Married,3
787291308,42.0,F,5,Graduate,Married   ,4
710644158,45.0,M,3,Graduate,Unknown,1
717095733,48.0,F,4,Unknown,Unknown,4
813338733,47.0,F,3,Unknown,Single,2
787536933,44.0,F,3,Unknown,Single,3
714384783,59.0,F,1,Graduate,Married,3
713847858,49.0,F,3,Graduate,Divorced,3
809809008,47.0,F,5,Graduate,Married,2
719446833,58.0,m,1,High School,Married,3
720570333,48.0,F,3,College,Married,0
815308683,46.0,M,3,College,Married,1
810875958,51.0,F,3,Graduate,Married,3
717775608,51.0,M,2,Post-Graduate,N/A,0
718766058,56.0,M,2,Graduate,Single,2
710656683,50.0,F,3,High School,Single,1
768390708,47.0,M,2,Unknown,Single,1
713263758,53.0,F,1,College,Single,2
754564308,46.0,F,3,Graduate,Married,2
827890758,39.0,F,1,Uneducated,Single,0
779945508,50.0,F,1,Graduate,Married,2
720807183,55.0,M,2,Graduate,Single,1
709309308,50.0,M,3,College,Unknown,2
715844733,45.0,M,5,High School,Married,2
712332183,42.0,M,3,College,Single,0
790123983,50.0,F,2,High School,Single,1
711721458,50.0, M ,2,Graduate,Unknown,2
716860233,51.0,F,3,Uneducated,Married,0
714678408,48.0,F,4,Post-Graduate,Married,4
708798483,37.0, M ,3,Unknown,Single,2
708501783,43.0,M,2,High School,Married,4
713645883,37.0,F,1,High School,Single,4
718622658,45.0,M,4,High School,Single,3
710641008,44.0,F,2,High School,Married   ,4
718547358,60.0,F,2,Uneducated,Unknown,2
716177583,58.0,F,1,Post-Graduate,Single,4
713417433,42.0,M,2,Graduate,Single,3
713043183,61.0,M,0,High School,Single,4
719328858,56.0, M ,4,High School,Married,6
718501983,44.0,M,2,Graduate,Married,1
803800533,39.0,M,1,Unknown,Single,4
771790083,43.0,F,3,Unknown,Married,2
712817808,39.0,M,2,Graduate,Married,1
811697958,50.0,F,4,Unknown,Married,4
817089408,44.0,M,2,College,Married,2
803406558,30.0,F,1,Uneducated,Single,4
717297708,47.0, M ,1,Graduate,Single,3
808756458,47.0,M,3,Graduate,Married,3
718352358,49.0,F,3,Post-Graduate,Married   ,2
780638958,42.0,F,2,Graduate,Divorced,1
721026033,57.0,F,1,Unknown,N/A,2
719894433,43.0,F,4,Unknown,Married,3
812493033,44.0,m,3,High School,Single,1
718256658,45.0,F,3,Uneducated,Married,1
711421233,51.0, M ,3,High School,Single,3
710335983,57.0,F,0,High School,Divorced,3
720108783,60.0,F,1,Uneducated,Single,3
818259558,64.0,F,0,Graduate,Single,3
708511983,37.0,FEMALE,3,Graduate,Married   ,2
708838908,49.0,F,3,Unknown,Single,4
778720533,53.0,F,4,Graduate,Married,3
793015083,46.0,F,4,Graduate,Married,4
821336133,50.0,F,2,High School,Single,2
713905608,56.0,F,3,Unknown,Single,2
779164608,45.0,FEMALE,3,Graduate,Married,3
714835833,43.0,M,4,High School,Divorced,2
823863033,52.0,M,2,Unknown,Married,1
713321508,47.0,F,3,Unknown,Single,4
708992733,50.0,F,0,High School,Married,2
709488108,42.0, M ,4,College,Single,3
716094333,49.0,M,1,Graduate,Single,1
778567983,50.0, M ,2,Graduate,Single,3
712178883,49.0,F,2,College,Single,1
717490008,43.0,M,4,Graduate,Divorced,1
718282983,60.0,M,0,College,Unknown,3
747208083,49.0,M,4,Graduate,Single,2
820276908,42.0,F,4,College,Married,1
719960133,42.0,FEMALE,3,College,Single,2
711062958,43.0,FEMALE,3,Graduate,Single,2
714917583,42.0,F,2,Doctorate,Unknown,2
767256933,43.0,M,5,Uneducated,Married   ,4
712568358,47.0,M,1,High School,Married,2
789182358,56.0,M,1,Uneducated,Single,2
716989683,56.0,M,2,Doctorate,Single,3
827968383,43.0,F,3,High School,Unknown,2
819647358,38.0,M,2,Unknown,Single,2
788966958,47.0,F,1,Graduate,Married,2
789502308,57.0,F,3,Unknown,Single,5
756458508,44.0, M ,3,Graduate,Married   ,3
714643983,42.0,F,1,High School,Married,3
711606558,49.0, M ,1,High School,Married   ,2
824155458,48.0,M,2,High School,Married,2
710445183,44.0,M,5,Doctorate,Single,2
802834158,42.0,M,4,Unknown,Married,2
712038258,48.0,M,4,Unknown,Single,3
712864683,42.0,F,3,Doctorate,Single,3
813971283,43.0,M,4,Unknown,Married,2
764211033,50.0,F,3,Uneducated,Unknown,1
721424583,35.0,F,1,High School,Married,3
713886333,47.0,M,2,High School,Married   ,1
711741708,41.0,M,3,Post-Graduate,Married   ,3
794217108,43.0,M,2,College,Single,1
715339758,64.0,F,1,High School,Divorced,1
709610283,42.0,F,4,Graduate,Single,3
714575208,49.0,M,5,Doctorate,Single,1
716758908,46.0,M,3,Uneducated,Single,3
778915233,51.0,F,0,Graduate,Married,3
789466008,47.0,M,5,Graduate,Married,4
716635758,38.0,F,2,Unknown,Single,2
771819258,52.0,M,1,Unknown,Married,2
713451408,47.0,M,4,High School,Divorced,3
780146658,40.0,F,2,Post-Graduate,Married,4
711675108,43.0, M ,3,Graduate,Single,1
755467683,48.0,F,1,Graduate,Single,4
792864858,47.0,M,4,Unknown,Unknown,3
713009208,54.0,F,3,Graduate,Single,3
772231233,41.0,F,2,Graduate,Married,4
720510333,40.0, M ,3,College,Unknown,2
780199233,33.0,M,2,Doctorate,Married   ,1
711700158,47.0,F,2,High School,Single,2
788275083,46.0,M,3,College,Married,4
708804633,44.0,F,2,Doctorate,Divorced,2
714479358,51.0,M,3,Graduate,Married   ,3
711406758,48.0,F,3,Graduate,Married,2
821424483,51.0,F,1,High School,Single,1
769438608,48.0,F,1,Graduate,Married,2
822068583,48.0,F,4,Uneducated,Single,0
711371208,50.0,F,4,College,Married   ,2
788832033,35.0,M,2,High School,Unknown,3
713452533,35.0,F,4,Graduate,Single,3
720212508,51.0,m,1,Graduate,Single,4
717825033,50.0,M,0,Unknown,Divorced,2
779926608,50.0,F,2,High School,N/A,1
713608383,54.0,F,1,Unknown,Married,4
710125608,45.0,FEMALE,5,Unknown,Single,0
712724733,31.0,F,0,Post-Graduate,Single,1
718286658,42.0,M,3,Graduate,Single,1
714195108,45.0,F,2,Post-Graduate,Single,4
720867708,45.0,F,4,Graduate,Unknown,2
752573508,45.0,F,3,High School,Single,4
768661758,53.0,M,0,Uneducated,Divorced,1
721126833,51.0,M,2,High School,Married,3
716093133,38.0,F,2,Uneducated,Single,2
771092433,55.0,m,2,Graduate,Single,3
712807758,47.0,F,3,Graduate,Single,3
721514883,38.0,M,1,Graduate,Single,1
824140908,52.0,M,3,Uneducated,Single,4
712971708,43.0,F,5,Unknown,Single,3
716471508,54.0,M,2,Unknown,Single,2
782548758,42.0,m,5,High School,Married   ,3
720444408,35.0,F,1,College,Single,4
717389433,62.0,F,0,High School,Single,4
714292533,48.0,F,3,College,Married,2
709585758,41.0,M,4,High School,Single,4
712096758,49.0,F,2,Graduate,Unknown,1
811463283,54.0,M,0,Graduate,Single,1
789358908,53.0,F,3,College,Married,2
718146258,51.0,M,2,Graduate,Divorced,1
710779083,59.0,F,0,Graduate,Married,4
709166883,39.0,F,3,Uneducated,Single,1
712554183,65.0,F,2,College,Single,2
721315233,47.0,M,4,High School,Single,4
714766383,42.0,M,3,High School,Single,2
797491683,45.0,M,5,Unknown,Married,3
714157908,57.0,F,0,Unknown,Married,4
714588408,51.0,m,3,Uneducated,Married,2
719627133,50.0,F,1,Graduate,Single,4
714125883,47.0,M,2,Unknown,Married,1
712865583,57.0,F,5,Graduate,Married,2
779363283,48.0,M,3,Post-Graduate,Single,2
779224758,47.0,F,2,Doctorate,Single,2
718775808,42.0, M ,3,Unknown,Married,4
710267583,45.0,F,3,Doctorate,Divorced,2
711305208,52.0,M,2,Unknown,Married,4
717531483,37.0,M,2,High School,Single,2
709170108,60.0,F,1,Unknown,Single,4
716056158,63.0,FEMALE,0,Graduate,Single,3
711326583,62.0,FEMALE,0,High School,Single,3
715406658,47.0,F,1,Unknown,Married   ,1
712814658,50.0,F,0,Graduate,Married,2
773228133,39.0,F,2,Graduate,Married,2
710453283,40.0,F,3,Uneducated,Single,2
795266208,39.0,FEMALE,3,College,Single,1
779090883,42.0,FEMALE,2,Unknown,Unknown,1
712309758,65.0,M,0,Graduate,Single,3
716625033,250.0,F,1,Graduate,Single,6
790112133,47.0,F,2,Post-Graduate,Single,2
797238108,49.0,F,4,Unknown,Divorced,2
716782758,48.0,M,3,Graduate,Single,4
715588008,45.0,M,4,College,Married,3
713977308,62.0,m,1,Graduate,Single,4
719059083,45.0,F,3,High School,Unknown,1
708797583,49.0,F,4,Unknown,Single,3
708809283,41.0,F,4,Graduate,Divorced,1
771529608,50.0,M,2,High School,Married,0
715776033,46.0,M,5,Uneducated,Single,3
778619358,42.0,F,3,Uneducated,Single,4
715717608,41.0,F,4,Uneducated,Unknown,1
789204933,65.0,M,1,Uneducated,Single,4
711100608,55.0,M,1,Uneducated,Single,2
713591283,36.0,F,3,Uneducated,Married,1
719344608,46.0, M ,3,Graduate,Single,3
787659483,58.0,F,1,Doctorate,Married,2
822948708,42.0,F,3,Uneducated,Divorced,2
710080383,38.0,F,2,Graduate,Single,3
715596783,29.0,F,1,Uneducated,Married,3
798773208,46.0,F,4,Unknown,Divorced,3
768624258,55.0,F,2,Graduate,Single,2
721412208,57.0,FEMALE,2,High School,Married,2
708129933,45.0,F,4,Graduate,Single,2
719703483,47.0,F,1,Doctorate,Divorced,3
708290208,43.0,F,3,High School,Married,4
710431158,52.0,m,3,Unknown,Single,2
816528333,64.0,m,0,High School,Single,1
778760808,52.0, M ,2,Graduate,Married,3
718025808,61.0,M,0,High School,Divorced,4
815860008,40.0,F,3,Uneducated,Married,4
780126033,50.0,M,4,Unknown,Married,5
720135333,45.0,F,5,Graduate,Single,0
719174433,36.0,F,1,Unknown,Single,2
821521983,51.0,F,3,High School,N/A,4
716961933,43.0,F,2,Graduate,Married,4
712834533,51.0,F,2,Unknown,Single,4
710544033,47.0,M,2,Unknown,Married,3
710622333,39.0,F,2,High School,Single,2
714277758,40.0,M,1,High School,Single,1
713166333,38.0,F,2,High School,Married,1
714346608,51.0,F,2,Graduate,Single,4
778284783,44.0,M,5,Unknown,Married,2
714721608,38.0,M,3,Graduate,Single,0
716453883,47.0,M,5,Unknown,Single,1
713876958,32.0,m,0,Unknown,Single,4
794967408,53.0,M,3,Post-Graduate,Married,1
798481383,40.0,F,3,Uneducated,Married,2
718697583,45.0,M,3,Graduate,Married   ,2
711799458,41.0,M,4,Graduate,Single,1
823904133,53.0,F,2,College,Single,4
718005108,44.0,m,5,College,Married,2
717877533,39.0,F,2,Graduate,Single,1
711883833,50.0,FEMALE,1,Uneducated,Single,1
711646908,39.0,M,3,Unknown,Single,3
718171308,44.0,F,3,Graduate,Married,4
709627983,56.0,F,3,Post-Graduate,Single,0
716580933,63.0,M,0,Uneducated,Single,3
713600958,50.0, M ,1,Unknown,N/A,3
772248408,40.0,F,3,Graduate,Single,4
720196158,48.0,M,3,Unknown,Single,3
770024733,53.0,F,2,Uneducated,Married   ,3
710912733,,F,1,Uneducated,N/A,4
712860858,56.0,F,2,Graduate,Unknown,3
708702258,40.0,F,3,Uneducated,Single,2
797169633,41.0,M,4,Graduate,N/A,3
709922508,40.0,F,4,Unknown,Married,1
712802733,45.0, M ,4,High School,Married   ,4
716981358,40.0,FEMALE,2,Post-Graduate,Married,0
758787333,52.0,M,3,Uneducated,Married   ,2
720519333,59.0,F,2,Unknown,Single,3
717387933,49.0,F,2,High School,Divorced,3
738195708,47.0,M,2,Graduate,Married   ,3
708560733,42.0,F,3,Graduate,Divorced,3
717001908,41.0,F,5,Graduate,Married,2
768972558,43.0,M,5,High School,Married,4
716899233,40.0,F,4,Graduate,Married   ,3
715567608,45.0,F,1,High School,Unknown,4
713264583,43.0,M,2,High School,Married,2
716769783,48.0,F,2,Graduate,Married,4
719564208,46.0,FEMALE,1,Uneducated,Single,1
716680983,41.0,F,3,Doctorate,Married,1
715719033,38.0,F,3,Post-Graduate,Married,2
713229633,45.0,F,0,Unknown,Married,4
788246958,44.0,F,2,Graduate,Married   ,2
720419358,35.0,F,2,Uneducated,Single,1
772545858,49.0,F,4,Graduate,Married   ,3
771431133,47.0,F,4,Graduate,Unknown,4
717800358,48.0,M,3,High School,Single,4
798041508,50.0,F,4,Graduate,Single,2
710626758,44.0,M,4,Uneducated,Married   ,3
718982058,37.0,M,3,Graduate,N/A,0
791822733,47.0,F,3,High School,Single,3
718762308,35.0,F,1,Graduate,Single,3
716841783,51.0,M,0,Graduate,Married,3
794524833,36.0,F,3,Graduate,Single,3
721359183,33.0,F,2,Unknown,Married,4
715014633,32.0,F,0,Uneducated,Married,2
714372333,59.0,F,0,Doctorate,Married,2
766946058,51.0,F,2,Unknown,Unknown,4
708549033,50.0,F,1,High School,Married,3
708378108,39.0,F,1,Post-Graduate,Married,2
826168083,49.0,FEMALE,4,Unknown,Divorced,3
779320008,43.0,m,3,College,Married   ,3
715312158,41.0, M ,2,Graduate,Married   ,3
711688983,51.0,M,2,Unknown,Married   ,3
714393708,54.0,F,0,College,Married,3
789477483,40.0,FEMALE,5,Unknown,Single,1
712481733,55.0,F,2,Graduate,Married,4
713153733,49.0,F,2,Graduate,Unknown,3
780201633,41.0, M ,3,Graduate,Married   ,2
709285683,48.0,m,4,Unknown,Divorced,1
789823383,44.0,F,3,Unknown,Single,4
709980783,51.0,F,3,High School,Divorced,0
772054458,43.0,M,3,Unknown,Unknown,3
788095158,52.0,M,3,Uneducated,Married,3
717045033,45.0,F,3,Unknown,Married,3
710503308,48.0,F,2,Graduate,Single,2
757167633,50.0,M,2,Uneducated,Single,3
779739783,43.0,M,2,Graduate,Married,2
758653833,34.0,F,1,Graduate,Married,3
771288258,48.0,F,3,Unknown,Unknown,2
716855058,49.0,F,4,Graduate,Married,4
708433683,54.0,M,2,Graduate,Married,3
713175483,44.0,F,2,Graduate,Married,2
709500183,46.0,F,3,College,Married,4
789238683,53.0,m,2,Uneducated,Divorced,2
710502258,39.0,M,3,Graduate,N/A,4
715445058,49.0,F,0,Doctorate,Married,4
719464758,52.0, M ,1,College,Single,3
708442158,51.0,F,1,College,Married,4
718524783,40.0,M,3,High School,Unknown,4
717093858,49.0,F,2,College,Married,3
711654558,46.0,M,3,Graduate,Unknown,4
718924983,59.0,M,0,Uneducated,Single,3
717463608,38.0,F,1,Unknown,Married,1
715779333,45.0,F,3,Graduate,N/A,3
708117933,44.0,F,2,Graduate,Divorced,3
789563658,64.0,M,0,College,Single,4
709239483,49.0,F,1,Graduate,Married,1
766456683,51.0,F,1,Graduate,Married,0
779703258,41.0, M ,4,Graduate,Single,1
709719333,41.0,M,2,High School,Single,4
717016833,39.0,M,4,Uneducated,Married,2
711017433,41.0,M,3,Graduate,Divorced,4
712777233,65.0,M,0,Graduate,Single,3
712706058,44.0,F,5,Graduate,Married   ,4
720905133,43.0,M,3,Graduate,Unknown,6
712947333,54.0,F,4,Unknown,Married,0
806995683,61.0,M,0,Doctorate,Single,3
720575058,47.0,M,3,Unknown,Single,1
770828358,38.0,M,1,Graduate,Unknown,4
721361433,51.0,F,3,Graduate,Married,1
770268933,44.0, M ,5,Unknown,Married,2
789209283,48.0,F,3,High School,Single,0
716204883,53.0,M,4,College,Married   ,1
715506258,50.0,M,2,High School,Married,1
711871758,30.0,F,1,Graduate,Married,3
772655733,41.0,M,1,Uneducated,Single,4
719519058,55.0,F,4,High School,Married,3
716873733,43.0,F,4,Post-Graduate,Divorced,3
780383358,48.0,M,3,Graduate,Married,0
718522308,41.0,F,3,Post-Graduate,Unknown,3
716308683,47.0,F,3,High School,Married,3
719056833,55.0,F,1,Unknown,Married,4
712303908,47.0, M ,4,College,Married,2
715572783,51.0,m,3,Graduate,Married,2
713641233,44.0,F,3,High School,Single,4
712854633,49.0,F,2,Unknown,Single,3
779340183,53.0,F,1,College,Single,4
771952683,47.0,F,3,High School,Married,2
716639058,51.0,M,2,Graduate,Single,3
779027733,53.0,F,4,Unknown,Single,2
713368833,49.0,M,2,College,Single,4
713926308,35.0,F,3,Uneducated,Single,3
720206658,40.0,F,3,Graduate,Married,4
708720558,44.0,M,3,College,Married,0
713857758,53.0,F,1,Graduate,Married,1
711255858,42.0,F,4,Unknown,Married,3
798717783,51.0,F,2,Unknown,Single,1
710674533,46.0,M,1,Uneducated,Married   ,4
718642458,40.0,M,4,High School,Unknown,0
709788783,47.0,M,4,Unknown,Divorced,1
752199183,51.0,F,1,Uneducated,Married,1
789707433,41.0,F,4,High School,Single,2
717448383,41.0,M,4,Unknown,Single,4
779468808,43.0,M,1,High School,Married   ,3
790000608,64.0,F,1,Graduate,Married   ,1
770917608,42.0,F,1,Uneducated,Married,2
716307558,50.0,F,3,High School,Married,4
719048133,52.0,F,2,Uneducated,Married,0
771488583,46.0,F,1,Graduate,N/A,2
717202908,39.0,M,5,College,Married,4
720696558,44.0,M,2,Graduate,Single,4
788989083,57.0,F,3,College,Single,2
720398958,53.0,FEMALE,1,Uneducated,Single,3
716530533,43.0,F,2,Uneducated,Single,4
714499908,45.0,F,3,Unknown,Married,3
708879483,48.0,F,1,College,Divorced,0
716044383,41.0,F,3,High School,Unknown,2
781320783,47.0,M,2,Graduate,Divorced,3
711657783,50.0,F,2,College,Single,4
715423233,46.0,M,5,Unknown,Married,3
719264058,51.0,F,0,Graduate,Married,3
711120333,43.0,M,5,Unknown,Married,1
714100008,47.0, M ,2,College,Married,3
798030933,47.0,M,4,College,Single,3
708223383,47.0,F,3,High School,Married,4
708705783,47.0,M,3,Doctorate,Married,1
778949133,44.0,M,1,Uneducated,Married,3
709017258,51.0,F,2,Unknown,Married,2
709161108,,M,1,Unknown,Married   ,4
716842908,41.0,F,5,Uneducated,Single,1
787513533,47.0,F,1,Uneducated,Married,3
717949983,47.0,M,1,Uneducated,N/A,3
714089658,41.0,M,2,Graduate,Single,1
718863258,54.0,F,2,Doctorate,Married,3
717549408,44.0,M,4,Graduate,N/A,3
807600633,44.0,F,2,Doctorate,Divorced,1
770293758,44.0,M,3,High School,Single,2
765584208,43.0,F,3,Unknown,N/A,1
811989858,49.0,M,4,Uneducated,Unknown,2
721276383,47.0,m,2,Post-Graduate,Divorced,3
708585933,44.0,F,4,High School,Single,3
713283933,42.0,M,2,Uneducated,Married,3
714915633,42.0,M,0,High School,Single,6
709236633,40.0,F,3,Uneducated,Divorced,3
827948133,47.0, M ,3,Graduate,Single,4
718946358,44.0,M,3,Uneducated,Single,2
714400308,60.0,F,0,Uneducated,Single,1
789670533,41.0,F,2,High School,Married,2
770942283,46.0,F,2,Unknown,Single,2
827074758,42.0,F,3,Uneducated,Single,4
818326083,54.0, M ,3,High School,Married,2
712292133,45.0,F,3,College,Married   ,4
709449333,49.0,M,1,High School,Single,2
788840283,42.0,F,2,Post-Graduate,Divorced,3
716013858,53.0,M,0,Graduate,Single,4
712229283,48.0,F,4,Doctorate,Unknown,3
751422258,45.0,F,4,Graduate,Married,2
715691808,41.0,F,3,Uneducated,Divorced,4
794273283,51.0,M,3,Uneducated,Single,3
788838033,45.0,FEMALE,2,College,Single,4
712778658,52.0,F,3,Graduate,Married,3
789580908,44.0,F,3,High School,Single,2
778965183,47.0,F,3,Uneducated,Divorced,2
714462558,44.0,F,5,Unknown,Married,3
789013833,50.0,M,2,High School,Married,1
800869758,49.0,M,3,Unknown,Married   ,1
807426033,37.0,M,2,Unknown,N/A,1
720091083,43.0,M,4,Graduate,Married,3
711918033,37.0,F,3,Unknown,Married,3
709679658,58.0,F,2,Graduate,Single,3
779296908,46.0,F,3,Graduate,Single,3
720682308,59.0,F,0,Uneducated,Single,4
714084483,49.0,F,3,Uneducated,Single,3
719495958,42.0,F,1,Unknown,N/A,4
789775308,54.0,F,2,Doctorate,Divorced,3
714726858,31.0,m,0,Post-Graduate,Divorced,3
709749483,40.0,F,2,Graduate,Married   ,2
710926383,32.0,F,2,Post-Graduate,Married,1
717172308,45.0,F,3,High School,Married   ,4
771795933,49.0,M,4,Unknown,Single,4
785024808,53.0,F,1,High School,Single,3
710277183,34.0,F,3,Uneducated,Single,4
714647808,49.0,m,0,Graduate,Single,0
709857033,60.0,F,1,College,Single,3
714283458,40.0,M,2,College,Single,4
804829533,59.0,M,0,High School,Single,6
716702358,44.0,F,2,Unknown,Married,2
720028683,49.0,F,2,High School,Married,4
757044033,44.0,M,2,Graduate,Unknown,3
719672283,47.0,M,4,Graduate,N/A,4
719054733,52.0,F,0,Post-Graduate,Single,2
793336383,47.0,F,1,High School,N/A,4
795599883,57.0,F,2,Uneducated,Married,2
715650783,41.0,FEMALE,2,High School,Married,2
711819708,33.0,m,3,Post-Graduate,Unknown,4
713041683,55.0,M,2,Graduate,Married,4
779544708,50.0,M,2,Unknown,Married,3
712967508,47.0,M,3,Doctorate,Unknown,2
710231433,56.0,M,1,Uneducated,Unknown,4
817960533,41.0, M ,4,Unknown,Married,2
713431008,46.0,F,5,High School,Married,0
709663608,43.0,F,1,Graduate,Married,4
754851783,39.0,m,4,High School,Married,2
808743558,42.0,F,3,High School,N/A,3
778905033,45.0,F,5,Graduate,Married   ,2
720844008,54.0,F,4,Graduate,Single,2
714286383,59.0,M,0,High School,Single,3
718767183,45.0,F,4,Post-Graduate,Unknown,1
712707408,43.0,F,2,Unknown,Married,2
789859833,41.0,M,4,Doctorate,Unknown,1
812411058,49.0,F,0,Uneducated,Single,2
712311258,48.0,F,3,Uneducated,Single,3
778397358,42.0,M,5,Unknown,Married,4
715340733,39.0,M,1,High School,Unknown,4
797495958,42.0,F,3,Unknown,N/A,2
720384633,48.0,M,3,Uneducated,Single,2
810868758,39.0, M ,3,Uneducated,Married,2
719105433,48.0,F,3,College,Single,3
715609533,47.0,F,3,Unknown,Single,3
712160058,59.0,F,2,Uneducated,Married,4
779130108,33.0,F,0,Uneducated,Single,6
712335858,48.0,F,4,Graduate,Married,2
789643383,49.0,M,2,Uneducated,Married,3
717733158,43.0,F,3,Doctorate,Married,3
713205108,42.0,F,4,Graduate,Married,1
719749083,63.0,M,0,Doctorate,Married   ,0
811762383,42.0,m,2,Graduate,Married,1
708710283,45.0,M,5,Doctorate,Married,4
708542283,58.0,F,1,Doctorate,Married,4
720667383,39.0,F,2,High School,Married,1
822952158,53.0,F,2,Graduate,Married,4
716922633,38.0,M,2,Uneducated,Single,4
709081683,65.0,M,1,High School,Single,3
710211783,38.0,F,4,Unknown,Married,2
720364158,55.0,F,3,Graduate,Unknown,3
713064783,60.0,F,1,Unknown,Unknown,4
709873683,60.0,M,0,Doctorate,Unknown,1
758106108,45.0,F,2,Uneducated,Married   ,1
711445233,42.0,F,5,Uneducated,Single,1
778912683,51.0,F,2,Graduate,Single,1
780496833,56.0,F,1,College,Single,2
720057183,49.0,F,4,Doctorate,Single,4
789081408,44.0,F,4,Uneducated,Single,4
720634683,48.0, M ,2,College,Married,4
808732458,48.0,M,3,Unknown,Married,0
719947533,46.0,F,2,Graduate,N/A,1
715452408,37.0,m,2,Graduate,Divorced,3
718103733,41.0,F,4,Unknown,Married,4
788705358,44.0,M,4,High School,Married,4
772105608,48.0,F,4,Uneducated,Married   ,4
718396533,47.0,M,3,College,Married   ,3
712949733,46.0,M,5,High School,Single,3
772036233,62.0,FEMALE,1,Graduate,Single,3
713285058,46.0,FEMALE,3,Doctorate,Single,4
710289783,43.0,F,2,Uneducated,Divorced,4
780390108,44.0,F,3,College,Married,2
720585183,50.0,M,3,High School,Married,2
711831558,49.0,M,4,College,Divorced,1
710854008,48.0,M,3,Unknown,Unknown,4
717017808,62.0,M,0,Uneducated,Single,2
823615983,54.0,M,2,Uneducated,Single,3
807587433,56.0, M ,2,Doctorate,Married,5
709987683,46.0,F,4,Graduate,Married,4
714435408,57.0,M,3,High School,Single,1
718994583,48.0,F,2,College,Married   ,1
793616883,39.0,F,5,Graduate,Single,2
779978283,45.0,F,3,High School,Married,1
713370033,53.0,F,0,Graduate,N/A,4
710482533,26.0,M,0,Unknown,Married,1
778830933,40.0,M,3,Graduate,Married,0
736145283,43.0,M,2,College,Married,4
778718658,33.0,F,2,High School,Divorced,4
719482008,45.0,M,1,Uneducated,Married   ,2
715004808,49.0,F,2,High School,Married,1
720014358,38.0,F,1,Doctorate,Single,4
718208358,43.0,M,5,Uneducated,Married,4
713380308,42.0,F,4,Uneducated,Single,1
716477133,42.0,F,4,Uneducated,Single,4
713949858,39.0,F,2,Doctorate,Married,4
827619933,48.0,M,2,Uneducated,Single,2
779135808,56.0,F,2,Doctorate,Single,4
719751483,39.0, M ,2,Uneducated,Single,1
708219858,39.0,m,2,Graduate,Single,2
779681433,48.0, M ,3,Graduate,Married,4
720169383,52.0,F,2,College,Married,1
718056033,44.0,F,3,High School,Married,2
789226683,44.0,M,1,Unknown,Married,3
822902508,41.0,F,3,College,Married   ,3
780462183,44.0,M,2,Unknown,Single,2
715502808,42.0,M,3,High School,Married   ,2
788755158,49.0,M,3,High School,Married,1
780038058,38.0,F,0,High School,Single,5
709536483,57.0,M,3,Graduate,Married,3
712563408,33.0,FEMALE,2,Uneducated,Single,6
771222558,45.0,m,3,Graduate,Unknown,3
708145908,61.0,F,0,Graduate,Married,0
717755058,41.0,F,4,Doctorate,Single,4
789109983,40.0,FEMALE,3,High School,Divorced,4
802600233,51.0,F,2,Graduate,Single,3
720449208,34.0,F,1,College,Married,4
719557983,42.0,M,4,Uneducated,Married,3
766111383,38.0,F,2,High School,Married,4
789367083,41.0,F,2,Uneducated,Single,3
710538183,53.0,F,3,Graduate,Divorced,4
708534033,45.0,F,3,Graduate,Single,2
716739258,43.0,F,4,Unknown,Single,4
788940558,41.0,F,3,Graduate,Married,2
714722808,50.0,M,1,College,Married,2
713249883,51.0,F,2,Uneducated,Married,3
714207483,47.0,M,3,Graduate,Married   ,4
720068808,41.0,F,2,Graduate,Married,2
778601733,55.0,FEMALE,3,High School,Single,3
709779258,53.0,F,3,Post-Graduate,Married,4
713696808,46.0,m,3,High School,Married,0
720044658,53.0,M,1,Post-Graduate,Single,4
716373483,48.0,F,5,Graduate,Married,2
714305508,46.0,F,3,Uneducated,Married,2
712202433,46.0,F,2,High School,Married   ,4
716600733,47.0,F,4,Unknown,Married   ,3
778372158,49.0,F,5,High School,Married,2
714176133,47.0,F,1,Uneducated,N/A,3
708969633,42.0,M,4,Uneducated,Unknown,1
715765758,54.0,F,2,Uneducated,Married   ,4
803097333,41.0,M,2,Graduate,Married,4
710411358,39.0,F,4,College,Married,4
715660308,54.0,FEMALE,3,College,Married,2
711866358,42.0,F,3,High School,N/A,3
710738883,52.0,F,3,High School,Married,3
717822108,60.0,F,0,Uneducated,Single,3
714407058,40.0,M,3,Uneducated,Divorced,1
710744433,48.0,F,1,Uneducated,N/A,0
778959258,51.0,F,1,Unknown,Married,3
713320008,48.0,M,3,Graduate,Single,2
766795983,46.0,F,1,Unknown,Married   ,2
716256483,50.0,F,2,Graduate,Single,4
712364283,54.0,F,2,Doctorate,Married,2
714620358,37.0,F,2,Graduate,Divorced,4
709145958,43.0,F,3,Unknown,Married,2
709787733,54.0,F,4,College,Single,2
809071083,60.0,F,1,Graduate,Single,0
721165608,51.0,M,2,Graduate,Married,3
716668308,39.0,F,4,High School,N/A,4
708760458,47.0,M,1,High School,Single,4
720333783,51.0,F,2,Unknown,Married,4
789212883,30.0,m,1,Uneducated,Divorced,2
711341433,34.0,F,2,Graduate,Married   ,3
720235608,60.0,F,0,Graduate,Unknown,1
716890533,49.0,m,2,Uneducated,Married   ,2
708491508,51.0,M,2,Unknown,Single,2
718542858,50.0,M,1,High School,Married,2
717750858,32.0,F,2,Post-Graduate,Single,2
712450008,50.0,F,2,Post-Graduate,Married,4
827628408,40.0,FEMALE,4,Graduate,Married,2
713492583,34.0,FEMALE,2,Graduate,Married   ,2
718054833,50.0,M,2,Unknown,N/A,4
788770908,45.0,M,4,College,Married,2
710175783,45.0,F,3,High School,Single,1
715429608,45.0,F,3,College,Married,1
714058308,43.0,F,5,Uneducated,Single,4
717965808,65.0,M,0,Unknown,N/A,4
709265208,47.0,F,4,Graduate,Single,2
713114133,42.0,F,2,Uneducated,Single,3
721349883,51.0,F,4,Graduate,Single,1
758965158,44.0,M,5,High School,Single,3
749722908,43.0,M,2,Post-Graduate,Married,2
709495833,44.0,F,2,Graduate,Single,4
717575958,50.0,F,1,Post-Graduate,Married,3
714406158,53.0,F,3,High School,Divorced,6
767243208,42.0,F,3,Graduate,Single,2
711515433,55.0,F,2,Unknown,Single,2
720190908,59.0,M,1,High School,Married   ,4
818814933,58.0,F,1,Unknown,Single,1
719794383,60.0,F,2,College,Married,2
709766808,49.0,F,2,Uneducated,Married,2
709666908,42.0,F,4,Graduate,Divorced,1
794653983,44.0,F,3,Graduate,Married,4
716593533,56.0,M,1,High School,Single,3
714113658,52.0,M,2,Unknown,Single,1
708776658,54.0,M,2,Unknown,Married,2
712225008,55.0,M,2,Graduate,Married   ,3
787450758,57.0,FEMALE,1,Unknown,Married   ,1
789099783,43.0,F,2,Unknown,Married,3
711751533,47.0,F,4,Graduate,Married,3
708367908,56.0,F,1,Uneducated,Married,2
714951858,44.0,F,2,Graduate,Married,3
720436008,54.0,F,1,Doctorate,Unknown,4
718984533,37.0,M,3,Graduate,Single,4
716982483,49.0,FEMALE,2,Graduate,Married,2
708681708,51.0,F,2,Unknown,Single,2
720202008,47.0,F,5,Unknown,Single,4
714483033,45.0,F,5,Unknown,Married,2
711468708,38.0,F,4,High School,N/A,2
821724483,48.0,M,4,Unknown,Single,2
716402508,49.0,F,3,Graduate,Unknown,3
721189008,41.0,M,4,Graduate,N/A,4
712867983,54.0,F,2,Uneducated,Married   ,4
713814408,39.0,M,2,Uneducated,Single,4
716671983,38.0,M,0,High School,Married   ,2
708252108,64.0,M,0,College,Single,2
717212958,55.0,M,2,Doctorate,N/A,3
713048733,50.0,M,2,Uneducated,Married   ,1
779841483,55.0,F,1,Doctorate,Married,3
710701233,44.0,F,5,Graduate,Single,1
718837683,55.0,M,2,High School,Single,4
718127958,58.0,M,0,Graduate,Divorced,2
718685358,51.0,F,2,Uneducated,N/A,4
771559158,58.0,M,3,Uneducated,Unknown,3
710138883,47.0,m,3,Graduate,Unknown,2
711197658,53.0,F,1,Post-Graduate,Married   ,0
709045683,42.0,F,3,Uneducated,Married,1
708272808,45.0,M,5,Graduate,Single,1
720292983,60.0,F,0,Graduate,Married,2
709112508,42.0,F,3,College,Single,4
712840608,55.0,F,2,Uneducated,Married,3
788920308,51.0,F,2,High School,Married,1
718160358,51.0,F,1,Graduate,Married,2
719325783,65.0,M,2,Unknown,Single,3
712885533,50.0,M,4,Graduate,Married,2
719268333,49.0,F,3,Uneducated,Married,4
721004133,38.0,F,2,Graduate,Single,2
714103908,54.0, M ,3,Doctorate,Single,2
771502383,54.0,F,1,High School,Married,4
713014533,54.0,m,3,Unknown,Single,4
713980383,49.0,F,3,Graduate,Single,4
711294258,43.0,F,1,Graduate,Single,3
719954733,43.0,M,2,Graduate,Married   ,3
711561933,57.0,F,1,Uneducated,Divorced,1
826077033,46.0,F,2,Unknown,Married   ,4
711555483,43.0,F,3,High School,Unknown,2
715194183,53.0,F,2,Unknown,Married   ,4
716929233,43.0,F,3,Post-Graduate,N/A,4
709014558,49.0,M,2,Uneducated,Married,2
710636208,51.0,M,3,Uneducated,Married   ,3
815525508,46.0,F,3,High School,Unknown,4
718746933,56.0,F,3,High School,Married,4
715686183,46.0,F,4,Graduate,Single,1
741778458,54.0,F,2,Unknown,Married   ,3
801056358,51.0,M,1,High School,Single,3
709486158,33.0,FEMALE,3,Graduate,Married,3
713826183,41.0, M ,3,High School,Unknown,4
803342358,55.0, M ,3,Graduate,Married,4
780292683,55.0,M,1,Uneducated,Single,4
788646858,41.0,F,3,Graduate,Married   ,1
711116133,50.0,F,1,Uneducated,Married   ,4
708584208,36.0,F,2,Graduate,Unknown,4
789097833,39.0,F,0,High School,Married   ,3
709443633,38.0,F,1,Uneducated,Married,1
767280633,46.0,F,2,Graduate,Unknown,2
713096583,40.0,F,1,High School,Single,2
721033908,58.0,M,1,Uneducated,Single,1
756025233,43.0,FEMALE,4,Uneducated,Single,2
711977508,56.0, M ,2,Uneducated,Single,4
772076208,58.0,M,4,College,Married   ,0
710666583,29.0,F,1,Uneducated,Married   ,4
712369308,48.0,F,4,Doctorate,Divorced,2
794784633,61.0,m,0,Uneducated,Single,2
716437533,51.0,M,2,College,Married   ,3
715109508,44.0,F,3,College,Married,4
795392433,35.0, M ,2,Uneducated,Single,1
712721358,48.0,F,3,Uneducated,Divorced,2
720118908,26.0,M,0,Graduate,Married,4
799486158,39.0,F,1,Graduate,Married,4
718980633,38.0,M,2,College,Married,3
717336408,51.0, M ,1,Doctorate,Single,1
709546608,37.0,F,2,Uneducated,N/A,4
823624158,53.0,F,2,Doctorate,Single,2
771688983,53.0,F,2,High School,Single,2
708701358,39.0,F,2,Uneducated,Married   ,3
712048008,56.0,F,4,High School,Single,2
710712783,52.0,F,4,Unknown,Married,3
716626008,51.0, M ,2,Graduate,Divorced,4
718284408,43.0,F,3,Unknown,Married,2
717414933,51.0,F,1,High School,Single,3
713032233,53.0,F,2,Graduate,Single,4
714234858,54.0,F,3,High School,Married,4
714818058,36.0,F,4,High School,Married,1
708731658,53.0,F,0,High School,Married,4
708706833,39.0,F,3,Uneducated,Divorced,3
780100533,46.0,M,3,Graduate,Married,4
711712983,56.0,M,2,Graduate,Single,3
712549758,40.0,F,4,Graduate,Married,1
713348433,42.0,FEMALE,3,High School,Single,2
820599333,43.0, M ,5,Graduate,Single,2
787261008,43.0,M,1,Post-Graduate,Unknown,4
778343958,47.0,F,3,Graduate,Married,0
788407833,49.0,F,4,Graduate,Married   ,2
760807608,48.0,F,4,Uneducated,Married,4
771108933,47.0,F,4,Graduate,Married,4
715954158,48.0,M,3,Post-Graduate,Married,4
715499058,36.0,F,2,High School,Married   ,2
717995958,47.0,F,3,Unknown,Married,4
718736883,49.0,F,3,Uneducated,Single,4
721045608,51.0, M ,3,High School,Married,3
715215108,54.0,FEMALE,2,Unknown,Married,3
795823383,43.0,F,4,Graduate,Single,3
718338708,49.0,F,1,Graduate,Married,2
713588958,40.0,F,4,Unknown,Single,1
710120358,40.0,m,3,Unknown,Married,4
809582058,48.0,M,2,Unknown,Unknown,2
709199358,60.0, M ,1,Uneducated,Married,4
821889858,50.0,F,1,Doctorate,Single,3
815324433,-99.0,F,4,High School,Married,1
793656633,35.0,F,3,Uneducated,Married,1
713246208,65.0,M,1,Unknown,Single,4
711493158,52.0,M,3,Graduate,Single,2
721163133,44.0,M,2,Graduate,Married   ,1
826417233,35.0,F,4,College,N/A,4
711619608,45.0,M,3,Graduate,Married,2
712244733,56.0,m,1,Unknown,Married   ,2
709638783,50.0,F,1,High School,Married,4
720296808,52.0,F,3,Graduate,Married,2
718926258,37.0,F,1,High School,Single,2
714706083,44.0,M,2,College,Married,4
721473783,35.0,F,3,Graduate,Married,1
712230408,42.0,M,4,Uneducated,Married,4
716186883,48.0,F,4,College,Married,2
715204083,47.0,F,4,Doctorate,Single,2
709283358,43.0, M ,4,Unknown,Married,3
817887408,39.0,F,1,Uneducated,Single,4
789481233,39.0, M ,2,High School,Married,3
718184883,48.0,F,3,High School,Married   ,2
821157183,42.0,F,5,Unknown,N/A,3
709837308,34.0,F,3,Graduate,Single,2
779491908,47.0,F,4,Post-Graduate,Unknown,1
718399233,43.0, M ,4,College,N/A,1
779447358,50.0,F,2,Graduate,Married,4
710661333,55.0,F,2,Unknown,Single,2
789114408,50.0,F,1,Post-Graduate,Single,4
710570058,44.0,F,1,Graduate,Single,4
712681608,54.0,F,3,Uneducated,Married   ,2
709086933,40.0,F,3,College,Single,4
709179708,40.0,M,2,Graduate,Divorced,2
711206958,41.0,F,3,High School,Married   ,2
823928058,52.0,FEMALE,2,Uneducated,Married,4
796330983,41.0,F,4,Graduate,Single,4
771284658,47.0,FEMALE,1,Unknown,N/A,4
779307558,53.0,F,1,College,Unknown,3
788846508,48.0,m,4,Uneducated,Married,3
783500283,62.0,M,0,Graduate,Unknown,2
802247658,59.0,M,2,Uneducated,Single,4
795573333,41.0,M,3,High School,Married,1
721366308,50.0,M,3,Unknown,Single,1
720377433,38.0,F,3,Graduate,Married,4
711243108,50.0,M,1,Doctorate,Married,3
789351783,40.0,F,5,Graduate,Married,2
719699208,39.0,F,4,Uneducated,Single,4
720774183,40.0,F,1,High School,Married   ,1
713590158,41.0, M ,4,Graduate,Married   ,4
715547058,35.0,FEMALE,0,Graduate,Married,4
815596608,48.0,F,5,Uneducated,Married,3
718921683,49.0,M,4,Unknown,Married,3
720031908,55.0,M,2,Doctorate,Married,1
716716083,58.0,FEMALE,3,Unknown,Single,3
819969933,43.0,F,2,High School,Single,2
714382608,35.0,F,2,Graduate,Married,0
720092283,40.0,F,3,Graduate,Single,3
720531633,55.0,F,1,Graduate,Unknown,2
718508883,43.0,F,3,Unknown,Single,3
708794133,46.0, M ,4,High School,Unknown,4
713447583,48.0,F,3,High School,Single,2
716107158,32.0,F,0,Graduate,Single,5
712713108,61.0,FEMALE,0,Graduate,Married,3
719245083,53.0, M ,1,Uneducated,Single,4
708269583,42.0,F,3,Uneducated,Divorced,4
720234708,45.0,M,2,High School,Single,2
709436883,56.0,F,2,Uneducated,Single,2
714140133,42.0,F,4,Graduate,Unknown,2
716136333,40.0,FEMALE,4,Uneducated,Single,1
715031433,57.0,M,2,Graduate,Married,3
810667158,40.0,M,2,High School,Divorced,1
715253433,48.0,M,4,Unknown,Single,3
809937933,42.0,F,3,Graduate,Married,2
708997833,49.0,m,4,Doctorate,Single,1
718296558,44.0,F,4,Unknown,Married,5
780086658,43.0,M,4,Doctorate,Unknown,4
708754833,48.0,F,3,Uneducated,Single,4
788638908,43.0,F,2,Graduate,Divorced,4
715607958,45.0,F,2,Graduate,Married,3
708515358,40.0,F,1,High School,Married,2
716357058,53.0,M,3,Uneducated,Married   ,1
714569958,38.0,F,2,Unknown,Single,1
716822583,39.0,F,2,High School,Single,3
721109358,39.0,M,3,High School,Married,1
827635083,59.0,F,0,Graduate,Unknown,3
715492983,40.0,M,3,Post-Graduate,Married,4
712234308,54.0,F,3,Graduate,Married,2
708334158,46.0,F,3,Graduate,Divorced,4
812488608,44.0,F,3,College,Unknown,3
793345008,44.0,F,3,Uneducated,Single,3
715487733,44.0,F,4,Graduate,Married,3
788856408,50.0,F,5,Uneducated,Married,2
708154833,39.0,F,2,Graduate,Single,3
721147383,37.0,F,2,High School,Single,4
803973483,49.0,F,3,Unknown,Married   ,4
788941983,36.0,F,3,Graduate,N/A,1
715603233,53.0,F,3,Uneducated,Married,2
709945458,52.0,M,3,Uneducated,Single,1
714614133,53.0,F,3,Unknown,Married,3
768167358,37.0,M,4,Doctorate,Single,0
737967708,52.0,F,1,Unknown,Married   ,1
712920633,49.0,F,2,Unknown,Married   ,1
780373233,39.0, M ,4,Unknown,Single,0
721384308,39.0,F,1,Uneducated,Married,4
712242633,42.0,FEMALE,2,Unknown,Single,4
713610933,40.0,F,2,Uneducated,Married,1
714257958,41.0,F,3,Doctorate,Single,1
772172883,46.0,F,2,Uneducated,Unknown,1
720204558,45.0,F,2,High School,Married,3
779635533,,F,3,Graduate,N/A,3
804658833,53.0,F,3,Unknown,Married   ,2
756691608,37.0,F,3,Graduate,Married,3
806219808,52.0,M,3,College,Unknown,3
826266483,39.0,F,2,College,Single,2
775152708,49.0,M,3,Post-Graduate,Unknown,4
787596558,50.0,FEMALE,1,Uneducated,Married,1
803205258,51.0,F,3,Graduate,Single,4
716041908,54.0,F,1,High School,Single,4
708837858,44.0,F,4,Doctorate,Unknown,2
828227433,50.0,M,2,High School,Single,4
714487458,49.0,F,5,Graduate,Divorced,2
711390333,59.0,M,0,Post-Graduate,Married,2
787974108,37.0,F,1,High School,Single,2
714036258,47.0,m,3,Unknown,Single,4
788752833,52.0,F,2,High School,Divorced,4
773108958,55.0,F,2,Uneducated,Married,1
782437008,41.0,F,3,College,Married,4
710729358,40.0,F,2,High School,Single,4
827423433,41.0,F,4,Graduate,Divorced,4
756919683,48.0,F,2,Unknown,Married,3
779219208,38.0,F,2,High School,Single,3
712342833,52.0,F,2,Graduate,Married,1
721121283,37.0,F,2,Graduate,Single,4
790006383,45.0,m,0,Unknown,Married,2
756989583,41.0,M,4,Graduate,Unknown,2
717477783,49.0,F,4,Unknown,Married   ,2
716614683,49.0,M,3,College,Single,1
789942033,43.0,M,4,Graduate,Single,3
740784258,47.0,F,2,College,Single,3
711336033,26.0,F,0,Unknown,Single,2
768141558,51.0,M,3,College,Single,0
717179508,33.0,m,0,Graduate,Single,3
716520033,52.0,M,2,Post-Graduate,Married,1
783625008,51.0,M,2,Post-Graduate,Married   ,2
769330908,49.0,F,4,High School,Married,4
789396783,30.0,FEMALE,0,High School,Single,4
709310433,65.0, M ,0,Unknown,Single,2
713094483,43.0,F,3,Unknown,Married,4
770753733,42.0,m,5,College,Single,2
712659408,57.0,M,1,High School,Married,2
768475383,62.0,F,0,Unknown,Single,2
779655183,48.0,M,4,College,Single,3
711278283,61.0,F,1,High School,Unknown,2
713345508,43.0,F,2,High School,Single,2
711379083,60.0,F,0,Doctorate,Single,3
789144633,45.0,M,1,Graduate,Married,2
708393633,41.0,F,0,High School,Married,4
708657033,60.0,F,2,College,Single,2
717949008,40.0,F,4,High School,Single,3
788866983,63.0,F,0,Unknown,Single,1
751283658,42.0,F,4,Unknown,Single,3
718243533,48.0,M,3,Post-Graduate,Divorced,4
779754408,44.0,M,3,Graduate,Single,2
794866983,51.0,F,1,Doctorate,Married,1
711832533,42.0,M,3,High School,Single,3
788552658,46.0,F,4,Uneducated,Married,1
715415508,42.0,F,4,Graduate,Married   ,3
719962458,44.0, M ,2,Graduate,Married   ,2
712734933,43.0,F,2,College,Married,3
717410508,43.0,M,3,Unknown,Married,4
711796683,50.0,F,2,Graduate,Single,2
709407933,51.0,M,3,High School,Single,4
810493458,52.0,F,1,Uneducated,Single,3
720494058,51.0,F,2,College,Married,3
717050883,60.0,F,1,High School,Single,2
713163258,38.0,F,2,Unknown,Married   ,3
715659333,,F,4,High School,Single,2
712414908,45.0,F,4,Unknown,Married,1
720175008,48.0,F,2,Doctorate,Married,4
719876808,43.0,M,3,Unknown,Divorced,3
713334483,46.0, M ,1,Post-Graduate,Married   ,3
708360108,50.0,M,1,College,Single,1
720676158,34.0,F,4,Uneducated,Single,2
716631708,56.0,M,2,High School,Married,1
713025558,53.0,F,5,Doctorate,N/A,3
710506683,47.0,F,4,High School,Single,0
712428333,49.0, M ,3,Uneducated,Single,4
718041033,47.0,F,4,Graduate,Married,4
709169133,35.0,F,1,High School,Married,1
718164858,42.0,F,4,Post-Graduate,Married,2
809565183,52.0,F,1,Graduate,Single,4
778377183,49.0,M,3,Graduate,Single,2
712845258,41.0,m,2,Uneducated,Married,2
716915133,42.0,F,2,Unknown,Single,4
771403008,52.0,M,2,Graduate,Unknown,3
787441383,52.0,F,0,Graduate,N/A,2
711345258,52.0,m,2,High School,Married,1
713685033,44.0,F,2,Graduate,Married,2
718205283,48.0,F,3,College,Single,1
708337683,51.0,m,2,Uneducated,Single,2
720941433,53.0,F,3,High School,Married,2
710201058,46.0,F,4,Graduate,Married,2
785218458,44.0,M,2,Graduate,Married,3
770740308,49.0,F,4,Graduate,Unknown,2
787493808,48.0, M ,4,Graduate,Unknown,2
708846183,48.0,M,4,College,Single,2
810586833,38.0,F,3,Graduate,Married   ,3
711151383,34.0,FEMALE,1,Post-Graduate,Single,5
712425258,46.0,F,4,Unknown,Single,3
772063308,45.0,FEMALE,2,Graduate,Single,1
718574808,33.0,F,2,Graduate,Single,4
717131283,43.0,F,4,High School,Divorced,1
798996183,61.0,F,0,Unknown,Married,3
716831508,47.0,F,3,High School,Single,3
715297908,41.0,F,4,College,Unknown,3
813234108,45.0,F,3,Uneducated,Married,3
711027183,50.0,M,4,College,Single,1
718812708,57.0,M,2,Graduate,Single,4
709505808,45.0,F,3,College,Single,4
711267633,50.0,F,3,Graduate,Divorced,4
719613783,51.0,F,1,Doctorate,Married,2
719035758,53.0,FEMALE,3,Uneducated,Divorced,2
708473133,55.0,F,1,Graduate,Married,3
712996833,40.0,F,1,High School,Married,2
720963258,52.0,F,3,College,Married,3
819606258,48.0,M,4,Unknown,Married,3
714634983,44.0,F,1,Unknown,Single,3
806428908,60.0,m,1,Graduate,Single,3
710903358,65.0,F,0,Unknown,Single,1
712676208,46.0,F,5,High School,Single,3
709005633,62.0,M,0,High School,Single,4
712102983,47.0,F,2,College,Married,3
754480233,50.0,M,2,Post-Graduate,Divorced,4
719042208,43.0,m,4,Doctorate,Unknown,4
716251608,45.0,F,4,Unknown,Married,4
715537383,46.0,M,3,College,Single,2
709460883,38.0,m,2,Doctorate,Married,4
789325008,49.0,M,3,College,Single,1
719195733,47.0,m,3,College,Married,3
787665258,47.0,F,3,Unknown,Married,2
710226708,55.0,F,2,Uneducated,Divorced,1
711982383,62.0,M,1,Graduate,Single,2
716345283,55.0,M,2,Uneducated,Single,4
816850458,33.0,M,2,Unknown,Married,4
710842308,41.0,F,5,Uneducated,Single,4
713132133,54.0, M ,1,Unknown,Married,4
788874333,55.0,M,3,Post-Graduate,Unknown,4
717987258,43.0,F,3,Unknown,Single,4
793712658,52.0,FEMALE,3,Graduate,Married,3
708324483,47.0, M ,4,Unknown,N/A,4
768612258,52.0,F,3,Unknown,N/A,3
719659758,45.0, M ,4,High School,Married,0
711313158,50.0,F,4,Unknown,Single,1
716483358,44.0,M,3,Graduate,Single,4
719829633,42.0,m,2,Unknown,Married,4
812465958,53.0,F,3,Post-Graduate,Divorced,2
786536808,51.0,M,2,College,Married,1
807369708,52.0,M,3,College,Married,4
711397533,52.0,F,2,High School,Married,2
711740508,50.0, M ,1,Unknown,Married   ,2
715233108,38.0,M,1,College,Married,2
813807258,50.0,F,2,High School,Married,3
769183908,51.0,F,2,Doctorate,Single,1
718451133,48.0,M,2,Graduate,Single,4
721115733,47.0,M,3,Unknown,Married,2
720085233,51.0,F,2,Doctorate,Divorced,4
717036408,36.0,F,1,Uneducated,N/A,1
714427608,45.0,F,5,Post-Graduate,Married,1
780019908,53.0,F,1,Graduate,Married   ,2
827898033,54.0,F,1,Uneducated,Married,3
720302883,53.0,F,3,Graduate,Married,1
715893633,47.0,F,4,Doctorate,Single,2
720730683,51.0,m,2,Graduate,Married   ,3
720638283,40.0,F,4,College,Single,2
789053883,43.0,M,3,Post-Graduate,Single,1
719286708,50.0,F,1,Graduate,Single,2
713952558,53.0,F,3,Doctorate,Single,2
793395933,59.0,F,1,High School,Single,3
813895458,49.0,F,0,Unknown,Single,3
771733608,47.0,F,1,Graduate,Married,5
710102208,56.0,M,2,Graduate,Single,2
719511783,48.0,F,1,Unknown,Married,2
712849158,55.0,M,0,High School,Divorced,3
783070833,34.0,m,4,Graduate,Married   ,3
713419908,58.0,F,2,High School,Married,3
789345408,39.0,F,2,College,Married,2
720992883,47.0,F,4,Graduate,Married,3
803652633,47.0, M ,2,Uneducated,Single,2
789248958,37.0, M ,2,High School,Married,3
716178483,41.0,F,4,Uneducated,Unknown,2
715440558,50.0,F,1,Graduate,Married,2
711535158,46.0,F,1,College,Unknown,3
713647083,53.0, M ,2,Uneducated,Single,3
718311933,53.0,m,4,Doctorate,Married,2
718404783,59.0,F,0,Unknown,Married,4
817332483,63.0,M,0,Doctorate,Married   ,3
710015733,41.0,F,1,Doctorate,Divorced,1
794965233,51.0,F,1,Graduate,Married,3
710512833,38.0,F,2,Graduate,Married,1
710803008,40.0,F,3,Doctorate,Married,2
712987608,51.0,F,2,Doctorate,Married   ,3
716974383,41.0,M,5,Graduate,Single,0
720930633,58.0,F,0,High School,Single,2
710136258,33.0,F,2,Graduate,Single,3
779438208,38.0,F,3,Graduate,Single,3
721017333,42.0,F,4,Post-Graduate,N/A,3
720952608,44.0,F,2,High School,Single,2
712886733,44.0,F,1,Graduate,Unknown,3
810545733,47.0,F,2,College,Married,3
822132858,41.0,M,4,Uneducated,Married,2
713526258,47.0,M,3,Uneducated,Single,4
712877733,48.0,M,5,Graduate,Married,3
713339283,54.0,M,3,Unknown,Married,4
720473433,59.0,F,1,Graduate,Unknown,3
780584658,33.0,F,2,Uneducated,Unknown,2
711824358,44.0,F,4,College,Single,2
789990333,43.0,F,4,Graduate,Single,2
721332033,42.0,M,2,Unknown,Married   ,1
709612983,41.0,F,2,Graduate,Married,4
771058908,55.0,FEMALE,3,High School,Single,2
715471833,50.0,FEMALE,0,Post-Graduate,Married,3
711781233,53.0,F,3,Graduate,Married,3
713947908,33.0,M,2,High School,Married,2
709741608,51.0,M,2,Unknown,Single,2
709333608,58.0,F,2,High School,N/A,2
709688883,45.0,M,3,High School,Unknown,2
716269308,56.0,F,3,Graduate,Single,2
708692583,44.0, M ,2,High School,Single,3
709892658,48.0,F,5,Graduate,Single,2
713815383,53.0,M,1,High School,Married   ,2
710183283,55.0,F,1,High School,Married,1
711937158,49.0,M,3,College,Married,3
771486933,64.0, M ,1,Graduate,Single,2
717450633,47.0,FEMALE,3,Uneducated,Single,4
718421808,56.0, M ,2,Uneducated,Married,2
716403633,60.0,F,0,College,Divorced,2
717646983,59.0,F,1,Graduate,Single,4
778837083,50.0,M,2,Graduate,Married,3
768632958,59.0,F,1,Graduate,Single,6
715622508,52.0,M,2,Unknown,Married,3
708402333,48.0,F,2,Doctorate,Married   ,0
708946008,46.0,F,3,College,Married,2
715625658,49.0,F,3,High School,Married,3
789599283,44.0,F,3,College,Divorced,2
708960858,40.0,FEMALE,4,High School,Married,3
814840833,44.0,M,4,Doctorate,Married,2
772082208,39.0,M,1,Graduate,Single,2
711597183,43.0,M,2,Uneducated,Divorced,2
712110333,37.0, M ,3,High School,Single,3
718673358,35.0,M,3,Doctorate,Married,4
712479633,31.0,F,1,Unknown,Single,2
716108283,53.0,F,4,Graduate,Married,3
779360808,49.0,F,3,Graduate,Married,3
716352033,49.0,m,2,Graduate,Married,3
716643033,41.0,F,2,Graduate,Married   ,3
711567333,43.0,M,1,High School,Single,2
788756133,44.0,F,3,Unknown,Divorced,2
755437533,48.0,m,4,Graduate,Single,2
713573508,41.0,M,4,Graduate,Unknown,4
709430508,40.0,M,4,High School,Unknown,3
710645583,44.0,F,2,Uneducated,Single,2
714253983,44.0,M,3,Unknown,Married,3
771566208,48.0,M,3,College,Married,2
713314533,40.0,M,2,Unknown,Single,3
720725883,34.0,F,2,College,Single,3
708539583,44.0, M ,3,Unknown,Married,3
716747283,44.0,F,2,Uneducated,Single,2
787519683,41.0,F,2,Graduate,Single,2
721044333,34.0,F,2,College,Married   ,0
713679633,41.0,F,3,Graduate,Married,5
711126483,37.0,F,1,Graduate,Single,3
814191333,55.0,M,2,Unknown,Divorced,3
715040208,49.0,F,2,Graduate,Single,3
710769258,40.0,F,2,Graduate,Married   ,3
715227633,36.0,F,3,College,Single,3
708635058,53.0, M ,0,High School,Single,1
709051533,46.0,F,1,Graduate,Married,0
718940208,55.0,F,0,Graduate,Single,3
712361583,47.0,M,5,Graduate,Married,1
708390633,52.0,F,3,Graduate,Married,3
720281508,44.0, M ,2,Doctorate,Divorced,2
720885558,51.0,F,2,High School,Married   ,1
709781208,34.0,F,0,Unknown,Married,1
710086308,46.0,m,4,High School,Unknown,0
713282733,37.0,F,2,Graduate,Single,1
815812683,47.0,M,3,Unknown,Single,2
708204033,36.0,F,5,Unknown,Single,1
720040158,47.0,M,3,Uneducated,Single,2
755996583,57.0,F,2,Uneducated,Single,3
711359058,46.0,F,4,High School,Single,2
714064908,57.0,F,1,Graduate,Single,3
717074283,45.0,FEMALE,3,Graduate,Divorced,6
765847383,50.0,M,1,Graduate,Married,3
789531633,53.0,F,4,Graduate,Married   ,2
820593033,43.0,F,2,Graduate,Single,2
710078358,36.0,m,4,Post-Graduate,Married,1
715025208,56.0,F,2,College,Married,3
709596783,46.0,FEMALE,3,College,Married,2
715960308,53.0,F,1,Graduate,Divorced,3
716653758,55.0,M,0,Unknown,N/A,3
787268733,52.0,F,1,Graduate,Married,2
789923058,53.0,F,1,High School,Married   ,3
771079833,40.0,F,3,High School,Single,3
710507733,42.0,FEMALE,4,Graduate,Single,1
779269158,43.0,m,2,Graduate,Married,4
711627558,40.0,F,3,Uneducated,Single,2
710536983,49.0,F,0,Post-Graduate,Married,3
712237458,47.0,FEMALE,3,Unknown,Married,2
778289883,42.0,F,2,Graduate,Unknown,3
714154533,45.0,F,3,High School,Single,2
803657133,60.0,M,1,Graduate,Single,3
769053033,44.0,F,1,Graduate,Single,5
713613258,46.0,FEMALE,4,High School,Single,2
768544833,45.0,F,4,Uneducated,Single,3
720782658,42.0,M,4,Graduate,Married,3
768162108,49.0,M,3,College,N/A,3
710511858,58.0,m,0,Unknown,Married,3
714516033,53.0,M,3,High School,Married,0
788630958,44.0,M,2,Uneducated,Married   ,2
717646008,61.0,F,1,College,Married,2
712290258,49.0,F,1,Unknown,Married,3
716292033,37.0,F,4,High School,Single,3
780372408,43.0,F,5,High School,Single,2
720853158,38.0,FEMALE,3,High School,Married   ,3
823507833,44.0,m,4,High School,Single,2
711111633,60.0,M,1,High School,Single,2
709904508,59.0,FEMALE,0,Post-Graduate,Single,3
712022883,37.0,F,2,High School,N/A,2
712173108,48.0,F,1,Unknown,Unknown,3
714156633,60.0,F,0,Unknown,Single,2
714581358,48.0,F,3,Graduate,Single,4
713256033,39.0, M ,3,Uneducated,N/A,3
825831933,52.0,F,3,High School,Married,2
720274158,42.0,F,4,High School,Married,2
772394883,60.0,F,1,Uneducated,Single,3
794253108,52.0,M,4,Graduate,Single,2
720899883,44.0,F,1,High School,Married,2
714313608,36.0,F,4,Uneducated,Married   ,0
716602683,49.0,F,3,Graduate,Married,2
715928808,42.0, M ,2,High School,Married,2
771899433,48.0,M,3,Graduate,Married,4
714771708,36.0,F,0,College,Unknown,3
709711758,45.0,F,3,Uneducated,Divorced,2
721137558,40.0,m,4,Graduate,N/A,3
820268358,48.0,F,4,Post-Graduate,Unknown,3
709273383,54.0,F,0,Unknown,Married,2
822959133,32.0,F,3,Post-Graduate,Married,3
720491958,34.0,F,3,Uneducated,Single,3
713607108,46.0, M ,2,College,Divorced,2
709729533,47.0,M,3,Uneducated,Single,1
717890583,48.0,F,1,Graduate,Divorced,2
718384233,52.0,M,5,Doctorate,Single,2
713401758,45.0,m,2,Uneducated,Married   ,3
773257233,46.0, M ,4,Unknown,Single,3
713556033,36.0,F,1,Graduate,Married,3
719265108,42.0,F,3,High School,Married,2
778740708,39.0,F,3,Graduate,Married,2
710952933,43.0,F,1,Uneducated,Divorced,3
720991833,48.0,F,2,Doctorate,Married,4
779954658,56.0,M,4,High School,Single,3
714204108,45.0,F,5,Graduate,Single,0
805546308,65.0,F,0,High School,Married   ,2
716244933,54.0,m,3,High School,Married   ,3
712018233,42.0,FEMALE,3,Graduate,Single,3
802878408,53.0,F,1,Graduate,Married,2
719504433,63.0,M,0,Unknown,Single,3
794558658,49.0,F,4,Graduate,Married,3
711634008,42.0,m,3,Uneducated,Married,2
708260208,43.0,F,5,Uneducated,Single,2
713435058,49.0,F,5,High School,Divorced,3
719656533,,M,3,High School,Married,3
719709558,48.0,M,3,Graduate,Married   ,2
710311233,44.0,F,4,High School,Single,3
719216508,55.0,F,1,Unknown,Married   ,1
713105508,46.0,M,3,High School,Single,3
710719683,49.0,F,1,High School,Divorced,2
817892208,35.0,F,2,Doctorate,Single,1
714102183,50.0, M ,3,Uneducated,Single,3
715410783,55.0,F,1,Unknown,Single,3
718202658,47.0,M,3,Graduate,Unknown,3
719445633,60.0,F,0,Uneducated,Married   ,3
709820658,45.0,m,4,High School,Married,3
718481283,51.0,FEMALE,1,High School,Married,3
789300408,41.0,M,4,High School,Married,2
711970533,54.0,F,4,Unknown,Married,0
815088483,28.0,FEMALE,1,Graduate,Divorced,3
717139608,50.0,F,2,College,Divorced,3
717626508,44.0,F,3,Graduate,Married,1
767668908,46.0,F,3,Graduate,Married,3
712484733,47.0,M,5,Unknown,Single,3
716216958,48.0,M,1,Uneducated,Married,1
714246333,58.0,FEMALE,4,High School,Married   ,3
718693683,65.0,F,0,High School,Single,3
716298633,56.0,F,1,Graduate,Single,3
755661933,48.0,F,3,Graduate,Single,3
712914783,43.0,M,5,Graduate,Single,2
711240108,41.0,M,2,Graduate,Married,2
721396758,35.0,F,4,Doctorate,Married,3
715636533,48.0,F,3,High School,Married,2
711508608,50.0,F,1,Unknown,Married   ,3
716669658,51.0,F,1,High School,Single,3
718212633,45.0,F,4,High School,Married,1
708357183,47.0,m,3,Unknown,N/A,3
713629533,35.0,F,1,Uneducated,Married,3
771450708,58.0,F,3,Graduate,N/A,1
711311883,48.0,m,2,Graduate,Married,2
802673508,57.0,M,2,Graduate,Single,3
708113208,53.0,F,1,High School,Married,2
788786208,46.0,F,2,College,Married,3
720043533,39.0,M,4,Graduate,Single,0
801083133,57.0,F,4,Uneducated,Single,3
716246733,57.0,F,2,College,Single,2
807157833,56.0,F,4,Uneducated,Single,1
721032633,55.0,F,3,Unknown,Single,4
828285858,41.0,F,3,College,Married,2
718890933,45.0,m,4,Doctorate,Married,2
711148308,52.0,M,3,Graduate,Single,2
712810233,40.0,F,2,Graduate,Married,3
714098883,45.0,F,1,Graduate,Single,2
779327733,43.0,M,1,Graduate,Divorced,3
716364408,59.0,F,0,Unknown,Married,2
710461083,56.0,F,2,Graduate,Single,3
709306983,44.0,F,2,Post-Graduate,Married,2
769035933,54.0,F,2,Unknown,Single,2
813182658,49.0,F,4,High School,Married   ,3
781110408,39.0,F,0,High School,Single,2
818007783,49.0,F,3,College,Married,3
708862233,44.0,F,4,Graduate,Married,3
714006333,42.0,F,4,Graduate,Married,3
770596458,45.0,F,2,Doctorate,Married,4
789392883,38.0,F,3,Post-Graduate,Unknown,0
803805483,46.0, M ,3,College,Married,3
709534083,58.0,F,0,Uneducated,Divorced,6
710579583,57.0,F,1,Graduate,Married,3
708949908,50.0,M,1,Graduate,Divorced,2
711907083,53.0,M,1,High School,Unknown,4
718696458,52.0,F,1,Graduate,N/A,3
710611683,43.0,F,2,Post-Graduate,N/A,1
721511883,40.0,F,3,Graduate,Single,2
779116158,49.0,FEMALE,1,Unknown,Married,1
720193533,41.0,M,3,Unknown,Married,3
753094533,51.0,M,3,Uneducated,Married,3
719545983,31.0, M ,2,Post-Graduate,Unknown,3
716494383,49.0,F,3,Graduate,Unknown,2
769892058,40.0,M,3,Uneducated,Single,2
709098108,45.0,m,4,Graduate,Married,2
715705683,56.0,F,1,Graduate,Single,2
715724808,49.0,M,3,High School,Married,3
717123858,36.0,F,1,Graduate,Married,3
716236683,46.0,F,1,High School,Married,2
771224358,54.0,m,4,Unknown,Married,3
779310033,42.0,F,4,Doctorate,Married,3
710595783,46.0, M ,3,Graduate,Unknown,2
711409833,45.0,F,5,Uneducated,Married,3
721174008,37.0,M,2,Uneducated,Married,3
714192933,55.0,F,3,Graduate,Single,5
709632483,49.0,F,2,High School,Single,2
718431258,41.0,M,4,High School,Single,3
817029108,47.0,F,4,Post-Graduate,Single,3
796931508,42.0,M,4,High School,Unknown,4
769577358,31.0,F,0,Graduate,Single,3
815589558,50.0,M,2,Post-Graduate,Married   ,2
714287583,41.0,F,3,Unknown,N/A,3
718975083,47.0, M ,4,Graduate,Single,3
715315008,40.0,M,4,Post-Graduate,Single,2
779252283,47.0,F,4,High School,Married,0
714031083,46.0,F,3,Graduate,Married   ,1
772442883,51.0,F,4,Graduate,Married,5
714533058,53.0,F,3,College,Married,3
716570958,50.0,M,3,Post-Graduate,Divorced,3
710116833,59.0,F,1,High School,Single,3
718586133,43.0,F,3,Graduate,Married,3
773322558,59.0,F,2,High School,Married,1
714554808,51.0,F,1,Graduate,Married,0
717903108,57.0,F,1,College,Married   ,1
815908908,47.0,m,4,Uneducated,Single,3
771464808,35.0,F,2,Graduate,Single,3
708234558,55.0,F,2,College,Divorced,1
715737258,41.0,F,1,College,Married,3
710188308,51.0,F,3,Graduate,Single,3
708670608,48.0,F,5,Uneducated,Married,3
714839808,51.0,F,3,Graduate,Married   ,1
811140933,43.0,F,2,High School,Married,2
788937933,39.0,F,3,Graduate,Divorced,1
721527858,52.0,F,3,High School,Married,1
718265658,47.0,F,4,Uneducated,Single,2
714312708,44.0,M,0,High School,Single,2
715821183,42.0,F,4,College,Married,2
709487058,51.0,F,2,Unknown,N/A,3
712675158,56.0,M,1,Graduate,Single,2
826473858,44.0,M,1,College,Single,2
817382958,47.0,F,3,High School,Single,3
712927383,51.0,F,2,Uneducated,Single,3
712894308,47.0,M,4,High School,Married,3
712349808,44.0,F,4,College,Single,2
778780008,48.0,FEMALE,4,Unknown,Married,3
711430908,45.0,F,4,Graduate,Married,1
779670783,40.0,M,3,Unknown,Single,2
718757808,56.0,F,1,Uneducated,Unknown,3
779530908,48.0,F,3,Unknown,Married   ,4
716389833,50.0,F,1,Unknown,Single,2
718469658,37.0,F,2,Uneducated,Married,3
809849358,55.0,F,2,Graduate,Divorced,3
719772258,38.0,M,3,Unknown,Married   ,3
809363958,49.0, M ,3,High School,Married,2
709165533,47.0,m,3,Doctorate,Unknown,2
809846283,42.0, M ,1,Unknown,Married,0
708427908,52.0,FEMALE,4,College,Unknown,1
721228308,47.0, M ,2,High School,Married,3
713374533,52.0,F,1,Unknown,Single,2
708708858,50.0,m,1,Graduate,Single,4
721111233,52.0,M,2,Graduate,Married,3
708538608,50.0,m,4,College,Married,3
718866633,46.0,M,2,College,Married   ,2
719100633,40.0,M,2,High School,Single,2
789328083,42.0,F,4,High School,Married,3
822905058,29.0,F,2,Graduate,Married   ,2
816549933,50.0,M,4,High School,Divorced,2
716421633,43.0,F,3,Graduate,Married,4
712667958,40.0,M,4,Uneducated,Single,2
809559933,45.0,F,3,Graduate,Married,3
819979458,35.0,F,3,Doctorate,N/A,2
708100533,55.0,F,3,College,Single,3
778669608,49.0, M ,4,Unknown,Married,2
802867683,53.0,F,2,High School,Single,3
711893358,46.0, M ,5,High School,Married,1
785410158,50.0,F,3,High School,Married,3
718596858,53.0,F,4,Graduate,Divorced,1
708338958,58.0,F,1,Graduate,Single,1
714688833,47.0,F,2,High School,Married   ,2
789662283,50.0,F,3,High School,Married,4
712805658,56.0,F,3,Uneducated,Single,2
815598858,48.0,M,3,Graduate,Married,1
779412783,55.0,F,1,High School,Single,3
780036483,38.0,m,1,Graduate,Single,2
711527508,46.0,F,3,High School,Married   ,2
720768258,52.0,F,3,Graduate,Single,1
716023533,49.0,FEMALE,1,Post-Graduate,Single,2
714075708,48.0,M,4,Uneducated,Divorced,1
787475433,36.0,F,2,Doctorate,N/A,3
787505133,36.0,M,3,College,Married,3
712241433,38.0,F,0,High School,Single,1
807990108,44.0,m,1,Uneducated,Divorced,3
719018208,52.0,FEMALE,0,Doctorate,Married,3
716641983,55.0,F,4,College,N/A,3
708989358,37.0,F,2,Unknown,Married,1
708807483,51.0,F,3,Graduate,Married,3
715774833,41.0,F,2,Doctorate,Unknown,2
714733908,51.0,M,2,High School,Married,3
721067658,40.0,M,4,Graduate,Married   ,3
788997408,65.0,F,2,Doctorate,Single,2
719835033,46.0,m,4,College,Married,2
771854808,45.0,M,4,Graduate,Married,3
717299958,49.0,M,3,Graduate,Single,0
720778458,49.0, M ,3,Unknown,Married,3
713019783,41.0,F,3,High School,Married,3
770968383,41.0, M ,4,Graduate,Married,3
709747308,41.0, M ,5,Graduate,Married,3
801366783,51.0,F,1,College,Single,2
798786333,46.0,F,2,Graduate,Married,2
771723408,37.0,m,2,Unknown,Single,4
715117008,39.0,M,5,Uneducated,Married,3
713944833,46.0,M,5,Uneducated,Single,2
713569158,43.0,F,3,High School,Single,2
713037333,63.0,M,1,Graduate,Single,2
718267233,50.0,M,1,Graduate,Married,3
709736658,37.0,M,4,Uneducated,Married,2
710929233,33.0,F,2,Doctorate,Single,3
714290583,44.0,M,4,Post-Graduate,Married,2
717972408,44.0,M,2,Uneducated,Married   ,3
718626033,47.0,M,3,High School,Married,2
720008133,45.0,F,4,Graduate,Unknown,3
710476908,39.0,F,3,Graduate,Married,3
709888383,47.0,F,3,Graduate,Married,2
788864508,52.0,FEMALE,3,Unknown,Single,2
714010383,47.0,F,5,Uneducated,Single,5
719549508,49.0,F,4,Graduate,Single,2
718670808,59.0,F,0,College,Married,0
718211208,39.0, M ,3,High School,Married,2
712578933,35.0,F,5,High School,Married,6
709343433,39.0,m,2,Graduate,Single,3
767488908,41.0,M,4,Unknown,Married,3
719531133,46.0, M ,4,Unknown,Unknown,3
719006508,34.0,M,2,Graduate,Married,3
721287183,49.0,F,2,Uneducated,Married,3
711144183,55.0, M ,3,Graduate,Married,1
709080783,56.0,F,1,Graduate,N/A,3
710520408,52.0, M ,4,High School,Single,3
785262333,46.0,M,5,Uneducated,N/A,3
716513358,51.0,F,2,Graduate,Divorced,3
719073483,45.0,FEMALE,3,Uneducated,Married,3
715372083,37.0,F,1,Graduate,Single,3
780034083,48.0,F,3,High School,Married,2
794581533,52.0,M,2,College,Single,3
710013258,44.0,F,3,High School,Single,2
719084358,55.0,F,1,Graduate,Married,3
789173958,45.0,F,2,Graduate,Married,2
789575583,43.0,F,2,Uneducated,N/A,0
712434708,52.0,F,3,High School,Married,2
808675083,61.0,M,1,Graduate,N/A,2
710864358,51.0,F,2,Doctorate,Married,2
712574583,34.0,F,1,Graduate,Single,3
708412758,33.0,F,3,Graduate,Married   ,3
714389058,38.0,F,3,Unknown,Married   ,2
715767033,56.0,F,3,College,N/A,3
779281233,45.0,F,3,Graduate,Married   ,3
717147708,44.0,M,2,Uneducated,Divorced,2
715029333,52.0,m,2,Unknown,Divorced,3
806989008,30.0,F,0,High School,Married   ,2
713158083,56.0,M,2,High School,Single,4
771037008,46.0,M,1,Uneducated,N/A,2
710587458,34.0,M,2,High School,Unknown,2
710563458,43.0,F,1,Graduate,Divorced,3
720010608,37.0,M,2,Unknown,Single,4
710343783,37.0,F,5,Unknown,Married,2
772578858,49.0,F,1,Unknown,Married,2
708559533,40.0,M,1,Uneducated,Married,2
711939558,37.0,F,2,Unknown,Single,3
772143333,46.0,F,2,High School,Single,3
711067383,53.0,M,1,Unknown,Single,3
817041408,56.0,F,3,High School,Married,3
771942333,65.0,M,1,College,Single,2
755247108,50.0,F,2,Doctorate,Single,0
715710708,50.0,M,2,Unknown,Married,2
713858733,61.0,F,0,Post-Graduate,Married,2
717129333,35.0,F,2,Graduate,Married,2
716924958,65.0,FEMALE,2,Graduate,Single,3
719614758,45.0,m,4,Graduate,Single,2
721537683,50.0,F,3,Post-Graduate,Married,3
771500358,43.0,F,2,Uneducated,Divorced,1
711531858,48.0,F,4,Unknown,Married   ,3
715060158,41.0,F,4,Graduate,Single,2
779725833,42.0,M,2,Graduate,Single,2
716592558,52.0,F,1,High School,Single,3
771020133,45.0,F,5,Uneducated,N/A,0
709153008,37.0,M,3,High School,Married,3
713394858,48.0,M,2,Post-Graduate,Married,2
721175283,59.0,F,1,Graduate,Married,1
715503558,57.0,F,3,High School,Married,3
819943458,57.0,FEMALE,3,Graduate,Single,3
717094758,40.0,F,4,Post-Graduate,Married,1
772073508,52.0,F,1,College,Single,6
721351983,43.0,F,4,Uneducated,Married,3
714477408,36.0,F,3,High School,Married,3
718471758,49.0,FEMALE,4,Doctorate,Single,2
711607833,43.0,FEMALE,5,High School,Married,1
708621408,39.0,F,1,Unknown,Single,1
719277033,44.0,M,3,High School,Married   ,1
813905508,57.0,F,3,Uneducated,Single,3
719761458,55.0,FEMALE,4,Post-Graduate,Single,1
708222558,37.0,F,2,Post-Graduate,Married,3
713937558,54.0,FEMALE,2,High School,Married,3
709603608,34.0,M,3,Uneducated,Married,1
804661083,50.0,M,0,Graduate,Single,2
720977358,50.0,F,2,Unknown,Married   ,2
718420308,50.0,F,2,High School,Married,3
714046608,49.0,M,0,Doctorate,Married,3
718048608,41.0,F,3,Graduate,Married,0
718497033,52.0,M,1,High School,Married,3
711801933,54.0,F,4,High School,Single,4
716282208,54.0,F,2,Post-Graduate,Married,3
789076083,50.0,FEMALE,3,High School,Single,2
714045783,37.0,F,2,Graduate,Married,6
769720683,50.0,F,1,Graduate,Married,2
721092783,46.0,m,3,Graduate,Married,1
720243933,47.0,M,2,Uneducated,Married,6
818502708,51.0,F,1,Uneducated,N/A,2
712942308,42.0,M,3,Doctorate,Single,3
714262533,28.0,F,0,Unknown,Married,2
714708183,58.0,M,2,High School,Single,3
718285308,44.0, M ,1,Unknown,Single,1
720595083,40.0,F,3,Unknown,Married,3
787501758,51.0,F,3,High School,Single,1
714990633,56.0,M,4,Graduate,Single,2
714652383,51.0,F,4,Graduate,Married,2
788776008,43.0,M,3,College,Married,1
709176108,56.0,F,4,Post-Graduate,Unknown,3
719354433,48.0,M,1,College,Single,3
709368483,56.0,M,2,Graduate,Married,1
717621333,48.0,F,3,Unknown,Divorced,1
716272158,41.0,F,3,College,Married,4
803355408,50.0,M,2,Unknown,Married,1
717073308,44.0,F,3,College,Married,2
789105183,54.0,M,3,Post-Graduate,Single,2
721305408,48.0,F,2,Graduate,N/A,1
715739733,34.0,M,1,High School,Single,2
779217333,59.0,F,0,Graduate,Divorced,3
712133508,41.0,F,3,College,Single,2
714602658,39.0, M ,1,Graduate,Married,3
712446783,50.0,F,4,Graduate,Married,4
720049083,35.0,F,1,Unknown,Divorced,3
824172258,34.0,F,2,Unknown,Divorced,2
717695058,46.0,F,5,High School,Married,3
719782458,49.0, M ,1,Graduate,N/A,3
718141983,49.0,M,0,High School,Single,1
718853358,42.0,F,3,Graduate,Single,2
772539558,65.0,F,0,College,Single,0
817094283,43.0,F,5,Graduate,Married,3
716932308,38.0,F,2,College,Married,3
714738858,52.0,FEMALE,1,Graduate,N/A,3
772409733,39.0,F,3,High School,Divorced,3
717534108,48.0, M ,3,High School,Divorced,3
816378033,46.0,m,4,Uneducated,Married   ,2
790141308,44.0,M,2,College,Married,1
710770383,53.0,F,2,Graduate,Married,1
711351108,44.0,F,3,High School,Unknown,2
713744058,41.0,F,3,High School,Married,3
708998583,47.0,m,4,Post-Graduate,N/A,2
827451333,54.0,F,2,Uneducated,Married,3
714228558,40.0,M,3,High School,Single,3
797668983,42.0, M ,4,Graduate,Married,1
713023158,39.0, M ,2,College,Married,2
709982658,41.0,F,2,College,N/A,3
715398858,57.0,F,3,Post-Graduate,Married,2
715615233,60.0,F,1,High School,Married   ,3
710650608,51.0,M,2,Graduate,Married   ,2
803214108,33.0,F,0,High School,Single,1
717202083,46.0,M,2,Unknown,Married   ,3
719051733,63.0,M,0,College,Married   ,1
789900633,49.0, M ,2,High School,Married,2
789122808,41.0,F,4,College,Married,3
709902108,51.0,M,2,High School,Married,2
713666058,46.0,F,5,College,Divorced,3
711453783,41.0,F,3,Unknown,Single,3
778936008,46.0,F,4,High School,Married,3
708085458,34.0,F,2,Uneducated,Single,2
749067633,45.0,F,2,Unknown,Married,3
716170308,27.0,FEMALE,0,Graduate,Divorced,0
711507783,54.0,F,2,Doctorate,Single,3
819752133,41.0,M,2,High School,Divorced,2
711061908,48.0,F,1,Graduate,Married,3
744231708,,F,2,Graduate,Married,3
716856408,39.0,F,4,Graduate,Single,4
711780108,46.0,F,4,Doctorate,Divorced,2
715178733,47.0,F,2,Unknown,Married   ,1
721418133,45.0,F,3,Graduate,Single,3
720124758,49.0,M,3,Uneducated,Married,3
809068983,40.0,F,2,Graduate,Married,3
711052308,45.0,M,3,Post-Graduate,Divorced,3
718967433,34.0,F,2,High School,Divorced,3
709827933,44.0,M,2,Graduate,Married,2
787568433,42.0,M,3,Graduate,Single,3
720256158,47.0,FEMALE,2,High School,Married,3
715435758,42.0,M,2,Graduate,Single,3
719505483,51.0,F,0,Uneducated,N/A,2
721247883,52.0,M,2,College,N/A,3
772220433,44.0,M,3,College,Unknown,2
789692283,47.0,F,5,College,N/A,2
815091333,48.0,F,3,Unknown,Married   ,2
778732158,50.0,F,3,Uneducated,Unknown,3
715129233,51.0,m,4,High School,Single,3
714083208,47.0,F,3,College,Married,2
716559108,47.0,F,1,High School,Single,3
715102308,50.0,F,2,Unknown,Married,2
768814983,39.0,F,2,Unknown,Married   ,3
788744058,48.0,F,2,High School,Married,2
782802033,45.0,F,4,Unknown,Married,2
708499608,49.0,M,5,Post-Graduate,Single,2
794947683,35.0, M ,4,Graduate,Single,0
716442333,34.0,F,3,Graduate,Married   ,2
772189308,59.0,F,1,College,Single,0
721529583,52.0,M,3,High School,Single,3
713578608,58.0,M,0,Doctorate,Single,3
718976283,51.0,F,2,Unknown,Single,2
711505308,59.0, M ,1,Graduate,N/A,3
711131958,50.0,F,3,Doctorate,Single,3
714687858,49.0,F,1,Graduate,Married   ,3
780289308,61.0,F,0,High School,Married,4
708504783,47.0,FEMALE,3,Uneducated,Unknown,3
778857108,52.0,F,3,Post-Graduate,N/A,0
756598833,38.0,M,1,Uneducated,Married,3
718748133,34.0,F,3,Graduate,Single,0
714503433,57.0,F,2,Doctorate,Married,3
710869008,47.0,F,3,Graduate,Single,2
779643858,55.0,F,1,Graduate,Married,2
715250583,55.0,M,2,Unknown,Single,3
714396558,57.0,F,3,High School,Married,3
752766783,43.0,F,4,Graduate,Divorced,2
715532208,65.0,F,1,High School,Single,2
719130558,55.0,F,2,Uneducated,Married,3
806232408,54.0,F,3,Graduate,Married,2
715497558,44.0, M ,1,College,Married,3
716303583,55.0, M ,2,Graduate,Unknown,2
713522058,39.0,F,0,College,Married,3
719074308,37.0,F,3,College,Married,0
711881733,55.0,F,1,Graduate,Married,3
710310108,46.0,F,1,Doctorate,Married,2
715814433,44.0,M,4,Unknown,Single,3
717252483,57.0,F,2,Graduate,N/A,3
770874483,54.0,F,1,Post-Graduate,Married,2
719742108,38.0,F,1,High School,Single,4
711064008,48.0,F,2,Unknown,Single,2
717208833,34.0,F,3,High School,Single,2
709022883,44.0,F,4,College,Married,2
713653983,39.0,M,3,Uneducated,Single,1
713463708,40.0,F,4,Graduate,Single,3
789143283,41.0,F,1,Uneducated,Single,3
778550583,43.0, M ,1,High School,Unknown,2
711181608,50.0,F,2,Graduate,Married   ,3
711790308,54.0,F,0,High School,Unknown,3
779791908,47.0,F,4,Post-Graduate,N/A,3
789515283,51.0,M,3,Graduate,Married,3
712046808,49.0,F,3,Doctorate,Divorced,3
712169883,43.0,M,1,College,Married   ,2
712637283,36.0,F,2,Unknown,Unknown,2
715555833,47.0,F,3,Unknown,Single,0
708712833,45.0,F,5,Graduate,Married,2
717841683,49.0, M ,3,Unknown,Married,3
708689958,48.0,F,4,Unknown,Unknown,2
708888633,52.0,M,3,Doctorate,Married,3
721012983,46.0,M,3,Doctorate,Married,2
812406183,45.0,F,4,Unknown,Single,3
714595983,49.0,F,1,Uneducated,Married,3
715725858,43.0,F,3,Post-Graduate,Single,2
720270633,40.0,F,3,Graduate,Married   ,1
720269283,48.0,F,3,Unknown,Unknown,2
710142258,53.0,F,2,Unknown,Single,2
708525108,54.0,F,2,Graduate,Married,3
709621008,48.0,M,5,Post-Graduate,Single,2
717181833,39.0,F,1,Graduate,Single,2
711288558,45.0,F,3,Graduate,Single,2
718653333,45.0,FEMALE,2,College,Single,3
766628733,56.0,M,3,Uneducated,Single,3
711724083,27.0,F,0,Unknown,Married   ,3
719690733,47.0,F,4,High School,Married,2
770783508,48.0,M,3,Graduate,Divorced,2
713422083,30.0,F,0,Graduate,Single,3
718026858,52.0,F,2,College,Single,2
716028108,35.0,F,2,College,Single,0
712222758,38.0,F,3,Graduate,Married,3
718436133,44.0,F,2,Graduate,Single,3
719313633,53.0,F,0,High School,Married,3
814586958,43.0,F,2,College,Divorced,2
804344733,46.0,F,3,Unknown,Single,2
717166383,40.0,F,4,Unknown,Married,2
713060283,43.0,F,5,Graduate,Married,3
713070033,56.0,F,2,Graduate,Single,2
793625583,48.0,F,3,High School,Single,1
713918358,31.0,F,0,Uneducated,Divorced,1
714308283,41.0,M,2,Doctorate,Married   ,3
714086133,47.0,m,4,Uneducated,Single,3
718872858,43.0,F,2,High School,Married,3
718148358,50.0,F,3,High School,Married,3
709665783,39.0, M ,1,Unknown,Married,1
708483708,51.0,M,2,Unknown,Married,2
715347783,40.0,M,4,High School,Married,1
709054083,50.0,F,1,Graduate,Unknown,3
807915408,41.0,F,2,College,Married,3
794507133,37.0,F,2,Doctorate,Single,3
712569408,56.0,F,4,Doctorate,Single,3
788805108,47.0,M,3,High School,Single,3
710150208,44.0,F,4,Post-Graduate,Divorced,3
711825558,38.0,M,3,Graduate,Married,2
712891833,45.0,F,2,Graduate,Unknown,1
719680908,47.0,F,0,College,Married,3
801053208,39.0,F,3,High School,Married,1
758642733,48.0,F,1,Graduate,Single,1
771201408,53.0,F,3,Graduate,Divorced,3
789523683,51.0,F,2,Graduate,Single,3
767266758,41.0,F,2,High School,Single,4
713732883,38.0,F,0,Uneducated,Single,2
720739083,36.0,F,2,Post-Graduate,Married,3
718010133,46.0,F,2,Post-Graduate,Single,3
771518658,58.0,F,1,High School,Married   ,1
710508858,44.0,F,2,High School,Unknown,3
772590408,41.0,M,5,Unknown,Married,1
719334408,42.0,F,3,Post-Graduate,Married   ,1
717500133,42.0,M,4,Uneducated,N/A,3
720988083,45.0,F,1,Uneducated,Married,2
713594883,44.0,F,2,Uneducated,Single,3
719848908,41.0,F,3,Graduate,N/A,3
714962658,35.0,M,2,Unknown,Single,3
717429258,48.0,F,3,Doctorate,Single,4
717022533,43.0,F,2,Post-Graduate,Single,3
710853033,36.0,F,1,Doctorate,Unknown,2
709548783,44.0,M,2,Doctorate,Unknown,4
780055308,43.0,F,3,College,Married   ,3
714252933,52.0,F,2,College,Divorced,3
713336883,61.0,F,0,High School,Single,4
713119308,50.0,F,3,Unknown,Married   ,3
710815608,43.0,M,2,High School,Married,3
809626983,48.0,F,3,High School,Married,3
803398983,35.0,F,3,Unknown,Divorced,3
717568308,39.0,M,1,Unknown,Single,1
711694083,59.0,m,0,Post-Graduate,Single,2
712258308,58.0,F,4,High School,Single,3
713884458,51.0,M,4,High School,Single,2
716160708,64.0,M,1,Graduate,Single,1
772728933,50.0,M,2,High School,Married,3
815320383,46.0,F,3,Unknown,Unknown,2
712117983,49.0,M,4,Graduate,Married,2
788694558,53.0,FEMALE,3,Uneducated,Single,3
709275558,54.0,M,2,Graduate,Single,2
711216933,42.0,F,1,High School,Married,1
717069033,43.0,F,4,Graduate,Married,3
714992733,46.0,FEMALE,3,Graduate,Married   ,1
809445858,38.0,F,0,Graduate,Single,3
708859158,47.0,F,4,Graduate,Single,1
710040483,37.0,M,3,Uneducated,Unknown,1
714667608,47.0,M,5,Post-Graduate,Married   ,2
714475908,43.0,M,2,Uneducated,Single,2
713656308,56.0,F,0,High School,Married   ,1
716790633,43.0,M,3,Graduate,Married,3
716127333,45.0,F,3,Graduate,Married,3
713017758,47.0,F,1,Uneducated,Single,2
717893358,43.0,F,3,Graduate,Married   ,3
780032208,44.0,M,3,Graduate,Married,3
720219633,52.0,m,0,Graduate,N/A,2
711676008,52.0,FEMALE,1,Graduate,Single,2
714192033,43.0,F,3,High School,Single,2
713442933,49.0,M,3,Unknown,Married,3
789052308,40.0,M,3,Graduate,Unknown,2
714948858,50.0,F,2,Unknown,Single,2
711772983,43.0,M,2,High School,Married   ,2
802937058,53.0, M ,1,Graduate,Married,1
712493058,42.0,F,5,High School,Single,2
718808883,55.0,F,2,Graduate,Single,1
719685408,40.0,M,2,Uneducated,Married   ,2
708829758,41.0,M,2,High School,Married,2
710792733,47.0,F,3,Post-Graduate,Married,2
716838633,46.0,M,4,High School,Single,0
714041283,50.0,F,2,Graduate,Single,2
710284233,33.0,M,4,Uneducated,Married,4
752944533,45.0,F,5,High School,Married,2
713312208,53.0,M,1,High School,Married,3
804045933,36.0,M,0,Graduate,Married,2
716662683,55.0,F,2,Unknown,Single,3
713432508,42.0,F,3,Post-Graduate,N/A,2
799475658,51.0,F,3,Uneducated,Married,3
719849958,44.0,F,4,Graduate,Single,3
715803933,47.0,M,1,Post-Graduate,Single,2
779486433,46.0, M ,5,Unknown,Single,3
708281433,57.0,F,2,Graduate,Married,3
779844408,43.0,F,1,Post-Graduate,Married,3
721306908,61.0,F,1,Graduate,N/A,2
713964858,51.0,M,2,Graduate,Divorced,3
717545808,44.0,F,4,Post-Graduate,Single,2
771232533,46.0,F,2,Graduate,Married   ,3
710883483,52.0,F,1,Graduate,Married   ,3
801715383,45.0,M,4,Graduate,Married,2
719594433,35.0,F,2,Graduate,Single,2
716310633,59.0,F,1,Post-Graduate,Single,2
714188883,46.0, M ,5,Doctorate,Single,2
772437633,43.0,M,3,Graduate,Single,3
708536283,35.0,M,1,Doctorate,Single,2
772569033,44.0,M,0,High School,Divorced,2
714443883,57.0,F,3,Graduate,Married,1
710369658,50.0,M,3,Unknown,Married,2
788440083,55.0,M,2,Uneducated,Single,3
773332908,48.0,M,4,High School,Unknown,2
709307808,59.0,F,2,High School,Married   ,3
712507758,36.0,F,2,College,Unknown,3
715701033,43.0,M,2,Graduate,Married,3
718478883,55.0,F,2,College,Single,3
788734158,42.0,M,4,Graduate,Married,2
794490858,48.0,F,1,High School,Married,2
718397658,60.0,F,0,Unknown,Single,2
718826883,50.0,FEMALE,3,Uneducated,Single,2
716733933,42.0,F,2,High School,Married,2
809307108,44.0,F,1,High School,Single,2
778671483,33.0,F,3,Uneducated,Single,3
815504583,48.0,F,4,Graduate,Married   ,4
789319458,48.0,M,5,Uneducated,Single,3
710382108,39.0,F,3,Post-Graduate,Married,2
720895533,32.0,F,4,Unknown,Married,3
709891608,41.0,M,2,High School,Married,3
717136533,37.0,F,2,Uneducated,Single,2
790164408,59.0,F,1,Unknown,Married,3
795613233,48.0,F,2,Graduate,Married,0
709009833,54.0,M,3,Graduate,N/A,3
720054183,41.0,F,2,Graduate,Single,2
713193408,59.0,F,0,Unknown,Single,3
801508383,48.0,M,2,Graduate,Married,2
711949683,55.0,FEMALE,2,College,Divorced,3
787747308,49.0,FEMALE,4,Uneducated,Unknown,2
720064158,51.0,F,3,Post-Graduate,Married,3
779104608,34.0,F,3,High School,Unknown,3
715477233,55.0,F,1,High School,Unknown,3
719524383,35.0,F,3,Graduate,Single,3
713804883,46.0,F,4,Post-Graduate,Single,2
710359458,50.0,m,1,Graduate,Married,3
716311683,43.0,M,4,College,Married,2
753795633,48.0,F,2,Uneducated,Married,2
780076833,44.0,M,1,Unknown,Married   ,2
716019333,65.0,F,0,Unknown,Single,3
820657083,53.0,M,4,College,Single,2
716901858,49.0,FEMALE,4,Doctorate,Married   ,2
756571983,45.0,F,3,High School,Single,3
817607358,44.0,F,2,High School,Unknown,3
778268508,56.0,F,2,Uneducated,Single,1
778984383,43.0,F,3,High School,Married   ,1
720771933,49.0,F,3,Post-Graduate,Married,1
748827033,44.0,M,3,Graduate,Divorced,3
712591983,52.0,FEMALE,5,Graduate,Single,3
712181658,37.0,F,2,Graduate,Single,1
712297683,47.0, M ,3,College,Married,2
714684933,40.0,F,1,Uneducated,Married,3
720742083,48.0,F,4,Unknown,Married,3
772310958,42.0,F,2,Graduate,Married,3
715343883,42.0,FEMALE,3,High School,Single,3
720470133,59.0,M,0,Graduate,Single,3
710420133,47.0,FEMALE,2,Graduate,Married   ,2
720933408,56.0,F,2,Uneducated,Unknown,2
716304483,46.0,F,3,High School,Married   ,3
719534058,26.0,F,0,Graduate,Unknown,1
710515308,42.0,F,1,Graduate,Single,1
797241108,47.0, M ,1,Graduate,Married,3
708884658,48.0,F,2,Graduate,Married   ,1
794475483,44.0,M,4,Uneducated,Married,2
714315858,56.0,F,3,High School,Married,3
717217983,43.0,F,3,Graduate,Married,3
721124658,40.0,M,3,Uneducated,N/A,3
716753058,38.0,F,3,Graduate,Single,2
711069483,40.0,F,2,Graduate,N/A,2
708478233,48.0,F,3,Graduate,Married,2
710783358,46.0,M,3,High School,Unknown,2
713710383,43.0,M,2,High School,Unknown,1
720815208,52.0,M,0,High School,Single,3
721338783,49.0,F,4,Uneducated,Married,3
714121983,49.0,F,3,Graduate,Single,3
715061733,42.0,M,3,College,Single,3
720520308,46.0,F,4,Graduate,Married,3
806908608,46.0,F,2,Unknown,N/A,3
798972183,,F,2,Unknown,Married   ,2
715030308,42.0,M,4,Graduate,Married,2
708244458,47.0,FEMALE,2,Unknown,Married,2
789479058,45.0,F,4,College,Divorced,3
784998108,33.0,M,3,High School,Married,2
711808383,50.0,M,3,Graduate,Married   ,3
770839608,60.0,m,1,Unknown,N/A,1
713866308,45.0,M,4,Unknown,Single,1
714250908,53.0,F,2,Graduate,Married,2
739317558,48.0,M,5,Graduate,Married,3
718702908,53.0,F,2,Unknown,Single,1
720644883,53.0, M ,1,College,N/A,1
717182883,33.0, M ,1,High School,Married,2
719384433,44.0,F,3,High School,Divorced,3
787301208,52.0,M,2,Uneducated,N/A,1
720924633,40.0,m,5,Graduate,Unknown,1
721316358,41.0,M,3,High School,N/A,1
716118633,43.0,M,2,Post-Graduate,Divorced,1
789880533,46.0,F,4,Graduate,Single,4
711221958,43.0,F,3,Graduate,Single,2
715510683,40.0,F,1,High School,Single,2
718689258,39.0,F,2,Doctorate,N/A,3
716368008,54.0,F,1,Graduate,Married   ,2
712092783,47.0,F,3,Doctorate,Married   ,3
789541458,35.0,F,1,High School,Married,2
719539458,46.0,F,3,Graduate,Single,3
713082708,41.0,F,2,High School,N/A,2
794665608,48.0, M ,3,Graduate,Single,3
712827258,37.0,M,3,Uneducated,Married,3
714525633,55.0,F,2,Unknown,N/A,2
708726708,42.0,F,3,Graduate,Single,3
768498258,47.0, M ,1,High School,Married,3
712767858,42.0,F,0,College,Single,3
709231683,36.0,F,2,Graduate,Unknown,3
712445583,33.0,F,0,College,Single,4
711461658,47.0,M,1,High School,Married,2
713891133,41.0,F,2,Unknown,Single,2
710074458,41.0, M ,5,High School,Divorced,3
779279883,60.0,F,2,High School,Married,2
719674533,48.0,M,3,Unknown,Single,3
716535408,43.0,M,3,Unknown,Married,3
710319108,54.0,F,2,High School,Married,3
714777858,60.0,F,2,Unknown,Married,2
769974258,44.0,M,3,Post-Graduate,Single,3
717819633,49.0,F,3,Uneducated,Married,2
712953483,64.0,F,0,Graduate,Married   ,4
779029458,54.0,F,1,Post-Graduate,Single,3
721321383,50.0,F,3,Doctorate,Married   ,2
716973333,40.0,M,3,Uneducated,Married,2
709946658,49.0,F,4,College,Single,3
709243533,49.0,F,2,Unknown,Single,2
709999308,51.0,M,3,Uneducated,Married,2
712389108,43.0,F,2,Graduate,Married,2
712305333,59.0,M,0,Graduate,Single,2
812785158,42.0,M,4,Uneducated,Married   ,2
765459858,47.0,M,3,Graduate,Divorced,3
714894708,53.0,M,1,Uneducated,N/A,2
711296508,-99.0,F,3,Graduate,Single,3
795713058,45.0,M,3,Post-Graduate,Married,2
789487308,48.0,M,2,Doctorate,Single,2
720130233,48.0,M,2,High School,Single,1
789047208,57.0,F,2,High School,Single,3
715864983,56.0, M ,2,High School,Married,2
708765933,46.0, M ,2,Post-Graduate,Married,2
809320908,42.0,M,3,High School,Single,3
779324358,49.0,FEMALE,2,Uneducated,Single,3
713730108,48.0,M,4,Post-Graduate,Divorced,2
711783483,55.0,F,3,Post-Graduate,Single,2
719294433,63.0,F,1,Uneducated,Single,1
718279008,44.0,M,3,High School,Single,3
721238508,38.0,F,3,High School,N/A,3
709365483,45.0,F,2,Doctorate,Divorced,3
718477983,54.0,F,3,High School,Married,3
719809533,59.0,F,0,Unknown,Married,4
717239133,52.0,F,1,College,Married,1
814091058,38.0,F,1,College,Single,3
710555433,42.0,F,4,Graduate,Married   ,2
770956158,43.0,F,4,Graduate,Married   ,1
718263108,44.0,F,3,Unknown,Divorced,2
715984908,52.0,M,2,Graduate,Married,2
711020358,52.0,F,3,Uneducated,Unknown,2
788769783,42.0,F,4,College,Divorced,3
715496808,53.0,F,1,Graduate,Married   ,3
779931783,52.0,M,2,High School,Single,3
818763033,34.0,FEMALE,3,Graduate,Married,1
711953358,51.0,M,2,Graduate,Married,2
716485308,43.0,FEMALE,2,Unknown,Unknown,3
716432658,48.0,F,3,High School,Married,1
712691883,41.0,FEMALE,2,High School,Married,2
712611108,59.0,F,1,Unknown,N/A,2
716245833,62.0,M,1,Graduate,Unknown,2
780052008,37.0,M,3,Unknown,Single,2
709759908,46.0,M,2,Graduate,Married,2
788667408,50.0,F,2,High School,Married,1
721449408,40.0,F,4,Unknown,Single,1
708316008,59.0, M ,1,Graduate,Single,3
714655758,62.0,M,0,Graduate,Divorced,2
711846183,38.0,F,3,Graduate,Single,3
720612333,44.0,F,3,College,Single,2
714673833,59.0,F,1,Graduate,Single,1
710525508,48.0,F,2,High School,Married,3
757854858,50.0, M ,2,Unknown,N/A,4
714658233,46.0,F,5,High School,Unknown,3
716381808,43.0,M,2,Unknown,Single,1
720831783,50.0,F,0,High School,Unknown,1
714319233,44.0,M,5,Graduate,Divorced,6
718178583,42.0,F,2,Unknown,Married   ,1
708886533,50.0,M,1,Graduate,Single,3
716239383,45.0,F,4,High School,Married,2
714672933,52.0, M ,3,Graduate,Married,2
809954133,49.0, M ,2,Uneducated,Married,3
714855108,60.0,F,0,High School,Married,1
718730283,38.0,F,2,Graduate,Married   ,3
709232808,44.0,F,3,Unknown,Divorced,2
804428958,47.0,M,1,Graduate,Married,1
711474333,57.0,F,2,Uneducated,Single,2
720070383,41.0, M ,3,Uneducated,Single,3
720322008,35.0, M ,2,Unknown,N/A,1
714527433,39.0, M ,4,Graduate,Married,2
789267633,54.0,F,2,College,Married   ,1
714523383,43.0, M ,3,Graduate,Single,2
713996283,32.0,F,2,Post-Graduate,Single,1
714557583,58.0,F,2,College,Single,0
714014733,33.0,M,2,College,Single,2
779065458,56.0,M,1,High School,Married,3
712733958,46.0,F,2,Unknown,Single,3
719231583,61.0,M,1,Graduate,Unknown,2
778801608,50.0,M,2,College,N/A,2
720728133,44.0,M,4,Uneducated,Single,3
718153233,46.0,M,3,Uneducated,N/A,2
716122008,44.0,F,3,Unknown,Married,2
714960408,44.0,F,3,College,Single,1
772382283,46.0,F,3,Graduate,Married,3
817236708,42.0,M,3,Uneducated,Married,3
714266883,54.0,F,4,Post-Graduate,Unknown,3
792795933,39.0,F,1,Graduate,Single,2
717219933,47.0,F,3,Unknown,Single,6
719986758,46.0,F,2,Unknown,Single,6
712326708,42.0,F,2,Unknown,Married,3
721505358,41.0,F,3,Unknown,Married   ,2
804337233,45.0,F,4,High School,Single,2
785351133,61.0,F,1,Graduate,Unknown,3
714034158,46.0,F,4,Unknown,Married,3
720349983,32.0,F,1,Unknown,Divorced,1
720155583,55.0,F,2,Unknown,Single,3
806140383,59.0, M ,2,High School,Single,2
799031958,49.0,M,2,Unknown,Unknown,2
719556558,46.0,M,2,Doctorate,Married,1
771455508,60.0,F,0,College,N/A,3
712214283,40.0,M,2,Graduate,Married,3
712667058,39.0,F,1,Graduate,Single,3
715393908,57.0,FEMALE,2,Post-Graduate,Married,1
751518633,48.0,M,5,Post-Graduate,Single,1
769100508,55.0,FEMALE,5,High School,Single,1
720582558,44.0,F,2,Uneducated,Married,1
710773533,43.0,F,3,Post-Graduate,Married,3
712395408,51.0,FEMALE,3,Graduate,Divorced,3
818459733,41.0,M,3,Doctorate,Married   ,2
708867408,52.0,M,2,High School,Married,2
772457583,47.0,F,2,Doctorate,Single,1
810271083,47.0,F,3,Unknown,Single,3
712649058,54.0,F,2,Uneducated,Single,2
788737083,34.0,F,2,High School,Married,2
714012258,44.0,F,2,College,Single,1
757662258,46.0,F,4,Graduate,Divorced,1
714388158,36.0,F,2,Uneducated,Divorced,1
720067083,30.0,FEMALE,0,High School,Single,1
814529508,39.0,m,3,High School,Unknown,2
794068308,45.0,M,4,Unknown,Married   ,2
824812983,42.0,M,3,Unknown,N/A,1
713396358,32.0,F,1,Graduate,Single,3
719420883,56.0,F,4,Graduate,Unknown,3
785500533,53.0, M ,4,Unknown,Married,2
712138008,52.0,F,2,Graduate,Married,1
709279608,45.0, M ,4,High School,Married,3
788771733,49.0,M,4,High School,N/A,3
753365883,44.0,F,3,Unknown,Single,3
770717883,42.0,F,2,College,Married,1
716919633,58.0,F,1,Uneducated,Unknown,1
717915783,60.0,M,0,Unknown,Married,3
720099708,51.0,F,4,Unknown,Single,2
711004533,44.0,F,2,Graduate,Single,1
709482633,43.0,F,4,Uneducated,Married,3
717381183,27.0,F,0,Graduate,Married,2
719716983,46.0,m,4,Graduate,Married,3
711117108,48.0,F,3,High School,Married,3
780567408,47.0,F,3,Graduate,Divorced,2
778810083,45.0,F,3,Graduate,Single,3
778696608,46.0,M,3,Graduate,Divorced,3
771469758,55.0,M,3,Graduate,Single,3
714172158,51.0,F,0,Doctorate,Single,1
713713983,42.0, M ,4,Graduate,Single,2
787454133,40.0,M,2,Unknown,Divorced,3
709597983,65.0,M,0,Doctorate,Divorced,3
708298233,49.0,F,3,Graduate,Married,1
779885358,51.0,m,0,College,N/A,2
709938708,56.0,F,3,Uneducated,Married,2
719620983,41.0,F,2,Unknown,Single,0
712329933,47.0,F,1,High School,N/A,2
798280683,37.0,M,3,Post-Graduate,Single,3
715265208,48.0,F,1,High School,Single,3
826069983,46.0,F,4,Graduate,Single,3
708890958,55.0,M,3,Graduate,Single,2
708818508,36.0,M,1,Unknown,Married,2
795784008,44.0,F,3,Graduate,Married,3
714965958,47.0,F,4,Post-Graduate,Unknown,3
716328558,46.0,M,2,Uneducated,Married,2
780747033,43.0,F,5,Graduate,Married,3
713923233,46.0,M,3,High School,Married,3
710962308,57.0,F,4,High School,Single,3
713254983,62.0,M,0,Uneducated,Single,2
720275358,47.0,M,2,Graduate,Married,2
715964058,39.0,F,1,High School,Single,1
721461258,53.0,M,0,High School,Married   ,2
710727333,49.0,F,3,High School,Married,2
717325158,46.0,m,5,Graduate,Married,1
825856083,39.0,M,1,Post-Graduate,Single,1
807136758,58.0,F,2,High School,Married,2
715400733,43.0,F,3,Uneducated,Married,3
713927283,39.0,F,1,Graduate,Single,1
711594858,44.0,F,1,Unknown,Single,2
711389358,42.0,M,3,Graduate,Married,2
720769533,65.0,M,0,Graduate,Single,1
715736283,55.0,F,4,Doctorate,Single,1
768949983,31.0,F,2,Unknown,Married   ,1
711253383,48.0,F,2,Unknown,Married   ,3
798457833,46.0,F,3,Graduate,Married,3
794554683,41.0,F,4,Graduate,Married,2
789996783,36.0,F,3,Uneducated,Unknown,2
712220283,37.0,M,2,Graduate,Unknown,3
751150233,43.0,M,5,Graduate,Single,2
715815783,46.0,M,3,Graduate,Married,2
712599783,39.0,M,3,Uneducated,Single,1
719653308,49.0,F,3,Uneducated,Married,2
708928908,39.0,F,1,Graduate,Single,3
709780158,52.0,F,1,Graduate,Single,2
768675483,41.0,M,4,College,Divorced,2
714243408,46.0,F,2,Graduate,Married   ,2
711323283,57.0,M,2,Uneducated,Married,2
713499408,49.0,M,1,Unknown,Married,2
719245983,46.0,F,4,Post-Graduate,Married,2
810789708,38.0,F,1,Post-Graduate,Single,1
710301858,49.0,F,5,High School,Married,2
718611333,55.0,M,3,Post-Graduate,Married,0
787557258,52.0,F,4,Graduate,Married,2
711533058,42.0,F,2,Doctorate,Single,3
715805133,52.0,F,1,High School,Single,2
708680583,53.0,F,1,Graduate,Married,2
789454683,45.0,F,3,High School,Married   ,2
711428733,50.0,m,3,Post-Graduate,N/A,2
715842183,42.0,F,5,High School,Married,3
815772333,48.0,F,2,Unknown,Single,3
778255083,52.0,F,1,Uneducated,Married,3
715571583,57.0,F,2,Doctorate,Divorced,2
720711483,56.0,F,1,High School,Married,3
827436483,48.0,M,1,Graduate,Married,3
710715783,52.0,F,1,Uneducated,Single,3
758367933,56.0,M,2,Uneducated,Single,2
721399833,43.0,F,2,High School,Married,3
708727983,62.0,M,0,Uneducated,N/A,3
802822833,51.0,M,3,Uneducated,Unknown,2
713276733,45.0,F,4,Graduate,N/A,3
809440008,39.0,F,2,High School,Single,1
716959833,45.0, M ,3,Graduate,Single,2
714432108,56.0,F,3,Uneducated,Married,3
772580958,57.0,F,2,Uneducated,Married,2
715071483,60.0,F,1,Uneducated,Divorced,3
712410858,50.0,F,4,Uneducated,Married,3
715395933,44.0,F,3,College,Unknown,2
711237633,49.0,FEMALE,0,Graduate,Married,3
781337658,50.0,F,1,Graduate,Married,2
718913358,36.0,M,2,Graduate,N/A,3
715784808,57.0,F,4,Post-Graduate,Single,1
718452633,35.0,F,4,Graduate,Married,3
769883733,46.0,M,3,Post-Graduate,Single,2
709375158,29.0,F,1,Unknown,Unknown,2
801977733,40.0,F,2,High School,N/A,2
709175208,50.0,F,4,Uneducated,Single,2
788990508,62.0,F,0,Unknown,Single,1
720835308,49.0,F,2,Uneducated,Married,3
717365958,50.0,F,1,Graduate,Married,3
779577108,49.0,F,1,Doctorate,Single,2
801497508,56.0,F,1,Graduate,Married,2
716131083,47.0,M,2,Graduate,Single,3
784734258,56.0,F,2,Unknown,Divorced,2
711122958,41.0,F,3,Graduate,Married   ,3
779508333,63.0,M,0,Unknown,Married   ,2
717699408,51.0,F,3,Graduate,Married,3
720210483,43.0,F,3,High School,Unknown,3
709329558,49.0,F,4,High School,Single,2
721222833,51.0,F,3,Graduate,Married,3
712682583,44.0,FEMALE,5,High School,Single,2
710051658,46.0,M,3,Graduate,Married,3
708606633,56.0,F,3,Graduate,Married,4
710862258,41.0, M ,2,Uneducated,Married,2
720072933,49.0,F,4,Graduate,Married,3
757527033,53.0,F,2,College,Single,2
713115483,44.0,F,3,Uneducated,Married,3
816078708,45.0,M,3,Unknown,Single,3
713985183,46.0,F,5,Graduate,Single,2
789601308,58.0,M,3,Unknown,Married   ,3
720133908,41.0,M,2,Post-Graduate,Single,3
803197833,49.0,F,1,Post-Graduate,Divorced,2
812222208,54.0,F,3,Uneducated,Married   ,3
757634583,52.0,F,2,Graduate,Married,1
719362458,47.0,F,3,High School,Married,3
789331908,40.0,F,3,High School,Unknown,2
715616358,53.0,FEMALE,0,Graduate,Married,3
711784908,46.0,FEMALE,4,High School,Single,2
806900508,53.0,F,1,High School,Married,3
710098233,28.0,F,0,Unknown,Married   ,2
713508333,43.0,F,4,College,Unknown,3
712176708,51.0,F,3,Uneducated,Single,3
719724933,58.0,F,1,Uneducated,Married,2
716537433,50.0,F,2,College,Married,1
713186058,42.0,F,3,Unknown,Married,3
787558683,45.0,F,4,Post-Graduate,Single,2
718002633,48.0,F,2,Graduate,Married,1
789241308,54.0,F,2,Unknown,Unknown,3
713941158,47.0,F,1,High School,Unknown,1
808950108,39.0,F,2,Graduate,Married,2
719050458,62.0,F,0,Unknown,Single,3
718021608,45.0,F,3,Graduate,Married,2
788870283,56.0,F,3,Graduate,Married,1
778272408,52.0,M,1,Unknown,Divorced,2
720079758,46.0,F,3,Uneducated,Single,2
787457883,51.0,F,0,Unknown,Married,2
719884983,52.0,M,2,Graduate,Married   ,2
822056583,44.0,F,4,Graduate,Single,3
714585033,41.0,F,4,Uneducated,N/A,1
713981283,52.0,F,3,Graduate,Married,3
715328658,41.0,F,5,Post-Graduate,Married,3
708918558,37.0,FEMALE,2,Graduate,Married,2
748194633,60.0,F,1,Graduate,Divorced,3
719323683,47.0,F,3,Uneducated,Single,2
708611733,42.0,F,1,College,Married,3
771219033,42.0,M,1,Uneducated,Unknown,3
721480158,50.0,F,2,Unknown,Married,2
708086958,49.0,F,2,Uneducated,Married,2
709100283,36.0,F,2,High School,Single,2
719350908,43.0,M,4,Unknown,Married   ,2
714124983,57.0,M,2,Unknown,Single,3
718031508,45.0,M,4,College,Divorced,1
709732608,41.0,F,3,Graduate,Married,3
713466033,39.0,F,2,Graduate,Divorced,3
716369208,44.0,F,3,Graduate,Married,3
781143933,43.0,F,3,High School,Single,3
711337158,56.0,M,2,Graduate,Married,3
714724908,41.0,FEMALE,1,Uneducated,Married,1
719973033,49.0,F,1,Unknown,Married   ,2
714196008,43.0,M,2,Graduate,Unknown,1
780272208,39.0,F,1,Graduate,Married   ,3
717849708,46.0,m,4,Unknown,Married   ,3
712437108,49.0,M,3,Unknown,Married,1
767802483,44.0,FEMALE,4,College,Single,3
709064208,43.0,F,2,Uneducated,Single,6
714343608,56.0,F,0,Unknown,Single,2
709668408,56.0,F,1,Graduate,N/A,1
712753758,57.0,F,1,High School,Married   ,3
807722658,51.0,F,2,Graduate,Single,3
826808208,60.0,F,0,High School,N/A,2
757224108,43.0,F,4,Graduate,Married,1
816091608,37.0,F,1,College,Single,3
819684183,46.0,FEMALE,3,Graduate,Single,3
719630358,50.0,F,4,High School,Married,2
712399308,38.0,F,3,High School,N/A,3
721282908,44.0,F,4,Graduate,Married,2
820848408,52.0,F,4,Uneducated,Divorced,2
710888883,37.0,FEMALE,3,High School,Unknown,2
711338058,45.0,F,1,Unknown,Married,2
721317333,40.0,F,4,Post-Graduate,Single,1
711350133,51.0,M,2,Graduate,Married,1
803606958,57.0,F,3,Graduate,Single,0
721039308,40.0,M,4,Uneducated,Single,2
713440833,61.0,m,0,Graduate,Single,3
780814158,57.0,F,3,High School,Unknown,2
717255333,40.0,M,3,Graduate,Single,2
714368883,50.0,F,3,Graduate,Single,2
788797983,42.0, M ,3,Uneducated,Married,3
720642633,43.0,F,4,Graduate,Single,1
708793008,46.0,M,3,Doctorate,Divorced,3
819351258,42.0,F,3,College,Married,2
715212108,41.0,F,2,College,Married,1
720046458,50.0,F,0,High School,Single,2
779942808,42.0,F,3,Graduate,N/A,1
713709258,43.0,M,3,Post-Graduate,Single,2
779961408,58.0,F,1,Uneducated,Single,2
798699033,52.0,FEMALE,2,Graduate,Single,3
754968033,40.0,F,4,High School,Married,3
710163633,41.0,F,4,Graduate,Divorced,2
781675983,59.0,F,0,Graduate,Married,1
720418383,45.0,F,3,Unknown,Single,2
778486008,52.0,F,3,High School,Married,1
718303683,36.0,F,2,Graduate,Married,2
716756133,43.0,F,2,Graduate,N/A,2
711363258,49.0,F,1,Post-Graduate,Married,1
708551508,51.0,F,2,College,Single,2
715019883,52.0,M,3,College,Married,1
711125358,45.0,F,3,Graduate,Single,0
708453408,40.0,M,4,College,Divorced,3
716370258,49.0,F,3,Graduate,Single,3
803880108,47.0,F,3,High School,Single,3
708660408,40.0,F,1,College,Married,4
709822008,42.0,F,3,Unknown,Divorced,2
716411358,43.0,F,3,Uneducated,Married   ,3
717524433,52.0,F,2,College,Married,1
721011858,63.0,M,1,Graduate,Unknown,3
719734533,40.0,F,4,Graduate,Married,2
712285908,60.0,F,1,High School,Single,1
713675658,36.0,F,1,High School,Single,2
712869783,56.0,F,3,Graduate,Single,2
708545058,45.0,F,2,Graduate,Single,3
817240833,51.0,m,2,Graduate,Single,1
711671058,48.0,F,1,Uneducated,Married,2
719815383,49.0,F,4,Doctorate,Married,1
808747233,50.0,M,2,Doctorate,Married,3
713084208,43.0, M ,4,College,Married,3
806652483,41.0,F,2,High School,Single,3
709803258,48.0,M,2,Unknown,Married,3
717765183,55.0,F,1,Unknown,Single,3
779041983,41.0,M,5,High School,Single,2
709868433,43.0,FEMALE,4,Unknown,Single,1
818699208,47.0,F,4,Post-Graduate,N/A,4
717395733,42.0,F,3,Doctorate,N/A,3
719516208,54.0, M ,2,College,Single,3
717026658,43.0,F,3,Uneducated,Married,3
801516183,52.0,F,4,Graduate,Married   ,3
716231133,40.0,F,4,Graduate,Married,1
779625858,37.0,F,2,Unknown,Married   ,3
709575858,53.0,M,4,Graduate,Single,3
720927183,56.0,F,4,Graduate,Married,2
772198983,53.0,F,2,Graduate,N/A,1
721122258,38.0,m,3,Uneducated,Married,3
758875908,40.0,F,4,Unknown,Single,3
716501133,36.0,F,2,Graduate,Single,0
719250783,41.0,F,1,High School,Single,1
789179583,28.0,F,1,College,Divorced,2
708254733,41.0,F,4,Post-Graduate,Single,1
719758758,42.0,F,3,Graduate,Married,3
805458933,39.0,F,2,Graduate,Single,2
720408708,49.0,F,2,Uneducated,Married,1
788911458,40.0,F,4,College,Married,1
771862308,50.0,M,1,College,Single,2
714616308,44.0,F,4,Uneducated,Divorced,1
721221783,62.0,M,2,Graduate,Single,2
766021083,55.0,F,1,College,Single,3
771918033,54.0,M,4,Graduate,Single,3
719756133,34.0,M,4,Uneducated,Single,6
711777633,41.0,M,3,Graduate,Divorced,2
713261133,38.0,M,4,Graduate,Married   ,3
788519958,57.0,F,2,Graduate,Single,2
768412608,39.0,F,1,Graduate,N/A,2
709972908,38.0,F,2,Graduate,Single,2
713029683,64.0,M,0,Graduate,Single,1
768243858,54.0,M,3,High School,Married,3
711685758,60.0,FEMALE,1,Graduate,Single,1
714528258,46.0,M,2,Graduate,Divorced,1
818930808,36.0, M ,2,Uneducated,Married,1
713310558,47.0,F,2,Graduate,Married,2
719995008,44.0,F,4,Graduate,Married,2
811713408,58.0,F,2,High School,Married,3
709649958,62.0,M,0,Post-Graduate,Married   ,6
708822783,53.0, M ,2,High School,Single,1
771869508,51.0,F,2,Uneducated,Married,3
804413508,41.0,M,1,High School,Single,3
815756058,54.0,F,1,Graduate,Single,2
712278108,46.0,F,2,Unknown,Married,1
717072108,50.0,F,2,Unknown,Single,2
721460283,49.0,m,3,Post-Graduate,Single,2
784827108,39.0,F,1,High School,Single,2
717862308,45.0,F,2,College,Divorced,2
716726058,48.0,F,3,College,Single,1
717405408,31.0,FEMALE,0,Post-Graduate,Single,0
718734408,57.0,F,2,Unknown,Single,3
771666783,43.0,m,5,College,Married,1
789301458,41.0,m,4,High School,Married,2
772329183,48.0,M,5,Unknown,Married,1
713792583,52.0,FEMALE,2,Graduate,Single,3
719577258,43.0,F,2,Uneducated,Divorced,4
770878458,27.0,m,1,Post-Graduate,Married,2
798308058,39.0,M,1,Graduate,Single,2
772528158,55.0,F,3,Unknown,Single,4
718707933,54.0,M,2,Uneducated,Married,4
709791333,40.0,F,3,Uneducated,Single,3
710090958,51.0,M,3,College,Married,3
772687983,53.0,M,3,Graduate,Single,3
714707133,47.0,F,3,Uneducated,Married   ,1
720126033,42.0,m,4,High School,Single,3
713995233,38.0,F,2,High School,Married,3
771638733,49.0,M,3,Doctorate,Single,3
715009833,51.0,F,1,High School,Married,2
711497283,54.0,F,5,Unknown,Married,1
803418783,40.0,M,4,Graduate,Married,1
814611633,47.0,m,2,Uneducated,Single,2
709411383,45.0,m,2,Uneducated,Unknown,1
825753258,47.0,FEMALE,4,Uneducated,Married,1
713930433,57.0,FEMALE,2,Uneducated,Unknown,3
715941633,50.0,F,0,Graduate,Married,3
772162683,34.0, M ,2,Graduate,Married,2
712531008,43.0,M,3,Unknown,Married,2
711583458,48.0, M ,2,College,Married,1
714418983,43.0,FEMALE,5,Graduate,Single,1
708699108,39.0,F,2,High School,Single,3
771749733,41.0,M,2,Graduate,Single,3
715235808,47.0,F,3,Uneducated,Married,2
716666133,51.0,M,4,Graduate,Single,1
716709858,34.0,F,1,Uneducated,Unknown,3
715356258,42.0,F,3,Unknown,Married,1
720389283,58.0,F,1,Unknown,Married,3
778131333,38.0,F,2,Graduate,Married,3
708286683,57.0,M,2,Uneducated,N/A,1
814765533,44.0,F,4,High School,Single,3
814195758,42.0,m,1,Graduate,Single,1
717121758,58.0,FEMALE,0,Graduate,Single,1
768720708,41.0,F,3,High School,Married,2
718032483,33.0,F,4,Graduate,Married,2
809966058,48.0,F,2,Unknown,Married,2
711553308,60.0,M,1,Graduate,Single,3
708253458,59.0,F,1,Unknown,Single,3
711276933,56.0, M ,3,Graduate,Married,2
718165758,41.0,F,1,Graduate,Married   ,1
780089658,36.0,FEMALE,3,Unknown,Single,3
826421958,46.0,F,1,High School,Married,1
778712658,52.0, M ,0,Uneducated,Married,3
708158133,45.0,M,3,College,Married,2
712514508,47.0,M,2,Unknown,Married,2
710725383,42.0,M,3,Doctorate,Divorced,1
772601283,39.0,M,1,Post-Graduate,Single,2
716371308,40.0,M,2,Unknown,Single,1
718518858,50.0,F,3,Graduate,Married,3
712579983,40.0,F,2,Graduate,Single,3
716511483,46.0,FEMALE,2,Graduate,Married,3
708653958,38.0,M,3,College,Married,2
712161858,55.0,F,5,Unknown,Single,3
716761308,37.0,F,4,Unknown,N/A,3
710547783,57.0,F,2,Post-Graduate,Single,2
772118583,43.0,F,1,Uneducated,Married,2
712154883,54.0,F,2,College,Married,2
793842558,39.0,F,3,Doctorate,Married,2
792695808,41.0,M,4,High School,Married,2
798047583,45.0,F,4,Uneducated,Married,1
719453283,45.0,F,2,Uneducated,Married,3
717637908,36.0,F,2,College,Unknown,3
708303108,50.0,F,2,Graduate,Married,0
788876208,42.0,F,2,Graduate,Single,3
772069683,59.0,M,0,High School,Married   ,3
780143283,43.0,F,3,Graduate,Married,3
805453908,33.0,M,1,High School,Divorced,3
780897858,38.0,F,2,High School,Single,3
719881533,46.0,M,2,College,Married,4
717346833,44.0,F,3,Graduate,Married,2
718555308,59.0,FEMALE,1,Unknown,Single,3
771783333,49.0,F,1,Uneducated,Married   ,2
709208808,50.0,F,1,Uneducated,Married,1
818901708,41.0,F,4,College,Divorced,1
713247408,51.0,F,3,Uneducated,Unknown,2
715617333,36.0,F,2,Graduate,Married,2
714230808,36.0,F,4,College,Married,1
715866033,37.0,F,2,High School,N/A,1
718065333,39.0,F,4,Graduate,Married   ,3
710756133,40.0,FEMALE,3,Unknown,Married,1
713873658,45.0,M,4,High School,Single,3
771499233,46.0,F,4,High School,Married,3
711274458,38.0,F,3,High School,Married,3
790108908,44.0,M,2,Post-Graduate,Married,1
797389758,42.0,F,2,Graduate,Married,1
827100333,49.0,F,3,High School,Married,2
711647808,55.0,F,3,Graduate,Single,3
714035283,56.0,F,1,Post-Graduate,Married   ,2
720553158,39.0,F,1,Graduate,Single,1
717924933,48.0,F,2,Post-Graduate,Divorced,2
802856508,42.0,M,2,Graduate,Single,1
708376983,58.0,F,1,Unknown,Single,2
712673283,36.0,F,4,Unknown,Single,3
711862533,55.0,F,1,Uneducated,Married,2
772407333,41.0,F,3,Unknown,Married,3
778356408,51.0,F,3,College,Divorced,2
716791908,43.0,M,1,College,Married,1
757761033,35.0,FEMALE,3,Graduate,Single,2
758186433,37.0,F,1,Uneducated,Single,3
786546783,59.0,FEMALE,0,College,Married,0
789634983,,M,1,Graduate,Married,2
720654183,45.0,M,4,Graduate,Married,3
715880283,57.0,M,1,High School,Single,2
719990358,36.0,F,3,High School,Married,1
779348358,52.0,F,1,Uneducated,Single,4
715130808,45.0,M,3,Graduate,Single,1
713818158,50.0,M,1,Doctorate,Single,2
709728183,46.0,F,3,College,Married,3
715797783,55.0,F,1,Uneducated,Divorced,3
710879283,51.0,M,1,High School,Married,3
827051808,44.0,F,0,College,Married,2
710484408,39.0, M ,4,Post-Graduate,Married,3
817108083,55.0,M,3,Unknown,Single,3
715995933,46.0,M,0,Graduate,Single,1
713567958,54.0,F,3,College,Single,2
779118708,50.0,F,2,Unknown,Single,1
721484283,51.0,F,3,High School,Married,1
708817608,41.0,F,3,High School,Married,1
789231858,59.0,M,1,Unknown,Married,3
788661408,47.0,F,3,Uneducated,Married,2
813449508,61.0,M,0,Graduate,Married,3
789925833,50.0,m,2,High School,Married,1
709296558,53.0,M,2,Graduate,Single,2
780180033,31.0,F,0,Graduate,Married,1
713474733,51.0,M,2,Graduate,Single,2
771527508,60.0,M,2,Graduate,Single,1
709614333,59.0,F,0,High School,Single,1
767005683,60.0,M,0,Unknown,Single,1
718686558,50.0,M,2,Unknown,Married,1
715655283,42.0,F,3,Graduate,Married,3
819631158,54.0,FEMALE,4,Post-Graduate,Married,2
710866758,42.0,F,4,High School,Married,2
790119408,48.0,F,3,Uneducated,Married,2
771332283,50.0,M,4,Graduate,Married,3
771408483,48.0,M,5,Unknown,Unknown,2
811912608,52.0,F,3,Graduate,Married   ,0
708684108,46.0,F,4,Graduate,Married,1
768638208,50.0, M ,2,Uneducated,Married,2
803115258,62.0,M,0,College,Unknown,2
708869283,50.0,M,4,High School,Married   ,3
720892833,50.0,F,3,Graduate,Married,2
709762008,48.0,F,4,High School,Married   ,1
708600033,46.0,M,2,Graduate,Married,1
708736608,40.0,M,3,Graduate,Married   ,2
713047608,40.0,F,2,College,Married   ,3
711717258,54.0,F,3,Graduate,Single,1
711886383,54.0,F,5,High School,Married,3
713058858,54.0,F,2,Graduate,Married   ,2
713993208,37.0,F,3,Doctorate,Married,2
717855933,38.0,F,2,High School,Married,3
713436183,42.0,F,3,High School,Married,2
778360608,42.0,F,1,College,Divorced,2
710914158,45.0,F,4,College,Married,2
714789033,54.0,F,1,Graduate,Married,3
809811858,43.0,M,5,High School,Unknown,2
826709658,45.0,F,3,Graduate,Divorced,3
752648883,49.0,F,2,College,Single,1
715771608,41.0,M,3,Graduate,Married,2
719061933,44.0, M ,4,Graduate,Married,2
792345258,46.0,F,2,Uneducated,Divorced,3
711765708,39.0,F,1,Graduate,Unknown,1
783393633,46.0,M,3,Graduate,Unknown,3
779667408,58.0,M,1,Post-Graduate,N/A,1
805461783,47.0,F,3,Graduate,Divorced,0
719098308,56.0,m,2,High School,Single,2
771433608,54.0,M,4,Uneducated,Single,2
825811158,51.0, M ,2,High School,Single,3
715252383,58.0,m,2,High School,Divorced,3
809092458,36.0,F,4,Uneducated,Married,3
713706258,52.0,F,1,Unknown,Single,1
714693708,45.0,F,3,Graduate,Married,1
721072908,51.0,M,0,Doctorate,Single,3
716675358,54.0,F,1,College,Single,2
708128733,50.0,F,3,Post-Graduate,Single,3
711392508,37.0,F,2,Graduate,Married,1
771420708,42.0,F,4,Unknown,Single,1
721207908,47.0,m,5,High School,Single,3
715798608,45.0,F,4,Graduate,Married,2
716758008,40.0,M,5,High School,Married   ,1
714847983,48.0,M,3,Unknown,Single,2
716975583,42.0,F,2,Unknown,Single,3
804434058,47.0,M,1,College,Married,2
714293358,54.0,FEMALE,4,College,Single,1
710989008,38.0,M,1,Graduate,Married   ,0
757194408,43.0,m,3,College,Married,3
711459483,43.0,F,3,High School,Unknown,3
762020133,37.0,F,3,High School,Married,3
719256483,41.0,F,4,High School,N/A,3
717211608,45.0,F,3,Unknown,Single,2
717125958,49.0,F,3,Unknown,Married   ,1
779261433,54.0,FEMALE,2,Graduate,Single,2
780720258,45.0,M,4,High School,Divorced,3
715593783,52.0,M,1,Unknown,Married,2
770858283,40.0,F,4,High School,Married   ,2
718570158,54.0,F,4,College,Single,2
711039633,52.0,F,4,Post-Graduate,Married,3
714074808,58.0,F,0,High School,Married,1
710439483,51.0,F,2,Graduate,Single,2
717516333,40.0,M,2,Graduate,Married,1
788835408,49.0,F,3,Unknown,Married,3
716414958,39.0,F,3,High School,Single,3
712327608,54.0,F,0,Doctorate,Single,2
796326483,42.0,M,3,High School,Married,3
714146208,40.0,F,4,Unknown,Single,1
779166783,41.0,F,4,Unknown,Single,2
720818658,50.0, M ,1,Uneducated,Married,3
712982808,47.0,M,2,Doctorate,Divorced,3
718657083,46.0,M,3,High School,Married,1
715222533,52.0,F,3,Graduate,Married,3
718187508,53.0,F,2,Unknown,Married,3
802455633,56.0,F,1,Unknown,Single,1
714493983,57.0,F,2,Graduate,Married   ,2
780664758,56.0,F,2,Uneducated,Married,2
718466883,34.0,F,1,Uneducated,Single,2
771338658,46.0,FEMALE,2,High School,Married,1
709052883,47.0,F,4,High School,Single,1
708373083,40.0,F,4,Unknown,Married,4
716157408,53.0,FEMALE,0,High School,Married,2
713305233,55.0,M,2,Graduate,Single,2
713000058,51.0,F,3,Graduate,Married,3
714909858,52.0,F,2,Unknown,Married,1
804371733,40.0,M,2,Uneducated,N/A,3
772846383,45.0,F,1,Unknown,Single,1
712552608,46.0,FEMALE,3,Graduate,Married,1
719887008,38.0,F,3,Graduate,Married,3
773342808,46.0, M ,1,Unknown,N/A,3
708375858,47.0,F,4,High School,Divorced,2
789417708,44.0,F,2,Uneducated,Married,1
794675058,36.0,M,3,Graduate,Married,2
718034058,40.0,M,4,Graduate,Single,2
778919583,49.0,FEMALE,0,Graduate,Married   ,0
713850783,56.0,F,1,College,Married,2
814785108,45.0,F,1,Graduate,Married,2
809616108,38.0,F,2,High School,Single,3
809378133,43.0,F,3,Uneducated,Single,2
779658408,48.0,M,2,Graduate,Single,3
717954333,39.0,F,2,Unknown,Single,1
737052258,62.0, M ,1,Unknown,Single,1
708108333,47.0,F,3,Graduate,Married   ,1
715047333,57.0,FEMALE,1,High School,Married,3
714390858,48.0,F,5,Unknown,Single,3
717107808,48.0,F,1,Uneducated,Unknown,2
713564208,34.0,F,1,Graduate,Unknown,1
720357483,46.0,F,1,College,Married,1
803339583,49.0,F,2,Post-Graduate,N/A,2
708972783,48.0,F,4,College,Married   ,3
710157108,42.0,F,3,Graduate,Single,3
721483158,47.0,M,3,Graduate,Married,3
767553333,45.0,M,3,Graduate,Single,3
710436108,41.0,M,4,High School,Unknown,2
779870883,45.0,F,4,High School,Married   ,1
817188408,57.0,M,0,Uneducated,Divorced,3
719723658,49.0,F,2,Uneducated,Married   ,3
806189658,50.0,F,2,Uneducated,Married   ,3
789070233,51.0,F,3,Graduate,Divorced,3
712013808,44.0,F,4,Uneducated,Single,2
708602283,40.0,F,4,Uneducated,Married,1
809452383,37.0,F,2,Graduate,Married,3
714413283,46.0,M,3,Unknown,Married,1
712407783,39.0,F,1,Graduate,Single,3
720062508,38.0,F,2,Unknown,Married,2
717878883,45.0,F,3,Unknown,Single,0
714013983,37.0,F,4,Post-Graduate,N/A,3
753208833,43.0,F,5,Uneducated,Married,2
721241583,48.0,F,3,Graduate,Married,2
713695158,51.0,F,4,Uneducated,Divorced,3
711540108,44.0,F,4,Doctorate,Unknown,6
823878408,39.0,M,4,Graduate,Married,1
779533983,47.0,M,2,College,Divorced,3
713583408,51.0,F,4,Graduate,Single,2
714037308,54.0,M,2,High School,Married,3
715581633,53.0,F,3,Unknown,Married,1
795684783,48.0,M,4,High School,Single,2
718645308,35.0,FEMALE,4,College,Married   ,3
717870108,46.0,F,4,Unknown,Unknown,2
815515158,49.0,F,2,Unknown,Single,3
713957283,42.0,F,4,Uneducated,N/A,3
715058433,43.0,F,4,Uneducated,Married,3
794771208,52.0,M,3,Unknown,Single,2
720180633,50.0,M,2,College,Married   ,3
815539233,54.0,M,4,High School,Married   ,4
778933983,55.0,F,0,Uneducated,Unknown,3
717960033,52.0,F,1,Graduate,Single,1
825368658,40.0,F,4,High School,Single,3
721154208,60.0,F,1,Unknown,Married,3
718572408,45.0,F,5,Post-Graduate,Unknown,3
749571633,44.0,F,2,College,Unknown,3
713914683,44.0,F,1,Graduate,Single,2
713301633,57.0,F,3,Doctorate,Single,1
711399408,34.0,F,2,Graduate,Divorced,4
711494208,52.0,M,2,Unknown,Married,3
711716133,42.0,F,3,High School,Married,1
713906508,42.0,F,3,Unknown,Single,3
708768258,51.0,F,4,Doctorate,Married,2
719538183,47.0,M,1,High School,Married,3
718957083,48.0,F,1,Graduate,Single,2
720872433,39.0,F,1,Uneducated,Single,6
779403558,56.0,F,0,Unknown,Married,1
788994783,48.0,F,3,Graduate,Single,3
715530258,46.0,F,2,Post-Graduate,Single,3
803380383,46.0,F,5,Graduate,Divorced,3
716766033,40.0,F,4,Unknown,Single,3
757300008,44.0,F,2,Graduate,Single,3
810986883,45.0,F,0,High School,Single,0
819200133,44.0,M,3,Graduate,Unknown,3
710410158,49.0,M,2,Graduate,Married   ,3
714488433,45.0,M,2,Unknown,Married,3
714267858,44.0,F,2,High School,Single,1
827062158,58.0,M,2,High School,Single,2
710669733,38.0,F,1,Graduate,Single,2
716498883,48.0,M,4,Graduate,Single,1
780529908,43.0,F,3,College,Married   ,2
714028083,36.0,F,1,Unknown,Single,2
714572208,59.0,M,2,Graduate,Single,2
708976908,40.0,M,3,Post-Graduate,Single,3
721409358,36.0,F,1,Uneducated,Single,1
809311758,40.0,M,3,Unknown,Single,2
712602708,36.0,M,3,Unknown,Unknown,2
789087858,60.0,F,0,Graduate,Married,1
711264033,47.0,m,3,Doctorate,Divorced,3
770180808,37.0,F,4,Graduate,Single,2
789271533,51.0,F,1,Doctorate,Single,2
720152058,42.0,F,1,Doctorate,Single,3
826490133,42.0,F,4,Uneducated,Divorced,2
717966933,45.0,m,5,Uneducated,Married,1
808669083,52.0,F,1,Graduate,Married,3
771422883,57.0,F,3,Graduate,Married,2
717570258,46.0,M,5,Graduate,N/A,2
708703308,35.0,F,1,Unknown,Married,4
789508758,54.0,F,2,Unknown,Single,3
780653208,47.0,F,3,College,Married,2
709077933,26.0,F,0,High School,Married,2
715200783,56.0,F,2,Graduate,Married,3
710526633,47.0,M,2,Unknown,Married   ,2
714186108,37.0,F,2,Unknown,Single,2
820047858,44.0, M ,4,Graduate,Unknown,2
708894183,53.0,M,3,College,Single,2
708186933,33.0,M,1,Graduate,Single,2
778937583,46.0,F,3,Uneducated,Married,1
708498033,44.0,F,3,Unknown,N/A,6
815315058,48.0, M ,4,High School,Married,2
751607058,45.0,M,2,Doctorate,Married,3
718194858,48.0,m,5,Graduate,Married   ,3
827123883,53.0,M,4,High School,Single,2
711473058,44.0,M,4,Graduate,Divorced,2
715197633,43.0,M,3,Uneducated,Unknown,2
713512308,50.0,F,0,Graduate,Single,1
790023408,47.0,F,3,Unknown,Single,1
720403008,50.0,F,3,Uneducated,Married   ,1
709581483,40.0,F,4,Doctorate,Married,1
711201108,37.0,F,3,High School,Single,3
708784083,47.0,m,3,Uneducated,Single,1
712838358,40.0,F,4,Uneducated,Married,3
714887808,43.0,F,1,Uneducated,Single,2
716581983,56.0,F,0,College,Married,3
716930133,43.0,F,3,High School,Unknown,2
808981608,50.0,F,2,Uneducated,Married,0
709714008,50.0,F,1,Unknown,Single,3
811942983,55.0,FEMALE,2,High School,Married,3
715565058,27.0,F,1,Uneducated,Unknown,2
714519408,44.0,F,3,College,Married   ,3
719153433,49.0,F,4,Uneducated,Married,1
809127858,51.0,F,1,Post-Graduate,Married   ,3
712740108,43.0,F,4,Uneducated,Divorced,1
720251358,54.0,F,2,High School,Divorced,1
713935533,44.0,M,3,Graduate,N/A,3
710243208,56.0,m,4,Unknown,Married,2
708870408,53.0,M,4,Unknown,Single,1
795844983,45.0,F,3,High School,Married,1
828294933,49.0,F,3,High School,Married,3
713531808,38.0,F,1,Doctorate,Married,1
712307283,54.0,M,1,College,Single,3
715778358,45.0,M,5,Graduate,Married   ,2
778910883,53.0,M,2,Unknown,Married,2
710637183,48.0,F,4,Graduate,Single,3
712781883,36.0,F,1,Uneducated,Married,3
709664658,40.0,M,4,Unknown,Married   ,2
717574683,53.0,F,3,Unknown,Married,1
771497283,40.0,m,2,High School,Divorced,3
714991608,41.0,F,3,High School,Single,2
779848383,37.0,F,3,Graduate,Single,2
715495308,43.0,F,4,Graduate,Single,1
712431183,52.0,F,2,Uneducated,Single,1
714895608,48.0,F,2,Unknown,Single,3
718324983,60.0,F,0,College,Married,3
713541033,39.0,F,1,College,Single,3
771989733,37.0,M,2,Unknown,Single,2
789698733,40.0,F,4,Uneducated,Married,1
787514433,34.0,m,3,College,Married,3
811081083,48.0,F,3,Uneducated,Single,2
717371583,56.0,F,2,Uneducated,Single,5
715579233,44.0,F,3,Doctorate,Single,3
781930233,47.0, M ,2,High School,Married,1
716825808,45.0,F,3,Uneducated,Divorced,0
757053408,47.0,F,1,Graduate,Single,3
788418933,35.0,F,2,Graduate,Married,3
788898933,42.0, M ,4,College,Married,1
712163433,47.0,FEMALE,3,Uneducated,Married,4
717343833,47.0,F,5,Uneducated,Married   ,3
820868508,47.0,M,2,College,Married,1
789240258,50.0,F,2,Uneducated,Single,1
716951658,51.0,F,3,High School,Single,1
718932633,45.0,F,3,College,Married,2
711487533,47.0,FEMALE,3,Unknown,Married,2
715306983,42.0,M,5,High School,Married,3
712771233,52.0,M,3,Unknown,Single,1
789637308,45.0,F,2,College,Married   ,4
717247383,48.0,M,4,Graduate,Married   ,3
714842208,52.0,FEMALE,2,Graduate,Married,2
794172033,58.0,F,1,Post-Graduate,Divorced,3
713592408,43.0,F,3,High School,Married,2
709314408,39.0,F,2,College,Single,1
715957233,53.0,FEMALE,3,College,Single,1
719414658,52.0,F,0,Graduate,Single,1
719632683,40.0,M,3,Graduate,Single,3
708136908,62.0,F,0,Graduate,Married   ,2
721393083,52.0,F,3,Unknown,Single,1
714520233,59.0,F,0,Graduate,Married,2
709455108,49.0,F,4,Unknown,Married   ,1
767058183,53.0, M ,1,Graduate,Divorced,3
770800683,48.0,F,3,Post-Graduate,Married,3
779651058,59.0,FEMALE,0,Unknown,Single,2
710443833,50.0,M,2,Unknown,Single,2
717725433,54.0,F,2,Graduate,Married,2
720600858,41.0,M,4,Graduate,Married,2
717797658,57.0,F,2,Graduate,Married,2
779458383,50.0,F,3,High School,N/A,3
788767983,43.0,M,5,Unknown,Single,3
711994458,47.0,FEMALE,4,High School,Married,0
713948808,55.0,M,3,High School,Single,2
710456658,50.0,F,4,Graduate,Married,1
771531708,46.0,F,2,Unknown,Single,1
713546883,47.0,M,2,Graduate,Divorced,3
711447783,53.0,F,2,Graduate,Single,3
713746608,48.0,F,2,High School,Married,2
718020408,60.0,FEMALE,1,Graduate,Married,3
719475633,42.0,M,3,Post-Graduate,Married,3
719654283,52.0,m,2,Graduate,Married,2
720114633,44.0,F,5,High School,Single,1
816315558,38.0,M,1,High School,Single,1
712567083,51.0,M,1,High School,Married,2
711302883,50.0,F,0,Graduate,Single,2
719775408,41.0,F,4,High School,Single,3
712070208,61.0,F,1,College,Single,1
718641483,53.0,F,3,Graduate,Married,1
710690733,47.0,F,3,Graduate,Married,2
718441308,41.0,M,2,Graduate,Single,3
772243833,54.0,F,0,Doctorate,Single,3
711992133,53.0,F,1,Uneducated,Married,2
779084208,43.0,F,3,High School,Divorced,2
715304958,42.0,F,3,Graduate,Single,2
713179083,32.0,F,2,Uneducated,Single,1
709836258,45.0,F,4,Graduate,Married,2
715950483,39.0,F,1,Uneducated,Married,3
798281808,48.0,M,4,High School,Married,3
720414558,56.0,F,2,Unknown,Married   ,1
713509908,48.0,F,2,Graduate,Married,1
711919608,42.0,F,3,Graduate,Married,2
709993158,46.0,F,2,Graduate,Married,0
767815233,46.0,F,3,College,Married,2
717624708,59.0,M,2,High School,Divorced,3
720015183,60.0,M,1,Graduate,Married,1
778236858,54.0,F,2,Graduate,Married,1
789095958,50.0,M,1,Unknown,Single,3
713736333,41.0,F,3,Uneducated,Married,4
717836733,49.0,F,1,Graduate,Married,1
712619808,47.0,F,3,College,Single,1
712221408,42.0,M,4,Graduate,Single,2
714213708,35.0,F,3,College,Single,2
720289533,47.0,F,4,Unknown,Married,3
709469658,47.0,M,3,Unknown,N/A,2
772323033,44.0,F,4,Graduate,Single,2
742572558,32.0,F,0,High School,Divorced,1
718848183,50.0,M,2,Post-Graduate,Married,1
719034183,46.0,F,3,Graduate,Single,3
720142308,52.0,FEMALE,2,Graduate,Married,4
771872733,38.0,m,0,Unknown,Married,1
718816158,44.0,F,3,High School,Single,3
720003558,43.0,FEMALE,1,Graduate,Unknown,3
818993508,52.0,F,3,Graduate,Married,2
715672458,47.0,M,5,Graduate,Single,2
789820308,50.0,FEMALE,3,Graduate,Married   ,2
819688458,44.0,F,5,Graduate,Unknown,2
710785383,49.0,F,2,Graduate,Married,1
712837233,46.0,M,2,High School,Single,3
713597658,36.0,F,3,Uneducated,Married   ,1
713953383,50.0,M,1,Post-Graduate,Single,2
716891583,41.0,F,3,High School,Unknown,0
716510658,50.0,F,0,Doctorate,N/A,3
708125733,46.0,F,2,College,Divorced,1
716484333,46.0,F,2,Graduate,Married,2
708519108,46.0, M ,1,Graduate,Married,2
719740008,51.0,F,4,High School,Married,4
717087858,51.0,F,1,Graduate,Single,1
711605208,61.0,M,0,Uneducated,Married,5
714882258,38.0,F,2,College,Married   ,2
792300858,44.0,F,3,Graduate,Divorced,2
766550808,45.0,F,3,Graduate,Married,1
718941183,48.0,m,1,College,Married,2
708516558,37.0,F,2,High School,Married,1
709350783,63.0,F,0,Unknown,Single,1
771230508,,FEMALE,4,College,Married,1
710978058,50.0,F,0,Uneducated,Single,3
713405133,51.0,M,2,College,Married,3
710723958,43.0,F,3,Uneducated,Single,1
823840458,47.0,F,1,High School,Married,2
791754258,49.0,F,5,Graduate,Married,2
789472833,42.0,F,2,College,Divorced,1
711099408,35.0,FEMALE,4,High School,Single,3
745853283,38.0,F,1,Graduate,Married,3
717790233,37.0,F,2,College,Single,3
818791833,42.0,F,3,Graduate,Married,1
714981483,50.0, M ,3,High School,Married,1
719373558,42.0,F,3,Unknown,Single,1
823609383,43.0,F,4,College,Unknown,3
714408933,44.0, M ,4,Graduate,Married   ,2
713661933,44.0,F,1,College,Married,3
716218908,48.0,F,4,Doctorate,Single,1
818710233,41.0,F,2,Graduate,Married,3
719463708,47.0, M ,1,Uneducated,Single,3
817958733,42.0,F,2,Uneducated,Married,1
708397008,54.0,F,4,Graduate,Married,3
720547533,47.0,F,2,High School,Married   ,1
708780783,43.0,F,3,Graduate,Married   ,3
758178558,44.0,F,3,Graduate,Single,1
716237508,44.0,F,5,High School,Married,2
714735033,45.0,F,5,Doctorate,Married,2
709726158,40.0,FEMALE,4,Graduate,Married   ,0
770909433,50.0,F,2,College,Married,1
822121608,46.0,M,2,High School,Unknown,2
717278808,37.0,FEMALE,3,College,Married,1
712640583,60.0,F,0,Doctorate,Married,3
716099958,39.0,F,5,Unknown,Married,6
788772708,50.0,F,2,Graduate,Married,3
712795833,34.0,F,4,Graduate,Married,4
718892283,43.0,M,2,Graduate,Married,1
720294258,40.0,F,4,Graduate,Single,2
721181883,30.0,FEMALE,0,College,Single,3
712098033,38.0,F,1,Uneducated,Married,1
712593933,40.0,M,3,Doctorate,Married,4
711343233,53.0,F,3,Uneducated,Married,3
712394283,44.0,F,4,Graduate,Divorced,2
790021233,52.0,F,3,Uneducated,Married   ,2
711890808,250.0,F,3,Graduate,Married,2
714164808,42.0,F,4,Graduate,Married   ,2
825850383,53.0,F,2,Graduate,N/A,3
789533133,45.0,M,3,High School,Married,2
779523258,34.0,M,2,Graduate,Married,1
719617758,56.0, M ,1,Graduate,Married,3
779858058,34.0,F,2,Graduate,Unknown,3
710423358,35.0,F,1,College,Unknown,3
710500983,43.0,M,2,College,N/A,3
711851583,50.0,M,2,Graduate,Married,1
779405133,40.0,F,3,College,Single,1
719410083,49.0,F,2,Unknown,Single,0
796196733,52.0,F,2,Unknown,Single,3
711904008,40.0,M,4,High School,Married,5
717666783,56.0,m,3,College,Single,3
719911458,49.0,F,5,High School,Married,3
787506558,50.0,M,3,Graduate,N/A,1
719046558,39.0,M,2,Graduate,N/A,3
708291633,33.0,m,2,Doctorate,Unknown,3
720731808,52.0,F,3,Graduate,Single,4
745124658,42.0,F,3,High School,Single,1
789907533,49.0,M,3,Graduate,Married,3
716466483,44.0, M ,3,Uneducated,Single,3
715919283,39.0,F,4,College,Single,3
756736008,45.0, M ,2,Post-Graduate,Married,3
772857558,47.0,M,4,Graduate,Married,3
709246683,62.0,m,1,Unknown,Single,1
714559458,46.0,M,4,College,Married,1
778405458,52.0,F,2,High School,Single,3
772150983,48.0,F,3,High School,Unknown,1
715128408,49.0,F,2,Unknown,Married,3
717856983,42.0,F,5,Uneducated,Married,3
778231983,49.0,F,4,Unknown,Single,3
823908858,51.0,M,4,Unknown,Married,2
798011733,53.0,F,3,Graduate,Married,2
717945108,49.0,F,3,Graduate,Unknown,2
712560558,55.0,F,3,College,Single,1
711391308,46.0,F,4,Uneducated,Married,3
717688233,34.0,F,4,High School,Married,0
721093608,44.0,M,2,High School,Single,1
712669983,39.0,M,3,Graduate,Married   ,3
790017858,47.0,F,3,Post-Graduate,Unknown,2
712012758,49.0,F,2,Uneducated,Married,3
720249183,46.0,F,2,Graduate,Single,3
821813058,42.0,M,1,High School,Divorced,1
778152108,31.0,F,0,High School,Single,3
720563958,48.0,FEMALE,3,Post-Graduate,Married,3
719633508,52.0,F,1,Doctorate,Married,1
716689383,39.0,F,2,Graduate,Married,1
711420258,43.0,F,4,Unknown,Married   ,2
713177808,57.0,F,3,College,N/A,0
708897408,46.0,M,3,College,Married   ,3
710855508,45.0,F,3,Uneducated,Married,1
710115108,45.0,F,2,Graduate,Unknown,3
713920158,41.0,F,3,Uneducated,Unknown,1
715303608,46.0,F,4,High School,Married,1
710897133,51.0,FEMALE,3,Unknown,Unknown,2
772813458,48.0,F,3,Graduate,Married,2
712998033,37.0,M,3,High School,Single,2
712843983,41.0,F,2,College,Divorced,4
717947508,47.0,M,3,Uneducated,Divorced,3
719279208,35.0,F,1,Unknown,Married,2
711365133,43.0,M,1,Unknown,Single,1
720328008,57.0,F,1,High School,Unknown,1
718183833,30.0,F,1,Graduate,Single,1
717985158,47.0,M,2,Graduate,Unknown,1
771928608,34.0,M,1,Uneducated,Single,1
713355708,41.0,F,3,High School,Married,3
816761433,36.0,M,2,College,Single,3
714245358,47.0,F,3,Graduate,Divorced,2
716313858,53.0,F,3,Graduate,Married,0
714868608,52.0,F,4,Graduate,Married,1
717273333,49.0,M,5,College,Married,2
711631158,52.0,F,2,High School,Single,2
714127383,48.0,F,3,Unknown,Unknown,2
790204983,46.0,F,2,Graduate,Married,3
822051858,26.0,F,0,Graduate,Single,3
715144383,40.0,F,3,High School,Single,2
717971208,39.0,F,5,Graduate,Single,2
718829358,40.0,F,3,Uneducated,Divorced,2
779380908,51.0,M,1,Unknown,Married,4
714144258,43.0, M ,3,Graduate,Married,1
797666358,46.0,F,4,Uneducated,Married   ,1
709965858,46.0,FEMALE,1,High School,Married,3
779980758,58.0,M,2,High School,Divorced,0
811775883,46.0,M,4,Graduate,Divorced,1
799720158,50.0,M,1,Graduate,Married   ,2
713011683,37.0,F,3,College,Married,4
713503983,55.0,F,3,College,Married,3
712137033,52.0,F,2,College,Married,2
715910883,48.0,F,1,High School,Married,3
718142958,46.0,M,4,Graduate,N/A,2
719359458,49.0,F,2,Uneducated,Single,2
714869958,55.0,M,2,Uneducated,Single,3
771163533,52.0,F,1,Unknown,Married   ,1
709028208,44.0,F,2,Graduate,Married,2
719834208,42.0,M,2,Graduate,Married,2
779305008,41.0,F,4,High School,Single,2
714506583,48.0,F,4,Graduate,Unknown,1
712677633,42.0,F,0,Uneducated,Divorced,4
708450033,43.0,F,3,High School,Unknown,1
719606133,42.0,M,2,Graduate,Single,1
789772983,49.0,M,3,College,Unknown,3
720656883,50.0,F,3,Graduate,Single,1
718108758,43.0,M,2,Unknown,Married   ,2
709408983,54.0,M,2,High School,Married,3
771592458,48.0,FEMALE,1,Graduate,Unknown,3
778932633,57.0,F,2,Graduate,Married,2
708669408,54.0,M,5,College,Single,3
779947908,56.0,M,2,Graduate,Divorced,1
716007708,48.0,M,2,Graduate,Married,2
767574108,49.0,F,1,College,Married,2
720777558,46.0,m,4,Graduate,Single,2
816841083,58.0,F,3,College,Married   ,1
778849908,59.0,F,1,Doctorate,Married,1
708745983,37.0,m,2,Unknown,Married,2
713381433,38.0,F,1,High School,Married   ,3
779404383,47.0,F,5,Uneducated,Divorced,3
718607883,41.0,M,3,Post-Graduate,Single,2
710542983,48.0,F,4,Graduate,Married   ,0
709769283,36.0,m,4,Unknown,Married   ,3
721253508,40.0,M,3,High School,Married,1
801037833,38.0,M,2,Uneducated,Single,3
711452583,43.0, M ,4,Graduate,Unknown,1
716697708,61.0,F,1,High School,Single,4
708176208,48.0,F,1,Graduate,Married,1
716474358,43.0,F,3,Unknown,Married   ,2
713121408,38.0,M,3,College,Married,2
794567133,52.0,F,2,High School,Single,3
717609633,44.0,M,3,Unknown,Married,2
708899283,40.0,F,3,Uneducated,Single,3
772415808,48.0,F,5,Post-Graduate,N/A,1
716176683,46.0,M,4,Graduate,Single,1
709245783,44.0,F,3,Graduate,Married,1
720507108,42.0,F,3,College,Married,2
716751858,34.0,F,1,Unknown,Married,3
712829808,39.0,m,3,Uneducated,Married,4
711900033,57.0,F,0,Doctorate,Married,1
712566258,40.0,F,2,Post-Graduate,Divorced,1
712732908,36.0,M,4,Graduate,Married,1
717908208,43.0,FEMALE,3,Graduate,Divorced,2
826136283,38.0,F,3,High School,Married,2
778714833,36.0,F,4,College,Married,2
779302233,40.0,F,4,Graduate,Single,3
778659108,51.0,F,2,High School,Single,1
720374808,41.0,F,2,Unknown,Unknown,3
719592483,43.0,F,5,Graduate,Single,3
714702033,43.0,FEMALE,4,Graduate,Unknown,3
717042333,53.0,F,2,College,Married,3
779122908,55.0,F,3,Graduate,Single,2
710676483,38.0,F,2,Unknown,Married,2
827712108,42.0,F,5,Graduate,Married,2
769200858,34.0,F,4,Graduate,Single,3
779114283,40.0,m,5,High School,Single,2
771061008,40.0,F,2,Doctorate,Married,3
716201133,35.0,F,2,High School,Married,1
817968783,51.0,F,3,Graduate,Single,1
826480308,53.0,M,3,Graduate,Unknown,1
720307683,43.0,F,4,Graduate,Divorced,2
709618308,46.0,F,3,High School,Single,1
710119233,37.0, M ,1,High School,Married,1
789419658,47.0,F,4,College,Married,1
789800358,45.0,F,3,High School,Married,3
715466133,50.0,F,1,Doctorate,Married   ,1
717659883,46.0,F,2,Graduate,Single,3
781942983,50.0,M,1,Unknown,Single,1
712755783,49.0,F,1,Graduate,Divorced,3
779551533,54.0,F,3,Doctorate,Married   ,3
714405183,47.0,F,3,Graduate,Married,2
801783108,46.0,M,3,College,N/A,3
779839758,47.0, M ,2,Post-Graduate,Single,3
820648608,46.0,F,2,Post-Graduate,Married,3
787587033,42.0,F,4,Graduate,Single,2
813967983,44.0, M ,2,College,Married,2
718067658,53.0,F,3,Unknown,Married   ,1
709952658,46.0,F,3,Graduate,Unknown,2
720824883,48.0,F,1,Unknown,Married   ,2
789631908,51.0,M,4,High School,Single,2
789089958,57.0,M,2,High School,Single,3
715847058,59.0,F,2,Uneducated,Divorced,3
721256808,35.0,F,2,Unknown,Single,2
721269108,45.0,F,5,Graduate,Single,3
712770408,42.0,m,2,Graduate,Unknown,2
767958933,40.0,M,4,College,N/A,1
779866458,40.0,F,5,Uneducated,Married,1
721246833,47.0,F,3,Unknown,Unknown,3
710752233,43.0,F,5,High School,Unknown,2
709813008,44.0,F,3,High School,Unknown,0
710219658,48.0, M ,3,Doctorate,Married,3
789121233,53.0,F,2,Unknown,Single,3
715146558,34.0,F,2,College,Married,2
720205608,52.0,F,1,Uneducated,Married,1
778606308,45.0,M,3,Uneducated,Divorced,3
710438358,42.0,F,1,Uneducated,Single,3
712562433,48.0,F,2,Unknown,Married,3
718186233,34.0,m,3,Uneducated,Single,3
713717283,40.0,F,3,Unknown,Single,3
713822208,42.0,M,2,High School,Single,3
710466633,55.0,F,3,High School,Married,1
711153783,44.0, M ,3,Uneducated,Single,1
718230933,45.0,M,4,Graduate,Single,3
788885133,57.0,F,3,College,Unknown,1
711637458,44.0,F,3,High School,Single,3
719532108,40.0,F,5,High School,Married,2
757643733,42.0,F,2,Post-Graduate,Single,2
715122858,55.0,F,2,Graduate,Married,3
708384033,45.0,F,3,Uneducated,Married,3
708273858,40.0,M,3,Graduate,Divorced,1
803952408,52.0,F,3,Uneducated,Married,2
778394358,46.0,F,2,High School,Divorced,1
713180433,56.0,F,2,Graduate,Single,2
787458783,49.0,F,4,High School,Married,2
720315933,53.0,F,1,Uneducated,Single,3
713677158,31.0,F,1,Graduate,Divorced,3
739828308,55.0,M,3,Uneducated,Single,2
720959058,44.0,F,3,Unknown,Single,1
718090233,56.0,F,3,Graduate,Single,3
789939558,54.0,F,2,College,Married,2
714169908,53.0,F,0,Graduate,Single,1
796145133,46.0, M ,2,Uneducated,Married,2
789233808,38.0,F,3,Graduate,Married,2
709071408,56.0,F,5,Graduate,Single,1
815830083,53.0,F,3,Uneducated,Single,1
715932708,41.0,M,3,Unknown,Unknown,1
715281933,43.0,F,3,High School,Single,2
787529583,41.0,F,5,Unknown,Married,3
717446208,62.0,F,0,High School,Single,1
715236783,42.0,FEMALE,4,College,Divorced,2
804583833,56.0,F,2,High School,Married,3
713772333,45.0,F,3,Unknown,Married   ,1
715321983,33.0,F,2,Doctorate,Married,1
717773433,57.0,m,0,Graduate,Married,2
778632933,49.0,F,3,College,Married,2
808527183,46.0,F,3,College,Married,1
714514008,38.0,F,1,Graduate,Married,3
711669258,50.0,F,3,Uneducated,Single,3
797218233,51.0,F,2,Unknown,Single,0
710612583,52.0,M,4,High School,Unknown,2
712613808,45.0,F,5,College,Single,3
807173358,56.0,F,0,Post-Graduate,Married,3
778349883,56.0,F,0,Uneducated,Single,1
720592533,41.0, M ,4,Graduate,Unknown,2
714668433,51.0,F,4,Graduate,Single,1
720967233,43.0,F,2,Unknown,Married,1
718629858,42.0,F,2,Uneducated,Married   ,3
737962608,48.0,F,4,College,Divorced,2
778207083,53.0,M,4,Uneducated,Single,2
778781508,44.0,F,2,High School,Married,3
714142158,59.0,F,0,Graduate,Married,1
715390608,45.0,F,5,Graduate,Married,2
715243458,45.0,F,2,Graduate,Single,1
715418508,51.0,M,1,Uneducated,Single,3
711164508,49.0,F,1,Graduate,Divorced,1
713239308,43.0,F,2,High School,Married,3
712323183,38.0,M,3,Unknown,Married,1
797410983,45.0,F,3,High School,Married,2
721167783,54.0,FEMALE,4,High School,Single,3
712130058,44.0,F,4,Uneducated,Single,4
714060408,57.0,F,3,High School,Married   ,2
715515333,51.0,M,3,Graduate,Married,3
806970033,48.0,M,3,High School,Unknown,3
817337958,48.0,F,5,Doctorate,Married,3
788132208,53.0,F,2,Graduate,Married,1
812653383,55.0,F,1,College,Single,3
709762908,52.0,F,1,Uneducated,N/A,1
717114708,34.0,F,0,Graduate,Married,2
767388783,43.0,M,3,High School,Married,1
794719983,44.0,F,4,High School,Unknown,3
778378983,54.0,F,1,Graduate,N/A,2
773275083,49.0,F,3,College,Married,0
719971458,49.0,M,5,Graduate,Single,2
721001883,41.0,m,3,Uneducated,Married,2
778245633,43.0,F,3,Graduate,Single,1
718535733,40.0,F,1,Uneducated,Married   ,1
711909933,54.0,M,4,Unknown,Married   ,1
709253433,50.0,F,2,Uneducated,Married,2
719797758,56.0,F,1,High School,Single,1
789420933,39.0,F,2,Uneducated,Married,3
709850508,33.0,F,2,Graduate,Married,5
715335558,43.0,F,5,Uneducated,Single,2
711516783,47.0,F,4,Uneducated,Married,1
798917883,42.0,F,4,College,Single,2
721525758,45.0,M,5,Doctorate,Married   ,2
716249508,48.0,F,5,High School,N/A,1
716953083,53.0,F,2,Graduate,Married,2
712448658,52.0,F,1,High School,Single,2
711766758,42.0,F,4,Unknown,Married,1
709432833,53.0,FEMALE,1,Unknown,Married,3
719964933,50.0,F,5,Graduate,Single,2
719857008,37.0,F,1,Graduate,Single,1
758340108,39.0,F,2,Graduate,Single,2
708276183,52.0,F,3,Post-Graduate,Married,1
716481408,38.0,F,2,Graduate,Single,1
720590058,51.0,F,1,Graduate,N/A,3
789347133,38.0,F,2,Post-Graduate,N/A,1
719112258,42.0,M,4,College,Unknown,3
717748608,35.0,F,4,High School,Married,4
710740008,57.0,M,1,Graduate,Unknown,1
716694108,42.0,M,4,Uneducated,Married,3
719372583,57.0,M,3,Graduate,Single,1
719981508,37.0,M,2,Uneducated,Single,3
751350558,57.0,F,1,High School,N/A,2
715123983,43.0,F,1,College,Single,2
709250508,63.0,M,1,Uneducated,Single,2
716754783,43.0,M,4,High School,Married,3
719025333,48.0,M,2,Post-Graduate,Married,0
718566858,46.0,F,2,College,Single,2
710675508,40.0,F,3,College,Unknown,1
818729208,52.0,M,3,Graduate,Married,3
709068183,53.0,M,4,College,Married   ,3
715358283,57.0,F,2,Uneducated,Married,2
710966433,50.0,F,3,Uneducated,N/A,2
708575058,46.0,F,3,Uneducated,Divorced,2
713929533,36.0, M ,3,College,Married,2
714087258,49.0,F,1,Uneducated,Married   ,2
756383283,38.0,F,3,College,Married,3
720766908,40.0,F,2,Uneducated,Married   ,2
718133733,44.0,F,4,Post-Graduate,Unknown,1
720823458,59.0,F,2,Unknown,Married,2
720027258,53.0,F,2,High School,Single,3
807604233,54.0,M,3,Graduate,Married,3
801786483,51.0,M,0,High School,Single,3
789138258,45.0,F,3,High School,Single,2
805524708,52.0,F,3,High School,Divorced,1
779642733,42.0,F,5,Unknown,Married,1
771735933,48.0,M,2,High School,Married,1
789917208,40.0,F,4,High School,Married,3
779608083,55.0,M,2,Doctorate,Single,2
711287733,45.0,M,4,Unknown,Married,1
774675933,40.0,M,3,College,Divorced,3
716741508,33.0,F,3,High School,Married,3
721106133,57.0,F,3,Uneducated,Divorced,1
716698608,51.0,M,2,Unknown,Single,1
716299608,58.0,F,3,Unknown,Divorced,3
718116933,53.0,F,3,Graduate,Single,1
720513333,46.0,M,3,High School,Single,3
802460433,57.0,F,3,High School,Married   ,2
720482583,52.0,F,1,College,Married,1
719584608,40.0,M,4,High School,Unknown,1
709477233,37.0,F,2,High School,Single,1
719512983,47.0,F,4,Graduate,Married   ,6
714923583,38.0,FEMALE,2,Graduate,Unknown,2
779397183,42.0,F,2,Graduate,Single,1
714671658,38.0,F,5,Graduate,Married,2
779218233,47.0,F,5,Post-Graduate,Single,3
713456583,45.0,M,2,High School,Married,2
790221633,44.0,F,4,Graduate,Single,3
721299483,47.0,m,3,Graduate,Single,1
711701958,48.0,M,1,Unknown,Single,3
783573408,42.0,F,4,College,Single,2
709641933,42.0,F,3,Graduate,Married,2
718755483,44.0,M,2,High School,Married,1
720914358,46.0,m,3,Graduate,Married,3
714811533,39.0,M,2,High School,Unknown,2
719898108,57.0,F,2,Doctorate,Married,3
720719883,54.0,F,1,Graduate,Single,3
780338733,50.0,F,2,Graduate,Married,2
709810458,56.0,F,0,Unknown,Single,0
821356083,54.0, M ,3,Uneducated,Married   ,3
793428408,50.0,F,3,Uneducated,Married,1
746453583,56.0,F,1,Unknown,Married,2
771799008,61.0,F,1,Graduate,Married,1
719075883,38.0,F,3,High School,Married,3
714986583,55.0,F,4,Uneducated,Single,2
753233733,38.0,M,1,Graduate,Single,3
806914158,38.0,F,4,Graduate,Married,1
812671758,47.0,F,5,Doctorate,Married   ,3
789191358,55.0,M,4,Graduate,Single,2
772111083,50.0,M,1,High School,Married,2
714961383,48.0, M ,3,Uneducated,Single,3
817288458,33.0,F,2,Graduate,N/A,3
719163108,44.0,M,3,Graduate,Married,3
713922183,52.0,M,2,Uneducated,Single,1
716443608,46.0,F,3,Unknown,Unknown,1
827953683,41.0,M,2,Graduate,Married   ,1
789678483,50.0,F,2,High School,Married,2
793630083,39.0,M,2,High School,N/A,4
756306183,42.0,F,1,College,Married,3
736893108,33.0,F,2,Doctorate,Single,2
712900308,44.0,F,2,College,Single,3
798045708,42.0,F,5,Graduate,Married,1
715657833,52.0,F,3,Unknown,Single,2
712111608,59.0,F,2,Post-Graduate,Single,3
711792783,45.0,F,3,Unknown,Divorced,2
716067333,61.0,m,0,Graduate,Married,3
780660183,43.0,F,4,High School,Divorced,2
720761208,59.0,M,1,College,Married   ,2
788794758,46.0,M,4,Graduate,Single,4
711150333,40.0,F,3,Graduate,Single,2
714418158,63.0,F,0,Uneducated,Single,2
713634108,45.0,F,3,Graduate,Single,2
717231558,49.0,F,4,Graduate,Married,2
711589758,42.0,M,5,High School,Married,2
787481208,46.0,F,1,Unknown,Married   ,1
715516458,42.0,F,1,High School,Married,2
714998508,53.0,M,3,Uneducated,Married,0
713328108,60.0,F,1,College,Married   ,2
716229108,55.0,F,3,College,Married   ,3
820925433,50.0,F,2,Post-Graduate,Single,2
816129258,34.0,F,2,Post-Graduate,Single,3
808903308,54.0,F,1,Unknown,Married,6
713809833,42.0,F,3,Graduate,Unknown,2
713542008,48.0,F,3,High School,Unknown,3
717385083,46.0,M,3,High School,Married,3
708652908,47.0,F,5,Uneducated,Married,1
715644633,42.0,F,3,Graduate,Single,1
708761733,52.0,F,3,High School,Married,2
714600258,45.0,M,2,Post-Graduate,Married,2
823566408,44.0,F,3,Graduate,Married,1
713373708,54.0,m,3,Unknown,Single,3
708307533,42.0,M,2,Uneducated,Married,3
820085808,54.0, M ,3,Graduate,Married   ,2
716685033,38.0,F,1,High School,Married,2
713063958,51.0, M ,1,Graduate,Single,3
708371733,41.0,m,3,High School,Married,2
780277458,52.0,F,2,Graduate,Single,3
797232183,42.0,F,4,Unknown,Married,1
720789933,46.0,F,4,Graduate,Married,1
808281483,46.0,F,2,Unknown,Single,3
712968708,55.0,F,1,High School,Single,1
711263058,29.0,F,1,Unknown,Single,2
788813658,62.0, M ,0,Graduate,N/A,3
721444758,47.0,F,2,College,Married,3
711448983,47.0,m,2,Graduate,N/A,2
712664658,35.0,F,1,Graduate,Single,2
714237033,42.0,F,4,Uneducated,Married,3
718370733,48.0,F,2,Uneducated,Married,3
713726958,40.0,FEMALE,3,Doctorate,Married,2
794160408,46.0,F,3,Graduate,Married,1
716009883,41.0,F,1,Graduate,Single,1
711873033,35.0,F,3,Unknown,Married   ,3
712715208,,M,1,High School,Single,2
778899708,56.0,F,2,Unknown,Single,3
771865908,48.0,F,2,Graduate,Single,3
716273133,41.0,F,3,Graduate,Married,3
709927458,38.0,M,3,Graduate,Single,3
715162608,48.0,F,2,Graduate,Single,3
719862258,38.0,F,2,Uneducated,Single,3
788719533,53.0,M,4,Post-Graduate,Married,3
715566408,45.0,F,3,Doctorate,Married,2
717359208,57.0,F,0,College,Married,1
721410858,54.0, M ,4,High School,Single,0
779420583,45.0,m,4,Graduate,Single,3
714222183,38.0,F,3,Graduate,Married   ,1
709079883,45.0, M ,4,Doctorate,Married,3
721406658,32.0,F,0,Unknown,Divorced,3
713782608,46.0,FEMALE,4,Graduate,Single,1
720236433,41.0,M,4,College,Married,3
785106933,51.0,F,1,Unknown,Single,3
716673258,60.0,F,1,Unknown,Single,3
708341958,31.0,F,1,College,Divorced,3
797150733,44.0,M,3,Unknown,Single,2
718279983,49.0,F,1,College,Married,2
718548558,53.0,m,3,Unknown,Single,3
780360558,33.0, M ,1,Graduate,Married,2
715012833,46.0, M ,1,High School,Married,3
772388508,43.0,F,3,Graduate,Married,3
788199858,42.0,F,3,High School,Unknown,1
769578108,40.0,M,4,Unknown,Single,3
719843958,46.0,M,2,Graduate,Married,3
767197983,52.0,F,2,High School,Married   ,1
711874833,45.0,M,3,College,Divorced,2
714930333,39.0,FEMALE,3,College,N/A,3
720989133,41.0,m,2,College,Married   ,2
720893958,49.0,F,4,Uneducated,Single,3
769709058,60.0,m,1,Uneducated,Single,1
711005583,37.0,M,3,High School,Single,3
826548708,50.0,M,2,Graduate,Single,2
711093408,46.0,F,2,Doctorate,Married,1
712831908,59.0,F,1,College,Married,1
780222408,49.0,F,5,Graduate,Unknown,2
714181008,35.0,F,0,Graduate,Married,2
772346358,52.0,F,3,Uneducated,Single,2
717489033,27.0,F,0,High School,N/A,4
710969433,41.0,F,1,Uneducated,Married,2
715807383,45.0,F,4,Post-Graduate,Single,3
711807333,37.0,F,2,College,Single,2
816086508,47.0,F,2,Unknown,Married,3
714424533,41.0,F,4,Graduate,Married,2
779536233,47.0,F,4,Graduate,Divorced,1
710794983,41.0,F,3,High School,Single,1
779890833,51.0,F,2,High School,Divorced,1
779837808,,F,2,High School,Married,3
713748708,46.0,F,3,Graduate,Married   ,4
709123908,43.0,F,2,Graduate,Married,2
816476658,54.0,F,2,Unknown,Married,3
743800833,53.0,F,3,College,Married,1
806415183,51.0,m,0,Doctorate,Married,3
794054058,50.0,FEMALE,2,Graduate,Single,1
771907158,54.0,M,5,Unknown,Married,3
815789883,46.0,F,3,College,Single,2
712177908,50.0,F,4,College,Single,1
711234783,44.0,F,4,Unknown,Married   ,3
793379058,48.0,F,3,Graduate,Married   ,1
720480183,45.0,F,3,Unknown,Divorced,1
712974558,56.0,F,2,College,Single,1
717409533,36.0,FEMALE,2,Post-Graduate,Single,3
712200033,44.0,F,4,High School,Single,3
713563383,50.0,F,3,Unknown,Single,3
802795608,54.0,F,2,High School,N/A,2
787452333,39.0,F,1,High School,Married   ,1
709520058,53.0,M,5,Uneducated,Married   ,2
819690933,56.0,M,1,Graduate,N/A,1
820694133,60.0,F,0,High School,Married,3
711800658,42.0,F,3,High School,Single,3
717722958,43.0,M,3,Uneducated,Married,2
712279683,44.0,M,3,Graduate,Married,3
716606733,33.0,FEMALE,1,Graduate,Single,3
716060358,53.0,F,2,Graduate,Married,2
709158333,44.0,M,4,Graduate,N/A,1
721113333,54.0,F,0,Graduate,Married,3
712620858,34.0,F,4,Doctorate,Married   ,2
712855683,50.0,F,2,Post-Graduate,Married,2
715463133,40.0,FEMALE,5,High School,Single,3
716551533,47.0,F,1,High School,Single,3
771220758,40.0,F,3,Doctorate,Single,2
709920258,41.0,F,3,Graduate,Divorced,3
708959583,47.0,M,2,High School,Married,2
712510833,44.0,M,3,College,Married,3
710840433,34.0,M,1,College,Married   ,3
712853358,39.0,F,3,High School,Unknown,2
788502858,58.0,M,3,High School,Single,1
721139808,42.0,FEMALE,3,Graduate,Single,1
711375558,48.0,F,2,Uneducated,Single,1
713798958,38.0,F,3,Unknown,Single,1
709362033,52.0,F,1,Graduate,Married,3
719860308,42.0,F,2,Graduate,Married,3
714443058,43.0, M ,4,College,Married,4
716315508,37.0,F,3,Post-Graduate,Married,5
717651333,55.0, M ,2,Graduate,Single,1
798489258,59.0,F,1,Uneducated,Divorced,1
710742408,53.0,F,2,College,Married,3
812089383,41.0,M,5,Unknown,Single,3
711968358,55.0,F,4,Graduate,Single,1
794227308,56.0,M,2,College,Married,3
719845908,52.0,m,3,Uneducated,Single,3
716851908,58.0,F,5,Unknown,Married,3
720599658,49.0,M,1,Unknown,Married,1
720401658,53.0,F,3,Graduate,Single,5
827442858,56.0,m,3,High School,Divorced,1
779034708,60.0,F,0,Doctorate,Married,1
718806783,46.0,F,3,Uneducated,Married,1
714484008,49.0,F,4,Uneducated,Married,2
719176308,43.0,M,3,College,Divorced,2
769662033,45.0,m,2,College,Unknown,3
721020858,34.0,F,1,College,Single,2
714630858,36.0,F,1,Uneducated,Unknown,2
710838108,45.0,M,2,Graduate,Married,1
712662783,43.0,F,2,College,Married,6
713160258,54.0,F,2,Graduate,Married,3
778163508,37.0,F,2,High School,Married,2
713785608,49.0,m,1,Doctorate,Single,3
779905008,54.0,F,4,Graduate,Unknown,1
789491058,43.0,F,4,Graduate,Married,1
793736958,49.0,M,3,High School,Single,1
720961383,47.0,F,3,Uneducated,N/A,4
714202008,53.0,F,2,High School,Married,2
721479108,52.0,M,1,Uneducated,Single,3
715549158,29.0,F,1,Graduate,Married,0
710308983,50.0,F,3,Graduate,Unknown,3
710981583,44.0,F,5,Unknown,Single,2
712704933,49.0,F,4,High School,Unknown,3
716165508,51.0, M ,2,Uneducated,Married,1
710630583,47.0,M,3,High School,N/A,1
709571958,58.0,F,2,Graduate,N/A,2
790115358,39.0,F,2,Unknown,Single,2
715904433,42.0,F,4,College,Married,2
709078908,48.0,F,3,High School,Single,3
717541308,61.0,F,2,Graduate,Single,3
779916408,39.0,F,4,Graduate,Single,2
714979383,56.0,M,3,Graduate,Single,2
711691608,46.0,F,4,Graduate,Single,3
788930358,42.0,F,4,College,Single,2
716351208,48.0,F,3,Uneducated,Married,2
708266883,34.0,F,2,Graduate,Single,3
718858683,42.0,F,1,Graduate,Married,2
771617883,54.0,F,2,High School,Single,2
718001508,41.0,m,3,Graduate,Married,2
708995283,50.0,F,1,Graduate,Unknown,3
721173183,57.0,F,2,Uneducated,Married,2
711102858,48.0,F,2,Doctorate,Single,3
711722808,51.0,F,4,Graduate,Single,3
787466808,35.0,m,0,Unknown,N/A,3
716116383,45.0,F,1,Unknown,Married,1
713257083,46.0,F,4,Unknown,Married,1
772661808,56.0,M,3,Graduate,Married,2
713382558,57.0,F,3,College,Single,2
717596883,58.0,F,0,Graduate,Single,2
712993008,58.0,FEMALE,1,Unknown,Single,1
824763783,59.0,F,0,College,Single,3
771730758,51.0,m,1,High School,Single,2
780265458,56.0,F,2,Uneducated,Married   ,2
714256758,50.0,M,2,Unknown,Single,1
710292333,44.0,F,3,High School,N/A,4
712171158,42.0,F,2,High School,Married   ,1
787339158,56.0,M,1,Graduate,Married,3
788782008,49.0,F,3,Unknown,Married,2
714848958,47.0,F,2,Graduate,Married   ,1
714987633,42.0,m,3,Graduate,Married,3
717684858,50.0,M,3,Uneducated,Single,3
767376483,27.0,F,1,College,N/A,3
709901058,38.0,M,1,High School,N/A,1
823149483,52.0,F,1,Post-Graduate,Single,3
780073158,59.0,M,0,High School,N/A,1
779998083,33.0,M,3,High School,Married,3
713144208,51.0,F,0,High School,Married,4
771594783,56.0,F,1,College,Married,4
816613158,48.0,F,1,Doctorate,Married,1
770774133,53.0,M,3,Graduate,Single,3
712300683,41.0,F,1,Graduate,Single,1
714536208,50.0, M ,3,Uneducated,Married,3
784880958,34.0,F,4,Graduate,Single,1
713784558,59.0, M ,1,Graduate,Single,3
719305608,57.0,F,3,High School,Single,3
720190083,56.0,F,3,Unknown,Single,4
708323208,49.0,F,3,Uneducated,Married,4
781183233,44.0,F,3,High School,Single,1
718825908,60.0,F,1,Doctorate,Single,1
716963283,47.0,F,3,Graduate,N/A,3
714924483,60.0,F,1,Unknown,Single,2
779922183,52.0,m,1,High School,N/A,2
719449533,49.0,F,3,Uneducated,N/A,3
712559058,54.0,M,0,High School,Single,2
717853233,41.0,M,2,College,Married,3
790069233,45.0,F,3,High School,Divorced,2
794576058,42.0, M ,3,Graduate,Married,3
779877858,53.0,F,2,College,Unknown,2
772334133,53.0,F,1,Graduate,Married,3
714139308,53.0,M,3,Uneducated,Married,1
806634783,38.0,F,2,College,Married,2
720101658,26.0,F,0,Graduate,Single,2
719925483,46.0,M,4,Graduate,Married   ,1
719572833,57.0,m,3,Graduate,Unknown,2
720729108,32.0, M ,0,Unknown,Single,1
819214233,43.0,F,3,Graduate,Married,2
718896108,48.0,FEMALE,3,High School,Unknown,1
713723433,52.0,F,4,High School,Single,3
708514383,38.0,F,2,College,Married   ,0
716961033,48.0,F,3,High School,Single,3
778819083,41.0, M ,2,Doctorate,Married,3
714773508,54.0,F,1,Graduate,Married,3
814181433,46.0,m,5,College,Married,2
711984633,36.0,F,3,Graduate,Married,3
710662158,41.0,M,4,Unknown,Married,3
711356733,45.0,F,5,Unknown,Single,3
711456108,46.0,F,4,Unknown,Married   ,3
780727833,51.0,F,3,High School,Single,3
771471708,44.0,F,2,Graduate,Unknown,3
714320358,38.0,F,2,College,Married   ,2
720700008,50.0,F,1,High School,Single,3
713027058,46.0,F,4,Doctorate,Single,3
778228458,52.0,F,3,Uneducated,Single,3
781137783,40.0,M,3,High School,Unknown,4
719821908,38.0,F,2,High School,Single,2
720537633,44.0,F,3,Doctorate,Married,1
712378983,54.0,M,1,Unknown,Single,5
763681908,34.0,F,3,Unknown,Married,1
721164483,46.0,F,2,College,Married,3
715447008,50.0,F,3,Graduate,Married,2
769676358,38.0,M,2,High School,Single,2
710487033,44.0,F,2,High School,Married,3
714197133,51.0,F,3,College,Married,3
718488783,40.0, M ,3,College,Unknown,2
715663458,51.0, M ,4,Unknown,N/A,1
717865008,51.0,F,1,Unknown,Married,1
771400608,56.0, M ,2,Graduate,Married,2
708148158,39.0,F,4,Unknown,Married,2
720589008,47.0,F,3,Doctorate,Unknown,2
784795083,31.0,FEMALE,1,High School,Divorced,3
809844108,48.0,M,2,Doctorate,Single,1
711521958,51.0,F,2,Unknown,Single,2
711833508,47.0,M,2,High School,Married   ,2
713146683,35.0,F,1,High School,Unknown,2
716968683,46.0,F,5,High School,Married   ,3
716279508,48.0,M,3,College,Married,3
771336783,51.0,F,3,High School,Single,2
717502083,41.0,M,3,Doctorate,Single,3
714843483,57.0,F,3,Uneducated,Single,2
709745508,58.0,F,2,Unknown,N/A,3
711382458,43.0,M,5,Graduate,Married,5
712190358,48.0,F,4,Uneducated,N/A,2
788805858,49.0,M,3,College,Divorced,1
709102458,47.0,M,2,High School,Single,5
712533708,43.0,FEMALE,0,High School,Single,2
720326733,55.0,FEMALE,2,Graduate,Single,1
713605908,49.0,M,3,Graduate,Married,1
711598533,43.0,M,1,High School,Married,3
795855258,48.0,F,4,College,Single,2
826783233,57.0,F,3,High School,N/A,2
789228108,56.0,F,4,Graduate,Single,3
785230083,50.0,M,2,Uneducated,N/A,1
807946833,44.0,F,2,Graduate,Single,3
711011508,43.0,F,3,Graduate,Single,2
718632933,58.0,F,1,College,Single,1
717284133,53.0,F,1,High School,Married,3
711701058,48.0,m,4,Graduate,Married,3
712228458,50.0,M,2,Unknown,Unknown,1
717146208,59.0,F,1,Graduate,Married   ,4
719028783,42.0,F,1,Graduate,Married   ,3
713274183,45.0,F,1,Graduate,Single,3
789218433,33.0,F,3,Unknown,Married,2
790139583,39.0,F,0,Graduate,Married   ,1
720218658,40.0, M ,1,Unknown,Married,1
747074058,47.0,F,3,Unknown,Single,0
719170683,38.0,FEMALE,1,Unknown,Married   ,3
708753633,45.0,F,3,Doctorate,Married,1
710780883,48.0,F,5,Uneducated,Single,3
785237958,45.0,M,5,College,Married,3
711333933,56.0,F,3,Post-Graduate,Single,1
710797833,50.0,F,5,Graduate,Married,2
720154533,53.0,F,4,Graduate,Unknown,2
719123958,40.0,M,4,Unknown,Divorced,3
780942633,49.0,M,4,High School,Married,3
720034983,26.0,M,0,Unknown,Unknown,1
717307158,48.0,F,3,Unknown,Married   ,3
708876183,51.0,M,1,High School,Single,2
712660308,44.0, M ,1,High School,Single,3
715958583,56.0,F,2,High School,Married,2
771546708,46.0,F,2,Graduate,Single,1
711252258,54.0,F,1,High School,Single,2
772585008,48.0,F,4,High School,Married,1
751143858,59.0,F,1,High School,Single,1
708824958,50.0,F,4,High School,Single,2
819612933,52.0,M,3,Graduate,N/A,3
712804383,56.0,F,0,College,Married,2
790149483,42.0,M,3,Uneducated,Single,3
712121508,43.0,M,3,Uneducated,Single,0
778853358,59.0,m,0,College,Single,3
716512383,39.0,F,2,High School,N/A,1
823548858,53.0,F,4,Graduate,Married,4
712144158,53.0,F,1,Graduate,Single,3
824560758,35.0,F,3,Graduate,Single,4
757710783,36.0,F,1,Graduate,Married   ,3
713081583,51.0,F,4,Unknown,Married,3
710481333,50.0,F,4,High School,Married,5
721060083,42.0,F,3,College,Married,1
713759583,54.0,F,3,High School,Married,1
717547383,43.0,F,2,Graduate,N/A,1
711683358,46.0,F,3,High School,Unknown,4
710044308,40.0,m,4,Graduate,Single,2
713101383,44.0,F,2,Unknown,Married,1
757685733,43.0,F,2,Graduate,Married   ,2
717823383,56.0,M,4,Unknown,Married,3
796029483,49.0,F,3,Graduate,Married,2
710099358,60.0,FEMALE,1,Unknown,Single,1
713872008,49.0,F,1,High School,Married,1
788802483,47.0,F,3,Uneducated,Unknown,3
817988433,56.0,M,3,Unknown,Single,2
823554783,44.0,F,3,College,Single,3
710643183,42.0,F,2,High School,N/A,3
779859558,54.0,F,3,High School,Married,4
798238008,36.0,F,2,Uneducated,Married   ,2
811974483,56.0,M,2,Graduate,Single,1
778471758,52.0,F,2,Graduate,Married   ,3
718513233,59.0,M,2,Graduate,Single,3
718147233,44.0,F,1,High School,Married,3
713700258,55.0,F,1,Post-Graduate,Married,3
780670083,39.0,F,2,Unknown,Unknown,3
711438033,57.0,F,1,Graduate,Married,2
712253058,48.0,F,3,High School,Married   ,1
713519508,47.0,M,4,High School,Divorced,1
789992733,50.0,F,1,Unknown,Unknown,2
710110683,52.0,M,2,College,Married,3
720260433,46.0,m,3,High School,Married,2
714148758,34.0,F,2,Post-Graduate,Married,3
715522233,45.0,F,3,Doctorate,Single,3
712790358,39.0,F,3,Uneducated,Married,4
714943233,49.0,M,2,Doctorate,Married,2
789579033,43.0,M,3,Graduate,Unknown,3
708952758,41.0,F,3,College,Married,2
721374033,53.0,F,1,High School,Married,3
808891983,42.0,F,5,Graduate,Unknown,2
794516508,43.0,FEMALE,3,High School,Married,1
714032883,45.0,m,2,College,Unknown,1
778722033,44.0,F,2,Uneducated,Married,0
823578483,44.0, M ,4,High School,Single,2
715148658,51.0,F,2,Graduate,Married,3
709669533,38.0,F,1,High School,Divorced,2
787467858,43.0,M,1,High School,Married,3
708671733,48.0,M,4,Graduate,Married,3
709790058,53.0,M,4,Graduate,Married,3
712714008,39.0,F,4,Unknown,Married,2
715191258,47.0,F,5,Unknown,Married,3
757722708,42.0,M,3,College,Married,1
718086783,50.0,m,5,Uneducated,Married,1
815253708,46.0,F,2,High School,Divorced,2
715083633,-99.0,F,1,Uneducated,N/A,3
792098883,37.0,M,2,Doctorate,Single,3
711873858,43.0,M,3,High School,Married,2
713931258,56.0,F,3,Graduate,Married   ,4
787591008,42.0,M,3,Uneducated,Divorced,1
801518958,56.0,F,1,Graduate,Married,3
713068833,44.0,F,3,Uneducated,Single,1
710566533,40.0,M,1,Unknown,Married   ,3
789151983,43.0,F,4,Graduate,Unknown,3
766673433,45.0,M,4,Unknown,Married,3
807589908,47.0,F,5,Unknown,Married,1
708190158,38.0, M ,3,High School,Single,0
784895358,49.0,F,1,Graduate,Married,3
710090133,62.0,F,1,College,Divorced,3
799242033,45.0,M,4,Doctorate,Married   ,2
719377383,40.0,M,2,College,Single,3
710371683,51.0,M,4,Doctorate,Married,2
719926683,41.0,M,3,High School,Divorced,2
793597833,49.0,FEMALE,0,Post-Graduate,Single,1
713739708,61.0,M,0,High School,Single,3
709389558,33.0,F,4,College,Married   ,0
811907583,45.0,F,4,Uneducated,Single,2
709087983,35.0,F,3,Doctorate,Single,3
712774908,41.0,F,4,High School,Married,2
820639908,48.0,F,4,High School,Married,1
713497983,49.0,M,5,High School,Single,2
713489358,52.0,F,2,Graduate,N/A,2
711381183,51.0,F,2,Unknown,Married   ,2
814989933,45.0,FEMALE,4,College,Unknown,1
711847833,42.0, M ,2,Graduate,Married   ,2
772837083,41.0,M,3,Graduate,Married,1
713652783,30.0,F,0,Unknown,Single,1
719202708,54.0,F,3,High School,Married   ,1
714566133,60.0,F,2,Graduate,Married,2
717553683,52.0,F,1,Unknown,Married,3
814987983,37.0,F,2,College,Single,3
789588933,44.0,M,2,Graduate,Married,1
714317058,52.0,M,2,Graduate,Married,1
772271508,46.0,FEMALE,3,Uneducated,Single,3
716366208,45.0,F,2,Uneducated,Married   ,3
710971908,43.0,M,1,High School,Married,3
711412533,40.0,m,3,High School,Single,5
720593583,39.0,F,2,Doctorate,Divorced,2
720165258,44.0,F,2,High School,Unknown,1
716147658,49.0,F,2,Uneducated,Single,1
778436283,41.0,M,4,High School,Single,1
711492258,50.0,M,2,Graduate,Married,0
771106458,54.0,F,4,College,Married   ,2
713183508,39.0,F,1,High School,Married,2
710832108,52.0,F,2,Unknown,Single,3
719940483,51.0,F,1,Graduate,Married   ,2
715207458,46.0,m,1,Unknown,Single,1
716839983,48.0,M,3,College,Married,2
781073733,50.0,M,2,Graduate,Married,3
757594083,52.0,F,1,Unknown,Married   ,0
764496708,54.0,FEMALE,2,High School,Married   ,3
714080433,40.0,F,5,College,Married,2
757675158,47.0,F,4,Post-Graduate,Divorced,3
715361433,53.0,FEMALE,2,High School,Single,3
778191933,45.0,M,3,Uneducated,Single,5
718792758,35.0,F,4,Uneducated,Married,2
709738008,48.0,F,3,Unknown,Married,2
799020258,44.0,m,2,Uneducated,Divorced,2
718152333,41.0,F,3,Doctorate,N/A,6
716324583,42.0,F,4,Uneducated,Married   ,1
720887058,51.0,FEMALE,1,Unknown,Married,3
714825408,45.0,F,3,High School,Single,3
788620083,50.0,F,3,Graduate,Single,2
719490108,54.0,F,3,Graduate,Single,1
709044183,47.0,F,3,Unknown,Married,3
756944133,52.0,F,4,Graduate,Married,3
785285883,49.0,F,3,Graduate,Single,4
779770683,47.0,F,3,Uneducated,N/A,3
718510983,54.0, M ,3,Unknown,Single,2
710322033,52.0,F,1,High School,Married,1
710560008,46.0,F,4,High School,Married,0
711298458,39.0,F,3,Unknown,Married,5
789164283,55.0,F,0,Uneducated,Married,3
715773783,44.0,F,2,Graduate,Single,4
779158533,43.0,F,3,Uneducated,Married   ,3
720463833,42.0,M,5,Uneducated,Single,2
712747758,50.0,F,4,Uneducated,Single,3
771067308,38.0,F,3,High School,Single,2
750995508,41.0,M,3,Unknown,Single,3
716171358,51.0,M,4,College,Married,1
794637333,44.0,F,2,Graduate,Divorced,2
718437033,46.0,M,2,Uneducated,N/A,2
718492908,38.0,F,3,College,Married,3
716033508,46.0,M,2,Graduate,Single,2
717603858,54.0,M,3,College,Single,1
714741933,42.0,M,4,Unknown,Married,2
716558283,30.0,F,0,Graduate,Married,2
719022558,49.0,m,4,Uneducated,Married,3
717334233,54.0,F,1,Uneducated,Single,2
709222008,41.0,M,3,Unknown,Married   ,4
719192808,51.0,m,4,Graduate,Single,1
719281533,37.0,F,3,College,N/A,3
710877108,44.0,F,1,High School,Divorced,2
714155283,46.0,F,2,Unknown,Married,0
771214083,45.0,M,2,High School,Unknown,3
770581983,55.0,F,4,Graduate,Married   ,3
718742808,55.0,F,1,High School,Married,3
710257683,50.0,M,3,Graduate,N/A,2
721426383,36.0,m,3,Unknown,Single,0
721041483,45.0,M,4,Doctorate,Married,2
719922558,45.0,F,5,Unknown,Divorced,3
715072533,41.0,F,3,Unknown,Unknown,2
716214108,44.0,M,4,Uneducated,Single,1
772216833,47.0,F,5,Graduate,Single,1
708553008,38.0,F,1,High School,Single,3
778880358,49.0,F,4,Graduate,Married   ,3
720258183,39.0, M ,4,Graduate,Single,3
720689583,50.0,F,3,High School,N/A,3
758168133,50.0,F,0,High School,Married,1
716322783,47.0,F,3,Unknown,Married,2
711118083,54.0,F,4,Graduate,Married   ,1
709591533,46.0,F,3,College,Divorced,3
794556333,43.0,F,2,Unknown,Married   ,3
771630783,42.0,F,3,High School,Married,2
708672708,49.0, M ,4,High School,Unknown,3
715590258,45.0,F,4,Uneducated,Single,3
714241083,49.0,F,1,Graduate,Married,3
708416433,41.0,F,1,High School,Single,2
779183958,45.0,F,2,Graduate,Single,4
709061658,44.0,F,1,Graduate,Single,3
717384183,58.0,F,3,Graduate,Single,1
778921908,42.0,M,4,College,Single,1
714745608,51.0,F,4,High School,Single,3
709200633,55.0,F,1,Graduate,Single,3
714714558,37.0,F,2,Uneducated,Married   ,2
801363633,60.0,F,2,Graduate,Married,2
778847808,42.0,F,4,Graduate,N/A,3
713015433,50.0,m,4,Unknown,Married,3
711666708,52.0,F,2,High School,Married,4
809631483,42.0,M,3,Post-Graduate,Unknown,3
808967883,48.0,m,4,Unknown,Married,0
710532258,48.0,F,3,High School,Divorced,1
812235108,44.0,F,2,Graduate,Unknown,3
817293258,44.0,F,4,College,Married   ,2
714695883,45.0,F,5,Uneducated,Unknown,3
738062658,57.0,M,3,Graduate,Single,3
709518858,50.0,F,2,Graduate,Married   ,1
819634233,46.0,F,2,Graduate,Unknown,2
711272058,40.0,F,4,Graduate,Married,3
716262708,51.0,F,2,College,Single,2
708928008,34.0,F,2,High School,Single,1
765755283,48.0,F,2,Graduate,Married,3
711922158,57.0,FEMALE,2,Graduate,Married,3
773177358,48.0,F,3,Graduate,Married,2
779638983,47.0,F,4,Graduate,Married,3
708723858,48.0,F,4,Graduate,Married   ,3
712184133,41.0,F,5,Graduate,Married,3
709948233,47.0,F,3,Uneducated,Single,3
709415583,37.0,FEMALE,2,Unknown,Single,1
714005508,45.0,F,4,Graduate,Married,2
712407033,26.0,F,0,Uneducated,Unknown,3
716333283,58.0,F,0,Unknown,Unknown,2
715534083,46.0,F,2,College,Single,1
789492558,49.0,F,2,College,Married   ,1
770929383,41.0,M,2,Graduate,Single,1
708890133,46.0,F,4,College,Married,2
788595183,42.0,M,2,Graduate,Single,3
713167383,57.0,F,3,High School,Single,2
717704433,48.0,F,4,Unknown,Single,1
718590183,58.0,F,3,Doctorate,Married,3
719019483,46.0,F,2,College,Unknown,1
710401458,53.0,M,3,Unknown,Married,3
720783558,58.0,F,1,Graduate,Married,1
772364358,54.0,F,2,High School,Unknown,1
719868183,42.0,F,3,High School,Married,2
709388058,43.0,m,4,Graduate,Single,2
717004533,35.0,F,3,High School,Married,0
714969183,46.0,F,2,Unknown,Married,1
720837708,42.0,F,3,College,Married   ,3
759947433,53.0,M,3,Graduate,Married,2
767404083,52.0,M,2,Graduate,N/A,3
781926633,48.0,M,2,Uneducated,Married,3
772127508,31.0, M ,1,Uneducated,Married   ,2
720518283,50.0,M,2,Post-Graduate,Single,2
715380483,54.0,F,5,Unknown,Married   ,2
789296133,35.0,F,3,Doctorate,Single,3
711029358,41.0,F,4,Unknown,N/A,2
712615008,46.0,M,2,Graduate,Unknown,2
816826008,41.0,M,4,Unknown,Married,2
715488483,49.0,F,4,Graduate,Married,1
717759783,47.0,F,4,Unknown,Single,2
796083783,55.0,FEMALE,2,College,Single,6
709925733,32.0,F,0,Unknown,Single,2
715309083,50.0,F,2,Graduate,Married,2
778441533,45.0,F,4,High School,Single,2
715891533,45.0,F,4,Graduate,Unknown,1
788848458,40.0,F,5,Unknown,Married,2
708399858,45.0,F,3,High School,Married,1
711944733,45.0,F,2,High School,Married,2
712683633,32.0,F,0,Unknown,Married,3
785487783,59.0,F,1,Graduate,Single,0
718951683,48.0,F,2,Graduate,Married,1
718329183,57.0,F,3,Graduate,Divorced,2
788960658,42.0,F,2,Uneducated,Married,3
713120433,55.0,F,2,High School,Married,3
720980958,43.0,F,5,Uneducated,Married,2
709606158,37.0,F,2,Graduate,Married,3
714168183,48.0,F,2,Uneducated,Married   ,3
712524858,34.0,FEMALE,1,Graduate,Single,3
815072283,50.0,F,3,Graduate,Married,1
715980258,36.0,F,1,Doctorate,Single,3
788715483,44.0,F,5,Graduate,Single,2
809276808,47.0,M,4,Graduate,Married   ,3
708885558,56.0,F,1,High School,N/A,2
789373683,45.0,F,3,Graduate,Married,2
714216858,35.0,F,2,Unknown,Single,2
719150658,51.0,F,2,Graduate,Married,2
712302783,38.0,F,2,Uneducated,Single,1
799717458,42.0,F,3,Unknown,Married,3
716354883,59.0,F,0,Graduate,Unknown,2
719601708,45.0,M,3,College,Single,2
720150858,34.0,M,2,High School,Married,0
824915208,44.0,F,3,Doctorate,Married   ,1
798777708,54.0,F,4,High School,Single,1
805229133,46.0, M ,3,Unknown,Unknown,2
716365233,53.0,F,1,College,Married,3
796544133,54.0,M,1,College,Single,1
778143183,47.0,M,1,Graduate,N/A,3
717011958,43.0,F,4,Graduate,Single,1
778264008,41.0,F,3,College,Single,2
789507408,48.0,F,3,College,Unknown,1
788842008,50.0,F,3,Uneducated,Married,2
714742758,42.0,F,4,Uneducated,Single,2
717742908,44.0,m,3,Unknown,Married   ,1
712874433,45.0,FEMALE,3,Unknown,Single,0
711092658,39.0,F,3,Graduate,Married,3
720299283,46.0,m,3,Uneducated,Married,1
719237058,39.0,M,2,Doctorate,Single,1
719671383,40.0,F,3,Uneducated,Unknown,2
788290383,43.0,M,3,Doctorate,Single,3
779701983,49.0,m,3,Graduate,Single,3
779247483,46.0,F,1,Uneducated,Unknown,6
767093133,52.0,F,2,Unknown,Married,1
717979008,48.0,F,3,Unknown,Single,1
712132383,44.0,M,4,College,Single,3
772306383,57.0,F,3,Unknown,Unknown,2
714469008,40.0,F,2,Unknown,Single,3
812446158,54.0,F,3,Uneducated,Single,2
779401233,47.0,F,4,Uneducated,Single,0
784994883,26.0,F,0,Unknown,Married,2
721080183,33.0,F,1,Graduate,Single,3
712572858,38.0,M,3,High School,Single,3
719759733,59.0,F,0,Unknown,Single,3
780371433,35.0,FEMALE,2,Graduate,Married,3
822170733,45.0,F,4,College,Married   ,2
708224133,61.0,M,0,Uneducated,Married   ,3
719299533,55.0, M ,1,Unknown,Unknown,2
780633483,58.0,F,0,Graduate,Married,1
771356508,41.0,F,5,Graduate,Married,1
823629333,42.0, M ,4,Uneducated,Married,1
712961658,45.0,F,4,Uneducated,Married,1
710464683,45.0, M ,3,Post-Graduate,Married,2
716688183,51.0,F,1,High School,Married,3
789082758,40.0,F,2,High School,Married,3
709140858,57.0,F,2,College,Single,1
822127008,50.0,F,1,Post-Graduate,Married,1
720496158,53.0,M,0,Unknown,Married   ,0
774588633,45.0,F,3,Graduate,Single,3
788465583,42.0,F,3,College,Single,3
741517458,49.0,F,4,Graduate,Married   ,3
709935708,55.0,F,1,Unknown,Married,2
721112508,48.0,F,3,Graduate,Married,1
720734583,44.0,F,2,Post-Graduate,Married,3
772286658,63.0,M,1,Graduate,Single,3
807149058,48.0,F,5,Unknown,Married   ,3
771045708,41.0,F,5,Graduate,Married,3
711733308,45.0,F,2,Uneducated,Single,2
710518308,54.0,FEMALE,2,Doctorate,Married,2
716586408,48.0,F,3,Graduate,Unknown,3
713152383,40.0,F,3,Uneducated,Married,1
771935283,47.0,F,4,Graduate,Single,1
720460083,45.0,F,4,Unknown,Single,3
825838908,39.0,F,1,Uneducated,Single,1
709082808,53.0,F,2,High School,Married,2
710937783,53.0, M ,0,Uneducated,Married,3
789540108,29.0,FEMALE,1,Uneducated,Married,3
709824633,44.0,F,4,High School,Single,3
717874533,46.0,M,2,High School,Single,2
712571883,40.0,M,3,Graduate,Divorced,2
716926758,40.0,F,2,Uneducated,Single,2
716181858,42.0,F,2,Uneducated,Married,2
779613933,38.0,m,4,Uneducated,Married,1
712136058,54.0,F,2,College,Single,3
709678608,49.0,M,4,High School,Married   ,3
714276408,52.0,F,3,Uneducated,Married   ,3
719953383,38.0, M ,4,College,Single,3
718795083,44.0,m,2,Graduate,Married,3
720503508,44.0, M ,1,Uneducated,Divorced,3
770762133,52.0,F,3,High School,Married,2
713555133,56.0,F,3,High School,Unknown,2
711232608,47.0,F,5,High School,Single,2
780322908,52.0,F,3,Unknown,Married,3
708207783,50.0,F,3,High School,Married   ,2
719590458,44.0,F,4,Graduate,Married,3
778679883,39.0,M,2,Graduate,Married   ,1
780230208,53.0, M ,2,College,Married,0
827703258,42.0,M,4,High School,Married   ,2
807379833,48.0,M,3,Graduate,Divorced,3
711178383,47.0,M,2,Post-Graduate,Married,1
712203333,51.0,M,3,Graduate,Married,1
709261383,56.0,FEMALE,3,Graduate,Married,2
715829358,33.0,F,4,College,Married,3
713213133,36.0,M,2,Graduate,Married   ,1
778860783,57.0, M ,2,Unknown,Married   ,4
779442783,39.0,F,1,Graduate,Married   ,1
780008358,59.0,m,0,Uneducated,Unknown,2
721274208,41.0,F,2,High School,Single,3
714076683,29.0,F,0,College,Married,2
788791383,39.0,F,3,High School,Married,1
709459608,47.0,F,2,Unknown,Unknown,3
711560058,49.0,M,1,High School,Married   ,2
717657333,43.0,F,3,Graduate,Single,3
812218908,46.0,F,2,Unknown,Married,2
787482033,60.0,M,1,High School,Divorced,3
779141658,48.0,M,4,Graduate,Married   ,2
813810333,50.0,M,3,Post-Graduate,Married,3
789613083,47.0,M,3,Uneducated,Divorced,3
794540883,56.0,F,1,Post-Graduate,Married,1
811889808,43.0,M,3,Graduate,Married,1
720509433,51.0,F,2,College,Single,3
715091208,42.0,M,3,High School,Married,3
719269308,49.0,F,2,Graduate,Unknown,3
718200333,47.0,F,3,Uneducated,Single,0
713487633,44.0,M,3,Post-Graduate,Married,2
789363408,44.0,M,3,High School,Married,2
713916708,53.0,M,3,Graduate,Single,3
823833483,41.0,M,3,Graduate,Single,2
717756258,49.0,M,2,Unknown,Married,3
712879158,49.0,M,1,High School,Married,3
709474683,42.0,F,3,College,Married,3
772313358,50.0,M,3,High School,Single,2
711856683,51.0,M,3,Post-Graduate,Married,3
718530258,52.0,F,3,Uneducated,Divorced,2
716288208,48.0,M,3,Graduate,Single,1
718712583,44.0,M,2,Uneducated,Married,1
806432433,40.0,F,2,High School,Single,2
720074583,42.0, M ,1,Graduate,Unknown,2
768848658,43.0,m,3,Unknown,Single,1
709895508,42.0,M,3,Graduate,Married,1
711542358,42.0,F,4,High School,Married,2
718773333,51.0,F,4,Unknown,Single,2
816832383,61.0,F,1,High School,Married   ,2
714042108,59.0,M,0,Uneducated,Single,2
714664683,46.0,F,4,Uneducated,Married   ,3
713894358,51.0,M,2,Post-Graduate,Unknown,2
715436883,48.0,F,3,Post-Graduate,Married,1
715260558,44.0,F,4,High School,Single,2
713664258,56.0, M ,2,Unknown,Single,1
713364783,42.0,F,1,Post-Graduate,Married   ,0
718078008,40.0,M,2,College,Divorced,1
798546408,61.0,F,1,College,Single,2
779018508,45.0,M,4,Uneducated,Single,2
802668333,49.0,FEMALE,2,Graduate,N/A,3
718320933,47.0,M,3,Uneducated,Married,1
789016983,45.0,F,3,High School,Married,1
713907633,43.0,M,3,College,Unknown,2
708474333,42.0,M,3,Graduate,Married,1
778894233,42.0,M,5,High School,Unknown,3
717244683,43.0,F,3,College,N/A,3
711410958,40.0,M,3,High School,Married,3
799711833,50.0,F,3,College,Married,3
714047733,53.0,F,3,Graduate,Single,1
710061783,49.0,M,1,Graduate,Married,4
711082908,44.0,m,4,Uneducated,Single,3
721190358,49.0,M,4,Unknown,Unknown,2
712760208,42.0,F,4,Graduate,Married,1
751563933,43.0,F,3,High School,Married,2
815498733,51.0,F,3,Unknown,Single,2
718433508,40.0,F,3,Uneducated,Unknown,2
720935658,57.0,F,4,Post-Graduate,Single,3
714754533,51.0,M,0,Doctorate,Single,3
714713508,49.0,M,2,Doctorate,Divorced,1
715038033,61.0,M,1,Graduate,Single,1
809169858,62.0,M,2,Graduate,Single,2
718379358,39.0,M,1,Unknown,Single,3
779456508,52.0,M,2,Graduate,Divorced,1
708907833,38.0,F,1,High School,Married   ,2
708693558,50.0,F,3,High School,Married   ,2
718665933,43.0,M,3,Unknown,Divorced,2
816073983,53.0,F,2,College,Single,2
715851333,42.0,M,4,High School,Married,2
712884408,43.0,F,1,High School,Single,0
715404783,43.0,F,4,Graduate,Married,0
773356008,57.0,m,2,Post-Graduate,Divorced,3
789525408,50.0,F,0,Uneducated,Married,2
721212258,48.0,M,4,High School,Single,3
719625933,41.0, M ,3,Graduate,Married,1
714304458,44.0,FEMALE,3,High School,Married,1
819975183,44.0,F,4,College,Single,3
785515533,43.0, M ,2,College,Married,1
720712533,51.0, M ,3,Graduate,Married,3
709861008,47.0,FEMALE,4,Post-Graduate,Married,1
713911233,47.0,F,3,Doctorate,Single,1
712580958,38.0,M,1,High School,Single,1
719473458,46.0,M,3,High School,Single,1
711764733,41.0,F,4,Uneducated,Unknown,3
794124708,47.0,M,2,Graduate,Unknown,2
780707733,41.0,m,1,Graduate,Married,2
780620883,49.0,F,2,Uneducated,Single,3
720849708,44.0,M,4,Graduate,Single,1
789312033,48.0,F,4,Post-Graduate,Single,3
778742358,44.0,M,4,Graduate,Married,2
719658858,50.0,F,4,Doctorate,Married,1
713425383,59.0,F,1,High School,Single,2
770842833,49.0,F,3,High School,Married,3
712029783,42.0,M,4,Uneducated,Single,1
718893333,52.0,M,3,Graduate,Married,2
711203658,46.0,m,3,Graduate,Unknown,1
718567758,41.0,M,1,College,Married,2
771719283,39.0, M ,4,Doctorate,Married,1
717926358,46.0,F,2,Graduate,Single,0
779751258,45.0,F,2,Graduate,Married,2
774491958,53.0,M,3,High School,Single,3
713428833,42.0,M,3,Unknown,Married,3
714166833,44.0,F,3,Graduate,Single,2
809464608,47.0,F,3,High School,Married,2
789681708,46.0,M,3,Uneducated,Married,3
713102733,38.0,F,3,Graduate,Single,2
715195383,46.0,F,3,Graduate,Divorced,2
812408058,39.0,M,2,Unknown,Unknown,2
787226508,47.0,M,2,College,Single,3
713537733,46.0,M,4,Doctorate,Unknown,3
715170183,45.0,M,2,Graduate,Married,3
717109983,50.0,F,2,High School,Married,2
713208033,43.0,F,3,High School,Married,0
712788258,48.0,M,3,College,Married,1
758382183,50.0,FEMALE,3,Graduate,Unknown,3
715469583,40.0,F,2,Graduate,Unknown,2
709235058,46.0,M,4,College,Married,2
714786483,45.0,M,4,College,Single,3
713299758,53.0,M,1,High School,Single,3
771912408,49.0,F,2,Graduate,Married,1
721445658,52.0,F,2,Post-Graduate,Single,3
719787633,47.0,M,0,Graduate,Married,1
713697933,47.0,M,2,Uneducated,Married   ,2
712208658,43.0,M,2,High School,Single,1
708219108,49.0,M,3,College,Divorced,3
709065483,40.0,F,3,College,Divorced,3
715237683,53.0,F,4,Graduate,Single,3
712925808,51.0,F,1,Unknown,Married,2
788931558,46.0,M,2,High School,Single,2
717521508,41.0,M,3,High School,Single,0
713688933,42.0,F,0,Unknown,Married,1
712405908,50.0,M,2,High School,Unknown,3
789298833,51.0,M,2,Uneducated,Divorced,3
715729683,44.0,m,3,High School,Single,2
717682233,49.0,M,4,Uneducated,Married,2
712266633,51.0,F,2,Unknown,N/A,1
719272458,53.0,F,5,Graduate,Single,3
780769308,49.0,F,4,Unknown,Single,2
721468533,59.0,M,1,Graduate,Single,2
816615633,47.0,F,2,Doctorate,Married,1
720167508,50.0,m,3,Uneducated,Single,1
711152658,44.0,M,4,Graduate,Single,1
771772083,48.0,M,4,Graduate,Married,1
708419733,47.0,M,3,College,Married   ,2
709372608,43.0,M,4,Uneducated,Married,2
788907033,40.0, M ,2,High School,Unknown,1
711136008,41.0,M,4,Graduate,Single,3
716691783,46.0,F,3,High School,Single,3
812618883,47.0,M,2,High School,Divorced,2
715908558,44.0,M,0,Graduate,Unknown,1
718024908,52.0,F,2,Graduate,Unknown,3
709558608,39.0,M,3,Uneducated,Single,3
824177733,53.0,F,2,High School,Single,3
719784708,49.0,M,0,Unknown,Married,1
717535083,52.0,F,2,Post-Graduate,Married,1
712453308,46.0,m,4,High School,Divorced,3
721008933,44.0,F,2,Graduate,Divorced,2
720859533,52.0,F,2,High School,Single,1
789556533,52.0,M,4,Graduate,Married,3
717656433,50.0,F,2,Graduate,Single,2
792524358,55.0,M,3,High School,Single,3
758211483,45.0,M,5,Unknown,Married,3
801380808,44.0,M,2,Doctorate,Married,1
716329383,46.0,F,3,Graduate,Single,3
716871633,49.0,M,1,Uneducated,Single,3
718491708,53.0,F,2,College,Married   ,3
787502883,60.0,F,1,Doctorate,Single,1
715183308,250.0,M,3,Post-Graduate,Unknown,2
713872833,54.0,F,2,Graduate,Single,3
708535158,39.0,M,2,Post-Graduate,Unknown,3
711658758,46.0, M ,3,Uneducated,Married,1
717248583,43.0,F,3,College,Married,2
713087958,53.0,M,4,High School,Divorced,2
721495458,44.0,M,3,Graduate,Married,1
786097158,48.0,M,2,High School,Married,2
712219083,41.0,M,3,Uneducated,Single,3
715327683,45.0,F,4,Post-Graduate,Married   ,3
715624533,41.0,m,3,Unknown,Unknown,3
715599633,51.0,M,1,College,Married,2
718958583,44.0,M,4,Post-Graduate,Single,2
717397983,39.0,M,2,Uneducated,Married   ,3
715037133,40.0, M ,3,Doctorate,Unknown,3
818767458,41.0,M,3,Graduate,Married,2
778863258,46.0,F,4,Unknown,Married,3
712075083,50.0,M,4,High School,Single,3
711963183,50.0,m,3,Uneducated,Married,3
720903258,48.0,M,3,Unknown,Unknown,1
772404633,49.0,M,2,Graduate,Married,2
713302758,49.0,M,2,Graduate,Married,1
717859233,41.0,M,5,Graduate,Married,2
712955433,36.0,F,4,Uneducated,Unknown,2
718292283,52.0,F,1,High School,Single,1
713197308,42.0,FEMALE,4,Graduate,Married,1
789175683,49.0, M ,2,College,Married,2
811700058,41.0,M,2,Graduate,Single,3
818476383,50.0,M,1,Unknown,Unknown,0
720164358,53.0, M ,4,Graduate,Single,2
710357208,49.0,M,4,Uneducated,Married,2
711325308,46.0,M,3,Unknown,Single,3
721486908,51.0,F,5,High School,Married   ,1
711210633,51.0,m,3,Uneducated,Single,1
712570458,51.0,F,2,High School,Married,3
712058133,54.0,F,2,College,Single,3
708153558,46.0,M,5,Doctorate,N/A,2
709893858,43.0,M,3,Post-Graduate,Married,2
709225758,48.0, M ,3,Post-Graduate,Married,3
709984083,43.0,FEMALE,3,Unknown,Married   ,2
711854808,41.0,m,3,High School,Married,1
822125283,49.0,M,3,Uneducated,Married,1
717340608,51.0,F,3,High School,Single,2
711084183,47.0,F,5,Uneducated,Unknown,3
720891633,53.0,F,2,High School,Single,2
719607183,55.0,F,2,Graduate,Single,2
715839708,51.0,M,1,Graduate,Married,2
717008358,40.0,F,1,Unknown,Married,2
769152783,60.0,m,2,High School,Single,2
788240358,40.0,F,5,Graduate,Married,2
716098683,46.0,F,5,Graduate,Married   ,1
802675983,42.0,F,3,Graduate,Married,1
712716108,46.0,F,2,Graduate,Single,1
709238358,51.0,F,0,Uneducated,Married,2
708682908,43.0,F,4,Unknown,Single,1
812794983,41.0,FEMALE,3,College,Married,2
708968733,47.0,M,3,Uneducated,Married,2
779315508,43.0,m,4,Post-Graduate,Single,2
740065833,47.0,F,3,Graduate,Single,2
721063533,51.0,m,2,Graduate,Single,3
718189908,44.0,F,4,Unknown,Unknown,3
780064983,44.0,M,1,Graduate,Married,3
770920908,39.0,F,0,Unknown,Single,1
718046433,53.0,F,2,Graduate,Unknown,3
711842508,45.0,FEMALE,3,Uneducated,Unknown,3
772869033,47.0,M,3,Unknown,Single,3
715298808,40.0,M,2,High School,Divorced,2
708877458,50.0,F,3,Uneducated,Married,3
787496733,47.0,F,2,Uneducated,N/A,1
789469083,55.0,M,2,Unknown,Single,1
709497108,44.0,F,2,High School,Married,0
784819758,54.0,F,1,Graduate,Single,2
720412308,40.0,M,4,Unknown,Married,1
719178183,50.0,M,2,Graduate,Married,3
789560433,49.0,M,3,Post-Graduate,Single,2
712931733,49.0,F,4,Graduate,Married   ,3
714417183,39.0,F,1,Uneducated,Unknown,1
771097683,43.0,m,2,High School,Single,2
713824983,43.0,F,0,High School,Married,0
715360458,45.0,FEMALE,3,Graduate,N/A,2
711736083,47.0,F,4,College,Divorced,3
714821433,45.0,F,4,College,Married,1
779263533,34.0,m,2,Graduate,Unknown,1
773988708,52.0,M,2,Uneducated,Married,2
719623083,33.0,F,1,Doctorate,N/A,2
718304583,43.0,FEMALE,2,Unknown,Married,2
720198183,42.0,M,5,College,N/A,1
780545133,49.0,M,3,Graduate,Single,1
711128433,55.0,M,3,Uneducated,Single,3
789960783,39.0,F,1,Graduate,N/A,3
709556208,40.0,F,3,College,Single,2
712053033,46.0,M,2,Unknown,Single,2
794482158,46.0,M,3,College,Single,3
780450708,58.0,M,1,College,Single,2
710016708,44.0,F,3,Graduate,Married,1
709434408,42.0,M,3,Unknown,Married,2
778716783,50.0,m,2,Unknown,Married,1
712447758,46.0, M ,2,Graduate,Married,3
779435883,37.0,M,3,High School,Unknown,2
719918358,57.0, M ,3,Graduate,Unknown,1
720474408,52.0,FEMALE,2,Graduate,Married   ,2
719401158,62.0, M ,0,Post-Graduate,Single,3
778430733,45.0,M,5,High School,Married   ,1
717583908,57.0,M,1,High School,Single,1
823519458,44.0,F,3,Graduate,Married,3
712381683,42.0,F,4,Unknown,Married,2
716045508,40.0,F,2,Unknown,Single,3
820936533,47.0,M,3,Graduate,Unknown,3
721227258,51.0,M,1,Post-Graduate,Married,2
771304383,45.0,F,3,High School,Married,3
717600483,50.0,m,2,Unknown,Married   ,1
778865583,46.0,M,3,Graduate,Married,2
709871658,47.0,FEMALE,1,Unknown,Single,3
818280108,43.0,F,4,High School,N/A,1
716350008,52.0,M,1,Uneducated,Married,3
778172583,46.0,F,3,High School,Single,2
719121708,41.0,M,2,Graduate,Married,3
714342033,52.0,M,1,High School,Married,1
788811558,52.0,F,1,High School,Married,3
788943333,51.0,M,3,Post-Graduate,Married,2
719258433,49.0,M,5,Graduate,Single,3
717895833,55.0,M,3,College,N/A,3
711550983,46.0,M,1,Graduate,Divorced,2
714077583,43.0,M,3,Post-Graduate,Married,4
720939933,46.0,F,4,Unknown,Single,5
716725008,49.0,M,4,High School,Married,2
788824083,41.0,M,2,Uneducated,Single,1
716335983,37.0,M,2,High School,Single,3
719157933,51.0,M,2,Uneducated,Married,1
716704158,50.0,M,1,Doctorate,Married,2
716258358,57.0,M,2,Uneducated,Single,3
827904183,40.0,M,4,Uneducated,Married,2
820394733,52.0,M,0,College,Married,1
716574033,45.0,F,3,High School,Divorced,2
736786908,48.0,F,2,College,Married,2
774099708,39.0,F,3,High School,Single,2
714282333,49.0,F,4,College,Married,2
717471933,45.0,M,2,Unknown,Married,3
818316108,43.0,F,1,Graduate,Married   ,1
709838508,45.0,M,3,Graduate,Divorced,3
716212383,38.0,M,1,High School,Single,3
757667133,54.0,M,2,College,Single,2
794571108,39.0,M,2,Graduate,Divorced,3
711370458,49.0,F,5,Graduate,Married,2
788528958,45.0,M,4,Graduate,Single,3
716745408,54.0,m,1,High School,Single,3
771752508,40.0,F,3,Doctorate,Married,1
788916933,49.0,M,5,College,Married,2
714938733,48.0,M,1,Post-Graduate,Single,2
761818758,43.0,M,1,Graduate,Single,2
714422058,42.0,M,3,Graduate,Single,3
712191783,49.0,M,4,High School,N/A,1
716319258,43.0,M,4,Uneducated,Married   ,3
719813058,44.0,F,5,Unknown,Married,3
712351908,45.0,M,3,High School,Unknown,3
716742483,38.0,F,1,Graduate,Single,3
708160008,44.0,M,1,Uneducated,Married   ,3
709269708,45.0,M,4,Graduate,Single,1
779098308,51.0,F,2,College,Married,2
717257658,41.0,M,3,Graduate,Single,1
775112958,51.0,m,1,Unknown,Married,3
788812608,56.0,F,2,Uneducated,Single,3
711002058,42.0,M,4,Unknown,Single,1
716199408,52.0,F,2,Graduate,Single,3
718100808,49.0,F,1,Uneducated,Married,1
790051758,50.0,M,2,Graduate,Single,2
772430733,42.0,M,2,Graduate,Married,1
713460258,45.0,F,0,Doctorate,Married   ,3
820036533,50.0,M,4,Unknown,Married,3
719785683,41.0,M,4,Post-Graduate,Married,2
711830433,44.0,F,3,College,Single,1
807393558,51.0,M,4,Unknown,Single,3
718306308,48.0,m,4,Graduate,Married,3
772725408,40.0,M,3,Uneducated,Married   ,2
711183558,49.0,M,0,High School,Married   ,3
720317658,43.0, M ,2,Graduate,Single,2
710596983,51.0,M,1,Uneducated,Single,2
716986458,44.0,FEMALE,3,High School,Single,2
717382608,59.0,M,1,Graduate,Single,2
825767658,49.0,M,2,Graduate,Married   ,1
717513933,38.0,M,3,College,Single,1
789186858,52.0,M,2,Graduate,Married,1
717658758,49.0,M,4,Graduate,Single,2
715575258,47.0,M,2,Graduate,Single,3
714975633,51.0,F,2,High School,Single,2
715396983,46.0,M,1,Uneducated,Married,2
712624383,52.0,M,4,College,Single,2
721335558,57.0,F,2,Graduate,Single,3
711167808,40.0,M,4,Unknown,Single,6
713761608,44.0,M,3,Graduate,Divorced,3
713367858,47.0,M,3,Unknown,Married   ,2
710489583,41.0,F,3,Graduate,Unknown,1
720422358,42.0,M,1,Post-Graduate,Single,2
772098858,44.0,F,4,Uneducated,Married,1
789304983,44.0,M,0,Unknown,Married,2
779257233,47.0,M,2,Uneducated,Single,2
717579258,36.0,M,1,Unknown,Unknown,3
709418508,45.0,M,2,Graduate,Married,3
778439883,50.0,M,1,High School,Unknown,2
716063583,41.0,M,3,High School,Divorced,1
716609433,55.0,m,2,High School,Divorced,2
721053633,45.0,M,2,College,Single,1
711559008,40.0,FEMALE,4,Post-Graduate,Single,2
718698558,43.0,M,3,College,Single,2
770190258,49.0,FEMALE,3,Graduate,Married   ,1
709008708,47.0,M,3,College,Married,2
823922208,49.0,M,3,Unknown,Single,1
718457058,43.0,M,4,High School,Married,1
708472008,44.0,F,3,Uneducated,Married,3
710395233,42.0,F,2,Graduate,Single,3
716732958,44.0,F,2,High School,Married   ,3
780108408,52.0, M ,2,Graduate,Married,1
720962208,42.0,M,2,Post-Graduate,Married,2
714019083,40.0,F,1,Graduate,Married,3
721225083,54.0,F,2,Unknown,Divorced,1
819109308,62.0,M,0,Graduate,Married   ,3
721029858,52.0,F,3,Graduate,Single,2
716762733,50.0,FEMALE,2,Doctorate,Single,1
710260983,51.0,F,4,Graduate,Divorced,2
793608258,54.0,F,3,Graduate,Single,2
719677758,39.0,F,1,Unknown,Married,3
771411408,50.0,M,1,Post-Graduate,Unknown,4
794191008,46.0,M,2,College,Married,2
708905733,45.0,M,5,Uneducated,Single,1
788327358,61.0, M ,1,Graduate,Single,3
751974258,51.0,M,3,Unknown,Unknown,3
805516608,50.0,M,1,Graduate,Married,3
720006333,48.0,M,2,College,Divorced,3
780114558,50.0,M,1,High School,Married,3
713090658,58.0,F,2,Uneducated,Single,2
718889508,46.0,M,2,College,Divorced,1
824799108,46.0,FEMALE,3,High School,Married,1
788618208,42.0,F,5,Unknown,Single,3
713133258,38.0,M,3,Unknown,Single,3
717370533,40.0,M,3,Post-Graduate,Single,1
720425508,43.0,FEMALE,5,Graduate,Married   ,3
712948383,48.0,M,4,Graduate,Married,1
712839633,38.0,FEMALE,2,Uneducated,Single,3
820330008,46.0,M,5,High School,Married,3
826150608,44.0,M,4,Uneducated,Unknown,2
779187783,50.0,M,2,Unknown,Single,1
720809358,39.0,M,1,College,Unknown,3
714054408,50.0,M,3,College,Unknown,3
789827208,41.0,F,5,Graduate,Married,1
718308558,49.0,F,4,Graduate,Married   ,1
801064833,42.0,M,3,Graduate,Married,2
719838558,46.0,M,2,Uneducated,Single,1
714510483,44.0,M,3,Graduate,Single,3
718246458,53.0, M ,3,Graduate,Single,2
710822808,51.0,M,0,College,Single,1
791730183,38.0,F,2,College,Unknown,6
709722858,50.0,M,1,Graduate,Married,2
712582983,47.0,F,3,Graduate,Married,1
714999483,38.0,M,4,Uneducated,Unknown,2
711388458,45.0,M,3,High School,Married,1
796174983,52.0,m,2,High School,Single,3
712918083,44.0,F,1,Unknown,Single,1
715459158,35.0,F,4,High School,Unknown,2
712687083,44.0,M,3,Graduate,Married   ,3
713003358,40.0,M,3,Graduate,Married   ,2
812443458,57.0,M,4,Graduate,Single,2
712984983,43.0,F,2,Unknown,Married,2
708826158,45.0,F,4,Uneducated,Divorced,1
788725608,44.0,F,3,Graduate,Married   ,3
717559533,47.0,M,3,Graduate,Married   ,1
720443358,50.0,M,2,Unknown,Married,1
806694333,44.0,F,4,Unknown,Married   ,1
709770408,51.0,M,2,Graduate,Married   ,2
718259433,45.0,F,3,High School,Married,2
770705208,44.0,F,2,Unknown,Married   ,3
720655833,48.0,F,4,High School,Married,2
797898858,40.0, M ,2,Uneducated,Single,1
779548008,50.0,M,2,Graduate,Single,3
718388733,38.0,F,1,College,Unknown,3
711742758,43.0,F,5,College,Single,1
757863258,45.0,F,4,Graduate,Unknown,1
711947358,49.0, M ,4,Uneducated,Married,1
712157958,44.0,M,3,High School,Married   ,2
814760358,53.0,M,3,Graduate,N/A,2
710192283,46.0,M,4,Post-Graduate,Married,2
718977483,56.0,M,4,Graduate,Single,1
712129158,63.0,M,0,Uneducated,Single,1
714880533,40.0,M,5,Graduate,Single,3
808287408,45.0,M,5,Graduate,Married,0
709619433,52.0,M,2,Doctorate,Married,2
708881583,50.0,M,2,Uneducated,Married   ,1
711332883,62.0,M,1,High School,Single,3
717696333,44.0,M,4,Unknown,Married,3
820587258,45.0,F,4,Graduate,Married,2
768733533,53.0,M,5,Uneducated,Unknown,2
779779083,38.0,F,3,High School,Single,1
720735408,44.0,F,4,Doctorate,Married,1
819160158,42.0,m,3,Uneducated,Married,3
804601833,44.0,M,2,High School,Unknown,3
714823308,55.0,F,3,College,Single,3
711577458,52.0,F,1,Uneducated,Single,1
787539333,48.0,FEMALE,4,Graduate,Married,3
716806383,48.0,M,4,Graduate,Married,3
812230308,47.0,M,2,Graduate,Married,3
778420383,49.0, M ,1,Graduate,Married,2
774012933,47.0,F,3,College,Divorced,1
718756533,47.0, M ,2,Uneducated,Married,1
812224983,56.0,M,2,Graduate,Single,2
714284358,61.0,M,1,Uneducated,Single,1
709530408,45.0,M,4,Doctorate,Single,1
750690258,49.0,FEMALE,2,Graduate,Married,3
716283108,44.0,F,4,Uneducated,Married,3
718353633,50.0,M,1,Post-Graduate,Unknown,2
718528833,51.0,M,1,High School,Married,2
718006608,44.0,F,5,Uneducated,Single,1
710569233,46.0,M,3,Unknown,Single,1
718694658,41.0,M,4,Unknown,Married,3
779293308,-99.0,M,4,Graduate,Married,3
718276758,52.0,F,1,Graduate,Single,2
712654233,39.0,M,3,High School,Married,1
719296383,38.0,M,2,High School,Single,3
808279158,51.0,M,3,Graduate,Married,1
780497958,41.0,FEMALE,3,High School,Divorced,3
715519983,43.0,M,2,Post-Graduate,Married,3
708568983,40.0,M,3,High School,Married,1
823648983,58.0,M,1,Uneducated,Single,1
789412458,44.0,M,2,Post-Graduate,Married,4
716837508,48.0,M,4,Graduate,Married,1
711249858,49.0,m,4,Unknown,Married,2
712009083,48.0,M,3,Unknown,Unknown,2
720522633,44.0,M,3,College,Married,2
713071383,54.0,F,1,Unknown,Single,3
712938258,45.0,M,2,Graduate,Single,3
719071158,54.0,F,0,Graduate,Single,2
709046958,46.0,M,2,Unknown,Married,1
708748833,37.0,F,3,Graduate,Single,3
711364233,41.0,M,4,Unknown,Married,2
712645908,43.0, M ,2,High School,Married,3
708428958,39.0,M,2,Unknown,Single,2
719714658,61.0,FEMALE,0,Post-Graduate,Single,2
720874983,51.0,M,3,Uneducated,Married,1
719180958,48.0,F,2,Uneducated,Divorced,2
710360583,46.0,m,2,Uneducated,Single,0
823848183,39.0,F,1,Unknown,Single,3
783121008,,F,0,Graduate,Married   ,3
789529158,44.0,M,4,High School,Single,3
708500883,48.0,M,2,Uneducated,Single,2
811965558,46.0, M ,4,College,Single,3
714383583,39.0,F,2,Unknown,Single,3
809425533,45.0,F,2,Uneducated,Divorced,2
716858433,43.0,m,4,Graduate,Single,1
812534958,40.0,F,3,High School,N/A,2
714052158,49.0, M ,2,High School,Married,2
780200208,39.0,F,2,Unknown,N/A,2
711458583,47.0,M,2,College,Married,1
826451433,42.0,M,4,Graduate,Single,3
719740983,44.0,F,1,Unknown,Divorced,3
709019283,47.0,M,1,College,Married,1
710213508,63.0,M,1,High School,Married   ,3
710814633,49.0,M,2,Uneducated,Married,3
775267158,43.0,F,3,Graduate,Married,3
712268808,55.0,M,4,Graduate,N/A,3
720178158,46.0, M ,4,High School,Unknown,3
779805408,42.0,M,3,Unknown,Married,1
710958933,43.0,M,3,Graduate,Married   ,2
720698883,51.0,M,1,High School,Single,3
780384483,49.0,M,4,Unknown,Unknown,2
714190983,51.0,F,2,Graduate,Single,3
713808633,31.0,F,0,Uneducated,Divorced,1
710295858,43.0,M,4,Graduate,Divorced,2
713209308,59.0,M,0,Graduate,Single,2
788709408,41.0,F,2,Unknown,Married,1
717757608,53.0,M,2,College,Single,1
715300683,39.0,M,1,Uneducated,Single,3
711436983,57.0,m,3,Unknown,Single,1
789582483,60.0,M,1,High School,Divorced,3
790168083,51.0,M,0,High School,Unknown,3
742865883,46.0,F,3,Unknown,Single,3
770848308,45.0,M,2,Graduate,Married,1
713486583,41.0,M,3,Graduate,Married,1
708697983,56.0,M,0,High School,Unknown,2
823539558,39.0,m,3,Uneducated,Married   ,3
711339258,49.0,F,3,Graduate,Single,1
781171908,45.0,M,3,Graduate,Single,1
815582358,250.0,FEMALE,5,Unknown,Married   ,2
755212608,50.0,FEMALE,2,Unknown,Married,3
716486508,45.0,F,3,High School,Married,2
771674958,45.0,M,2,High School,Married,3
787909158,40.0,F,3,Graduate,Divorced,2
717140733,52.0,F,1,Graduate,Single,3
799468083,51.0,M,2,Graduate,Married,2
718993533,44.0,FEMALE,2,Graduate,Unknown,0
713870958,56.0,F,3,Uneducated,Single,2
709171308,30.0,M,1,High School,Married,3
798553158,62.0,F,1,Graduate,Single,1
720819858,47.0, M ,4,Post-Graduate,Single,2
815078433,42.0,F,4,Unknown,Married,3
710924658,52.0, M ,2,High School,Single,2
709883883,46.0,F,4,Uneducated,Divorced,1
718650258,54.0,F,3,Graduate,Single,1
711613308,58.0,M,2,Unknown,Single,2
718558758,34.0,M,1,Unknown,Single,2
718504233,43.0,F,4,Uneducated,Married,3
709108533,49.0, M ,4,Graduate,Married,3
713236458,55.0,M,4,Unknown,Single,3
714352533,47.0,F,3,Graduate,Married,2
717353433,50.0,F,2,Unknown,Single,3
813804783,41.0,F,1,High School,Married   ,3
771062733,44.0,F,2,Graduate,Single,1
715649358,39.0,m,2,College,Married,2
713552958,43.0,m,5,Graduate,Unknown,1
715209333,32.0, M ,0,High School,Single,1
769935783,40.0,FEMALE,3,Unknown,Single,1
815613033,49.0,M,2,Unknown,Married,3
718732833,56.0,F,1,College,Single,2
816328308,60.0,F,0,Graduate,Married,3
711814608,41.0,F,5,High School,Married,1
803216433,43.0,F,5,Graduate,Married,2
710694033,32.0,M,0,Graduate,Married   ,1
709257708,47.0,F,2,High School,Single,2
720174033,46.0,M,3,Graduate,Divorced,1
820666083,41.0,M,2,Graduate,Single,4
712044558,51.0,F,1,Uneducated,Single,3
713131158,58.0,M,2,Uneducated,Single,1
803335008,48.0,m,2,Graduate,Divorced,3
795869583,53.0,F,3,Uneducated,Married   ,2
789535233,52.0,M,1,Graduate,Single,2
716441058,45.0,F,4,High School,Single,2
718113633,41.0,M,3,Uneducated,Married,3
708908883,37.0,F,2,Graduate,Divorced,2
712152408,44.0,m,4,High School,Single,1
708229308,49.0, M ,2,Unknown,Married   ,2
715351983,32.0,F,2,Unknown,Married,2
798451908,36.0,m,2,Graduate,Married,2
794962983,47.0,FEMALE,3,Graduate,Divorced,3
721000833,49.0,M,0,Uneducated,Married,2
720086358,58.0,M,2,Doctorate,Married,1
710064033,45.0,M,3,Uneducated,Married,5
780588258,53.0,F,5,Unknown,Married,2
710833908,45.0,M,5,High School,Married,3
714449283,44.0,FEMALE,4,Uneducated,Unknown,1
772339383,54.0,m,3,Post-Graduate,Single,3
721382208,38.0,F,2,High School,Married,2
779349783,46.0,M,3,Doctorate,Married,2
789450408,41.0,F,2,Uneducated,Married,3
709210833,48.0,F,2,Doctorate,Married,2
821752908,53.0,M,2,High School,Single,2
789878283,39.0,M,3,Graduate,Married,2
709319658,48.0,F,4,Graduate,Single,4
719222133,41.0,M,3,Graduate,Single,2
715551783,54.0,F,2,Uneducated,Married,3
712718958,49.0,M,2,High School,Divorced,1
709764483,61.0,M,1,Graduate,Unknown,2
783361533,41.0,M,3,Unknown,Married,2
717942033,52.0,M,2,Uneducated,Unknown,3
817908783,44.0,M,3,Unknown,Single,1
713708358,33.0,F,3,Unknown,Single,3
713705358,37.0,M,2,Graduate,Single,1
789551883,52.0,F,3,Graduate,Single,2
812247033,51.0,F,3,Uneducated,Married,2
717580458,43.0,M,4,Uneducated,Divorced,2
780551733,54.0,F,1,High School,Married   ,3
719722308,31.0,F,0,Uneducated,Divorced,3
718328283,40.0,F,4,High School,Single,3
826061508,49.0,F,4,Uneducated,Unknown,1
715610733,60.0,M,1,Uneducated,Married,5
710161083,62.0,F,0,Uneducated,Single,3
712464933,44.0,M,2,Graduate,Married,2
768181608,43.0, M ,3,Graduate,Unknown,3
713869083,56.0,M,2,High School,Married,1
711465333,35.0,M,4,High School,Single,1
719924433,40.0,FEMALE,4,Graduate,N/A,3
719248158,52.0,M,2,High School,Divorced,2
719944458,29.0,M,0,High School,Single,1
715799808,52.0,M,0,High School,Single,2
721264533,49.0,F,3,Unknown,Married,3
711838008,37.0,M,3,Graduate,Married,2
711826983,47.0,F,3,Unknown,Married   ,6
719413383,32.0,M,1,Uneducated,Single,1
712990458,44.0,F,3,Graduate,Married,1
789594108,47.0,M,5,College,Single,3
718764708,45.0,FEMALE,3,Graduate,N/A,3
820271208,46.0,M,2,Graduate,Divorced,3
708369633,34.0,F,3,Graduate,Married,2
712055433,39.0,F,4,High School,Married,1
721114458,46.0,M,4,College,Single,2
714959358,50.0,M,3,High School,Married,3
708396033,45.0,F,2,Uneducated,Married,2
719593608,56.0,M,1,Uneducated,Married   ,1
715830558,50.0,M,2,Uneducated,N/A,1
716406483,30.0,M,0,Unknown,Single,3
714941358,53.0,F,4,Graduate,Married,6
716088783,60.0,M,0,College,Married,2
718458858,41.0,M,4,Graduate,Single,6
715754133,42.0,F,3,Graduate,Single,3
715630983,31.0,F,0,Graduate,Single,3
712768983,51.0,M,4,Graduate,Single,2
716881683,45.0,M,5,Uneducated,Married,3
711108408,55.0,M,2,Uneducated,Single,1
717565233,51.0,M,3,Doctorate,Single,2
789539058,28.0,M,0,Uneducated,Single,3
768643158,44.0, M ,5,Graduate,Divorced,3
721530633,51.0,F,2,Graduate,Married   ,1
721188033,48.0,M,5,College,Married,1
810261633,44.0,M,4,Graduate,Single,3
717529233,40.0,F,3,Graduate,Single,2
719365233,34.0,M,4,Unknown,Single,2
720943308,47.0,M,3,Graduate,Single,2
714425283,50.0,F,2,High School,Married,2
711794358,61.0,M,0,College,Single,3
719683158,56.0,FEMALE,2,Unknown,Married,2
709406733,46.0,M,3,Graduate,Divorced,1
708572658,49.0,M,5,Graduate,Married,2
714001008,56.0, M ,1,Uneducated,N/A,2
712833633,41.0, M ,2,Post-Graduate,Married   ,3
716260833,56.0,F,5,Unknown,Single,5
708863733,35.0,FEMALE,3,Unknown,Single,3
717076458,40.0,M,3,Unknown,Single,1
712412958,41.0,FEMALE,3,Doctorate,Married,2
720535008,46.0,M,4,Uneducated,Single,3
711578658,56.0,F,2,High School,Married,3
709373883,37.0,F,5,Unknown,Married,2
780730008,51.0,M,2,College,Single,2
824816358,36.0,F,1,Uneducated,Single,2
716106108,49.0,M,4,Post-Graduate,Married,2
709807383,35.0,F,2,Unknown,Married,1
716430933,46.0, M ,4,Unknown,Single,2
789866133,45.0,F,3,Graduate,Unknown,2
718634058,48.0,F,2,High School,Unknown,1
715129983,46.0,F,3,Graduate,Divorced,2
717177783,36.0,F,0,Unknown,Married,3
719694408,30.0, M ,1,College,Single,6
806992533,49.0,F,1,Graduate,Married,1
718045008,31.0,M,0,Post-Graduate,Married,2
711010683,35.0,M,3,High School,Married,3
714759708,54.0,F,1,High School,Single,3
718801158,49.0,M,3,Graduate,Single,2
712256358,40.0,M,3,Graduate,Married,1
779803008,41.0,F,2,High School,Single,1
710968008,37.0,F,4,Uneducated,Married,2
771584658,46.0, M ,4,Unknown,Single,3
718102758,61.0,F,0,High School,Married,3
811076883,45.0,M,3,Graduate,Married,3
770970558,41.0,M,2,Unknown,Single,3
758863383,47.0,F,2,Uneducated,Unknown,2
716863458,44.0,m,2,Uneducated,Single,3
766821033,61.0,M,0,Unknown,Single,3
814590483,45.0,F,2,Graduate,Married,3
773283108,31.0,M,0,High School,Married   ,3
721006458,42.0,FEMALE,2,Unknown,Single,3
714615258,32.0,M,1,High School,Single,2
788687133,42.0,M,2,Graduate,Married,1
820108008,49.0,M,4,Unknown,Married,3
717781608,52.0,F,3,Graduate,N/A,1
720136458,39.0,M,3,Post-Graduate,Married,3
716247708,51.0,M,4,College,N/A,2
714968208,52.0,m,2,High School,Married,1
719913783,40.0,M,3,Graduate,Single,3
720621408,38.0,m,2,Uneducated,Married,2
721169883,41.0,m,5,College,Married,2
719324658,27.0, M ,0,College,Unknown,3
714577233,50.0,F,3,Graduate,Married   ,1
712367658,58.0,M,1,Uneducated,Single,0
803655333,53.0,M,2,Post-Graduate,Single,3
710455608,40.0,M,3,High School,Married   ,2
711328458,58.0, M ,1,High School,Married   ,3
708123033,41.0,F,3,Graduate,Single,1
713514633,59.0,M,2,Graduate,Single,2
710745633,53.0,M,1,Unknown,Married,3
710374008,53.0,M,1,Graduate,Single,2
772166058,31.0,M,1,Unknown,Single,3
715017858,44.0,m,2,Uneducated,Married   ,3
717571683,47.0,F,4,Uneducated,Married,3
743420208,47.0,F,2,College,Single,2
716201883,46.0,M,2,Graduate,Unknown,3
714593883,53.0,m,2,Graduate,Married,1
711003483,40.0,M,3,Unknown,Divorced,3
819628158,42.0,M,3,Graduate,Single,1
712021233,33.0,M,3,Graduate,Married   ,3
708573933,45.0,F,2,Unknown,Single,3
710758683,61.0,FEMALE,1,Graduate,Unknown,3
718288833,31.0,M,1,Unknown,Married,3
708873183,47.0,FEMALE,2,Post-Graduate,Married   ,2
766224933,46.0,M,2,Graduate,Married,1
771626283,54.0,M,2,Post-Graduate,Married,1
720372483,60.0,m,0,High School,N/A,3
712916958,55.0,F,2,Graduate,Married,2
716124408,32.0,M,2,Graduate,Single,3
714128283,49.0,F,1,Unknown,Married,2
708163758,41.0,M,3,Unknown,Married,3
716979183,45.0,M,2,College,Married,2
716480358,45.0,m,3,Uneducated,Single,1
800758233,30.0,M,0,College,Single,2
720413658,44.0,M,2,High School,Married,3
715832058,40.0,F,5,Graduate,Unknown,3
716323683,31.0,M,0,Graduate,Married,3
819616383,40.0,FEMALE,3,Uneducated,Divorced,3
771069033,56.0,M,1,Unknown,Unknown,3
821241708,47.0,M,4,Unknown,Unknown,1
716987358,29.0,M,0,Post-Graduate,Married   ,3
710300733,38.0,M,3,High School,Single,1
712497783,56.0,F,2,Unknown,Married,3
709259958,53.0,F,1,Graduate,Married   ,2
716296833,56.0,M,0,Doctorate,Single,2
715728108,27.0, M ,0,Graduate,Unknown,2
771507258,38.0,F,2,Graduate,Single,1
713758758,48.0,M,2,High School,Married,2
779809908,44.0,F,3,High School,Single,2
816310158,49.0,M,4,Uneducated,Unknown,2
780349833,36.0,M,2,College,Married,3
818235408,30.0,M,0,College,Married,1
709213458,42.0,M,3,High School,Married,2
719634408,51.0,M,2,Unknown,Married   ,2
709934808,59.0,M,1,Unknown,N/A,1
712238958,45.0,M,4,Graduate,Married,3
711813258,56.0,M,2,College,N/A,2
789983133,31.0,M,2,Graduate,Unknown,2
792139308,48.0,FEMALE,3,Graduate,Single,3
718123608,32.0,M,2,Graduate,Married,2
715369008,46.0,F,3,High School,Single,2
717556758,52.0,F,2,High School,Married   ,3
718252533,30.0,F,0,Graduate,Divorced,1
716340783,48.0,M,4,High School,Married,2
717898758,55.0,FEMALE,2,Graduate,Married,3
825743583,39.0,F,2,Graduate,Single,3
717711108,43.0,F,3,Unknown,Married,2
789791808,43.0,M,4,High School,Married,2
807971658,47.0,F,3,Unknown,Married,3
770220558,57.0,M,3,Unknown,Single,1
818239983,53.0,M,2,Unknown,Divorced,2
712544358,48.0,M,3,Graduate,Married,2
720306408,50.0,F,2,High School,Married   ,2
721488858,53.0,M,3,Uneducated,Married,2
710771433,48.0,M,1,Graduate,Single,1
708662583,41.0,M,3,Unknown,Married,4
717663033,51.0,M,2,Uneducated,Single,2
721524858,51.0,F,2,Unknown,Married,3
788778033,39.0,F,2,College,Married   ,3
708649683,51.0,M,2,High School,Single,2
708770883,43.0,M,2,Uneducated,Married,2
708152358,54.0, M ,1,Post-Graduate,Unknown,2
719210133,47.0,M,3,Uneducated,N/A,1
714690633,51.0,m,3,Graduate,Single,1
719719158,38.0,m,4,Post-Graduate,Single,1
712690458,38.0,F,2,Uneducated,Married,2
718758783,44.0,F,4,Unknown,Single,3
716947083,32.0,M,3,High School,Single,1
709075533,41.0,M,5,Uneducated,Single,3
712952283,50.0,M,3,Graduate,Married,2
718799958,60.0,F,1,Graduate,Married,3
718663983,38.0,F,1,Doctorate,Single,2
789550458,59.0,M,0,High School,Single,1
708226833,53.0,M,1,High School,Married,3
714361083,40.0,F,2,College,Single,3
714608583,45.0,M,5,High School,Divorced,2
710775483,53.0,M,1,High School,Unknown,3
709410033,56.0,M,2,High School,Unknown,1
717173358,60.0,F,0,Graduate,Single,3
719773158,42.0,m,3,Graduate,Married,0
771292233,48.0,F,1,Unknown,N/A,2
756371058,58.0,F,1,Unknown,Married,3
709476033,55.0,M,2,Uneducated,N/A,2
770560683,51.0,M,1,Graduate,Married,1
788766933,46.0,M,2,Post-Graduate,Married   ,1
713550483,45.0,M,4,Graduate,N/A,1
709928358,40.0,M,3,Graduate,Single,2
713895633,56.0,F,1,High School,Unknown,3
720471108,34.0,F,4,High School,Single,2
718192608,48.0,M,3,Uneducated,N/A,2
805485933,45.0,F,3,Graduate,Married,3
712517808,42.0,M,5,High School,Married,3
780604083,49.0,M,1,Unknown,Single,2
715311183,35.0,M,2,Post-Graduate,Single,1
712265508,32.0,M,0,Post-Graduate,Single,3
715051608,34.0,M,2,High School,Single,2
757786608,33.0,M,2,Post-Graduate,Single,2
714303483,40.0,M,2,College,Married,1
718728108,43.0,M,4,Uneducated,Married   ,1
710019933,29.0,M,1,Uneducated,Single,3
812453283,42.0,M,3,Graduate,Married,3
717439983,48.0,M,2,Graduate,Married,3
714391683,39.0,M,4,Unknown,Married,2
827901183,51.0,F,2,Graduate,Married   ,1
708841233,41.0,M,2,College,Married   ,3
710663508,42.0,M,4,Uneducated,Married,2
716439258,32.0,M,3,Graduate,Married,1
719610708,43.0,M,1,Graduate,Married   ,3
715026258,50.0,M,1,Graduate,Married,1
711706458,44.0,M,4,Doctorate,Married,1
712180308,36.0,M,4,High School,Single,3
802622733,44.0,F,4,Uneducated,Single,3
778832883,47.0,FEMALE,3,Post-Graduate,Married,1
788671608,45.0, M ,4,College,Married   ,1
718023708,53.0,F,2,Uneducated,Married   ,3
718692258,43.0,M,3,Unknown,N/A,1
718357458,48.0,M,5,Unknown,Single,0
714003483,37.0,M,1,Doctorate,Unknown,1
713632983,43.0,M,4,High School,Married,2
711008508,59.0,M,2,Graduate,Single,2
815230458,31.0,M,1,High School,Divorced,3
719612583,52.0,F,4,Uneducated,Divorced,1
709514433,41.0,M,3,High School,Married,1
815826708,53.0,m,2,Unknown,Married,3
815520333,55.0,M,3,High School,Married,2
718661958,41.0,M,3,College,Married   ,3
788980983,55.0,M,1,High School,Single,2
721171008,31.0,F,1,Unknown,Married,1
714682233,48.0,M,3,Graduate,Married   ,1
720736608,42.0,M,2,Graduate,Married,1
718333983,57.0,M,4,Unknown,Divorced,3
772207683,34.0,M,2,Graduate,Single,2
714794133,54.0,M,2,Uneducated,Married,1
756639708,46.0,F,2,Unknown,Married,2
713686008,38.0,M,2,Graduate,Single,1
713475633,40.0,M,5,Unknown,Married   ,3
717518733,56.0,F,2,High School,Married,3
712532058,44.0,M,3,Post-Graduate,Married,2
789666333,39.0,M,2,Graduate,Single,2
711422358,42.0,M,5,Post-Graduate,Unknown,2
708510858,60.0,F,1,Uneducated,Single,2
767023308,35.0,M,3,College,Unknown,2
789289383,42.0,M,3,Graduate,Single,3
708805908,30.0,M,2,Graduate,N/A,3
710155158,37.0,M,2,Uneducated,Unknown,2
713330133,37.0,F,1,Graduate,Married,2
714403983,43.0,M,2,Graduate,N/A,1
720353808,34.0,M,3,High School,Married   ,3
710362233,48.0,M,3,Unknown,Unknown,3
771484908,31.0,M,0,Graduate,Divorced,3
717047583,47.0,F,3,Doctorate,N/A,2
715694433,51.0,M,1,Unknown,Single,3
793456983,43.0,M,0,Post-Graduate,Single,3
715742658,41.0,F,3,Graduate,Unknown,2
715518783,48.0,FEMALE,3,Graduate,Single,1
779514558,41.0,F,2,High School,Married,1
720017958,48.0,F,4,Unknown,N/A,2
712895733,40.0,m,4,Uneducated,Single,2
719039283,32.0,FEMALE,1,Uneducated,Married,3
719629308,55.0,F,2,Unknown,Single,3
754443033,50.0,M,1,Graduate,Single,3
716159958,49.0,M,2,Unknown,Married   ,2
712195383,37.0,F,0,Doctorate,Single,3
822885033,31.0,M,1,High School,Married,3
716543433,52.0,M,2,College,Married,2
717403158,60.0,F,0,Uneducated,Single,2
826065258,35.0,F,2,Unknown,Divorced,2
709397508,48.0,M,1,Uneducated,Married,1
720748608,44.0,FEMALE,3,Graduate,Divorced,2
709823733,44.0,F,2,Graduate,Unknown,3
713542908,31.0,M,2,Graduate,Single,3
720512433,56.0,M,1,Uneducated,Single,3
713671158,46.0,M,2,Uneducated,Single,1
802449933,29.0,M,1,Uneducated,Married,1
716723658,37.0,F,2,Post-Graduate,Single,1
710451708,32.0,M,1,Graduate,Married,2
809540733,52.0,M,2,High School,Married,1
716372358,58.0,F,3,Graduate,Married,1
710162133,41.0,M,4,Graduate,Married   ,6
710878308,50.0,F,4,Graduate,Single,3
710262408,29.0,M,1,Graduate,Married,1
713975433,32.0,F,0,High School,Divorced,0
771244383,52.0,F,1,College,Unknown,1
710405808,48.0,M,2,Graduate,Divorced,2
715542783,33.0,F,2,Graduate,Married,2
815840283,51.0,F,2,Unknown,Married,3
788908308,46.0,M,2,High School,Married   ,2
789394833,47.0,M,2,Unknown,N/A,2
712609533,32.0,M,1,Uneducated,Single,1
710237283,50.0, M ,2,Graduate,Married,1
770766633,28.0,F,1,Post-Graduate,Single,3
823837158,44.0,M,3,Graduate,Single,1
712123008,43.0,M,2,High School,Married   ,1
711727083,50.0,F,1,Graduate,Single,3
720033033,53.0,F,2,Post-Graduate,Married   ,3
787723758,58.0,F,3,Unknown,Married   ,2
770926158,51.0,F,0,Doctorate,Single,2
711360783,39.0,m,0,College,Single,2
708285108,42.0,M,4,Graduate,Single,2
713390433,44.0,M,3,Graduate,Unknown,2
718096608,44.0,F,4,High School,Married   ,3
719094333,46.0,M,4,Uneducated,Married,1
813764283,39.0,M,3,High School,Married,2
713398158,45.0,M,3,Post-Graduate,Married,2
711227883,41.0,F,2,Graduate,Single,3
810040908,42.0,F,3,High School,Single,1
772640808,38.0,F,1,College,Single,2
784907658,36.0,M,2,High School,Married,2
794692158,250.0,F,3,High School,Unknown,1
718383183,51.0,F,3,High School,Married,1
721156758,52.0,M,3,Graduate,Married,1
811793433,50.0,F,3,Graduate,Divorced,2
712010358,49.0,M,4,Graduate,Single,2
719420058,44.0,M,4,Unknown,Single,1
809459733,43.0,F,4,Unknown,Single,2
798783858,48.0,F,3,Unknown,N/A,1
711432258,55.0,M,3,Graduate,Single,2
721294533,48.0,M,4,Graduate,Married   ,1
718425333,45.0,M,4,Graduate,Married,3
714294183,54.0,m,1,Graduate,Married   ,3
714637908,47.0,F,4,Unknown,Single,1
712341933,39.0,M,1,Graduate,N/A,2
708332808,47.0,M,2,Uneducated,Married   ,2
708354858,51.0,M,2,Unknown,Single,2
766649283,49.0,F,3,Graduate,Divorced,3
817951083,58.0,F,1,Unknown,Married,3
708301683,40.0,M,2,Uneducated,Married,3
713655108,60.0,F,1,Graduate,Married   ,1
714560358,53.0,M,1,Unknown,Single,1
712113558,45.0, M ,2,Graduate,Married,3
710603958,49.0,M,2,Uneducated,Married,3
720597108,48.0,F,3,Post-Graduate,Divorced,1
713810658,44.0,M,3,Graduate,Married,3
721519908,29.0,F,1,Uneducated,Single,1
712025958,42.0,M,4,Uneducated,Married,3
794740458,45.0,F,3,Graduate,Married,3
709814883,45.0,FEMALE,2,High School,Single,1
719767683,46.0,M,0,College,Single,3
715321008,39.0, M ,2,Unknown,Married,3
710106933,32.0,M,2,Uneducated,Single,3
716655858,38.0,M,2,High School,N/A,2
778260108,50.0,F,4,Unknown,Married,2
713986908,50.0,F,2,High School,Married,2
780042633,37.0,F,2,Unknown,Married,2
713269533,42.0,M,2,College,N/A,1
713868033,53.0,M,1,College,Married,2
708103608,52.0,M,1,High School,Single,1
789684258,57.0,M,2,Post-Graduate,Single,3
779067408,46.0,M,1,Uneducated,Married,1
712231308,60.0,M,0,Graduate,Single,3
761079783,40.0,M,3,Graduate,Married,6
787518258,49.0,M,3,Uneducated,Married,3
717631908,56.0,M,2,Unknown,Married,1
769396158,55.0,M,1,College,Single,3
713462508,55.0,F,2,Graduate,Married   ,1
716717733,55.0,FEMALE,3,Uneducated,Single,4
709383933,250.0,M,2,Unknown,Unknown,3
717283008,44.0,F,4,Graduate,Single,2
793449333,54.0,M,2,Graduate,Divorced,2
710873583,58.0,FEMALE,1,Graduate,Married,2
718486608,53.0,M,2,High School,Single,2
716748483,59.0,F,1,Uneducated,Married,3
715113933,54.0,M,1,Unknown,Married   ,2
711160233,32.0,M,1,High School,Married,1
715714458,48.0,M,5,Graduate,Single,3
709615458,54.0,FEMALE,3,Graduate,Married,3
719955558,32.0,M,0,Unknown,Married,3
713072358,42.0,M,2,Graduate,Married,3
721402233,42.0,M,3,Uneducated,Married,1
713691633,29.0,FEMALE,0,Post-Graduate,Married,1
708866133,43.0,M,3,Graduate,Married,2
757256358,45.0,M,3,Graduate,Single,3
784868958,56.0,F,1,High School,Married,1
710845308,46.0,M,4,High School,Married,1
719368533,41.0,F,2,Doctorate,Married,3
718337733,50.0,F,2,Graduate,Married,1
715132758,52.0,F,2,College,Divorced,3
712556433,52.0,F,2,Graduate,Married   ,3
718947558,32.0,F,0,High School,Single,1
710303208,52.0,F,1,High School,Single,1
804158583,60.0,M,1,High School,Married,3
711720408,44.0,F,0,Unknown,Married,3
715808808,48.0,F,4,Uneducated,Married,1
715076358,57.0,M,1,Post-Graduate,Married   ,3
718343058,52.0,F,2,High School,Married   ,3
769667583,34.0,M,3,Post-Graduate,Single,2
709013208,40.0,FEMALE,2,Uneducated,Single,1
716004258,45.0,M,4,High School,Single,3
715645908,59.0,M,0,High School,Single,6
717724233,43.0,M,3,Unknown,Unknown,3
719850933,30.0,M,2,College,Single,3
790131033,38.0,F,1,High School,Married,3
721211433,42.0,M,4,Doctorate,Single,2
721290708,50.0,M,1,Uneducated,Married   ,2
712107783,49.0,M,4,College,Married   ,2
818960133,58.0,M,4,High School,Married,0
713560758,54.0,F,1,Uneducated,Married,3
718579833,39.0,F,3,Graduate,Unknown,1
778643733,48.0, M ,1,Uneducated,Single,1
770977833,36.0,M,2,Graduate,Married,3
708721533,56.0,F,1,Graduate,Married,2
772300383,57.0,F,2,Unknown,Married,3
751155783,47.0,FEMALE,2,High School,Married,3
768457008,27.0,M,1,Graduate,Single,1
794494308,42.0,M,3,Uneducated,Married,3
710980383,53.0,m,3,High School,Single,3
716663808,57.0,F,3,High School,Married,1
712912233,50.0,F,0,Post-Graduate,Divorced,1
717992433,50.0,FEMALE,4,Graduate,Married,2
709971708,51.0, M ,1,High School,Single,2
715600533,61.0,M,0,Graduate,N/A,3
710153583,30.0,FEMALE,0,Uneducated,Married,3
794132808,60.0,M,0,Uneducated,Married,3
720565458,43.0,M,2,Post-Graduate,Single,3
715496058,41.0,m,4,Uneducated,Single,3
709015833,42.0,M,2,Graduate,Single,2
718612758,36.0,M,2,High School,Married,2
712438308,27.0,F,1,High School,Married,2
716238483,59.0,M,0,College,Married,3
718297683,59.0,F,1,High School,Single,3
712206033,55.0,M,1,Graduate,Married,2
710904708,56.0,F,1,High School,Married   ,1
711190233,34.0,M,3,Graduate,Married,1
710535708,49.0,M,2,Uneducated,Married,1
794573883,32.0,M,1,Unknown,Single,1
719118708,49.0,FEMALE,3,Unknown,Single,2
790201158,60.0,F,1,Uneducated,Married,3
779333883,51.0,F,3,Uneducated,Married,3
719805183,39.0,M,2,College,Married,2
721220583,54.0,F,2,Graduate,Married,3
779685558,53.0,M,5,Graduate,Single,1
713965683,35.0,M,3,Post-Graduate,Married,2
710667708,47.0,M,2,Uneducated,Single,2
718979733,52.0,M,5,Unknown,Single,2
712104333,57.0,F,2,Doctorate,Single,3
793560033,47.0,m,3,Uneducated,N/A,3
779920533,54.0,F,1,High School,Married,2
717480783,39.0,M,1,High School,Single,2
709066983,50.0,M,4,High School,Married,2
718528008,60.0,F,1,High School,Married,1
712390683,41.0,M,2,Uneducated,Single,1
826245858,50.0,M,2,Graduate,Single,6
712966458,51.0,M,0,Unknown,Married,3
709467183,56.0,M,3,Graduate,Married,2
710529708,41.0,M,3,College,Single,1
789817833,44.0,F,5,Post-Graduate,Unknown,2
712363158,36.0,M,1,Graduate,Single,1
717060858,31.0,m,0,Graduate,Married,3
718060983,49.0,F,1,Graduate,Married   ,2
711600033,40.0,F,3,College,Single,0
709910733,49.0,F,4,High School,Single,2
757291008,46.0,M,4,Unknown,Married,2
819376683,54.0,M,1,Unknown,Single,3
720458883,29.0, M ,1,High School,Married,1
708963258,46.0,M,3,College,Married,2
711746133,50.0,m,1,Unknown,Single,2
715249533,49.0,F,3,Graduate,Single,2
708522033,50.0,M,2,College,Married,1
708496833,60.0,M,1,High School,Single,5
717464958,55.0,F,2,Doctorate,Married,1
751166508,57.0,M,3,Post-Graduate,Single,1
795218883,47.0,M,3,High School,Married,3
710856558,45.0,m,2,Graduate,N/A,1
721107258,45.0,F,5,Unknown,N/A,2
716457783,55.0,F,1,College,Single,3
710810883,39.0,M,1,College,Single,3
710895708,35.0,F,0,Doctorate,Married,2
789200208,40.0,F,4,Uneducated,Married,3
718578708,49.0,M,4,Post-Graduate,N/A,1
719859033,32.0,M,3,Graduate,Married,2
713036208,46.0,M,1,Graduate,Married,2
771769383,42.0,F,3,Unknown,Married,2
718316058,51.0,M,1,Uneducated,Married,1
710155983,52.0,M,1,Unknown,Single,4
779571708,43.0,M,5,Graduate,Married   ,3
718042383,38.0,M,1,Uneducated,Unknown,3
710244108,44.0,M,3,College,Married,3
806649333,47.0,F,4,High School,Married   ,2
789280683,56.0,M,2,Graduate,Single,3
713318733,32.0,M,0,College,Married   ,3
709611183,41.0,F,3,High School,Married,3
712441308,41.0,F,4,Unknown,Single,3
709315383,31.0,FEMALE,0,Post-Graduate,Single,1
710141208,45.0,F,4,Uneducated,Married,1
711684408,50.0,FEMALE,0,Graduate,Married,1
758331483,31.0,M,0,Graduate,Single,2
715825458,47.0,M,2,Graduate,Married,2
708248358,42.0,M,4,Graduate,Unknown,3
779808333,48.0,F,2,Graduate,Single,2
715989108,52.0,M,3,Unknown,Single,3
714912408,45.0,FEMALE,2,Uneducated,Married,1
827683383,48.0,F,3,Uneducated,Married   ,1
719595708,53.0,F,2,High School,Married,1
711566208,58.0,F,3,Graduate,Married,2
711161133,36.0, M ,2,Unknown,Single,3
715052583,45.0,M,3,Doctorate,Single,1
714586458,41.0,F,1,High School,Divorced,1
711523533,43.0,FEMALE,5,Post-Graduate,Single,1
756658083,49.0,M,4,Post-Graduate,Single,1
709247808,53.0,F,1,Unknown,Unknown,2
713242383,39.0,M,2,Uneducated,Married,2
717135333,50.0,F,1,Graduate,Single,2
716150358,38.0,M,3,Graduate,Married,3
717457008,43.0,M,3,Uneducated,Single,3
711822933,55.0,F,2,College,Married,3
803968233,39.0,F,2,Uneducated,Married,3
779037408,38.0,M,1,High School,Single,3
709007883,37.0,M,2,Graduate,Married,3
714635883,48.0,F,2,Unknown,Single,2
779914383,34.0,M,1,Uneducated,Married,2
712841883,50.0,M,3,College,Single,2
719582058,41.0,M,3,Doctorate,Single,3
708387933,49.0,F,2,Post-Graduate,Married   ,2
717251508,37.0,M,1,Uneducated,Married   ,3
710699283,46.0,M,2,Graduate,Single,1
709141908,53.0,M,2,Graduate,Married,1
720356133,48.0,m,4,High School,Single,1
717788958,31.0,M,0,Graduate,Married   ,2
778563858,40.0,F,3,Uneducated,Married,1
711096633,37.0,F,2,Uneducated,Unknown,6
716816583,61.0,M,0,Graduate,Married,1
719841708,45.0,M,0,Uneducated,Married   ,3
708555633,32.0,F,1,High School,Single,1
714638883,31.0,M,0,Graduate,Single,3
809147283,43.0,m,5,Graduate,Married,1
708197358,57.0, M ,2,Uneducated,Unknown,3
757247808,42.0,F,3,Graduate,Married,3
820922733,43.0,M,2,Graduate,Married,2
807977808,39.0,FEMALE,2,Graduate,Single,3
712863183,46.0,m,3,Graduate,N/A,3
778825908,43.0, M ,2,Unknown,Single,3
713379258,32.0,F,1,High School,Married,2
710232483,49.0,F,1,Uneducated,Married,2
710170758,32.0,M,0,Post-Graduate,N/A,2
803421108,49.0,M,4,Graduate,Single,2
792152283,54.0,M,3,Graduate,N/A,2
717291333,38.0,M,3,Uneducated,Married,2
714928158,60.0,M,0,High School,Single,3
780511683,47.0,M,3,Graduate,Single,3
772491333,31.0,F,1,Post-Graduate,Married,2
719847108,52.0, M ,1,Unknown,Married,3
808045833,49.0,M,3,Uneducated,Single,2
708385533,49.0,F,1,Graduate,Married,3
770205708,31.0,FEMALE,0,Unknown,Married,0
719379858,39.0,M,1,Graduate,Married,3
709657533,44.0,M,3,High School,Unknown,2
798788958,32.0,M,1,High School,Single,2
720011958,57.0,M,2,High School,Single,3
708982158,48.0,F,2,Graduate,Single,3
710803983,44.0,FEMALE,1,Unknown,Married,1
719768658,31.0,F,0,College,Married,1
711355908,44.0,F,3,Graduate,Unknown,3
813153108,49.0,M,4,College,Married   ,3
712487883,54.0,M,5,High School,Married,3
753220383,29.0,M,0,Graduate,Single,3
708340758,41.0, M ,4,High School,Married,3
720852108,46.0,M,4,High School,Divorced,1
716728233,47.0,F,4,High School,Married,1
711863433,30.0,M,1,Unknown,Unknown,1
779422458,31.0,F,1,Unknown,Divorced,3
715573758,43.0,M,4,Uneducated,Married,1
794530608,52.0,M,2,Uneducated,Single,3
718376583,52.0,M,2,Graduate,Divorced,2
720827133,43.0,F,3,Doctorate,Married   ,2
767414808,57.0,F,0,Uneducated,Married,3
718919433,52.0, M ,4,Graduate,Single,3
708694983,55.0,F,1,Uneducated,Married   ,1
719270358,57.0,F,2,Doctorate,Divorced,2
708948483,54.0,M,3,Graduate,Married,1
708462258,51.0,FEMALE,1,High School,Married   ,2
716721483,59.0,M,0,Uneducated,Single,2
799011558,43.0,M,3,Uneducated,Married,3
710697408,41.0,F,5,Unknown,Married,3
710527533,45.0,M,5,College,Single,3
709996833,31.0,M,1,Post-Graduate,Single,5
718531983,51.0,M,3,High School,Married,3
715554708,53.0,M,1,High School,Unknown,2
718774533,48.0,M,1,College,Married   ,1
712337208,59.0,FEMALE,2,Unknown,Single,2
714022833,42.0,F,2,Graduate,Single,3
710026458,34.0,FEMALE,1,Unknown,Married,2
710178558,46.0,M,2,High School,Married,6
768712383,51.0,M,5,Graduate,Divorced,6
711156858,48.0,m,5,High School,Single,3
719799033,52.0,M,1,Post-Graduate,Unknown,2
720788883,58.0,F,0,Uneducated,N/A,3
710306358,38.0,M,1,Unknown,Married   ,2
758617233,56.0,F,5,Doctorate,Single,2
720163458,38.0,M,1,Uneducated,Married   ,3
708482658,41.0,M,3,Graduate,Married,2
826148883,45.0,M,2,Graduate,Married,1
779055033,43.0,F,3,Uneducated,Unknown,2
713118183,31.0,M,1,Unknown,Married,2
714103083,47.0,M,2,College,Married,1
714145233,34.0,M,0,Graduate,Divorced,3
719547033,40.0,M,4,Unknown,Married,6
720899058,35.0,M,2,Graduate,Married,1
789432033,32.0,F,1,Graduate,Married,3
717214158,41.0,M,4,Post-Graduate,N/A,3
715269483,50.0,M,4,Post-Graduate,Married   ,3
718805733,39.0, M ,2,Graduate,Single,1
789780033,33.0,M,3,College,Married,2
716482533,48.0, M ,2,Unknown,Married   ,2
708319908,37.0,M,3,Graduate,Single,2
711663858,28.0,M,1,Post-Graduate,N/A,3
716894658,49.0,m,1,Graduate,Divorced,2
714082308,39.0,M,3,High School,Single,3
708082083,45.0,F,3,High School,Married,3
714820158,29.0,m,0,High School,Single,1
713347608,54.0,F,2,Post-Graduate,Single,2
721395633,53.0,M,1,Graduate,Single,3
721438233,39.0,M,2,Post-Graduate,N/A,3
713987808,43.0,F,3,College,Single,2
721086483,27.0,F,0,Uneducated,Single,3
709969758,43.0,M,3,Graduate,Single,3
801502008,37.0,M,1,Graduate,Married   ,2
819051183,47.0,F,4,Graduate,Married,3
710858658,48.0,FEMALE,4,Doctorate,Divorced,2
716002458,43.0,M,4,College,Married,2
718080558,41.0,F,4,High School,Single,3
788019483,49.0,M,3,Graduate,Married,3
716151858,46.0,FEMALE,3,Unknown,Single,3
717241233,60.0,F,1,Unknown,Single,3
713880633,53.0,M,2,Unknown,Married   ,3
712374708,28.0,F,0,Graduate,Married,2
721145433,52.0,F,5,High School,Married   ,2
711398433,38.0,M,0,High School,Married,3
715601808,50.0,M,3,Graduate,Married,3
717324183,31.0,F,0,High School,Single,3
720557883,35.0,M,3,Uneducated,Single,1
708759408,48.0,F,3,Uneducated,Married   ,2
719430483,51.0,M,3,College,Married,2
758753283,52.0,M,3,Doctorate,Married   ,3
716933283,52.0,FEMALE,2,High School,Single,1
773172483,30.0,M,0,Graduate,Married,4
721459008,36.0,M,2,High School,Single,2
710639658,29.0,M,1,High School,Married   ,3
710710233,58.0,M,4,Graduate,Married,3
708996708,55.0,M,1,Graduate,Single,1
713315433,61.0,M,2,Uneducated,Married,2
712941483,51.0, M ,4,Post-Graduate,Married,3
789890958,53.0,FEMALE,4,High School,Divorced,2
714757083,,m,4,Uneducated,Married,2
789237333,47.0,M,4,Post-Graduate,Divorced,5
714949758,51.0,F,3,Graduate,Single,4
714136233,53.0,M,4,Graduate,Married,3
778888083,45.0,F,2,Graduate,Married,4
710923533,38.0,M,4,Unknown,Single,3
709385133,42.0,m,2,Doctorate,Married,5
716836308,29.0,M,1,Graduate,Divorced,2
720633558,37.0,F,3,Graduate,Divorced,4
712846458,45.0,M,4,High School,Married   ,4
709399908,34.0,F,2,Graduate,Single,2
772698783,50.0,F,2,College,Married   ,4
718665033,44.0,M,5,Doctorate,Single,4
771561183,42.0, M ,4,Graduate,Single,3
789008508,44.0,M,4,College,Married,1
719439108,42.0,M,1,Graduate,Married,2
720817533,54.0,m,1,Uneducated,Married,2
813901458,60.0,M,1,High School,Single,3
717783483,47.0,FEMALE,5,Post-Graduate,Divorced,2
718299933,42.0,M,3,High School,Married,4
789074358,46.0,m,2,High School,Single,1
712036383,49.0,M,4,High School,Single,3
720618033,43.0,F,3,College,Married,2
720415833,47.0,M,2,High School,Married,2
720385608,45.0,M,3,College,Unknown,4
709937583,45.0,F,2,High School,Single,2
770743983,34.0,F,3,Uneducated,N/A,3
715671183,43.0,M,3,Uneducated,Married,4
711283008,50.0,M,1,High School,Single,3
778873608,44.0,M,4,Uneducated,Married,1
709592808,38.0,F,2,Graduate,Single,4
773306658,54.0,M,1,Unknown,Single,4
822084333,51.0,M,3,High School,Married,3
708821733,43.0,FEMALE,3,Unknown,Single,4
711070683,48.0,F,3,Post-Graduate,Married,2
772596783,31.0,M,1,Graduate,Unknown,2
806917983,32.0,F,2,Graduate,Divorced,1
719329983,42.0,F,3,Unknown,Married   ,2
710190858,28.0,FEMALE,1,Unknown,Unknown,4
708880683,49.0,M,5,College,Married   ,4
709332408,44.0,F,1,High School,Single,3
710751033,31.0,F,1,Graduate,Single,3
710679933,59.0,M,1,Graduate,Single,4
710849208,47.0,M,2,Post-Graduate,Single,4
710056758,51.0,M,4,High School,Single,4
713520858,53.0,F,1,College,Single,2
714710733,51.0,M,3,Unknown,N/A,2
766769058,51.0,M,1,Graduate,Single,3
716990883,38.0,M,5,Unknown,Married,2
718298733,40.0,M,4,High School,Single,2
717174558,57.0,F,1,Uneducated,Single,3
714543633,45.0,F,3,Unknown,Single,5
715756683,50.0,M,4,Graduate,Married   ,4
719400108,53.0,M,3,Unknown,Single,4
710463408,47.0,M,3,Unknown,Married,3
708245808,35.0,M,3,Graduate,Married,4
799253808,42.0,M,3,High School,Married,3
716552433,40.0,F,4,Uneducated,Married,2
720995583,48.0,M,2,Graduate,Divorced,2
780118158,27.0,M,0,Graduate,Single,4
713668158,31.0,F,1,Uneducated,Single,3
709249083,40.0,M,2,Unknown,Married   ,4
717081483,37.0,M,2,Graduate,Divorced,2
718455633,60.0,F,0,Graduate,N/A,2
708974283,50.0,M,4,Graduate,Married,1
713399583,49.0,M,2,Unknown,Married,4
713293983,52.0,FEMALE,3,Post-Graduate,Divorced,2
714785508,49.0,M,2,High School,Single,2
827318958,49.0,F,4,Unknown,Married   ,2
718496283,42.0,F,1,College,Single,3
709608708,29.0, M ,1,Graduate,Married,4
710939283,45.0,F,3,Uneducated,Married   ,4
770824833,32.0,M,1,Graduate,Divorced,5
779082633,30.0,M,2,Uneducated,Single,3
720515883,57.0,F,1,Graduate,Married,2
747885858,39.0,F,2,Graduate,Single,3
779140533,49.0,M,2,Doctorate,Married,4
716619558,38.0,F,0,High School,Single,2
788633733,36.0,M,3,Graduate,Married,2
715291908,31.0,M,1,College,Single,2
709977933,52.0,M,5,Uneducated,Married,4
716454858,250.0,F,2,Graduate,Married,3
720539583,46.0,M,4,Unknown,Single,4
739021908,56.0,F,2,Unknown,Married,2
711289533,39.0,M,4,Post-Graduate,Single,2
716464533,32.0,F,1,Graduate,Married,3
710590683,33.0,M,2,Unknown,Married,5
710081208,52.0,M,2,College,Single,1
717482658,55.0,M,2,High School,Married   ,2
712246983,50.0,M,4,High School,Married,5
711460458,44.0,M,1,Uneducated,Married,3
713159133,32.0,F,2,High School,Single,2
710047533,51.0,M,3,Graduate,Single,3
716708583,54.0,M,4,Graduate,Married,5
712766208,45.0,M,5,Uneducated,Single,1
715150983,44.0,F,3,Unknown,Single,3
717991533,44.0,M,2,Uneducated,N/A,2
797641683,40.0,M,3,Uneducated,Married,2
714879483,39.0,M,4,Graduate,Married,3
720105933,48.0,M,3,Uneducated,Married   ,3
804670758,48.0,F,5,Unknown,Married   ,2
818987958,43.0,M,4,Graduate,Unknown,3
824160333,56.0,M,2,High School,Unknown,2
714919308,32.0,F,0,Graduate,Single,3
717928308,40.0,F,1,Uneducated,Single,2
788890533,54.0,M,2,College,Married,4
779692608,36.0,M,1,Uneducated,Married,5
717774333,48.0,M,3,High School,Married,5
718140783,47.0,M,4,Unknown,Married,2
714465558,41.0,M,4,Unknown,Married,4
804431283,57.0,F,1,Graduate,Married,2
715199808,39.0,F,3,Graduate,Unknown,5
759584958,51.0,F,1,Graduate,Married,4
758802333,40.0, M ,2,Graduate,Married   ,2
720237408,59.0, M ,1,Doctorate,Single,2
713787333,46.0,M,2,High School,N/A,0
709660233,52.0,M,3,Unknown,Single,4
721005108,41.0,M,0,College,Married,2
809589783,41.0,M,4,Post-Graduate,Married,2
712627083,38.0,M,4,Uneducated,Married   ,4
778444908,57.0,FEMALE,2,Graduate,Married,3
711433908,41.0,F,3,Uneducated,Married   ,3
768728508,45.0,F,5,Doctorate,Married,2
789937683,37.0,M,3,Post-Graduate,Married,2
711788583,61.0,F,1,Graduate,Single,2
819196158,49.0, M ,2,Unknown,Single,3
710207208,31.0,F,1,Unknown,Single,3
713994108,40.0,M,5,High School,Married   ,2
712509108,46.0,FEMALE,3,Doctorate,Single,5
711745233,30.0,F,0,High School,Married   ,4
778745058,50.0,m,3,High School,Single,1
721455558,56.0,M,0,Graduate,Single,2
710721858,46.0,F,3,Unknown,Married,4
769206483,58.0,M,3,Unknown,Married,3
769587258,38.0,M,3,College,Single,2
712080333,46.0,M,2,High School,Married   ,4
712457208,58.0,M,1,Graduate,N/A,4
719934783,43.0,M,3,Doctorate,Married,2
709589208,53.0,M,0,Graduate,Single,3
714860808,59.0,FEMALE,1,Graduate,Single,2
713934633,40.0,F,4,Uneducated,Divorced,3
773185833,49.0,FEMALE,3,High School,Married,4
715923408,30.0,F,0,College,N/A,3
778956033,51.0,M,1,Graduate,Married,3
712260633,47.0,F,5,Doctorate,Single,4
714945708,33.0,M,4,College,Single,3
720971358,59.0,M,0,High School,Single,3
719701383,44.0,M,4,Unknown,Married,3
764316708,30.0,F,1,High School,Single,2
715545933,43.0,M,5,Graduate,Married,4
714524583,56.0,M,3,Uneducated,Married,3
780079833,43.0,M,3,Graduate,Divorced,4
714199008,50.0,M,2,Unknown,Married,2
719941533,32.0,F,1,Graduate,Married,4
715544883,39.0,M,1,Graduate,Married,3
710122458,38.0,M,2,High School,Single,2
713833233,49.0,M,5,Uneducated,Married,2
719326758,52.0,F,0,Doctorate,Married,2
711686658,48.0,m,5,High School,Married,2
708964683,48.0,F,4,College,Unknown,1
718840833,49.0,M,3,High School,Single,4
797228883,46.0,M,2,High School,Married,0
709566408,40.0,F,2,Graduate,Single,6
780097533,48.0,M,3,Doctorate,Divorced,2
715020933,44.0,F,4,High School,Married   ,4
711149133,30.0,F,1,Graduate,N/A,4
716832858,46.0,M,3,Graduate,Married,4
715154058,49.0,F,0,Unknown,Married,3
789497283,50.0,M,2,High School,Single,2
711834708,55.0, M ,4,College,Married,5
785038908,43.0,F,0,Graduate,Married,4
720001758,42.0,F,1,Graduate,Married   ,3
778428108,36.0,F,1,Graduate,Married   ,3
715268508,42.0,M,3,Graduate,Married,5
788741733,53.0,F,1,Graduate,Married,3
717355533,56.0,M,3,Graduate,Single,2
712128258,49.0, M ,4,High School,Single,5
735825258,39.0,FEMALE,2,High School,Single,4
714544908,56.0,M,4,Graduate,Divorced,3
818712633,41.0,F,3,Graduate,Single,2
709831983,57.0,M,2,Uneducated,Single,3
789398733,56.0,M,3,Graduate,Married,2
716850558,48.0,M,4,Graduate,Unknown,3
717316008,38.0,M,2,Unknown,Married,3
714677583,50.0,F,3,Doctorate,Single,3
767348733,56.0,M,2,Unknown,Married,3
779900808,32.0,M,0,College,Single,2
719900733,60.0,M,1,High School,Married,3
816517683,38.0,F,2,Doctorate,Married,3
755305683,45.0,m,5,Graduate,Married,4
715769958,53.0,F,3,Unknown,Married,2
715493733,53.0,M,2,Graduate,Married,4
827440458,48.0,FEMALE,4,College,Married,3
715713408,55.0,M,2,Graduate,Married,3
720128658,49.0,M,1,Uneducated,Single,3
770038983,37.0,M,4,High School,Single,3
714684108,31.0,M,1,Post-Graduate,Single,4
708942408,46.0,F,3,Uneducated,Single,2
779134458,33.0,F,1,Doctorate,Single,3
710066133,30.0,M,0,Graduate,Married   ,3
709578258,40.0,F,3,Uneducated,Single,2
718043583,50.0,M,2,Uneducated,Single,4
715186608,43.0,M,4,Graduate,Married,3
708447858,59.0,F,2,Uneducated,Married,2
718071933,49.0,M,1,Graduate,Married,3
771217758,44.0,F,2,High School,Married   ,3
721210158,29.0,M,2,College,Married,3
788779983,58.0,M,2,Post-Graduate,Married,3
718614183,43.0,FEMALE,4,High School,Unknown,2
709865883,38.0,M,2,High School,Divorced,3
766273533,53.0,M,2,Uneducated,Unknown,3
717390408,49.0,F,4,Uneducated,N/A,3
718655808,44.0,F,3,Uneducated,Married,2
817035108,31.0,M,2,Graduate,Single,3
747551658,47.0,M,3,High School,Married   ,2
713281833,37.0,m,3,Unknown,N/A,3
771982083,44.0,M,4,Doctorate,Married   ,3
717642633,51.0,M,2,Graduate,Married,3
772721208,50.0,M,2,High School,Married   ,3
714385983,57.0,F,2,Uneducated,Single,2
712516608,43.0,M,3,Graduate,Married,3
714725883,41.0,F,4,Graduate,Divorced,0
709398708,40.0,M,3,High School,Divorced,2
715090008,45.0,M,4,Graduate,Single,4
709159308,42.0,F,4,High School,Single,3
711348033,50.0,M,2,Graduate,Married,2
788230158,29.0,M,1,Unknown,Married,2
718170033,42.0,F,4,Uneducated,Married,2
718161708,46.0,F,4,Graduate,Married,2
717714633,49.0,m,3,Uneducated,Married,4
824150733,43.0,M,2,High School,Married,3
713768358,45.0,m,4,Graduate,Single,2
709188108,45.0,M,2,Graduate,Single,2
720328983,52.0,F,5,Unknown,Married   ,3
712296408,36.0,m,3,Unknown,Married,3
719106783,52.0,M,1,High School,Married   ,4
713437008,40.0,F,3,Graduate,Married,3
719574033,38.0,M,1,High School,Single,2
716123283,59.0,M,1,Unknown,Single,2
789023508,46.0,M,3,Unknown,Married,3
710005683,56.0,M,2,College,Single,5
801036033,31.0,M,0,High School,Single,3
716644008,55.0,M,3,Graduate,Single,4
709094358,51.0,m,1,Graduate,Single,3
719848008,39.0,M,2,Graduate,N/A,2
718372458,42.0,M,2,Graduate,Unknown,5
720608658,33.0,F,1,Uneducated,Single,3
717185658,51.0,FEMALE,1,High School,Married,4
715474083,51.0,M,3,Graduate,Single,2
709646433,59.0,F,1,High School,Married,3
717494358,58.0,F,0,Graduate,Single,5
713924283,61.0,M,0,Graduate,Single,4
714471183,47.0,M,4,Graduate,Divorced,4
780613758,47.0,M,5,High School,Single,5
718225683,56.0,M,1,Graduate,Single,2
710734308,49.0,M,1,Graduate,Single,3
708564858,33.0,M,2,College,Married,4
713733633,27.0,FEMALE,0,High School,Divorced,2
720841533,29.0,M,0,Graduate,Married   ,5
712210458,38.0,M,1,Uneducated,Married   ,2
714109308,46.0,m,5,College,Single,3
712503408,57.0,M,2,Graduate,Married,4
713755458,50.0,M,1,Unknown,Unknown,4
716893683,55.0,F,3,Uneducated,Single,3
710841183,54.0,M,1,High School,Single,0
713899383,56.0,F,1,Graduate,Single,4
772366833,50.0,FEMALE,2,Graduate,Single,3
710638233,41.0,M,2,Unknown,N/A,3
716506083,44.0,F,1,High School,Married,4
717406983,30.0,M,2,Graduate,Unknown,3
714337233,43.0,F,2,Graduate,Married   ,4
