716877258,55,F,3,Graduate,Single,2,Existing Customer,Blue,Less than $40K,48,4,3
716878533,55,M,2,Unknown,Married,1,Existing Customer,Blue,$80K - $120K,46,4,1
716881683,45,M,5,Uneducated,Married,3,Attrited Customer,Blue,$80K - $120K,34,2,3
716882658,62,M,2,Graduate,Married,4,Existing Customer,Blue,Less than $40K,51,6,2
716890533,49,M,2,Uneducated,Married,2,Existing Customer,Blue,Less than $40K,36,6,2
716891583,41,F,3,High School,Unknown,0,Existing Customer,Blue,Less than $40K,36,5,2
716893683,55,F,3,Uneducated,Single,3,Attrited Customer,Blue,Unknown,47,4,3
716894658,49,M,1,Graduate,Divorced,2,Existing Customer,Blue,Less than $40K,44,5,2
716896833,51,M,1,Unknown,Single,4,Existing Customer,Blue,$80K - $120K,38,3,1
716899233,40,F,4,Graduate,Married,3,Existing Customer,Gold,Less than $40K,20,6,4
716900433,36,M,2,Graduate,Married,2,Attrited Customer,Blue,$60K - $80K,28,6,2
716901858,49,F,4,Doctorate,Married,2,Existing Customer,Blue,$40K - $60K,39,5,1
716905158,45,M,2,Unknown,Single,3,Existing Customer,Blue,$60K - $80K,30,3,1
716908158,42,F,3,College,Married,1,Existing Customer,Blue,Less than $40K,36,6,2
716909283,60,M,1,Post-Graduate,Single,3,Existing Customer,Blue,$80K - $120K,48,3,1
716911608,48,M,4,Graduate,Single,4,Existing Customer,Blue,$80K - $120K,36,4,1
716915133,42,F,2,Unknown,Single,4,Existing Customer,Blue,Less than $40K,36,5,3
716918508,39,M,1,College,Single,3,Existing Customer,Blue,$40K - $60K,24,4,3
716919633,58,F,1,Uneducated,Unknown,1,Existing Customer,Blue,$40K - $60K,39,5,1
716920908,52,M,4,High School,Married,0,Existing Customer,Blue,$80K - $120K,42,6,1
716922633,38,M,2,Uneducated,Single,4,Attrited Customer,Blue,$120K +,30,6,3
716924058,58,F,2,Uneducated,Married,3,Existing Customer,Blue,$40K - $60K,49,3,1
716924958,65,F,2,Graduate,Single,3,Attrited Customer,Blue,Less than $40K,56,3,0
716926758,40,F,2,Uneducated,Single,2,Existing Customer,Blue,Less than $40K,27,2,6
716929233,43,F,3,Post-Graduate,Unknown,4,Existing Customer,Blue,$40K - $60K,24,3,3
716930133,43,F,3,High School,Unknown,2,Existing Customer,Blue,Less than $40K,36,3,3
716931183,45,M,5,Uneducated,Single,4,Existing Customer,Blue,$80K - $120K,38,3,4
716932308,38,F,2,College,Married,3,Existing Customer,Blue,Unknown,28,5,1
716933283,52,F,2,High School,Single,1,Existing Customer,Gold,$60K - $80K,39,4,1
716934333,50,M,3,Uneducated,Single,4,Existing Customer,Blue,$80K - $120K,40,3,1
716938383,41,M,4,Unknown,Married,3,Existing Customer,Blue,$80K - $120K,28,3,2
716939358,43,F,3,Graduate,Divorced,4,Existing Customer,Blue,Unknown,33,6,3
716944983,61,M,0,Uneducated,Married,4,Existing Customer,Blue,$120K +,36,4,3
716947083,32,M,3,High School,Single,1,Existing Customer,Blue,$40K - $60K,36,2,2
716948283,58,M,1,College,Single,2,Attrited Customer,Blue,$80K - $120K,49,3,3
716950758,46,M,4,High School,Married,2,Attrited Customer,Blue,$60K - $80K,36,1,3
716951658,51,F,3,High School,Single,1,Existing Customer,Blue,$40K - $60K,38,5,3
716953083,53,F,2,Graduate,Married,2,Existing Customer,Blue,Unknown,41,3,2
716955783,52,M,2,Graduate,Single,2,Existing Customer,Blue,$80K - $120K,36,6,2
716959833,45,M,3,Graduate,Single,2,Existing Customer,Blue,$120K +,31,5,2
716961033,48,F,3,High School,Single,3,Existing Customer,Blue,Less than $40K,40,1,3
716961933,43,F,2,Graduate,Married,4,Existing Customer,Blue,Less than $40K,36,5,2
716963283,47,F,3,Graduate,Unknown,3,Attrited Customer,Blue,Less than $40K,38,2,2
716966808,47,M,1,Graduate,Married,3,Existing Customer,Blue,$80K - $120K,37,6,3
716968683,46,F,5,High School,Married,3,Existing Customer,Blue,Unknown,38,2,2
716971833,40,F,2,Uneducated,Married,3,Existing Customer,Blue,Unknown,29,5,3
716973333,40,M,3,Uneducated,Married,2,Existing Customer,Blue,$120K +,28,3,3
716974383,41,M,5,Graduate,Single,0,Existing Customer,Blue,$80K - $120K,28,3,2
716975583,42,F,2,Unknown,Single,3,Existing Customer,Blue,$40K - $60K,34,4,4
716977758,44,F,3,Uneducated,Married,1,Attrited Customer,Blue,Less than $40K,36,2,3
716979183,45,M,2,College,Married,2,Existing Customer,Blue,$60K - $80K,34,1,1
716981358,40,F,2,Post-Graduate,Married,0,Existing Customer,Blue,Less than $40K,32,3,3
716982483,49,F,2,Graduate,Married,2,Existing Customer,Blue,Less than $40K,38,3,4
716984658,49,M,1,Graduate,Married,3,Existing Customer,Blue,$120K +,39,3,2
716986458,44,F,3,High School,Single,2,Existing Customer,Blue,Unknown,36,1,3
716987358,29,M,0,Post-Graduate,Married,3,Attrited Customer,Blue,$60K - $80K,15,2,1
716988633,55,M,0,High School,Divorced,2,Existing Customer,Blue,$60K - $80K,46,6,1
716989683,56,M,2,Doctorate,Single,3,Existing Customer,Blue,$80K - $120K,48,4,3
716990883,38,M,5,Unknown,Married,2,Existing Customer,Blue,$80K - $120K,26,5,1
716991933,NULL,F,3,Uneducated,Single,1,Existing Customer,Blue,Less than $40K,35,6,3
716993058,57,M,3,Unknown,Divorced,3,Existing Customer,Blue,$60K - $80K,48,5,2
716995083,52,M,2,High School,Married,4,Existing Customer,Blue,$80K - $120K,44,6,2
716996583,50,M,3,High School,Divorced,2,Existing Customer,Blue,$120K +,37,3,1
716998608,48,M,3,Graduate,Unknown,2,Existing Customer,Blue,$60K - $80K,36,3,3
716999883,51,M,4,High School,Married,0,Existing Customer,Blue,$80K - $120K,41,5,2
717000858,41,M,2,Graduate,Married,2,Existing Customer,Blue,Less than $40K,29,3,2
717001908,41,F,5,Graduate,Married,2,Attrited Customer,Blue,Less than $40K,28,6,2
717004533,35,F,3,High School,Married,0,Existing Customer,Blue,Less than $40K,36,2,3
717006333,54,M,3,High School,Married,2,Existing Customer,Blue,$80K - $120K,36,6,1
717007458,46,M,2,Graduate,Married,3,Existing Customer,Blue,$40K - $60K,38,4,3
717008358,40,F,1,Unknown,Married,2,Existing Customer,Blue,Less than $40K,36,1,2
717011958,43,F,4,Graduate,Single,1,Existing Customer,Blue,$40K - $60K,23,2,1
717013383,52,M,2,High School,Married,4,Existing Customer,Blue,$80K - $120K,43,4,3
717015333,52,M,1,Unknown,Married,2,Existing Customer,Blue,$120K +,41,6,1
717016833,39,M,4,Uneducated,Married,2,Existing Customer,Blue,$80K - $120K,27,6,4
717017808,62,M,0,Uneducated,Single,2,Attrited Customer,Blue,$40K - $60K,52,6,1
717022533,43,F,2,Post-Graduate,Single,3,Existing Customer,Blue,$40K - $60K,36,4,1
717023508,45,F,3,Unknown,Unknown,2,Existing Customer,Blue,$40K - $60K,36,6,1
717026658,43,F,3,Uneducated,Married,3,Attrited Customer,Blue,Less than $40K,32,6,3
717028158,53,M,3,Graduate,Married,3,Existing Customer,Blue,$120K +,44,3,2
717030633,46,M,4,College,Single,4,Existing Customer,Blue,$60K - $80K,34,5,3
717035283,46,M,1,Graduate,Single,4,Attrited Customer,Blue,$60K - $80K,37,2,3
717036408,36,F,1,Uneducated,Unknown,1,Attrited Customer,Blue,Unknown,36,6,3
717038733,56,M,3,Uneducated,Married,3,Existing Customer,Blue,$60K - $80K,36,5,3
717042333,53,F,2,College,Married,3,Attrited Customer,Blue,Less than $40K,44,3,3
717045033,45,F,3,Unknown,Married,3,Existing Customer,Blue,Unknown,36,6,1
717047583,47,F,3,Doctorate,Unknown,2,Attrited Customer,Blue,Less than $40K,35,2,3
717049533,39,F,3,Doctorate,Unknown,0,Existing Customer,Blue,$40K - $60K,28,5,3
717050883,60,F,1,High School,Single,2,Existing Customer,Blue,Less than $40K,36,5,2
717052158,39,M,3,High School,Single,2,Existing Customer,Blue,$60K - $80K,32,3,2
717060858,31,M,0,Graduate,Married,3,Attrited Customer,Blue,Less than $40K,36,3,2
717066408,36,M,2,Graduate,Married,4,Attrited Customer,Blue,$60K - $80K,36,3,1
717069033,43,F,4,Graduate,Married,3,Existing Customer,Blue,Less than $40K,30,4,1
717072108,50,F,2,Unknown,Single,2,Attrited Customer,Blue,$40K - $60K,36,3,3
717073308,44,F,3,College,Married,2,Existing Customer,Blue,Less than $40K,31,5,6
717074283,45,F,3,Graduate,Divorced,6,Attrited Customer,Blue,Unknown,37,5,2
717076458,40,M,3,Unknown,Single,1,Existing Customer,Blue,$40K - $60K,36,1,3
717078933,40,F,5,Graduate,Married,4,Existing Customer,Blue,Less than $40K,29,3,2
717081483,37,M,2,Graduate,Divorced,2,Existing Customer,Blue,$80K - $120K,25,3,2
717084708,45,F,4,High School,Married,1,Existing Customer,Blue,Less than $40K,34,6,4
717085983,44,F,2,High School,Single,3,Existing Customer,Blue,$40K - $60K,25,6,2
717087858,51,F,1,Graduate,Single,1,Existing Customer,Blue,$40K - $60K,36,3,3
717090183,60,F,1,Doctorate,Married,2,Existing Customer,Blue,$120K +,50,6,1
717091533,29,F,1,Graduate,Single,3,Existing Customer,Blue,Unknown,36,5,2
717093858,49,F,2,College,Married,3,Existing Customer,Blue,Less than $40K,36,4,3
717094758,40,F,4,Post-Graduate,Married,1,Existing Customer,Blue,Unknown,29,5,3
717095733,48,F,4,Unknown,Unknown,4,Existing Customer,Blue,Less than $40K,29,6,3
717096858,51,M,2,Doctorate,Single,3,Attrited Customer,Blue,$40K - $60K,40,4,3
717098208,48,M,3,Unknown,Married,2,Existing Customer,Blue,$80K - $120K,41,5,2
717099408,40,M,3,Graduate,Unknown,2,Existing Customer,Blue,$60K - $80K,29,6,3
717100833,37,F,2,High School,Married,2,Existing Customer,Blue,Less than $40K,27,6,6
717103758,63,M,0,Graduate,Unknown,2,Existing Customer,Blue,Unknown,55,5,0
717105258,37,F,1,Graduate,Married,3,Existing Customer,Blue,Less than $40K,36,3,3
717107808,48,F,1,Uneducated,Unknown,2,Existing Customer,Blue,$40K - $60K,39,6,4
717109983,50,F,2,High School,Married,2,Attrited Customer,Blue,$40K - $60K,39,3,2
717112533,52,F,1,Graduate,Unknown,0,Existing Customer,Blue,Less than $40K,42,6,2
717114708,34,F,0,Graduate,Married,2,Existing Customer,Blue,$40K - $60K,26,3,3
717121758,58,F,0,Graduate,Single,1,Existing Customer,Blue,Less than $40K,36,5,3
717123858,36,F,1,Graduate,Married,3,Existing Customer,Blue,$40K - $60K,36,5,1
717124983,62,F,1,Uneducated,Married,1,Existing Customer,Blue,$40K - $60K,43,3,1
717125958,49,F,3,Unknown,Married,1,Existing Customer,Blue,Less than $40K,38,6,5
717127083,37,M,3,Graduate,Married,0,Existing Customer,Blue,$120K +,25,3,3
717128283,40,F,3,High School,Unknown,2,Existing Customer,Blue,Less than $40K,36,5,2
717129333,35,F,2,Graduate,Married,2,Attrited Customer,Blue,$40K - $60K,25,3,1
717130383,50,M,0,Uneducated,Married,3,Existing Customer,Blue,$60K - $80K,36,4,3
717131283,43,F,4,High School,Divorced,1,Existing Customer,Blue,$40K - $60K,34,5,1
717132633,62,M,0,Uneducated,Single,2,Existing Customer,Blue,$40K - $60K,50,3,2
717134058,65,F,1,Unknown,Married,2,Existing Customer,Blue,Unknown,36,5,1
717135333,50,F,1,Graduate,Single,2,Existing Customer,Blue,Unknown,36,3,2
717136533,37,F,2,Uneducated,Single,2,Existing Customer,Blue,Less than $40K,26,4,2
717138558,28,M,0,Post-Graduate,Married,3,Attrited Customer,Blue,$40K - $60K,16,5,1
717139608,50,F,2,College,Divorced,3,Existing Customer,Blue,Less than $40K,36,3,2
717140733,52,F,1,Graduate,Single,3,Existing Customer,Blue,Less than $40K,36,1,3
717141858,56,F,2,High School,Single,2,Existing Customer,Blue,$40K - $60K,36,4,1
717146208,59,F,1,Graduate,Married,4,Attrited Customer,Blue,Less than $40K,51,1,4
717147708,44,M,2,Uneducated,Divorced,2,Existing Customer,Blue,$60K - $80K,34,6,3
717151383,44,F,1,Graduate,Married,3,Existing Customer,Blue,Less than $40K,36,3,3
717159858,27,M,1,High School,Single,2,Existing Customer,Blue,$60K - $80K,18,5,2
717166383,40,F,4,Unknown,Married,2,Existing Customer,Blue,$40K - $60K,30,5,2
717167283,49,F,5,Unknown,Divorced,4,Existing Customer,Blue,Less than $40K,36,4,1
717171408,36,M,1,Unknown,Married,1,Existing Customer,Blue,$80K - $120K,26,6,2
717172308,45,F,3,High School,Married,4,Attrited Customer,Blue,$40K - $60K,37,4,2
717173358,60,F,0,Graduate,Single,3,Existing Customer,Blue,$40K - $60K,47,1,2
717174558,57,F,1,Uneducated,Single,3,Attrited Customer,Blue,Less than $40K,46,2,3
717176508,43,F,3,Unknown,Single,4,Existing Customer,Blue,$40K - $60K,34,5,3
717177783,36,F,0,Unknown,Married,3,Existing Customer,Silver,Less than $40K,19,1,2
717179508,33,M,0,Graduate,Single,3,Existing Customer,Blue,Less than $40K,26,6,1
717180633,59,M,1,Post-Graduate,Married,2,Existing Customer,Blue,$40K - $60K,36,4,2
717181833,39,F,1,Graduate,Single,2,Existing Customer,Silver,Less than $40K,30,5,2
717182883,33,M,1,High School,Married,2,Existing Customer,Blue,Unknown,36,3,2
717185658,51,F,1,High School,Married,4,Attrited Customer,Blue,$80K - $120K,36,4,3
717189183,35,M,1,Doctorate,Single,2,Existing Customer,Blue,$40K - $60K,24,6,3
717190533,49,M,4,High School,Married,2,Existing Customer,Blue,$60K - $80K,36,6,3
717192933,55,M,0,Graduate,Married,1,Existing Customer,Blue,$120K +,42,3,2
717195933,42,M,3,Graduate,Married,3,Attrited Customer,Blue,$60K - $80K,30,2,2
717198633,53,F,2,College,Married,1,Existing Customer,Blue,$40K - $60K,34,6,2
717200508,40,F,4,Uneducated,Single,3,Existing Customer,Blue,Unknown,32,3,1
717202083,46,M,2,Unknown,Married,3,Attrited Customer,Blue,$80K - $120K,34,2,3
717202908,39,M,5,College,Married,4,Existing Customer,Blue,$80K - $120K,29,3,3
717203958,51,M,3,Graduate,Married,2,Existing Customer,Blue,$40K - $60K,36,6,3
717206508,65,F,0,High School,Married,2,Existing Customer,Blue,Less than $40K,36,3,2
717207408,39,F,1,Uneducated,Divorced,2,Existing Customer,Blue,Unknown,34,4,1
717208833,34,F,3,High School,Single,2,Attrited Customer,Blue,Less than $40K,21,2,2
717211608,45,F,3,Unknown,Single,2,Existing Customer,Blue,Less than $40K,34,6,4
717212958,55,M,2,Doctorate,Unknown,3,Existing Customer,Blue,$80K - $120K,36,6,3
717214158,41,M,4,Post-Graduate,Unknown,3,Existing Customer,Blue,$40K - $60K,28,5,3
717217983,43,F,3,Graduate,Married,3,Existing Customer,Blue,Less than $40K,30,6,2
717219933,47,F,3,Unknown,Single,6,Attrited Customer,Blue,Less than $40K,35,4,3
717222033,40,F,3,Unknown,Single,4,Existing Customer,Blue,Less than $40K,28,3,1
717225258,35,M,2,Graduate,Single,2,Existing Customer,Blue,$120K +,27,6,2
717229158,36,F,4,Graduate,Married,3,Existing Customer,Blue,$40K - $60K,36,6,3
717231558,49,F,4,Graduate,Married,2,Existing Customer,Blue,Less than $40K,43,2,2
717233058,34,M,4,Unknown,Married,4,Existing Customer,Blue,$40K - $60K,26,3,2
717234183,29,M,1,Graduate,Married,4,Existing Customer,Blue,Less than $40K,18,4,1
717237708,54,M,2,Post-Graduate,Single,5,Existing Customer,Blue,$60K - $80K,38,3,3
717239133,52,F,1,College,Married,1,Existing Customer,Blue,Unknown,40,5,3
717241233,60,F,1,Unknown,Single,3,Existing Customer,Blue,Less than $40K,51,3,3
717242058,43,F,5,Graduate,Married,4,Attrited Customer,Blue,Less than $40K,39,2,3
717244683,43,F,3,College,Unknown,3,Existing Customer,Blue,Unknown,36,3,3
717247383,48,M,4,Graduate,Married,3,Existing Customer,Blue,$40K - $60K,36,5,2
717248583,43,F,3,College,Married,2,Existing Customer,Silver,Less than $40K,34,4,2
717249783,47,M,4,Unknown,Married,2,Existing Customer,Blue,$60K - $80K,39,5,2
717251508,37,M,1,Uneducated,Married,3,Existing Customer,Blue,$120K +,17,1,1
717252483,57,F,2,Graduate,Unknown,3,Attrited Customer,Blue,Less than $40K,41,3,3
717255333,40,M,3,Graduate,Single,2,Attrited Customer,Blue,$80K - $120K,36,1,2
717257658,41,M,3,Graduate,Single,1,Existing Customer,Blue,$80K - $120K,29,2,2
717260058,53,F,2,Uneducated,Married,5,Existing Customer,Blue,Less than $40K,42,6,1
717261708,53,M,1,Unknown,Married,3,Attrited Customer,Blue,$80K - $120K,36,4,2
717262833,49,F,3,Unknown,Married,4,Attrited Customer,Blue,Less than $40K,36,5,2
717265983,44,F,4,Uneducated,Divorced,0,Existing Customer,Blue,Unknown,36,3,2
717267108,NULL,M,1,College,Single,2,Existing Customer,Blue,$60K - $80K,26,6,3
717268458,61,M,0,Graduate,Married,4,Existing Customer,Blue,$60K - $80K,49,4,3
717271983,60,M,0,College,Single,2,Existing Customer,Silver,$80K - $120K,53,6,3
717273333,49,M,5,College,Married,2,Existing Customer,Blue,$80K - $120K,37,3,2
717276708,57,M,2,Unknown,Single,2,Existing Customer,Blue,$80K - $120K,36,3,3
717277833,27,F,1,Graduate,Single,4,Existing Customer,Blue,Unknown,13,6,2
717278808,37,F,3,College,Married,1,Existing Customer,Blue,Less than $40K,28,4,2
717280158,49,M,3,Graduate,Married,5,Existing Customer,Blue,Less than $40K,36,3,3
717281658,52,F,3,Graduate,Divorced,4,Existing Customer,Blue,Less than $40K,41,3,3
717283008,44,F,4,Graduate,Single,2,Existing Customer,Blue,Unknown,36,2,1
717284133,53,F,1,High School,Married,3,Existing Customer,Blue,Less than $40K,41,1,2
717287883,57,M,3,Graduate,Married,3,Existing Customer,Blue,$80K - $120K,46,6,2
717291333,38,M,3,Uneducated,Married,2,Existing Customer,Blue,$80K - $120K,29,2,2
717292758,55,F,2,Graduate,Single,2,Existing Customer,Blue,Less than $40K,47,5,3
717295683,50,M,0,Doctorate,Single,2,Existing Customer,Blue,$80K - $120K,38,5,2
717296808,67,F,1,Graduate,Married,2,Existing Customer,Blue,Less than $40K,56,4,3
717297708,47,M,1,Graduate,Single,3,Existing Customer,Blue,Unknown,37,6,3
717299958,49,M,3,Graduate,Single,0,Existing Customer,Blue,$80K - $120K,45,3,2
717301908,54,F,2,Doctorate,Married,3,Existing Customer,Blue,Less than $40K,46,3,3
717307158,48,F,3,Unknown,Married,3,Existing Customer,Blue,Less than $40K,36,2,1
717308433,49,M,5,Uneducated,Unknown,3,Attrited Customer,Blue,$60K - $80K,43,3,3
717310458,35,F,3,Graduate,Unknown,2,Existing Customer,Blue,Less than $40K,27,3,3
717316008,38,M,2,Unknown,Married,3,Existing Customer,Blue,$120K +,36,6,2
717321783,50,F,1,Uneducated,Single,2,Existing Customer,Blue,$60K - $80K,45,5,2
717322833,55,M,2,Unknown,Single,2,Existing Customer,Blue,$80K - $120K,36,5,2
717324183,31,F,0,High School,Single,3,Existing Customer,Silver,Less than $40K,21,3,1
717325158,46,M,5,Graduate,Married,1,Existing Customer,Blue,$40K - $60K,33,3,1
717327783,39,M,2,Graduate,Married,2,Existing Customer,Blue,$80K - $120K,27,4,2
717331758,44,M,4,Graduate,Married,4,Existing Customer,Blue,$120K +,32,6,3
717332733,47,M,4,Unknown,Single,4,Existing Customer,Silver,$80K - $120K,37,5,2
717334233,54,F,1,Uneducated,Single,2,Existing Customer,Blue,$40K - $60K,43,1,3
717336408,51,M,1,Doctorate,Single,1,Attrited Customer,Blue,Less than $40K,45,5,3
717338733,31,M,0,High School,Divorced,3,Existing Customer,Blue,Less than $40K,22,3,2
717340608,51,F,3,High School,Single,2,Existing Customer,Gold,Unknown,39,1,1
717343833,47,F,5,Uneducated,Married,3,Existing Customer,Blue,Unknown,34,4,1
717346833,44,F,3,Graduate,Married,2,Existing Customer,Blue,Less than $40K,33,3,2
717348258,33,M,1,Graduate,Married,3,Existing Customer,Blue,$120K +,21,4,1
717353433,50,F,2,Unknown,Single,3,Existing Customer,Blue,Unknown,42,1,3
717354558,57,M,2,Uneducated,Married,3,Attrited Customer,Blue,$120K +,40,3,3
717355533,56,M,3,Graduate,Single,2,Existing Customer,Blue,$120K +,44,3,1
717358158,46,M,3,Uneducated,Married,2,Existing Customer,Blue,$60K - $80K,36,5,1
717359208,57,F,0,College,Married,1,Existing Customer,Blue,Less than $40K,47,2,3
717364458,36,F,3,High School,Married,4,Existing Customer,Blue,Less than $40K,26,6,1
717365958,50,F,1,Graduate,Married,3,Existing Customer,Blue,Less than $40K,36,4,2
717368208,49,M,1,Graduate,Married,4,Attrited Customer,Blue,$120K +,36,6,2
717370533,40,M,3,Post-Graduate,Single,1,Existing Customer,Blue,$120K +,26,1,2
717371583,56,F,2,Uneducated,Single,5,Attrited Customer,Blue,Less than $40K,36,1,3
717374358,33,M,1,Unknown,Married,0,Existing Customer,Blue,$60K - $80K,22,3,3
717376758,56,F,2,High School,Married,1,Existing Customer,Blue,Less than $40K,47,4,3
717380133,65,M,0,High School,Single,1,Existing Customer,Blue,$40K - $60K,36,6,4
717381183,27,F,0,Graduate,Married,2,Existing Customer,Blue,Less than $40K,36,3,2
717382608,59,M,1,Graduate,Single,2,Existing Customer,Silver,$60K - $80K,36,2,2
717384183,58,F,3,Graduate,Single,1,Existing Customer,Blue,Less than $40K,53,1,3
717385083,46,M,3,High School,Married,3,Existing Customer,Blue,$120K +,35,2,2
717385983,30,M,0,Graduate,Married,2,Existing Customer,Blue,Less than $40K,21,6,6
717387933,49,F,2,High School,Divorced,3,Attrited Customer,Blue,Less than $40K,36,6,3
717389433,62,F,0,High School,Single,4,Existing Customer,Silver,Unknown,51,3,1
717390408,49,F,4,Uneducated,Unknown,3,Attrited Customer,Blue,$40K - $60K,36,5,2
717392358,60,M,1,Graduate,Married,2,Existing Customer,Blue,$80K - $120K,50,6,2
717395733,42,F,3,Doctorate,Unknown,3,Existing Customer,Blue,$40K - $60K,36,4,4
717397983,39,M,2,Uneducated,Married,3,Existing Customer,Blue,$60K - $80K,29,2,2
717399183,37,M,1,Graduate,Married,1,Existing Customer,Blue,$80K - $120K,26,6,3
717400533,54,F,0,High School,Married,2,Existing Customer,Blue,Less than $40K,45,5,2
717401883,35,M,3,Uneducated,Married,2,Existing Customer,Blue,$60K - $80K,22,5,2
717403158,60,F,0,Uneducated,Single,2,Existing Customer,Blue,Less than $40K,47,1,2
717405408,31,F,0,Post-Graduate,Single,0,Attrited Customer,Blue,Unknown,18,3,2
717406983,30,M,2,Graduate,Unknown,3,Attrited Customer,Blue,$40K - $60K,36,4,3
717409533,36,F,2,Post-Graduate,Single,3,Attrited Customer,Blue,Less than $40K,26,1,2
717410508,43,M,3,Unknown,Married,4,Existing Customer,Silver,$60K - $80K,30,4,3
717411483,55,M,4,College,Divorced,3,Existing Customer,Blue,$80K - $120K,36,4,2
717412608,38,F,2,High School,Married,2,Attrited Customer,Blue,$40K - $60K,28,3,2
717413658,43,M,4,High School,Married,2,Existing Customer,Blue,$40K - $60K,32,6,2
717414933,51,F,1,High School,Single,3,Existing Customer,Blue,Less than $40K,45,3,3
717418158,42,M,5,Unknown,Unknown,2,Existing Customer,Blue,$120K +,36,4,1
717420333,37,M,1,High School,Single,2,Existing Customer,Blue,$60K - $80K,26,4,3
717424458,44,F,2,Post-Graduate,Married,2,Existing Customer,Blue,Less than $40K,36,3,3
717427983,50,F,3,High School,Married,4,Existing Customer,Silver,Less than $40K,39,4,3
717429258,48,F,3,Doctorate,Single,4,Attrited Customer,Blue,Less than $40K,39,3,3
717432933,52,F,5,Unknown,Single,3,Existing Customer,Blue,Unknown,36,3,1
717437058,38,M,2,Unknown,Divorced,0,Attrited Customer,Silver,$60K - $80K,26,4,2
717439983,48,M,2,Graduate,Married,3,Attrited Customer,Blue,$80K - $120K,28,1,3
717442758,51,F,4,High School,Married,2,Existing Customer,Blue,$40K - $60K,43,5,3
717443658,37,F,0,Graduate,Divorced,1,Existing Customer,Blue,$40K - $60K,28,4,3
717444558,50,F,1,Graduate,Married,3,Existing Customer,Blue,Less than $40K,38,4,1
717446208,62,F,0,High School,Single,1,Existing Customer,Blue,Less than $40K,36,6,2
717448383,41,M,4,Unknown,Single,4,Attrited Customer,Blue,$80K - $120K,28,1,2
717450633,47,F,3,Uneducated,Single,4,Existing Customer,Blue,$60K - $80K,36,3,2
717451833,45,F,3,Uneducated,Divorced,2,Attrited Customer,Blue,Unknown,36,6,3
717457008,43,M,3,Uneducated,Single,3,Existing Customer,Blue,$40K - $60K,36,3,3
717461283,38,M,2,Graduate,Single,3,Attrited Customer,Blue,Unknown,24,3,2
717463608,38,F,1,Unknown,Married,1,Existing Customer,Blue,$40K - $60K,26,5,3
717464958,55,F,2,Doctorate,Married,1,Existing Customer,Silver,Less than $40K,36,3,2
717466158,48,F,2,Doctorate,Married,3,Existing Customer,Blue,Less than $40K,40,3,4
717469158,46,M,2,Unknown,Married,0,Existing Customer,Blue,$80K - $120K,30,6,3
717471933,45,M,2,Unknown,Married,3,Existing Customer,Blue,$40K - $60K,27,2,2
717472833,42,M,4,Unknown,Unknown,5,Existing Customer,Blue,$80K - $120K,32,6,3
717477783,49,F,4,Unknown,Married,2,Attrited Customer,Silver,Less than $40K,37,1,2
717478983,31,F,2,Uneducated,Divorced,0,Existing Customer,Blue,Less than $40K,19,6,2
717480783,39,M,1,High School,Single,2,Existing Customer,Blue,$80K - $120K,29,3,1
717482658,55,M,2,High School,Married,2,Existing Customer,Blue,$80K - $120K,36,3,2
717483558,42,M,3,High School,Married,2,Existing Customer,Blue,$120K +,36,3,1
717487983,39,M,5,Unknown,Married,3,Existing Customer,Blue,$80K - $120K,36,4,3
717489033,27,F,0,High School,Unknown,4,Attrited Customer,Blue,Less than $40K,18,6,1
717490008,43,M,4,Graduate,Divorced,1,Existing Customer,Blue,$80K - $120K,36,5,1
717491058,42,M,2,Post-Graduate,Single,3,Existing Customer,Blue,$60K - $80K,26,6,2
717494358,58,F,0,Graduate,Single,5,Existing Customer,Blue,Less than $40K,48,2,2
717495258,34,M,3,Uneducated,Married,2,Existing Customer,Blue,$80K - $120K,25,6,3
717499083,35,M,0,Unknown,Unknown,2,Existing Customer,Blue,$60K - $80K,36,3,1
717500133,42,M,4,Uneducated,Unknown,3,Existing Customer,Blue,$80K - $120K,36,3,2
717502083,41,M,3,Doctorate,Single,3,Attrited Customer,Blue,$120K +,28,4,2
717504258,38,M,2,College,Married,4,Existing Customer,Blue,$40K - $60K,25,4,1
717511533,28,M,0,Graduate,Single,4,Existing Customer,Blue,Less than $40K,36,4,2
717513933,38,M,3,College,Single,1,Existing Customer,Blue,$120K +,26,2,2
717516333,40,M,2,Graduate,Married,1,Existing Customer,Blue,$120K +,33,6,4
717517758,57,F,0,High School,Married,2,Existing Customer,Blue,$40K - $60K,45,3,2
717518733,56,F,2,High School,Married,3,Attrited Customer,Blue,Less than $40K,46,4,3
717521508,41,M,3,High School,Single,0,Existing Customer,Gold,$80K - $120K,28,2,2
717524433,52,F,2,College,Married,1,Existing Customer,Blue,$40K - $60K,40,5,3
717529233,40,F,3,Graduate,Single,2,Attrited Customer,Blue,Less than $40K,30,4,3
717531483,37,M,2,High School,Single,2,Existing Customer,Blue,$60K - $80K,21,5,2
717534108,48,M,3,High School,Divorced,3,Existing Customer,Blue,$40K - $60K,40,3,1
717535083,52,F,2,Post-Graduate,Married,1,Existing Customer,Blue,Less than $40K,40,2,2
717538683,43,M,3,Graduate,Unknown,2,Existing Customer,Blue,$120K +,36,3,2
717539808,51,F,2,High School,Married,2,Existing Customer,Blue,Less than $40K,36,3,2
717541308,61,F,2,Graduate,Single,3,Existing Customer,Blue,Less than $40K,45,2,2
717545808,44,F,4,Post-Graduate,Single,2,Existing Customer,Blue,Less than $40K,32,3,1
717547383,43,F,2,Graduate,Unknown,1,Existing Customer,Blue,Less than $40K,32,2,3
717548358,38,F,1,College,Married,1,Existing Customer,Blue,Less than $40K,25,3,3
717549408,44,M,4,Graduate,Unknown,3,Existing Customer,Blue,$80K - $120K,36,3,1
717551358,63,M,0,Graduate,Married,4,Existing Customer,Blue,$60K - $80K,55,4,1
717553683,52,F,1,Unknown,Married,3,Existing Customer,Blue,Less than $40K,36,1,1
717556758,52,F,2,High School,Married,3,Existing Customer,Blue,Less than $40K,36,1,2
717559533,47,M,3,Graduate,Married,1,Existing Customer,Silver,$120K +,42,1,3
717561108,52,M,1,Graduate,Married,2,Existing Customer,Blue,$80K - $120K,36,4,3
717565233,51,M,3,Doctorate,Single,2,Existing Customer,Blue,$80K - $120K,38,2,3
717567333,35,M,3,Graduate,Married,2,Existing Customer,Blue,$60K - $80K,26,6,3
717568308,39,M,1,Unknown,Single,1,Existing Customer,Blue,$80K - $120K,36,4,2
717569283,47,M,5,Doctorate,Single,2,Existing Customer,Blue,Less than $40K,36,3,1
717570258,46,M,5,Graduate,Unknown,2,Existing Customer,Blue,Less than $40K,35,6,2
717571683,47,F,4,Uneducated,Married,3,Attrited Customer,Gold,$40K - $60K,34,2,3
717574683,53,F,3,Unknown,Married,1,Existing Customer,Blue,$40K - $60K,46,6,3
717575958,50,F,1,Post-Graduate,Married,3,Attrited Customer,Blue,$40K - $60K,41,6,3
717578358,49,F,4,Graduate,Married,1,Existing Customer,Blue,Unknown,40,5,1
717579258,36,M,1,Unknown,Unknown,3,Attrited Customer,Blue,$40K - $60K,36,2,3
717580458,43,M,4,Uneducated,Divorced,2,Attrited Customer,Blue,$80K - $120K,36,2,3
717581658,49,M,2,Unknown,Single,2,Attrited Customer,Blue,$60K - $80K,38,4,1
717582558,50,M,1,Graduate,Single,3,Existing Customer,Blue,$120K +,40,4,2
717583908,57,M,1,High School,Single,1,Existing Customer,Blue,$80K - $120K,45,1,6
717585858,35,F,4,High School,Single,4,Existing Customer,Blue,Unknown,24,5,2
717591483,52,F,3,Graduate,Single,3,Existing Customer,Blue,Less than $40K,44,4,1
717592758,44,F,3,Unknown,Single,2,Attrited Customer,Blue,Less than $40K,36,3,2
717595908,54,M,1,High School,Married,1,Existing Customer,Blue,$60K - $80K,37,5,1
717596883,58,F,0,Graduate,Single,2,Existing Customer,Blue,$40K - $60K,39,4,3
717599283,57,M,0,Doctorate,Married,2,Existing Customer,Blue,$60K - $80K,36,3,1
717600483,50,M,2,Unknown,Married,1,Existing Customer,Blue,$60K - $80K,43,2,2
717602733,47,M,3,Doctorate,Single,2,Existing Customer,Blue,Less than $40K,35,4,3
717603858,54,M,3,College,Single,1,Existing Customer,Blue,$40K - $60K,42,1,2
717609633,44,M,3,Unknown,Married,2,Existing Customer,Blue,$120K +,32,6,2
717613233,45,M,4,Uneducated,Married,4,Existing Customer,Silver,$60K - $80K,33,5,2
717621333,48,F,3,Unknown,Divorced,1,Existing Customer,Blue,Less than $40K,36,5,2
717622308,63,F,0,High School,Married,3,Existing Customer,Blue,Less than $40K,36,4,3
717623583,36,F,3,High School,Married,4,Existing Customer,Blue,Less than $40K,27,4,2
717624708,59,M,2,High School,Divorced,3,Attrited Customer,Blue,Less than $40K,51,6,5
717626508,44,F,3,Graduate,Married,1,Existing Customer,Blue,Less than $40K,36,3,3
717627333,53,M,2,Post-Graduate,Married,4,Existing Customer,Blue,$40K - $60K,40,5,1
717628608,37,M,3,Unknown,Married,5,Existing Customer,Blue,$60K - $80K,29,5,1
717631008,38,M,2,Graduate,Unknown,2,Existing Customer,Blue,$80K - $120K,31,4,1
717631908,56,M,2,Unknown,Married,1,Attrited Customer,Blue,Less than $40K,44,5,3
717636933,48,F,5,College,Divorced,1,Existing Customer,Blue,$40K - $60K,40,3,1
717637908,36,F,2,College,Unknown,3,Existing Customer,Blue,Less than $40K,23,4,3
717640083,59,M,1,High School,Married,3,Attrited Customer,Blue,$60K - $80K,36,3,2
717642633,51,M,2,Graduate,Married,3,Existing Customer,Blue,$60K - $80K,40,3,3
717643608,48,M,4,College,Married,2,Existing Customer,Blue,$80K - $120K,36,3,3
717646008,61,F,1,College,Married,2,Existing Customer,Blue,Unknown,46,6,2
717646983,59,F,1,Graduate,Single,4,Attrited Customer,Blue,Less than $40K,49,4,3
717648783,63,M,2,High School,Married,3,Existing Customer,Blue,$80K - $120K,51,4,2
717650133,41,M,5,Graduate,Married,4,Existing Customer,Blue,$60K - $80K,28,5,1
717651333,55,M,2,Graduate,Single,1,Existing Customer,Blue,Less than $40K,43,1,3
717655458,40,F,2,Uneducated,Unknown,4,Existing Customer,Silver,$40K - $60K,28,5,3
717656433,50,F,2,Graduate,Single,2,Existing Customer,Blue,Less than $40K,40,1,2
717657333,43,F,3,Graduate,Single,3,Existing Customer,Blue,Less than $40K,36,1,3
717658758,49,M,4,Graduate,Single,2,Existing Customer,Silver,$120K +,36,2,2
717659883,46,F,2,Graduate,Single,3,Existing Customer,Blue,Unknown,36,3,3
717661908,37,M,5,Doctorate,Single,1,Existing Customer,Silver,$80K - $120K,36,4,1
717663033,51,M,2,Uneducated,Single,2,Existing Customer,Blue,$120K +,35,1,2
717664008,37,M,3,College,Married,4,Attrited Customer,Blue,$60K - $80K,19,2,3
717666783,56,M,3,College,Single,3,Attrited Customer,Blue,Less than $40K,46,1,3
717667833,34,M,1,Graduate,Married,3,Existing Customer,Blue,$40K - $60K,36,6,2
717669483,52,M,1,Graduate,Single,1,Attrited Customer,Blue,$80K - $120K,44,3,3
717670758,30,F,1,Graduate,Single,3,Existing Customer,Blue,Less than $40K,20,5,2
717678408,61,F,1,Doctorate,Married,4,Existing Customer,Blue,$40K - $60K,47,4,2
717682233,49,M,4,Uneducated,Married,2,Existing Customer,Blue,$60K - $80K,36,1,2
717683583,39,F,3,High School,Unknown,3,Existing Customer,Blue,$60K - $80K,36,4,2
717684858,50,M,3,Uneducated,Single,3,Existing Customer,Blue,$120K +,38,6,3
717688233,34,F,4,High School,Married,0,Existing Customer,Blue,$40K - $60K,28,6,1
717695058,46,F,5,High School,Married,3,Existing Customer,Blue,Unknown,35,3,1
717696333,44,M,4,Unknown,Married,3,Attrited Customer,Blue,$120K +,36,4,3
717699408,51,F,3,Graduate,Married,3,Existing Customer,Blue,Unknown,36,3,3
717701733,44,M,2,Graduate,Married,2,Existing Customer,Blue,$80K - $120K,35,3,2
717704433,48,F,4,Unknown,Single,1,Existing Customer,Blue,Unknown,37,1,2
717705858,40,M,2,High School,Unknown,3,Existing Customer,Blue,$80K - $120K,32,4,3
717707133,32,M,1,Unknown,Single,3,Existing Customer,Blue,$40K - $60K,24,6,2
717708783,57,M,2,Graduate,Single,4,Existing Customer,Silver,$120K +,51,6,3
717711108,43,F,3,Unknown,Married,2,Existing Customer,Blue,Less than $40K,27,1,2
717713283,42,F,3,Graduate,Married,3,Existing Customer,Blue,Less than $40K,33,6,3
717714633,49,M,3,Uneducated,Married,4,Existing Customer,Gold,$120K +,38,4,3
717720108,42,F,2,Graduate,Married,3,Existing Customer,Blue,$80K - $120K,31,4,2
717721458,45,M,4,College,Divorced,0,Existing Customer,Blue,$60K - $80K,40,5,1
717722958,43,M,3,Uneducated,Married,2,Existing Customer,Blue,$80K - $120K,36,1,3
717724233,43,M,3,Unknown,Unknown,3,Existing Customer,Blue,$80K - $120K,28,2,1
717725433,54,F,2,Graduate,Married,2,Attrited Customer,Blue,$40K - $60K,44,3,4
717727308,50,F,1,Uneducated,Married,2,Attrited Customer,Blue,Less than $40K,36,6,2
717728808,39,F,2,Graduate,Married,2,Existing Customer,Blue,Less than $40K,26,3,1
717730533,32,M,0,Graduate,Single,3,Existing Customer,Blue,$40K - $60K,21,6,1
717733158,43,F,3,Doctorate,Married,3,Existing Customer,Blue,Less than $40K,29,4,2
717740658,55,M,2,College,Married,4,Existing Customer,Blue,Less than $40K,45,5,2
717742908,44,M,3,Unknown,Married,1,Existing Customer,Blue,$40K - $60K,36,1,1
717748608,35,F,4,High School,Married,4,Attrited Customer,Blue,Less than $40K,24,3,2
717750858,32,F,2,Post-Graduate,Single,2,Existing Customer,Blue,Less than $40K,16,3,3
717755058,41,F,4,Doctorate,Single,4,Existing Customer,Blue,Less than $40K,36,4,3
717756258,49,M,2,Unknown,Married,3,Existing Customer,Blue,$120K +,38,3,6
717757608,53,M,2,College,Single,1,Existing Customer,Gold,$120K +,36,2,1
717758583,40,M,3,High School,Unknown,1,Existing Customer,Blue,$60K - $80K,36,4,2
717759783,47,F,4,Unknown,Single,2,Existing Customer,Blue,Unknown,34,1,3
717765183,55,F,1,Unknown,Single,3,Existing Customer,Blue,Unknown,42,4,5
717769008,38,M,2,Graduate,Married,4,Existing Customer,Blue,$80K - $120K,36,5,3
717773433,57,M,0,Graduate,Married,2,Existing Customer,Blue,Less than $40K,45,6,1
717774333,48,M,3,High School,Married,5,Attrited Customer,Blue,$60K - $80K,36,1,2
717775608,51,M,2,Post-Graduate,Unknown,0,Attrited Customer,Blue,$80K - $120K,43,4,2
717776808,47,F,4,Graduate,Single,3,Existing Customer,Blue,Less than $40K,39,3,2
717781608,52,F,3,Graduate,Unknown,1,Existing Customer,Blue,Less than $40K,40,2,2
717783483,47,F,5,Post-Graduate,Divorced,2,Existing Customer,Blue,Less than $40K,30,4,1
717784983,41,F,2,Uneducated,Married,3,Existing Customer,Blue,Less than $40K,33,3,3
717787533,51,F,1,High School,Married,1,Existing Customer,Blue,Less than $40K,40,4,1
717788958,31,M,0,Graduate,Married,2,Existing Customer,Blue,$80K - $120K,19,1,1
717790233,37,F,2,College,Single,3,Existing Customer,Blue,$40K - $60K,26,3,2
717793983,55,M,3,Graduate,Single,1,Attrited Customer,Silver,$40K - $60K,45,2,3
717797658,57,F,2,Graduate,Married,2,Existing Customer,Blue,Less than $40K,45,6,2
717800358,48,M,3,High School,Single,4,Existing Customer,Blue,$80K - $120K,36,3,3
717804783,40,F,3,Graduate,Single,4,Existing Customer,Blue,Less than $40K,27,5,3
717806133,40,M,2,Uneducated,Divorced,0,Existing Customer,Blue,$60K - $80K,29,5,3
717812133,33,F,1,Graduate,Unknown,3,Existing Customer,Blue,Less than $40K,13,3,1
717813558,57,F,3,High School,Single,2,Attrited Customer,Blue,Unknown,36,1,4
717819633,49,F,3,Uneducated,Married,2,Existing Customer,Blue,Less than $40K,42,6,1
717822108,60,F,0,Uneducated,Single,3,Existing Customer,Blue,Less than $40K,48,3,2
717823383,56,M,4,Unknown,Married,3,Existing Customer,Blue,$60K - $80K,47,1,1
717825033,50,M,0,Unknown,Divorced,2,Existing Customer,Blue,$60K - $80K,36,3,3
717826308,49,F,5,Uneducated,Married,4,Existing Customer,Blue,Less than $40K,36,6,2
717828108,57,M,2,Graduate,Married,0,Existing Customer,Blue,$80K - $120K,42,6,1
717830583,41,M,2,Graduate,Married,3,Existing Customer,Blue,$80K - $120K,36,6,3
717831783,58,F,2,Uneducated,Married,4,Existing Customer,Blue,Less than $40K,45,3,3
717835908,33,M,2,Post-Graduate,Married,3,Existing Customer,Blue,$80K - $120K,22,3,3
717836733,49,F,1,Graduate,Married,1,Existing Customer,Blue,Less than $40K,36,6,2
717837858,47,M,5,College,Married,2,Existing Customer,Blue,$120K +,34,3,1
717840108,48,M,4,Unknown,Married,6,Attrited Customer,Blue,$80K - $120K,41,2,3
717841683,49,M,3,Unknown,Married,3,Existing Customer,Blue,$60K - $80K,36,6,1
717843783,33,F,1,College,Married,2,Attrited Customer,Silver,Less than $40K,17,4,3
717846108,49,F,4,Uneducated,Married,2,Existing Customer,Blue,$60K - $80K,34,5,3
717849708,46,M,4,Unknown,Married,3,Existing Customer,Blue,$60K - $80K,32,5,3
717853233,41,M,2,College,Married,3,Existing Customer,Blue,$80K - $120K,31,1,1
717855933,38,F,2,High School,Married,3,Existing Customer,Blue,$40K - $60K,27,3,2
717856983,42,F,5,Uneducated,Married,3,Existing Customer,Blue,Unknown,29,3,2
717859233,41,M,5,Graduate,Married,2,Existing Customer,Blue,$80K - $120K,37,1,3
717860358,40,F,3,High School,Single,2,Existing Customer,Blue,$40K - $60K,36,5,3
717862308,45,F,2,College,Divorced,2,Existing Customer,Blue,$40K - $60K,27,6,3
717865008,51,F,1,Unknown,Married,1,Existing Customer,Blue,$40K - $60K,36,2,1
717866133,47,M,2,Graduate,Single,3,Existing Customer,Blue,Less than $40K,36,3,3
717870108,46,F,4,Unknown,Unknown,2,Existing Customer,Blue,$40K - $60K,37,6,4
717874533,46,M,2,High School,Single,2,Attrited Customer,Blue,$40K - $60K,36,5,2
717877533,39,F,2,Graduate,Single,1,Existing Customer,Blue,$40K - $60K,36,5,1
717878883,45,F,3,Unknown,Single,0,Existing Customer,Blue,Less than $40K,36,3,4
717885183,36,M,1,Graduate,Single,2,Existing Customer,Blue,Less than $40K,25,6,1
717886008,63,M,1,High School,Single,2,Existing Customer,Blue,Less than $40K,51,5,3
717888108,47,F,3,Doctorate,Married,2,Existing Customer,Blue,$40K - $60K,35,3,3
717890583,48,F,1,Graduate,Divorced,2,Existing Customer,Blue,$40K - $60K,38,4,1
717891558,49,F,4,Graduate,Unknown,2,Existing Customer,Blue,Less than $40K,36,6,4
717893358,43,F,3,Graduate,Married,3,Existing Customer,Blue,Unknown,33,6,1
717895833,55,M,3,College,Unknown,3,Existing Customer,Blue,$120K +,44,2,2
717898758,55,F,2,Graduate,Married,3,Attrited Customer,Silver,Less than $40K,45,6,3
717903108,57,F,1,College,Married,1,Existing Customer,Blue,Unknown,46,6,1
717904383,40,M,2,Graduate,Married,2,Existing Customer,Blue,$80K - $120K,31,5,1
717906783,41,M,5,Graduate,Single,2,Existing Customer,Blue,$120K +,29,5,2
717908208,43,F,3,Graduate,Divorced,2,Existing Customer,Blue,Less than $40K,36,6,1
717912483,43,M,4,Graduate,Unknown,0,Existing Customer,Blue,$80K - $120K,27,5,2
717914808,65,M,1,High School,Married,5,Existing Customer,Blue,Unknown,36,4,3
717915783,60,M,0,Unknown,Married,3,Attrited Customer,Blue,$60K - $80K,47,5,1
717916758,67,F,0,Unknown,Married,3,Existing Customer,Blue,Unknown,56,4,3
717920583,60,F,1,Uneducated,Divorced,2,Existing Customer,Blue,Less than $40K,49,5,2
717924933,48,F,2,Post-Graduate,Divorced,2,Existing Customer,Blue,Unknown,37,3,4
717926358,46,F,2,Graduate,Single,0,Existing Customer,Blue,Less than $40K,30,3,1
717928308,40,F,1,Uneducated,Single,2,Existing Customer,Silver,Less than $40K,34,5,2
717929133,44,M,1,Uneducated,Married,3,Existing Customer,Blue,$60K - $80K,36,5,2
717930483,37,M,2,Graduate,Single,0,Attrited Customer,Blue,$120K +,25,3,3
717940008,57,F,2,Unknown,Divorced,2,Existing Customer,Blue,$40K - $60K,36,5,2
717942033,52,M,2,Uneducated,Unknown,3,Existing Customer,Blue,$120K +,42,1,1
717945108,49,F,3,Graduate,Unknown,2,Existing Customer,Blue,$40K - $60K,36,6,1
717947508,47,M,3,Uneducated,Divorced,3,Existing Customer,Blue,$80K - $120K,34,5,1
717949008,40,F,4,High School,Single,3,Attrited Customer,Blue,$40K - $60K,29,5,2
717949983,47,M,1,Uneducated,Unknown,3,Existing Customer,Blue,$40K - $60K,36,3,2
717953283,41,M,3,Graduate,Married,2,Existing Customer,Blue,$60K - $80K,31,5,2
717954333,39,F,2,Unknown,Single,1,Existing Customer,Blue,Less than $40K,25,4,2
717956283,57,F,1,Graduate,Single,0,Existing Customer,Blue,$40K - $60K,48,5,1
717958833,NULL,M,4,Graduate,Married,2,Existing Customer,Blue,$60K - $80K,35,5,1
717960033,52,F,1,Graduate,Single,1,Existing Customer,Blue,Less than $40K,44,6,3
717961458,49,F,2,Uneducated,Single,4,Existing Customer,Blue,Less than $40K,37,5,1
717965808,65,M,0,Unknown,Unknown,4,Existing Customer,Blue,$40K - $60K,54,5,1
717966933,45,M,5,Uneducated,Married,1,Existing Customer,Blue,Unknown,37,3,1
717967833,55,F,1,Unknown,Married,0,Existing Customer,Blue,Less than $40K,36,3,1
717970158,42,M,2,College,Single,2,Attrited Customer,Blue,$60K - $80K,36,5,3
717971208,39,F,5,Graduate,Single,2,Existing Customer,Blue,Less than $40K,28,3,3
717972408,44,M,2,Uneducated,Married,3,Existing Customer,Blue,$80K - $120K,34,6,3
717975333,50,M,2,Doctorate,Married,2,Existing Customer,Blue,$80K - $120K,38,6,2
717978033,36,F,1,High School,Single,4,Existing Customer,Blue,Less than $40K,36,5,3
717979008,48,F,3,Unknown,Single,1,Existing Customer,Blue,Less than $40K,37,2,2
717983058,41,F,3,Graduate,Married,3,Existing Customer,Blue,$40K - $60K,29,5,1
717985158,47,M,2,Graduate,Unknown,1,Existing Customer,Blue,$40K - $60K,37,3,3
717986058,29,F,0,High School,Single,5,Existing Customer,Blue,Less than $40K,13,6,3
717987258,43,F,3,Unknown,Single,4,Existing Customer,Blue,$40K - $60K,36,5,2
717990183,52,M,4,Uneducated,Married,2,Existing Customer,Blue,$80K - $120K,36,5,2
717991533,44,M,2,Uneducated,Unknown,2,Existing Customer,Blue,$40K - $60K,36,3,3
717992433,50,F,4,Graduate,Married,2,Existing Customer,Blue,$80K - $120K,39,3,1
717994608,51,M,0,Graduate,Married,2,Attrited Customer,Blue,$80K - $120K,40,4,3
717995958,47,F,3,Unknown,Married,4,Existing Customer,Blue,Unknown,38,5,1
717998058,26,M,0,Graduate,Single,2,Existing Customer,Blue,Less than $40K,13,6,3
717999183,36,M,3,High School,Married,3,Existing Customer,Blue,$60K - $80K,36,6,3
718000383,60,F,1,Graduate,Single,4,Existing Customer,Blue,Unknown,51,3,3
718001508,41,M,3,Graduate,Married,2,Existing Customer,Blue,Less than $40K,29,1,1
718002633,48,F,2,Graduate,Married,1,Existing Customer,Silver,$40K - $60K,41,6,3
718005108,44,M,5,College,Married,2,Existing Customer,Blue,Less than $40K,34,4,1
718006608,44,F,5,Uneducated,Single,1,Existing Customer,Blue,Less than $40K,36,1,3
718009158,50,F,3,Uneducated,Married,2,Existing Customer,Blue,Less than $40K,41,4,2
718010133,46,F,2,Post-Graduate,Single,3,Existing Customer,Blue,Less than $40K,35,4,2
718011783,55,M,3,Graduate,Married,3,Existing Customer,Blue,$40K - $60K,36,3,3
718016808,62,F,0,Unknown,Married,0,Existing Customer,Blue,Less than $40K,55,3,1
718020408,60,F,1,Graduate,Married,3,Existing Customer,Blue,Less than $40K,36,3,4
718021608,45,F,3,Graduate,Married,2,Existing Customer,Blue,$40K - $60K,34,4,5
718023708,53,F,2,Uneducated,Married,3,Existing Customer,Blue,$40K - $60K,42,2,1
718024908,52,F,2,Graduate,Unknown,3,Existing Customer,Blue,Less than $40K,40,2,1
718025808,61,M,0,High School,Divorced,4,Attrited Customer,Blue,$60K - $80K,51,6,3
718026858,52,F,2,College,Single,2,Existing Customer,Blue,Less than $40K,36,3,2
718030083,59,M,1,College,Married,2,Existing Customer,Blue,$60K - $80K,36,4,1
718031508,45,M,4,College,Divorced,1,Existing Customer,Blue,$80K - $120K,37,6,5
718032483,33,F,4,Graduate,Married,2,Existing Customer,Blue,Less than $40K,16,5,3
718034058,40,M,4,Graduate,Single,2,Existing Customer,Blue,$60K - $80K,36,3,2
718037433,58,M,1,Graduate,Married,2,Existing Customer,Blue,$80K - $120K,49,6,4
718038483,42,M,3,Uneducated,Single,4,Existing Customer,Blue,$80K - $120K,35,5,1
718039683,52,M,2,High School,Single,2,Existing Customer,Blue,$40K - $60K,45,3,1
718041033,47,F,4,Graduate,Married,4,Existing Customer,Blue,Less than $40K,36,6,1
718042383,38,M,1,Uneducated,Unknown,3,Existing Customer,Blue,$40K - $60K,18,3,3
718043583,50,M,2,Uneducated,Single,4,Existing Customer,Blue,$120K +,40,5,3
718045008,31,M,0,Post-Graduate,Married,2,Attrited Customer,Blue,Less than $40K,21,1,2
718046433,53,F,2,Graduate,Unknown,3,Existing Customer,Blue,Less than $40K,35,1,2
718048608,41,F,3,Graduate,Married,0,Existing Customer,Blue,Unknown,33,5,3
718050033,54,M,2,College,Married,3,Existing Customer,Blue,$120K +,43,3,2
718054833,50,M,2,Unknown,Unknown,4,Existing Customer,Blue,$120K +,37,6,3
718056033,44,F,3,High School,Married,2,Existing Customer,Blue,Less than $40K,34,5,3
718060983,49,F,1,Graduate,Married,2,Existing Customer,Blue,Less than $40K,36,2,3
718063083,40,M,2,Graduate,Married,2,Existing Customer,Blue,$40K - $60K,31,6,1
718064283,46,M,3,Uneducated,Unknown,0,Attrited Customer,Blue,$60K - $80K,34,4,3
718065333,39,F,4,Graduate,Married,3,Existing Customer,Blue,$40K - $60K,29,4,4
718067658,53,F,3,Unknown,Married,1,Existing Customer,Blue,Unknown,40,6,3
718068933,36,F,3,Uneducated,Single,4,Existing Customer,Blue,Less than $40K,36,5,2
718071933,49,M,1,Graduate,Married,3,Existing Customer,Blue,$40K - $60K,36,4,2
718072758,51,M,2,Post-Graduate,Married,1,Existing Customer,Blue,$120K +,45,5,2
718076733,43,M,1,Graduate,Single,3,Existing Customer,Silver,$60K - $80K,31,4,3
718078008,40,M,2,College,Divorced,1,Existing Customer,Blue,$60K - $80K,36,3,2
718080558,41,F,4,High School,Single,3,Attrited Customer,Blue,Less than $40K,36,6,3
718082208,37,F,1,Graduate,Married,4,Existing Customer,Blue,$40K - $60K,30,5,3
718083483,42,M,3,Uneducated,Married,0,Existing Customer,Blue,Less than $40K,35,4,5
718086783,50,M,5,Uneducated,Married,1,Existing Customer,Blue,$120K +,36,2,2
718088133,40,F,3,Unknown,Divorced,0,Existing Customer,Blue,Less than $40K,36,6,1
718090233,56,F,3,Graduate,Single,3,Attrited Customer,Blue,Unknown,36,3,3
718093233,55,F,2,Post-Graduate,Married,3,Existing Customer,Blue,Less than $40K,45,3,3
718096608,44,F,4,High School,Married,3,Existing Customer,Blue,Less than $40K,30,1,2
718100808,49,F,1,Uneducated,Married,1,Existing Customer,Gold,Less than $40K,37,2,3
718102758,61,F,0,High School,Married,3,Existing Customer,Blue,Less than $40K,36,2,1
718103733,41,F,4,Unknown,Married,4,Existing Customer,Blue,Less than $40K,31,4,3
718108758,43,M,2,Unknown,Married,2,Existing Customer,Blue,$60K - $80K,36,3,1
718109808,38,M,5,College,Unknown,0,Existing Customer,Blue,$60K - $80K,25,4,3
718110858,42,M,4,Unknown,Married,5,Attrited Customer,Blue,$40K - $60K,36,2,3
718113633,41,M,3,Uneducated,Married,3,Attrited Customer,Blue,$120K +,36,1,2
718115733,57,M,1,Graduate,Unknown,3,Existing Customer,Blue,$60K - $80K,36,4,1
718116933,53,F,3,Graduate,Single,1,Existing Customer,Blue,Less than $40K,36,2,3
718121658,56,M,1,College,Married,3,Attrited Customer,Blue,$60K - $80K,44,5,3
718123608,32,M,2,Graduate,Married,2,Existing Customer,Blue,$80K - $120K,36,2,1
718127958,58,M,0,Graduate,Divorced,2,Existing Customer,Blue,Unknown,36,4,2
718133733,44,F,4,Post-Graduate,Unknown,1,Existing Customer,Blue,Less than $40K,36,3,1
718136283,52,M,2,Uneducated,Single,4,Existing Customer,Blue,$80K - $120K,36,3,1
718137183,58,F,1,College,Unknown,3,Existing Customer,Blue,Less than $40K,38,4,2
718140783,47,M,4,Unknown,Married,2,Existing Customer,Blue,$60K - $80K,36,4,5
718141983,49,M,0,High School,Single,1,Existing Customer,Blue,$80K - $120K,43,6,3
718142958,46,M,4,Graduate,Unknown,2,Existing Customer,Blue,$60K - $80K,27,3,3
718146258,51,M,2,Graduate,Divorced,1,Existing Customer,Blue,$60K - $80K,41,4,3
718147233,44,F,1,High School,Married,3,Existing Customer,Blue,$40K - $60K,31,2,2
718148358,50,F,3,High School,Married,3,Attrited Customer,Blue,Less than $40K,36,2,3
718152333,41,F,3,Doctorate,Unknown,6,Attrited Customer,Blue,Unknown,36,2,3
718153233,46,M,3,Uneducated,Unknown,2,Existing Customer,Blue,$80K - $120K,36,3,2
718160358,51,F,1,Graduate,Married,2,Attrited Customer,Blue,Less than $40K,39,5,3
718161708,46,F,4,Graduate,Married,2,Existing Customer,Blue,Less than $40K,34,5,1
718162908,55,M,3,College,Married,1,Existing Customer,Blue,$80K - $120K,42,3,2
718163808,37,M,1,Graduate,Single,4,Existing Customer,Blue,$80K - $120K,24,6,3
718164858,42,F,4,Post-Graduate,Married,2,Existing Customer,Blue,Less than $40K,34,5,3
718165758,41,F,1,Graduate,Married,1,Existing Customer,Blue,$40K - $60K,32,6,3
718170033,42,F,4,Uneducated,Married,2,Existing Customer,Blue,Unknown,23,4,1
718171308,44,F,3,Graduate,Married,4,Attrited Customer,Blue,Less than $40K,36,6,3
718174908,53,F,3,Uneducated,Married,2,Existing Customer,Blue,Less than $40K,36,4,3
718178583,42,F,2,Unknown,Married,1,Existing Customer,Blue,Less than $40K,29,3,3
718181433,65,M,0,Uneducated,Single,2,Existing Customer,Blue,Less than $40K,56,6,1
718183833,30,F,1,Graduate,Single,1,Existing Customer,Blue,Less than $40K,18,4,2
718184883,48,F,3,High School,Married,2,Existing Customer,Blue,Less than $40K,34,5,2
718186233,34,M,3,Uneducated,Single,3,Attrited Customer,Blue,Less than $40K,26,4,2
718187508,53,F,2,Unknown,Married,3,Existing Customer,Blue,Unknown,36,3,4
718188858,52,F,0,Graduate,Unknown,2,Existing Customer,Blue,Less than $40K,36,5,1
718189908,44,F,4,Unknown,Unknown,3,Existing Customer,Gold,$40K - $60K,31,2,2
718191483,45,M,3,Graduate,Divorced,2,Existing Customer,Blue,$60K - $80K,35,6,3
718192608,48,M,3,Uneducated,Unknown,2,Existing Customer,Blue,$60K - $80K,36,1,1
718193958,60,M,0,Uneducated,Single,2,Attrited Customer,Blue,Less than $40K,53,5,3
718194858,48,M,5,Graduate,Married,3,Existing Customer,Blue,Unknown,35,5,2
718197108,54,M,2,Graduate,Single,3,Attrited Customer,Blue,$80K - $120K,36,5,3
718199133,57,M,1,High School,Married,2,Existing Customer,Blue,$80K - $120K,36,3,2
718200333,47,F,3,Uneducated,Single,0,Existing Customer,Blue,Less than $40K,41,3,3
718201383,49,M,1,College,Married,4,Existing Customer,Blue,$60K - $80K,43,6,3
718202658,47,M,3,Graduate,Unknown,3,Attrited Customer,Blue,$120K +,36,3,2
718205283,48,F,3,College,Single,1,Existing Customer,Blue,$40K - $60K,37,6,3
718206783,45,F,4,Unknown,Single,3,Existing Customer,Gold,Less than $40K,36,6,1
718208358,43,M,5,Uneducated,Married,4,Attrited Customer,Blue,$120K +,31,4,3
718211208,39,M,3,High School,Married,2,Existing Customer,Blue,$120K +,36,6,3
718212633,45,F,4,High School,Married,1,Existing Customer,Blue,$40K - $60K,36,5,2
718215033,54,F,3,Unknown,Married,4,Existing Customer,Blue,Less than $40K,36,6,2
718216008,48,M,3,Graduate,Married,3,Existing Customer,Blue,$60K - $80K,38,5,2
718220358,58,M,1,Graduate,Single,4,Attrited Customer,Blue,$120K +,36,2,3
718225683,56,M,1,Graduate,Single,2,Existing Customer,Silver,$80K - $120K,49,5,2
718227033,38,M,4,Graduate,Married,2,Existing Customer,Blue,Less than $40K,30,3,1
718229133,51,M,2,College,Married,4,Existing Customer,Blue,$120K +,41,6,2
718230933,45,M,4,Graduate,Single,3,Attrited Customer,Blue,Less than $40K,36,5,2
718242333,36,M,4,Graduate,Single,2,Existing Customer,Blue,$80K - $120K,36,5,3
718243533,48,M,3,Post-Graduate,Divorced,4,Existing Customer,Blue,$60K - $80K,36,3,3
718244958,36,F,2,Graduate,Married,2,Existing Customer,Blue,Unknown,26,5,2
718246458,53,M,3,Graduate,Single,2,Attrited Customer,Blue,$80K - $120K,45,2,1
718250883,59,F,2,High School,Married,3,Attrited Customer,Blue,Unknown,51,3,3
718252533,30,F,0,Graduate,Divorced,1,Attrited Customer,Blue,Less than $40K,18,5,1
718256658,45,F,3,Uneducated,Married,1,Existing Customer,Blue,Less than $40K,38,6,5
718259433,45,F,3,High School,Married,2,Attrited Customer,Blue,Unknown,40,1,4
718263108,44,F,3,Unknown,Divorced,2,Existing Customer,Blue,Less than $40K,32,3,3
718264233,29,M,0,High School,Married,4,Existing Customer,Blue,$40K - $60K,13,4,1
718265658,47,F,4,Uneducated,Single,2,Existing Customer,Blue,Less than $40K,36,3,1
718267233,50,M,1,Graduate,Married,3,Existing Customer,Silver,$120K +,38,4,3
718270833,48,F,3,Post-Graduate,Married,3,Existing Customer,Silver,Less than $40K,40,6,3
718271958,54,F,2,Uneducated,Married,4,Existing Customer,Blue,$60K - $80K,34,5,1
718274283,35,M,3,College,Single,3,Existing Customer,Blue,$60K - $80K,36,5,1
718276758,52,F,1,Graduate,Single,2,Existing Customer,Blue,$40K - $60K,40,2,1
718279008,44,M,3,High School,Single,3,Attrited Customer,Silver,$60K - $80K,36,5,2
718279983,49,F,1,College,Married,2,Existing Customer,Blue,Unknown,36,1,3
718281408,36,F,2,Unknown,Married,2,Existing Customer,Blue,$40K - $60K,25,3,1
718282983,60,M,0,College,Unknown,3,Existing Customer,Blue,Less than $40K,47,6,3
718284408,43,F,3,Unknown,Married,2,Existing Customer,Blue,Less than $40K,30,5,2
718285308,44,M,1,Unknown,Single,1,Existing Customer,Blue,Less than $40K,31,6,3
718286658,42,M,3,Graduate,Single,1,Existing Customer,Silver,$60K - $80K,22,5,3
718288833,31,M,1,Unknown,Married,3,Existing Customer,Blue,$40K - $60K,36,1,3
718291233,46,M,4,Graduate,Married,3,Existing Customer,Blue,$80K - $120K,33,5,1
718292283,52,F,1,High School,Single,1,Existing Customer,Blue,$40K - $60K,42,1,3
718296558,44,F,4,Unknown,Married,5,Attrited Customer,Blue,$40K - $60K,31,4,3
718297683,59,F,1,High School,Single,3,Attrited Customer,Blue,Less than $40K,50,1,0
718298733,40,M,4,High School,Single,2,Existing Customer,Blue,$80K - $120K,29,3,3
718299933,42,M,3,High School,Married,4,Existing Customer,Blue,$40K - $60K,30,3,3
718301508,41,M,2,High School,Married,2,Existing Customer,Blue,$60K - $80K,30,6,3
718303683,36,F,2,Graduate,Married,2,Attrited Customer,Blue,Less than $40K,23,4,2
718304583,43,F,2,Unknown,Married,2,Attrited Customer,Gold,$60K - $80K,33,1,3
718306308,48,M,4,Graduate,Married,3,Existing Customer,Blue,$80K - $120K,36,1,2
718307433,50,F,0,Graduate,Single,4,Existing Customer,Blue,Less than $40K,36,5,1
718308558,49,F,4,Graduate,Married,1,Existing Customer,Blue,Less than $40K,37,2,6
718310733,50,M,2,Unknown,Unknown,1,Existing Customer,Blue,$80K - $120K,36,4,3
718311933,53,M,4,Doctorate,Married,2,Attrited Customer,Blue,Less than $40K,37,6,2
718316058,51,M,1,Uneducated,Married,1,Existing Customer,Blue,$60K - $80K,38,3,3
718317258,54,F,3,Uneducated,Single,3,Existing Customer,Blue,Less than $40K,47,3,3
718318383,49,M,1,High School,Unknown,4,Existing Customer,Blue,$60K - $80K,36,6,3
718320933,47,M,3,Uneducated,Married,1,Existing Customer,Blue,$60K - $80K,36,2,3
718324983,60,F,0,College,Married,3,Existing Customer,Blue,Less than $40K,49,5,3
718325883,39,M,2,Uneducated,Single,2,Existing Customer,Blue,$40K - $60K,32,6,3
718328283,40,F,4,High School,Single,3,Existing Customer,Blue,Less than $40K,36,2,1
718329183,57,F,3,Graduate,Divorced,2,Existing Customer,Blue,$40K - $60K,47,1,3
718333983,57,M,4,Unknown,Divorced,3,Attrited Customer,Blue,$120K +,36,2,2
718337733,50,F,2,Graduate,Married,1,Existing Customer,Gold,Unknown,40,2,1
718338708,49,F,1,Graduate,Married,2,Existing Customer,Blue,$40K - $60K,38,5,2
718342158,38,F,4,Graduate,Single,2,Attrited Customer,Blue,Less than $40K,26,2,2
718343058,52,F,2,High School,Married,3,Existing Customer,Blue,Less than $40K,40,1,2
718344033,47,M,2,College,Married,2,Existing Customer,Blue,$120K +,35,4,3
718345233,45,F,2,Graduate,Unknown,3,Existing Customer,Blue,Less than $40K,35,6,3
718346658,50,F,2,Graduate,Married,4,Existing Customer,Blue,Less than $40K,37,3,2
718349058,49,M,3,High School,Married,2,Existing Customer,Blue,$80K - $120K,39,3,3
718350033,50,M,3,College,Single,2,Existing Customer,Blue,$40K - $60K,36,3,2
718352358,49,F,3,Post-Graduate,Married,2,Attrited Customer,Blue,Less than $40K,35,3,3
718353633,50,M,1,Post-Graduate,Unknown,2,Attrited Customer,Gold,$80K - $120K,36,2,3
718354683,59,F,0,Graduate,Married,3,Existing Customer,Silver,$40K - $60K,45,6,3
718357458,48,M,5,Unknown,Single,0,Existing Customer,Blue,$60K - $80K,36,2,3
718358808,57,F,2,High School,Unknown,5,Existing Customer,Blue,Less than $40K,50,5,3
718360083,39,M,4,Uneducated,Married,2,Existing Customer,Blue,$120K +,36,6,3
718361583,56,F,2,Uneducated,Married,5,Existing Customer,Blue,Unknown,36,3,3
718362783,35,M,2,Graduate,Married,3,Attrited Customer,Blue,$80K - $120K,27,3,2
718364283,43,M,3,Graduate,Single,4,Existing Customer,Blue,$60K - $80K,30,3,2
718366983,40,M,3,Graduate,Married,4,Existing Customer,Blue,$80K - $120K,31,6,2
718368333,26,M,0,College,Unknown,2,Existing Customer,Blue,Less than $40K,13,6,1
718370733,48,F,2,Uneducated,Married,3,Existing Customer,Blue,Unknown,35,2,3
718372458,42,M,2,Graduate,Unknown,5,Existing Customer,Blue,$40K - $60K,30,3,2
718373658,41,M,3,College,Single,0,Existing Customer,Blue,$60K - $80K,28,6,3
718376583,52,M,2,Graduate,Divorced,2,Attrited Customer,Silver,$80K - $120K,44,4,3
718379358,39,M,1,Unknown,Single,3,Existing Customer,Silver,$80K - $120K,28,3,1
718383183,51,F,3,High School,Married,1,Existing Customer,Blue,Less than $40K,39,2,1
718384233,52,M,5,Doctorate,Single,2,Existing Customer,Silver,$40K - $60K,39,4,2
718388733,38,F,1,College,Unknown,3,Existing Customer,Blue,Less than $40K,32,2,3
718394658,31,F,0,Graduate,Unknown,1,Existing Customer,Blue,Less than $40K,22,3,1
718396533,47,M,3,College,Married,3,Existing Customer,Blue,$80K - $120K,38,5,3
718397658,60,F,0,Unknown,Single,2,Attrited Customer,Blue,$40K - $60K,36,6,3
718399233,43,M,4,College,Unknown,1,Existing Customer,Blue,$40K - $60K,36,6,3
718403358,49,M,2,High School,Divorced,1,Existing Customer,Blue,$40K - $60K,33,4,2
718404783,59,F,0,Unknown,Married,4,Existing Customer,Blue,Unknown,49,5,2
718410258,37,M,3,High School,Unknown,4,Existing Customer,Blue,$80K - $120K,28,5,4
718414008,50,M,2,Graduate,Single,2,Existing Customer,Blue,$120K +,36,3,2
718415133,38,M,1,Uneducated,Married,3,Existing Customer,Blue,$80K - $120K,25,6,1
718416858,42,F,5,Graduate,Unknown,3,Existing Customer,Blue,$60K - $80K,34,3,3
718418958,30,M,1,Post-Graduate,Divorced,4,Attrited Customer,Blue,Less than $40K,36,6,2
718420308,50,F,2,High School,Married,3,Existing Customer,Blue,Less than $40K,36,3,1
718421808,56,M,2,Uneducated,Married,2,Existing Customer,Blue,Unknown,43,6,3
718423533,57,M,3,College,Unknown,4,Existing Customer,Blue,$60K - $80K,50,6,3
718425333,45,M,4,Graduate,Married,3,Existing Customer,Blue,$80K - $120K,32,1,1
718426533,42,M,4,Uneducated,Divorced,2,Existing Customer,Blue,$60K - $80K,32,4,1
718428033,55,F,4,Graduate,Single,1,Existing Customer,Blue,Less than $40K,41,6,2
718431258,41,M,4,High School,Single,3,Existing Customer,Blue,$60K - $80K,28,4,3
718433508,40,F,3,Uneducated,Unknown,2,Existing Customer,Blue,Less than $40K,30,2,5
718435158,50,M,3,High School,Married,4,Existing Customer,Blue,$120K +,40,5,1
718436133,44,F,2,Graduate,Single,3,Attrited Customer,Blue,Less than $40K,36,5,2
718437033,46,M,2,Uneducated,Unknown,2,Attrited Customer,Blue,$60K - $80K,30,4,3
718441308,41,M,2,Graduate,Single,3,Existing Customer,Blue,$60K - $80K,31,3,1
718444233,45,M,3,Graduate,Married,2,Existing Customer,Blue,$60K - $80K,25,3,3
718445883,61,M,1,Uneducated,Married,4,Existing Customer,Blue,Less than $40K,36,3,2
718451133,48,M,2,Graduate,Single,4,Existing Customer,Blue,$60K - $80K,40,4,5
718452633,35,F,4,Graduate,Married,3,Attrited Customer,Blue,Unknown,36,4,3
718455633,60,F,0,Graduate,Unknown,2,Existing Customer,Gold,Unknown,55,4,3
718457058,43,M,4,High School,Married,1,Attrited Customer,Blue,$40K - $60K,35,1,1
718458858,41,M,4,Graduate,Single,6,Attrited Customer,Silver,$80K - $120K,29,2,3
718460958,49,F,2,College,Married,4,Existing Customer,Blue,Less than $40K,35,3,3
718464258,51,F,3,Unknown,Unknown,2,Existing Customer,Blue,Less than $40K,25,2,2
718465458,49,M,1,Unknown,Single,4,Existing Customer,Blue,$80K - $120K,31,6,1
718466883,34,F,1,Uneducated,Single,2,Existing Customer,Blue,Less than $40K,25,6,1
718468158,38,M,1,Uneducated,Married,3,Existing Customer,Blue,$60K - $80K,25,6,2
718469658,37,F,2,Uneducated,Married,3,Existing Customer,Blue,Unknown,22,4,3
718471758,49,F,4,Doctorate,Single,2,Existing Customer,Silver,$60K - $80K,37,5,2
718473558,42,F,3,Doctorate,Single,4,Attrited Customer,Blue,Less than $40K,18,5,3
718474683,36,M,0,High School,Married,2,Existing Customer,Blue,$120K +,24,3,3
718476033,65,F,0,Uneducated,Married,5,Attrited Customer,Blue,Unknown,56,5,3
718477983,54,F,3,High School,Married,3,Attrited Customer,Blue,Less than $40K,42,4,2
718478883,55,F,2,College,Single,3,Existing Customer,Blue,Less than $40K,36,4,1
718481283,51,F,1,High School,Married,3,Existing Customer,Blue,Less than $40K,43,5,1
718484283,57,M,3,Post-Graduate,Married,4,Attrited Customer,Blue,$60K - $80K,36,6,1
718486608,53,M,2,High School,Single,2,Existing Customer,Blue,$120K +,36,2,2
718487958,53,F,2,High School,Married,0,Existing Customer,Blue,Less than $40K,41,5,3
718488783,40,M,3,College,Unknown,2,Existing Customer,Blue,$40K - $60K,30,2,2
718489608,50,F,4,Graduate,Married,2,Existing Customer,Blue,Less than $40K,36,6,2
718490658,50,F,1,Graduate,Unknown,3,Existing Customer,Blue,Less than $40K,36,4,1
718491708,53,F,2,College,Married,3,Existing Customer,Blue,Unknown,38,2,3
718492908,38,F,3,College,Married,3,Existing Customer,Blue,Less than $40K,36,1,2
718496283,42,F,1,College,Single,3,Existing Customer,Silver,Unknown,31,6,2
718497033,52,M,1,High School,Married,3,Existing Customer,Blue,$120K +,36,5,3
718500633,45,F,4,Unknown,Married,1,Existing Customer,Blue,Less than $40K,36,5,1
718501983,44,M,2,Graduate,Married,1,Existing Customer,Blue,$60K - $80K,36,5,6
718503108,40,M,3,Unknown,Married,1,Existing Customer,Blue,$120K +,26,3,3
718504233,43,F,4,Uneducated,Married,3,Attrited Customer,Blue,Less than $40K,30,2,2
718504983,45,F,2,Graduate,Married,2,Existing Customer,Blue,Less than $40K,37,6,2
718505958,43,M,5,Graduate,Divorced,3,Existing Customer,Silver,$120K +,31,5,3
718508883,43,F,3,Unknown,Single,3,Attrited Customer,Blue,Less than $40K,36,6,3
718509858,46,M,3,Graduate,Married,4,Existing Customer,Blue,$80K - $120K,37,3,1
718510983,54,M,3,Unknown,Single,2,Existing Customer,Blue,$40K - $60K,41,1,3
718513233,59,M,2,Graduate,Single,3,Existing Customer,Blue,$120K +,48,1,3
718514283,46,M,4,High School,Single,2,Existing Customer,Blue,$40K - $60K,36,5,2
718515483,64,F,0,Graduate,Married,5,Attrited Customer,Blue,Less than $40K,52,2,3
718516533,46,F,2,Graduate,Single,3,Existing Customer,Blue,Less than $40K,36,6,2
718518858,50,F,3,Graduate,Married,3,Existing Customer,Blue,$40K - $60K,39,4,3
718521258,50,F,4,Post-Graduate,Married,4,Existing Customer,Blue,Unknown,41,6,3
718522308,41,F,3,Post-Graduate,Unknown,3,Existing Customer,Blue,$40K - $60K,29,6,1
718524783,40,M,3,High School,Unknown,4,Existing Customer,Blue,$80K - $120K,34,1,3
718528008,60,F,1,High School,Married,1,Existing Customer,Blue,Less than $40K,47,2,3
718528833,51,M,1,High School,Married,2,Existing Customer,Blue,$120K +,43,2,3
718530258,52,F,3,Uneducated,Divorced,2,Existing Customer,Blue,Less than $40K,36,3,1
718531983,51,M,3,High School,Married,3,Existing Customer,Blue,$80K - $120K,41,1,3
718535733,40,F,1,Uneducated,Married,1,Existing Customer,Blue,Less than $40K,25,3,3
718538958,55,F,3,College,Married,4,Existing Customer,Blue,Less than $40K,43,6,3
718540308,44,M,2,High School,Single,0,Existing Customer,Blue,$80K - $120K,36,5,3
718542858,50,M,1,High School,Married,2,Existing Customer,Blue,$80K - $120K,36,6,3
718545033,27,F,0,Graduate,Married,2,Existing Customer,Blue,Less than $40K,17,4,2
718547358,60,F,2,Uneducated,Unknown,2,Existing Customer,Blue,$40K - $60K,52,4,3
718548558,53,M,3,Unknown,Single,3,Existing Customer,Blue,Less than $40K,42,1,1
718555308,59,F,1,Unknown,Single,3,Existing Customer,Blue,$40K - $60K,51,3,4
718558758,34,M,1,Unknown,Single,2,Attrited Customer,Blue,$80K - $120K,22,1,2
718561458,54,M,1,High School,Married,4,Existing Customer,Blue,$60K - $80K,36,4,1
718563483,30,M,2,Unknown,Divorced,3,Existing Customer,Blue,$120K +,14,3,2
718565733,62,M,0,Unknown,Single,4,Existing Customer,Blue,Less than $40K,36,3,2
718566858,46,F,2,College,Single,2,Existing Customer,Blue,Less than $40K,36,3,2
718567758,41,M,1,College,Married,2,Existing Customer,Blue,$40K - $60K,32,3,4
718569258,56,F,2,Unknown,Married,3,Existing Customer,Blue,Less than $40K,36,5,3
718570158,54,F,4,College,Single,2,Existing Customer,Blue,Less than $40K,44,3,3
718572408,45,F,5,Post-Graduate,Unknown,3,Existing Customer,Blue,Less than $40K,36,5,2
718574808,33,F,2,Graduate,Single,4,Existing Customer,Blue,Less than $40K,17,4,3
718576908,49,F,4,Uneducated,Married,3,Existing Customer,Blue,Unknown,36,4,1
718577958,39,M,2,Uneducated,Married,4,Attrited Customer,Blue,$120K +,26,2,3
718578708,49,M,4,Post-Graduate,Unknown,1,Existing Customer,Silver,$120K +,38,3,3
718579833,39,F,3,Graduate,Unknown,1,Existing Customer,Blue,Less than $40K,26,2,2
718582158,48,M,2,Unknown,Married,4,Existing Customer,Blue,$120K +,35,3,3
718583133,49,F,3,Graduate,Married,0,Existing Customer,Blue,Less than $40K,39,4,2
718586133,43,F,3,Graduate,Married,3,Existing Customer,Blue,Less than $40K,31,6,1
718587858,39,M,4,High School,Married,4,Existing Customer,Blue,$60K - $80K,31,3,1
718589133,65,M,1,Graduate,Single,2,Existing Customer,Blue,Less than $40K,56,6,2
718590183,58,F,3,Doctorate,Married,3,Existing Customer,Blue,Less than $40K,47,1,3
718594608,43,F,2,Post-Graduate,Married,3,Existing Customer,Blue,Unknown,36,3,3
718595583,55,M,3,Graduate,Married,3,Existing Customer,Blue,$80K - $120K,36,3,2
718596858,53,F,4,Graduate,Divorced,1,Existing Customer,Blue,$40K - $60K,45,5,3
718599108,50,F,3,Graduate,Married,2,Attrited Customer,Blue,Unknown,39,5,3
718602708,43,M,3,Graduate,Single,2,Existing Customer,Blue,$80K - $120K,33,3,3
718607883,41,M,3,Post-Graduate,Single,2,Existing Customer,Blue,$80K - $120K,30,4,2
718611333,55,M,3,Post-Graduate,Married,0,Existing Customer,Blue,$80K - $120K,36,6,1
718612758,36,M,2,High School,Married,2,Existing Customer,Blue,$120K +,36,3,1
718614183,43,F,4,High School,Unknown,2,Attrited Customer,Silver,Less than $40K,31,6,2
718618458,38,M,3,High School,Single,4,Existing Customer,Blue,$60K - $80K,25,5,1
718619883,54,F,0,Uneducated,Married,2,Existing Customer,Blue,Less than $40K,36,2,2
718621608,54,F,2,High School,Married,1,Attrited Customer,Blue,Unknown,44,3,3
718622658,45,M,4,High School,Single,3,Existing Customer,Blue,$80K - $120K,34,3,2
718623783,56,M,2,College,Married,2,Existing Customer,Blue,$120K +,36,6,3
718626033,47,M,3,High School,Married,2,Attrited Customer,Blue,$60K - $80K,39,2,3
718627458,43,F,3,Doctorate,Married,2,Existing Customer,Blue,Unknown,38,3,4
718629858,42,F,2,Uneducated,Married,3,Existing Customer,Blue,Unknown,32,5,5
718632933,58,F,1,College,Single,1,Existing Customer,Blue,Less than $40K,46,1,5
718634058,48,F,2,High School,Unknown,1,Existing Customer,Blue,Unknown,31,2,2
718637208,54,F,2,Graduate,Unknown,1,Existing Customer,Blue,Less than $40K,43,3,2
718640508,59,F,0,Graduate,Single,2,Attrited Customer,Blue,Less than $40K,46,4,1
718641483,53,F,3,Graduate,Married,1,Existing Customer,Blue,Less than $40K,42,3,1
718642458,40,M,4,High School,Unknown,0,Existing Customer,Blue,$80K - $120K,36,6,1
718645308,35,F,4,College,Married,3,Existing Customer,Blue,Less than $40K,36,3,3
718650258,54,F,3,Graduate,Single,1,Existing Customer,Blue,Unknown,47,2,3
718651083,35,F,2,Graduate,Single,4,Existing Customer,Blue,Unknown,25,4,1
718653333,45,F,2,College,Single,3,Attrited Customer,Blue,Less than $40K,33,1,3
718654533,33,F,1,High School,Single,2,Existing Customer,Silver,Less than $40K,24,5,2
718655808,44,F,3,Uneducated,Married,2,Existing Customer,Silver,Less than $40K,36,3,3
718657083,46,M,3,High School,Married,1,Attrited Customer,Blue,$60K - $80K,36,4,3
718661958,41,M,3,College,Married,3,Existing Customer,Blue,$80K - $120K,28,1,1
718663983,38,F,1,Doctorate,Single,2,Existing Customer,Blue,Less than $40K,36,2,2
718665033,44,M,5,Doctorate,Single,4,Attrited Customer,Silver,$60K - $80K,36,2,3
718665933,43,M,3,Unknown,Divorced,2,Existing Customer,Blue,$120K +,30,3,1
718670808,59,F,0,College,Married,0,Existing Customer,Blue,Less than $40K,51,6,1
718672233,48,F,1,Graduate,Single,2,Existing Customer,Blue,Unknown,38,3,2
718673358,35,M,3,Doctorate,Married,4,Attrited Customer,Blue,$80K - $120K,30,5,3
718675158,55,F,1,Unknown,Married,3,Attrited Customer,Blue,Less than $40K,36,4,1
718676283,43,M,2,Uneducated,Married,3,Existing Customer,Blue,Less than $40K,34,6,2
718677858,39,M,1,College,Unknown,2,Existing Customer,Blue,Less than $40K,27,4,2
718682883,41,M,2,Unknown,Married,1,Attrited Customer,Blue,$80K - $120K,34,3,3
718685358,51,F,2,Uneducated,Unknown,4,Existing Customer,Blue,Less than $40K,44,6,1
718686558,50,M,2,Unknown,Married,1,Existing Customer,Blue,$120K +,43,3,2
718689258,39,F,2,Doctorate,Unknown,3,Existing Customer,Blue,$40K - $60K,29,5,2
718692258,43,M,3,Unknown,Unknown,1,Existing Customer,Blue,$60K - $80K,34,1,3
718693683,65,F,0,High School,Single,3,Existing Customer,Blue,$40K - $60K,53,4,1
718694658,41,M,4,Unknown,Married,3,Existing Customer,Blue,$80K - $120K,32,2,1
718696458,52,F,1,Graduate,Unknown,3,Existing Customer,Blue,Less than $40K,42,4,2
718697583,45,M,3,Graduate,Married,2,Existing Customer,Blue,$60K - $80K,36,6,3
718698558,43,M,3,College,Single,2,Existing Customer,Blue,$80K - $120K,34,2,2
718699683,48,F,3,College,Married,2,Existing Customer,Silver,$80K - $120K,36,6,2
718702908,53,F,2,Unknown,Single,1,Existing Customer,Blue,Less than $40K,36,6,2
718707933,54,M,2,Uneducated,Married,4,Attrited Customer,Blue,$60K - $80K,35,4,3
718708908,58,M,4,Graduate,Married,4,Existing Customer,Blue,$60K - $80K,36,6,2
718711158,52,M,3,Graduate,Married,3,Attrited Customer,Blue,$120K +,36,1,2
718712583,44,M,2,Uneducated,Married,1,Existing Customer,Blue,$80K - $120K,33,3,1
718715583,65,M,2,Unknown,Married,4,Existing Customer,Blue,Less than $40K,56,4,2
718726833,39,M,1,High School,Married,4,Existing Customer,Blue,$80K - $120K,28,4,2
718728108,43,M,4,Uneducated,Married,1,Existing Customer,Silver,$60K - $80K,30,1,3
718730283,38,F,2,Graduate,Married,3,Existing Customer,Blue,Less than $40K,18,5,3
718731183,61,M,1,Unknown,Married,2,Attrited Customer,Blue,$40K - $60K,49,1,2
718732833,56,F,1,College,Single,2,Attrited Customer,Blue,Less than $40K,48,4,2
718734408,57,F,2,Unknown,Single,3,Existing Customer,Blue,$40K - $60K,45,3,4
718735908,47,M,4,Graduate,Single,3,Attrited Customer,Blue,$120K +,35,3,4
718736883,49,F,3,Uneducated,Single,4,Existing Customer,Blue,Less than $40K,36,4,1
718737708,45,M,4,Graduate,Single,3,Existing Customer,Blue,$80K - $120K,33,3,5
718739508,51,F,5,Unknown,Married,4,Existing Customer,Blue,Less than $40K,39,6,2
718742808,55,F,1,High School,Married,3,Attrited Customer,Blue,$40K - $60K,46,2,4
718744008,59,F,1,Graduate,Single,3,Existing Customer,Blue,Less than $40K,36,3,2
718746933,56,F,3,High School,Married,4,Existing Customer,Blue,Less than $40K,47,6,3
718748133,34,F,3,Graduate,Single,0,Existing Customer,Blue,Unknown,23,5,1
718751133,36,F,2,Unknown,Married,4,Existing Customer,Blue,Less than $40K,26,4,1
718755483,44,M,2,High School,Married,1,Existing Customer,Blue,$60K - $80K,36,3,2
718756533,47,M,2,Uneducated,Married,1,Existing Customer,Blue,$80K - $120K,41,1,2
718757808,56,F,1,Uneducated,Unknown,3,Existing Customer,Blue,$40K - $60K,46,4,3
718758783,44,F,4,Unknown,Single,3,Existing Customer,Silver,Less than $40K,36,2,3
718759833,44,F,2,Uneducated,Married,2,Existing Customer,Silver,Unknown,35,4,3
718762308,35,F,1,Graduate,Single,3,Existing Customer,Blue,Unknown,36,6,2
718764708,45,F,3,Graduate,Unknown,3,Existing Customer,Blue,$120K +,36,1,4
718766058,56,M,2,Graduate,Single,2,Attrited Customer,Blue,$80K - $120K,36,1,2
718767183,45,F,4,Post-Graduate,Unknown,1,Existing Customer,Blue,Less than $40K,36,6,3
718768158,57,M,1,College,Single,2,Existing Customer,Blue,$40K - $60K,48,3,1
718772133,56,M,3,Graduate,Married,3,Existing Customer,Blue,$80K - $120K,47,6,3
718773333,51,F,4,Unknown,Single,2,Existing Customer,Blue,Less than $40K,40,3,2
718774533,48,M,1,College,Married,1,Existing Customer,Blue,$60K - $80K,44,2,3
718775808,42,M,3,Unknown,Married,4,Existing Customer,Blue,Unknown,31,3,1
718777008,59,F,0,High School,Married,2,Existing Customer,Blue,$80K - $120K,47,5,1
718784358,34,M,4,Uneducated,Married,2,Existing Customer,Blue,$120K +,36,6,3
718785483,38,M,1,Doctorate,Single,3,Existing Customer,Silver,$80K - $120K,29,6,3
718788258,52,M,5,Unknown,Married,4,Existing Customer,Blue,$80K - $120K,40,3,3
718791708,48,M,2,High School,Married,4,Attrited Customer,Blue,$80K - $120K,32,1,2
718792758,35,F,4,Uneducated,Married,2,Existing Customer,Blue,Unknown,25,2,3
718795083,44,M,2,Graduate,Married,3,Existing Customer,Blue,Unknown,26,2,1
718797558,39,F,1,Graduate,Unknown,3,Existing Customer,Blue,Unknown,30,3,2
718799958,60,F,1,Graduate,Married,3,Existing Customer,Blue,Unknown,52,2,3
718801158,49,M,3,Graduate,Single,2,Existing Customer,Gold,$40K - $60K,36,2,2
718802283,44,F,3,Post-Graduate,Divorced,1,Existing Customer,Blue,Less than $40K,31,3,2
718803333,43,F,4,Graduate,Divorced,1,Existing Customer,Blue,Less than $40K,34,2,3
718805733,39,M,2,Graduate,Single,1,Existing Customer,Blue,$40K - $60K,28,3,1
718806783,46,F,3,Uneducated,Married,1,Attrited Customer,Blue,Unknown,36,2,3
718808883,55,F,2,Graduate,Single,1,Existing Customer,Silver,Less than $40K,47,3,3
718811058,40,M,3,Unknown,Married,2,Existing Customer,Blue,$80K - $120K,36,6,2
718812708,57,M,2,Graduate,Single,4,Attrited Customer,Blue,$120K +,44,5,3
718813833,44,F,3,Uneducated,Single,2,Existing Customer,Blue,Unknown,34,5,2
718815108,50,F,2,Unknown,Married,1,Existing Customer,Blue,$80K - $120K,38,3,3
718816158,44,F,3,High School,Single,3,Existing Customer,Blue,Less than $40K,33,3,3
718819158,54,F,3,Uneducated,Single,3,Existing Customer,Blue,$40K - $60K,41,3,1
718821783,53,M,1,Unknown,Unknown,3,Existing Customer,Blue,$40K - $60K,48,4,1
718824783,50,M,2,Unknown,Unknown,3,Existing Customer,Blue,$60K - $80K,41,6,1
718825908,60,F,1,Doctorate,Single,1,Existing Customer,Blue,Unknown,47,1,1
718826883,50,F,3,Uneducated,Single,2,Attrited Customer,Blue,$80K - $120K,36,6,3
718828083,52,M,1,Graduate,Single,3,Existing Customer,Blue,$40K - $60K,43,4,3
718829358,40,F,3,Uneducated,Divorced,2,Existing Customer,Blue,$40K - $60K,32,3,1
718830183,46,M,1,High School,Single,4,Existing Customer,Blue,$60K - $80K,38,5,2
718834233,38,F,2,College,Married,2,Existing Customer,Blue,Less than $40K,21,4,1
718835583,50,F,1,Graduate,Married,2,Existing Customer,Blue,Unknown,41,6,2
718837683,55,M,2,High School,Single,4,Existing Customer,Blue,$120K +,49,6,3
718838808,36,F,1,Post-Graduate,Married,3,Existing Customer,Blue,Less than $40K,23,6,3
718840833,49,M,3,High School,Single,4,Attrited Customer,Blue,$40K - $60K,36,1,3
718843608,36,F,2,Post-Graduate,Married,4,Existing Customer,Blue,Less than $40K,25,5,2
718846008,58,F,0,Unknown,Married,1,Existing Customer,Blue,Unknown,36,6,3
718848183,50,M,2,Post-Graduate,Married,1,Existing Customer,Blue,$80K - $120K,42,6,1
718851783,49,M,1,High School,Married,2,Existing Customer,Silver,$80K - $120K,37,4,3
718853358,42,F,3,Graduate,Single,2,Existing Customer,Blue,Less than $40K,36,5,1
718855983,49,F,4,High School,Single,4,Existing Customer,Blue,Unknown,36,3,3
718858683,42,F,1,Graduate,Married,2,Existing Customer,Blue,Less than $40K,36,2,3
718861458,49,M,5,Unknown,Single,2,Existing Customer,Blue,$60K - $80K,36,6,1
718863258,54,F,2,Doctorate,Married,3,Attrited Customer,Blue,Less than $40K,41,2,2
718866633,46,M,2,College,Married,2,Existing Customer,Blue,$80K - $120K,36,5,4
718867683,64,M,1,Unknown,Married,4,Existing Customer,Blue,Less than $40K,55,4,3
718870158,47,M,4,High School,Married,3,Existing Customer,Blue,$60K - $80K,34,5,2
718871358,45,F,2,Graduate,Married,1,Existing Customer,Blue,Unknown,36,4,1
718872858,43,F,2,High School,Married,3,Existing Customer,Blue,Less than $40K,36,5,1
718875483,50,M,1,College,Married,4,Existing Customer,Blue,$60K - $80K,40,4,2
718876683,43,F,4,Graduate,Single,0,Existing Customer,Blue,Less than $40K,31,5,2
718877883,44,F,3,Unknown,Single,1,Attrited Customer,Blue,Less than $40K,36,3,1
718882008,38,M,1,High School,Single,2,Existing Customer,Blue,$120K +,27,6,2
718888308,53,M,3,Graduate,Single,2,Existing Customer,Blue,$80K - $120K,36,4,3
718889508,46,M,2,College,Divorced,1,Existing Customer,Blue,$60K - $80K,37,1,3
718890933,45,M,4,Doctorate,Married,2,Attrited Customer,Blue,Less than $40K,27,3,2
718892283,43,M,2,Graduate,Married,1,Existing Customer,Blue,$40K - $60K,34,3,2
718893333,52,M,3,Graduate,Married,2,Existing Customer,Blue,$60K - $80K,36,3,3
718894233,53,F,2,Graduate,Married,4,Existing Customer,Blue,$40K - $60K,36,6,2
718896108,48,F,3,High School,Unknown,1,Existing Customer,Blue,Less than $40K,36,2,1
718899708,55,F,1,College,Married,2,Existing Customer,Blue,Unknown,36,6,3
718909158,38,M,1,College,Married,3,Existing Customer,Blue,Less than $40K,25,6,3
718913358,36,M,2,Graduate,Unknown,3,Attrited Customer,Blue,Less than $40K,36,3,3
718917408,46,F,3,Graduate,Married,3,Existing Customer,Blue,$40K - $60K,38,4,3
718919433,52,M,4,Graduate,Single,3,Existing Customer,Blue,Less than $40K,36,2,3
718920708,35,M,3,Graduate,Married,3,Existing Customer,Blue,$60K - $80K,25,5,3
718921683,49,M,4,Unknown,Married,3,Existing Customer,Blue,$80K - $120K,38,6,6
718923858,42,M,1,College,Married,2,Existing Customer,Silver,$60K - $80K,29,5,2
718924983,59,M,0,Uneducated,Single,3,Existing Customer,Blue,$60K - $80K,48,5,1
718926258,37,F,1,High School,Single,2,Existing Customer,Blue,Unknown,28,4,3
718927533,45,M,3,Graduate,Single,2,Existing Customer,Blue,$80K - $120K,32,5,2
718929708,60,F,0,Graduate,Married,2,Existing Customer,Blue,Less than $40K,50,4,2
718932633,45,F,3,College,Married,2,Existing Customer,Blue,Less than $40K,35,3,2
718934058,36,M,2,Doctorate,Single,2,Existing Customer,Blue,$40K - $60K,26,4,3
718939083,54,F,2,Graduate,Married,3,Attrited Customer,Blue,Less than $40K,45,3,1
718940208,55,F,0,Graduate,Single,3,Existing Customer,Blue,Unknown,44,6,1
718941183,48,M,1,College,Married,2,Existing Customer,Blue,Less than $40K,38,5,2
718943508,42,M,3,Unknown,Single,2,Existing Customer,Blue,$80K - $120K,33,3,3
718946358,44,M,3,Uneducated,Single,2,Existing Customer,Blue,$40K - $60K,30,3,3
718947558,32,F,0,High School,Single,1,Existing Customer,Blue,Unknown,21,2,3
718949433,42,M,3,College,Single,2,Existing Customer,Silver,Unknown,31,3,2
718950483,58,M,1,Unknown,Married,2,Existing Customer,Blue,$40K - $60K,48,3,3
718951683,48,F,2,Graduate,Married,1,Existing Customer,Blue,Less than $40K,35,2,3
718957083,48,F,1,Graduate,Single,2,Existing Customer,Blue,Less than $40K,35,5,2
718958583,44,M,4,Post-Graduate,Single,2,Existing Customer,Blue,$80K - $120K,36,5,3
718961208,43,F,3,College,Single,3,Attrited Customer,Blue,Less than $40K,32,5,3
718963158,49,F,1,Unknown,Single,1,Attrited Customer,Blue,$120K +,40,5,3
718967433,34,F,2,High School,Divorced,3,Attrited Customer,Blue,Less than $40K,36,3,6
718970058,38,M,3,Unknown,Married,4,Attrited Customer,Blue,$120K +,33,5,3
718971333,33,M,1,Graduate,Single,2,Existing Customer,Blue,$80K - $120K,20,5,3
718972758,50,F,2,Graduate,Married,3,Existing Customer,Blue,Less than $40K,40,5,3
718975083,47,M,4,Graduate,Single,3,Attrited Customer,Blue,Less than $40K,40,6,4
718976283,51,F,2,Unknown,Single,2,Existing Customer,Blue,Less than $40K,36,3,2
718977483,56,M,4,Graduate,Single,1,Existing Customer,Blue,$80K - $120K,46,2,3
718979733,52,M,5,Unknown,Single,2,Existing Customer,Blue,$60K - $80K,36,2,3
718980633,38,M,2,College,Married,3,Existing Customer,Blue,$80K - $120K,36,3,3
718982058,37,M,3,Graduate,Unknown,0,Existing Customer,Blue,$40K - $60K,36,5,2
718983333,53,M,2,Uneducated,Married,3,Existing Customer,Blue,$80K - $120K,43,6,1
718984533,37,M,3,Graduate,Single,4,Existing Customer,Blue,$80K - $120K,29,6,2
718993533,44,F,2,Graduate,Unknown,0,Existing Customer,Blue,$80K - $120K,37,2,3
718994583,48,F,2,College,Married,1,Existing Customer,Blue,Less than $40K,35,3,3
718996758,37,F,2,Graduate,Married,2,Existing Customer,Blue,Less than $40K,30,5,2
719006508,34,M,2,Graduate,Married,3,Existing Customer,Blue,$60K - $80K,36,5,1
719013108,42,M,3,Graduate,Divorced,4,Existing Customer,Blue,$40K - $60K,33,4,2
719018208,52,F,0,Doctorate,Married,3,Attrited Customer,Blue,Unknown,46,6,4
719019483,46,F,2,College,Unknown,1,Existing Customer,Silver,Less than $40K,36,2,3
719020983,58,M,1,Graduate,Married,1,Existing Customer,Blue,$80K - $120K,42,4,3
719022558,49,M,4,Uneducated,Married,3,Existing Customer,Blue,Less than $40K,38,1,3
719025333,48,M,2,Post-Graduate,Married,0,Existing Customer,Blue,$40K - $60K,42,3,2
719026383,35,F,2,Uneducated,Married,3,Existing Customer,Blue,Less than $40K,36,3,1
719028783,42,F,1,Graduate,Married,3,Existing Customer,Blue,Less than $40K,29,2,3
719034183,46,F,3,Graduate,Single,3,Existing Customer,Blue,Less than $40K,38,5,1
719035758,53,F,3,Uneducated,Divorced,2,Existing Customer,Blue,Less than $40K,43,5,1
719036883,48,F,1,Uneducated,Divorced,2,Existing Customer,Blue,Less than $40K,38,3,3
719038008,48,F,4,Graduate,Single,2,Existing Customer,Blue,Less than $40K,35,3,2
719039283,32,F,1,Uneducated,Married,3,Existing Customer,Blue,$40K - $60K,36,2,2
719042208,43,M,4,Doctorate,Unknown,4,Existing Customer,Blue,$60K - $80K,33,4,3
719046558,39,M,2,Graduate,Unknown,3,Attrited Customer,Blue,$60K - $80K,36,6,3
719048133,52,F,2,Uneducated,Married,0,Existing Customer,Blue,Less than $40K,42,6,3
719049033,53,M,3,High School,Married,4,Existing Customer,Blue,$120K +,44,5,6
719050458,62,F,0,Unknown,Single,3,Existing Customer,Blue,Less than $40K,56,6,3
719051733,63,M,0,College,Married,1,Existing Customer,Blue,$60K - $80K,51,4,2
719054733,52,F,0,Post-Graduate,Single,2,Existing Customer,Blue,Less than $40K,40,4,3
719056833,55,F,1,Unknown,Married,4,Existing Customer,Blue,Less than $40K,46,5,1
719059083,45,F,3,High School,Unknown,1,Existing Customer,Blue,Less than $40K,33,5,1
719061933,44,M,4,Graduate,Married,2,Existing Customer,Blue,Unknown,34,6,4
719068683,52,F,1,High School,Married,2,Existing Customer,Blue,$40K - $60K,36,5,1
719070108,44,M,2,Graduate,Married,3,Existing Customer,Silver,$80K - $120K,35,4,1
719071158,54,F,0,Graduate,Single,2,Attrited Customer,Platinum,Unknown,38,2,2
719073483,45,F,3,Uneducated,Married,3,Attrited Customer,Blue,$80K - $120K,38,3,3
719074308,37,F,3,College,Married,0,Existing Customer,Blue,Less than $40K,27,4,2
719075883,38,F,3,High School,Married,3,Existing Customer,Blue,$40K - $60K,27,2,3
719076858,34,M,4,College,Single,2,Existing Customer,Blue,$60K - $80K,20,5,1
719078283,57,F,4,High School,Married,4,Existing Customer,Blue,Less than $40K,47,5,3
719084358,55,F,1,Graduate,Married,3,Attrited Customer,Blue,Less than $40K,46,6,4
719085933,35,M,3,Graduate,Single,2,Existing Customer,Blue,$80K - $120K,24,4,1
719089383,48,M,2,High School,Married,1,Existing Customer,Blue,$40K - $60K,29,3,2
719091333,NULL,M,0,Uneducated,Married,2,Existing Customer,Blue,$60K - $80K,36,3,3
719094333,46,M,4,Uneducated,Married,1,Attrited Customer,Blue,$80K - $120K,33,1,2
719095533,47,M,4,Uneducated,Married,3,Existing Customer,Blue,$40K - $60K,39,3,3
719098308,56,M,2,High School,Single,2,Attrited Customer,Blue,Less than $40K,42,5,4
719099583,42,M,3,Graduate,Married,3,Attrited Customer,Blue,$40K - $60K,34,3,2
719100633,40,M,2,High School,Single,2,Existing Customer,Silver,$120K +,36,3,4
719101908,51,F,1,Graduate,Married,3,Existing Customer,Blue,Unknown,39,4,3
719105433,48,F,3,College,Single,3,Existing Customer,Blue,Unknown,38,3,3
719106783,52,M,1,High School,Married,4,Existing Customer,Blue,$80K - $120K,41,4,1
719108358,39,M,2,Post-Graduate,Married,1,Existing Customer,Blue,$80K - $120K,31,5,2
719109783,42,M,3,Uneducated,Married,2,Existing Customer,Blue,$40K - $60K,32,3,3
719112258,42,M,4,College,Unknown,3,Existing Customer,Blue,$60K - $80K,35,3,3
719117433,41,M,4,High School,Unknown,0,Existing Customer,Blue,$80K - $120K,36,4,3
719118708,49,F,3,Unknown,Single,2,Existing Customer,Blue,Less than $40K,37,2,2
719121708,41,M,2,Graduate,Married,3,Existing Customer,Silver,$60K - $80K,31,2,3
719123958,40,M,4,Unknown,Divorced,3,Attrited Customer,Blue,$60K - $80K,27,2,2
719125158,35,F,2,High School,Single,2,Existing Customer,Silver,Less than $40K,15,5,2
719127558,43,M,2,High School,Divorced,4,Existing Customer,Blue,$80K - $120K,31,6,2
719130558,55,F,2,Uneducated,Married,3,Existing Customer,Blue,Less than $40K,44,5,2
719131533,29,F,0,Post-Graduate,Divorced,4,Existing Customer,Blue,Less than $40K,17,3,2
719136183,48,F,3,Uneducated,Married,3,Existing Customer,Blue,Less than $40K,38,6,1
719139558,26,M,0,Uneducated,Single,4,Existing Customer,Blue,Less than $40K,36,4,3
719143308,37,M,2,Unknown,Single,3,Existing Customer,Blue,$40K - $60K,28,4,4
719146008,48,M,3,Graduate,Married,3,Attrited Customer,Blue,$80K - $120K,39,4,4
719147208,29,F,2,Unknown,Single,2,Existing Customer,Blue,Less than $40K,21,4,3
719148633,53,F,2,Graduate,Married,4,Existing Customer,Blue,Less than $40K,46,6,2
719150658,51,F,2,Graduate,Married,2,Attrited Customer,Blue,Unknown,34,2,3
719152383,35,F,4,Uneducated,Married,4,Attrited Customer,Blue,Less than $40K,26,5,1
719153433,49,F,4,Uneducated,Married,1,Existing Customer,Blue,Unknown,38,4,2
719154483,53,M,2,High School,Divorced,2,Existing Customer,Blue,$60K - $80K,36,5,3
719157933,51,M,2,Uneducated,Married,1,Existing Customer,Blue,$120K +,40,1,3
719161683,64,M,0,Unknown,Unknown,4,Existing Customer,Blue,Unknown,55,4,1
719163108,44,M,3,Graduate,Married,3,Existing Customer,Blue,$120K +,31,2,2
719165508,48,F,3,Graduate,Married,4,Existing Customer,Silver,$40K - $60K,40,5,3
719168883,45,F,5,Unknown,Single,1,Attrited Customer,Blue,Less than $40K,34,1,4
719169783,52,F,2,Uneducated,Married,3,Existing Customer,Blue,Less than $40K,43,3,3
719170683,38,F,1,Unknown,Married,3,Existing Customer,Blue,$80K - $120K,29,2,2
719174433,36,F,1,Unknown,Single,2,Attrited Customer,Blue,Less than $40K,24,2,1
719176308,43,M,3,College,Divorced,2,Attrited Customer,Blue,$80K - $120K,32,6,3
719178183,50,M,2,Graduate,Married,3,Existing Customer,Silver,$80K - $120K,42,2,3
719180958,48,F,2,Uneducated,Divorced,2,Existing Customer,Silver,$40K - $60K,39,2,2
719182308,38,F,2,High School,Married,3,Existing Customer,Blue,Less than $40K,27,6,1
719184783,51,F,1,Graduate,Married,2,Existing Customer,Blue,Unknown,41,3,2
719186433,53,F,1,College,Unknown,2,Existing Customer,Blue,Unknown,44,3,2
719192808,51,M,4,Graduate,Single,1,Existing Customer,Blue,$120K +,36,2,1
719195733,47,M,3,College,Married,3,Existing Customer,Blue,$60K - $80K,36,5,1
719196858,50,M,2,Graduate,Married,4,Existing Customer,Blue,$60K - $80K,39,4,1
719202708,54,F,3,High School,Married,1,Existing Customer,Blue,Less than $40K,36,2,2
719206308,32,M,1,High School,Married,2,Existing Customer,Blue,$60K - $80K,24,4,2
719207733,61,F,0,High School,Married,0,Existing Customer,Blue,Less than $40K,53,5,2
719210133,47,M,3,Uneducated,Unknown,1,Existing Customer,Blue,$60K - $80K,35,2,3
719211558,45,M,2,Graduate,Single,2,Attrited Customer,Blue,$60K - $80K,36,1,1
719213133,53,M,1,Graduate,Unknown,2,Existing Customer,Blue,$60K - $80K,41,4,1
719216508,55,F,1,Unknown,Married,1,Existing Customer,Blue,Less than $40K,36,5,2
719217483,45,M,4,Doctorate,Married,2,Existing Customer,Blue,Less than $40K,36,5,1
719219883,47,M,2,Uneducated,Married,2,Existing Customer,Blue,$60K - $80K,36,4,1
719222133,41,M,3,Graduate,Single,2,Existing Customer,Blue,$40K - $60K,36,2,3
719226333,44,M,4,Unknown,Married,2,Existing Customer,Blue,$60K - $80K,24,5,3
719227233,27,F,1,Unknown,Single,3,Existing Customer,Blue,Less than $40K,36,3,3
719229708,41,F,1,High School,Single,2,Existing Customer,Blue,$40K - $60K,31,6,3
719231583,61,M,1,Graduate,Unknown,2,Existing Customer,Blue,$60K - $80K,49,6,2
719233833,35,F,3,High School,Married,4,Existing Customer,Blue,Less than $40K,23,3,3
719234883,57,M,3,Graduate,Single,3,Existing Customer,Blue,$120K +,49,5,3
719237058,39,M,2,Doctorate,Single,1,Existing Customer,Blue,$60K - $80K,36,2,2
719238183,55,F,3,Graduate,Married,3,Existing Customer,Blue,Less than $40K,35,3,2
719239158,48,M,3,High School,Married,2,Existing Customer,Blue,$60K - $80K,39,4,3
719240358,60,M,1,Unknown,Single,0,Existing Customer,Blue,$60K - $80K,50,4,3
719242533,41,M,5,High School,Married,3,Existing Customer,Blue,$60K - $80K,33,5,3
719243808,33,F,1,Graduate,Married,4,Existing Customer,Blue,Less than $40K,20,3,2
719245083,53,M,1,Uneducated,Single,4,Existing Customer,Blue,Less than $40K,39,4,3
719245983,46,F,4,Post-Graduate,Married,2,Existing Customer,Blue,Unknown,38,6,3
719248158,52,M,2,High School,Divorced,2,Existing Customer,Blue,$60K - $80K,42,1,3
719249733,54,M,1,Unknown,Single,2,Existing Customer,Blue,$80K - $120K,36,6,2
719250783,41,F,1,High School,Single,1,Existing Customer,Blue,Less than $40K,31,4,2
719252583,29,F,1,High School,Single,1,Existing Customer,Blue,Less than $40K,20,4,2
719256483,41,F,4,High School,Unknown,3,Existing Customer,Blue,$40K - $60K,30,5,3
719258433,49,M,5,Graduate,Single,3,Existing Customer,Blue,$60K - $80K,42,2,1
719260608,38,M,3,Uneducated,Married,2,Existing Customer,Silver,$60K - $80K,31,5,3
719264058,51,F,0,Graduate,Married,3,Existing Customer,Blue,Unknown,36,5,2
719265108,42,F,3,High School,Married,2,Existing Customer,Blue,Less than $40K,33,6,3
719266158,42,M,2,Graduate,Divorced,1,Existing Customer,Blue,$80K - $120K,35,5,3
719267283,35,F,2,Doctorate,Married,0,Existing Customer,Blue,$40K - $60K,27,6,1
719268333,49,F,3,Uneducated,Married,4,Attrited Customer,Blue,Less than $40K,36,5,3
719269308,49,F,2,Graduate,Unknown,3,Existing Customer,Blue,Less than $40K,36,3,1
719270358,57,F,2,Doctorate,Divorced,2,Existing Customer,Blue,$40K - $60K,48,2,2
719272458,53,F,5,Graduate,Single,3,Existing Customer,Blue,$40K - $60K,41,2,1
719273733,37,M,2,Uneducated,Married,5,Attrited Customer,Blue,$60K - $80K,36,5,3
719277033,44,M,3,High School,Married,1,Existing Customer,Blue,$40K - $60K,34,5,3
719279208,35,F,1,Unknown,Married,2,Existing Customer,Blue,Less than $40K,36,3,1
719281533,37,F,3,College,Unknown,3,Existing Customer,Blue,Less than $40K,27,2,1
719282433,60,F,0,Graduate,Single,4,Existing Customer,Blue,Unknown,48,3,3
719283633,57,F,3,Uneducated,Married,3,Existing Customer,Blue,$40K - $60K,49,4,2
719286708,50,F,1,Graduate,Single,2,Existing Customer,Blue,Less than $40K,39,4,5
719291283,36,F,4,High School,Single,2,Existing Customer,Blue,Less than $40K,28,5,1
719293533,30,M,1,College,Married,3,Existing Customer,Blue,Unknown,13,3,3
719294433,63,F,1,Uneducated,Single,1,Existing Customer,Blue,Unknown,55,4,3
719296383,38,M,2,High School,Single,3,Existing Customer,Gold,$60K - $80K,18,1,2
719299533,55,M,1,Unknown,Unknown,2,Attrited Customer,Blue,Less than $40K,36,2,3
719301258,61,M,0,Post-Graduate,Single,2,Existing Customer,Silver,$40K - $60K,42,4,3
719305608,57,F,3,High School,Single,3,Attrited Customer,Blue,Less than $40K,36,4,3
719309133,56,F,1,Graduate,Married,4,Existing Customer,Blue,Less than $40K,51,3,3
719309958,55,M,3,Doctorate,Single,3,Attrited Customer,Blue,$80K - $120K,35,4,1
719313633,53,F,0,High School,Married,3,Existing Customer,Blue,$40K - $60K,36,6,2
719314683,50,F,2,Unknown,Divorced,4,Existing Customer,Blue,Less than $40K,36,3,2
719315508,62,F,0,Unknown,Married,2,Attrited Customer,Blue,$40K - $60K,36,4,2
719318583,37,M,3,High School,Married,4,Attrited Customer,Blue,Less than $40K,26,3,3
719320833,39,M,2,Post-Graduate,Married,2,Existing Customer,Blue,$60K - $80K,36,6,3
719323683,47,F,3,Uneducated,Single,2,Existing Customer,Blue,$40K - $60K,35,6,5
719324658,27,M,0,College,Unknown,3,Existing Customer,Silver,$80K - $120K,19,1,1
719325783,65,M,2,Unknown,Single,3,Attrited Customer,Blue,Less than $40K,36,4,2
719326758,52,F,0,Doctorate,Married,2,Attrited Customer,Blue,Less than $40K,36,4,3
719327808,52,F,2,Uneducated,Married,2,Existing Customer,Blue,Unknown,36,5,1
719328858,56,M,4,High School,Married,6,Attrited Customer,Blue,$60K - $80K,43,6,2
719329983,42,F,3,Unknown,Married,2,Attrited Customer,Blue,Unknown,36,6,1
719334408,42,F,3,Post-Graduate,Married,1,Existing Customer,Blue,Less than $40K,36,6,3
719335233,47,F,3,Uneducated,Unknown,4,Attrited Customer,Silver,Less than $40K,27,5,3
719336583,55,M,2,Uneducated,Married,3,Existing Customer,Blue,$120K +,44,3,3
719337408,63,M,0,High School,Married,3,Existing Customer,Blue,$60K - $80K,36,6,2
719338383,34,M,2,High School,Married,3,Existing Customer,Blue,$120K +,21,3,3
719341683,42,F,2,Unknown,Married,4,Existing Customer,Blue,$120K +,31,3,2
719342808,48,M,3,Graduate,Single,3,Existing Customer,Blue,$80K - $120K,30,4,2
719343633,48,M,3,High School,Unknown,3,Existing Customer,Blue,Less than $40K,38,4,3
719344608,46,M,3,Graduate,Single,3,Attrited Customer,Blue,Less than $40K,27,6,3
719346708,41,F,1,Unknown,Divorced,4,Existing Customer,Blue,Less than $40K,30,5,2
719350908,43,M,4,Unknown,Married,2,Existing Customer,Blue,Less than $40K,35,3,3
719353158,56,M,1,College,Married,3,Existing Customer,Blue,$80K - $120K,45,5,1
719354433,48,M,1,College,Single,3,Existing Customer,Silver,$80K - $120K,36,6,3
719356008,39,F,3,Graduate,Single,4,Existing Customer,Blue,Less than $40K,36,4,3
719357058,62,F,2,Doctorate,Married,2,Existing Customer,Blue,$40K - $60K,56,5,3
719358333,36,M,4,Uneducated,Married,4,Existing Customer,Blue,$40K - $60K,28,3,1
719359458,49,F,2,Uneducated,Single,2,Existing Customer,Blue,Less than $40K,42,6,3
719360583,53,M,1,Graduate,Married,2,Existing Customer,Blue,$60K - $80K,45,6,2
719362458,47,F,3,High School,Married,3,Existing Customer,Blue,Less than $40K,36,5,3
719363283,59,F,0,Doctorate,Single,2,Existing Customer,Blue,Less than $40K,36,3,1
719365233,34,M,4,Unknown,Single,2,Attrited Customer,Blue,Less than $40K,23,1,3
719366358,51,M,3,High School,Married,2,Existing Customer,Blue,$120K +,40,6,3
719368533,41,F,2,Doctorate,Married,3,Existing Customer,Silver,Unknown,28,1,3
719372583,57,M,3,Graduate,Single,1,Existing Customer,Blue,$120K +,36,2,2
719373558,42,F,3,Unknown,Single,1,Existing Customer,Blue,Less than $40K,36,6,1
719377383,40,M,2,College,Single,3,Existing Customer,Blue,$60K - $80K,28,1,2
719378658,57,M,3,Graduate,Divorced,4,Existing Customer,Silver,$80K - $120K,36,6,3
719379858,39,M,1,Graduate,Married,3,Attrited Customer,Blue,$80K - $120K,36,2,2
719381733,61,M,2,High School,Married,3,Existing Customer,Blue,$60K - $80K,47,5,2
719384433,44,F,3,High School,Divorced,3,Attrited Customer,Blue,Less than $40K,28,5,2
719385558,62,F,0,College,Married,2,Existing Customer,Blue,$40K - $60K,49,6,1
719391783,46,M,4,Uneducated,Married,2,Existing Customer,Blue,$40K - $60K,35,3,2
719392833,45,F,3,Graduate,Married,2,Existing Customer,Blue,Less than $40K,38,3,3
719398158,51,M,2,Unknown,Unknown,3,Existing Customer,Blue,$80K - $120K,39,6,1
719400108,53,M,3,Unknown,Single,4,Existing Customer,Blue,$80K - $120K,43,4,3
719401158,62,M,0,Post-Graduate,Single,3,Existing Customer,Blue,$40K - $60K,53,1,2
719407983,37,F,0,Post-Graduate,Married,2,Existing Customer,Blue,Less than $40K,25,4,3
719410083,49,F,2,Unknown,Single,0,Existing Customer,Blue,Less than $40K,36,4,3
719412258,39,F,3,Graduate,Single,4,Existing Customer,Blue,Less than $40K,30,5,3
719413383,32,M,1,Uneducated,Single,1,Existing Customer,Silver,$60K - $80K,36,2,3
719414658,52,F,0,Graduate,Single,1,Existing Customer,Blue,Unknown,36,3,4
719415858,29,M,0,College,Divorced,2,Existing Customer,Blue,Unknown,15,6,3
719418933,53,M,2,Uneducated,Married,3,Attrited Customer,Blue,$80K - $120K,36,1,3
719420058,44,M,4,Unknown,Single,1,Existing Customer,Blue,$80K - $120K,26,1,2
719420883,56,F,4,Graduate,Unknown,3,Attrited Customer,Blue,Less than $40K,44,5,3
719427333,55,M,3,College,Married,4,Existing Customer,Blue,$60K - $80K,36,5,4
719428308,50,M,2,High School,Unknown,2,Existing Customer,Blue,$60K - $80K,41,6,2
719430483,51,M,3,College,Married,2,Existing Customer,Blue,$120K +,40,3,3
719431608,63,F,0,College,Married,4,Attrited Customer,Blue,$40K - $60K,53,6,1
719437908,44,M,3,Post-Graduate,Married,2,Existing Customer,Blue,$80K - $120K,36,6,2
719439108,42,M,1,Graduate,Married,2,Existing Customer,Silver,$40K - $60K,34,3,3
719443683,50,M,1,Unknown,Single,3,Attrited Customer,Blue,$120K +,39,3,2
719445633,60,F,0,Uneducated,Married,3,Existing Customer,Blue,Less than $40K,36,4,2
719446833,58,M,1,High School,Married,3,Existing Customer,Blue,Less than $40K,46,4,1
719449533,49,F,3,Uneducated,Unknown,3,Attrited Customer,Blue,$40K - $60K,38,1,2
719450508,53,M,2,High School,Married,3,Existing Customer,Blue,$120K +,41,4,3
719451483,46,M,4,Post-Graduate,Married,2,Existing Customer,Blue,Less than $40K,37,5,3
719452308,30,F,0,Graduate,Married,3,Existing Customer,Blue,Less than $40K,23,5,2
719453283,45,F,2,Uneducated,Married,3,Existing Customer,Blue,Less than $40K,36,3,4
719455083,48,M,3,Uneducated,Single,4,Existing Customer,Blue,Less than $40K,39,4,3
719455908,48,M,3,Graduate,Married,3,Existing Customer,Blue,$80K - $120K,38,3,3
719459358,52,M,1,Doctorate,Unknown,2,Existing Customer,Blue,$120K +,41,4,2
719461008,51,M,2,High School,Married,2,Existing Customer,Blue,$60K - $80K,38,5,3
719462433,42,F,5,Graduate,Single,2,Existing Customer,Blue,Less than $40K,36,4,2
719463708,47,M,1,Uneducated,Single,3,Existing Customer,Blue,$40K - $60K,34,5,1
719464758,52,M,1,College,Single,3,Existing Customer,Blue,Less than $40K,43,5,2
719465733,52,F,2,High School,Married,3,Existing Customer,Blue,Less than $40K,44,6,3
719466558,60,F,0,High School,Single,2,Existing Customer,Blue,Unknown,36,3,2
719469333,33,F,1,High School,Single,4,Existing Customer,Blue,Less than $40K,25,6,3
719470458,46,M,3,College,Single,3,Attrited Customer,Blue,$80K - $120K,39,1,4
719471433,31,F,0,Graduate,Married,2,Existing Customer,Blue,Less than $40K,22,3,3
719473458,46,M,3,High School,Single,1,Existing Customer,Blue,$40K - $60K,42,3,2
719474583,50,M,1,Graduate,Married,3,Existing Customer,Blue,$80K - $120K,30,6,2
719475633,42,M,3,Post-Graduate,Married,3,Existing Customer,Blue,$80K - $120K,30,6,2
719482008,45,M,1,Uneducated,Married,2,Existing Customer,Blue,$60K - $80K,35,5,3
719483358,33,M,1,College,Married,2,Existing Customer,Blue,$40K - $60K,14,3,2
719484408,39,M,3,Uneducated,Married,4,Existing Customer,Blue,$60K - $80K,36,6,2
719488008,39,M,1,Graduate,Married,1,Existing Customer,Blue,Less than $40K,36,3,3
719490108,54,F,3,Graduate,Single,1,Existing Customer,Blue,Less than $40K,36,1,3
719491233,55,M,1,College,Single,3,Existing Customer,Blue,$120K +,42,6,2
719493858,52,F,2,Graduate,Unknown,2,Existing Customer,Blue,Less than $40K,43,5,2
719494983,26,M,0,Graduate,Single,3,Existing Customer,Blue,Less than $40K,15,6,3
719495958,42,F,1,Unknown,Unknown,4,Attrited Customer,Blue,Less than $40K,36,3,3
719502183,52,F,2,Graduate,Married,3,Attrited Customer,Blue,Less than $40K,36,3,1
719504433,63,M,0,Unknown,Single,3,Existing Customer,Silver,$40K - $60K,54,4,3
719505483,51,F,0,Uneducated,Unknown,2,Attrited Customer,Blue,Unknown,36,6,3
719506983,52,M,3,Graduate,Married,4,Existing Customer,Blue,$80K - $120K,42,5,2
719511783,48,F,1,Unknown,Married,2,Existing Customer,Blue,Unknown,41,3,2
719512983,47,F,4,Graduate,Married,6,Existing Customer,Blue,Less than $40K,39,3,3
719513733,48,M,3,Doctorate,Married,4,Existing Customer,Blue,$80K - $120K,41,3,3
719514783,39,F,3,Post-Graduate,Unknown,4,Existing Customer,Blue,Unknown,26,6,1
719516208,54,M,2,College,Single,3,Attrited Customer,Blue,$120K +,36,3,2
719517258,57,M,4,Unknown,Single,4,Existing Customer,Blue,$80K - $120K,36,5,3
719518308,48,M,2,Unknown,Unknown,4,Existing Customer,Blue,$80K - $120K,35,5,2
719519058,55,F,4,High School,Married,3,Attrited Customer,Blue,Less than $40K,36,4,2
719521983,38,M,2,Uneducated,Married,3,Existing Customer,Blue,$40K - $60K,31,4,3
719523108,61,M,0,Post-Graduate,Married,3,Existing Customer,Blue,$60K - $80K,36,6,2
719524383,35,F,3,Graduate,Single,3,Existing Customer,Blue,$40K - $60K,22,3,1
719525358,52,F,0,Graduate,Single,3,Existing Customer,Blue,$80K - $120K,43,4,3
719527833,45,F,4,High School,Unknown,3,Existing Customer,Blue,Unknown,36,6,3
719528958,57,F,3,College,Single,3,Existing Customer,Blue,$40K - $60K,36,3,1
719530158,57,M,1,Graduate,Single,2,Existing Customer,Blue,$60K - $80K,44,3,3
719531133,46,M,4,Unknown,Unknown,3,Existing Customer,Blue,$40K - $60K,38,4,2
719532108,40,F,5,High School,Married,2,Existing Customer,Blue,Less than $40K,31,4,2
719534058,26,F,0,Graduate,Unknown,1,Existing Customer,Blue,Less than $40K,14,3,2
719535558,47,M,4,College,Divorced,1,Existing Customer,Blue,$40K - $60K,36,5,1
719536608,49,F,3,Graduate,Single,1,Existing Customer,Blue,Less than $40K,36,4,5
719538183,47,M,1,High School,Married,3,Attrited Customer,Blue,$60K - $80K,36,4,4
719539458,46,F,3,Graduate,Single,3,Existing Customer,Blue,Less than $40K,41,5,3
719543208,38,F,3,Uneducated,Single,3,Existing Customer,Blue,Unknown,36,5,3
719545983,31,M,2,Post-Graduate,Unknown,3,Existing Customer,Blue,Unknown,13,5,3
719547033,40,M,4,Unknown,Married,6,Attrited Customer,Blue,$80K - $120K,31,1,3
719549508,49,F,4,Graduate,Single,2,Existing Customer,Blue,Less than $40K,40,4,2
719554758,46,M,2,Uneducated,Married,2,Existing Customer,Blue,$80K - $120K,38,6,3
719555733,53,F,2,Uneducated,Married,3,Existing Customer,Blue,Unknown,36,4,3
719556558,46,M,2,Doctorate,Married,1,Existing Customer,Blue,$120K +,34,6,3
719557983,42,M,4,Uneducated,Married,3,Existing Customer,Blue,$60K - $80K,36,5,3
719562108,28,F,0,Uneducated,Married,3,Existing Customer,Silver,Less than $40K,20,6,3
719563158,48,M,2,High School,Married,2,Existing Customer,Blue,$40K - $60K,36,6,3
719564208,46,F,1,Uneducated,Single,1,Attrited Customer,Blue,$40K - $60K,30,3,2
719568333,39,F,3,Unknown,Single,2,Existing Customer,Silver,$80K - $120K,36,5,3
719570733,52,M,2,Unknown,Single,3,Existing Customer,Blue,$60K - $80K,39,3,2
719572833,57,M,3,Graduate,Unknown,2,Existing Customer,Blue,$40K - $60K,46,2,2
719574033,38,M,1,High School,Single,2,Existing Customer,Blue,$60K - $80K,28,2,2
719577258,43,F,2,Uneducated,Divorced,4,Attrited Customer,Blue,Less than $40K,30,3,3
719580033,54,M,1,Graduate,Unknown,3,Existing Customer,Blue,$60K - $80K,43,4,2
719582058,41,M,3,Doctorate,Single,3,Attrited Customer,Blue,$80K - $120K,29,2,2
719583558,49,M,3,Uneducated,Married,3,Existing Customer,Blue,$40K - $60K,40,6,2
719584608,40,M,4,High School,Unknown,1,Existing Customer,Blue,$40K - $60K,32,3,1
719587158,37,M,1,High School,Single,3,Existing Customer,Blue,$40K - $60K,25,3,2
719590458,44,F,4,Graduate,Married,3,Attrited Customer,Blue,Less than $40K,36,6,3
719591283,38,M,2,Uneducated,Married,4,Existing Customer,Blue,Less than $40K,27,6,2
719592483,43,F,5,Graduate,Single,3,Existing Customer,Blue,Unknown,34,6,6
719593608,56,M,1,Uneducated,Married,1,Attrited Customer,Blue,$80K - $120K,36,6,2
719594433,35,F,2,Graduate,Single,2,Existing Customer,Blue,Unknown,26,6,1
719595708,53,F,2,High School,Married,1,Existing Customer,Blue,Unknown,47,3,1
719596908,56,F,5,Doctorate,Married,2,Existing Customer,Blue,Unknown,48,4,2
719601708,45,M,3,College,Single,2,Existing Customer,Blue,$60K - $80K,35,1,1
719602908,42,M,2,Post-Graduate,Single,3,Attrited Customer,Blue,$40K - $60K,34,3,3
719604858,45,M,3,Unknown,Married,3,Attrited Customer,Blue,Less than $40K,31,4,3
719606133,42,M,2,Graduate,Single,1,Existing Customer,Blue,$60K - $80K,31,3,2
719607183,55,F,2,Graduate,Single,2,Existing Customer,Blue,Unknown,42,2,3
719608308,37,M,2,High School,Single,3,Existing Customer,Blue,$60K - $80K,29,3,2
719609433,55,F,4,Uneducated,Divorced,2,Attrited Customer,Blue,$40K - $60K,43,5,3
719610708,43,M,1,Graduate,Married,3,Existing Customer,Blue,$120K +,34,5,1
719612583,52,F,4,Uneducated,Divorced,1,Attrited Customer,Blue,Unknown,42,4,4
719613783,51,F,1,Doctorate,Married,2,Existing Customer,Blue,Less than $40K,42,3,2
719614758,45,M,4,Graduate,Single,2,Existing Customer,Blue,$40K - $60K,34,3,2
719617758,56,M,1,Graduate,Married,3,Existing Customer,Blue,Less than $40K,48,3,1
719620983,41,F,2,Unknown,Single,0,Existing Customer,Blue,Less than $40K,29,6,3
719621958,43,M,3,Graduate,Married,3,Existing Customer,Blue,$60K - $80K,28,3,2
719623083,33,F,1,Doctorate,Unknown,2,Existing Customer,Gold,Less than $40K,24,2,3
719625933,41,M,3,Graduate,Married,1,Existing Customer,Blue,$120K +,36,2,2
719627133,50,F,1,Graduate,Single,4,Existing Customer,Blue,Less than $40K,37,4,3
719628033,33,F,1,Post-Graduate,Married,3,Existing Customer,Blue,Unknown,36,5,3
719629308,55,F,2,Unknown,Single,3,Attrited Customer,Silver,Unknown,37,2,2
719630358,50,F,4,High School,Married,2,Attrited Customer,Blue,Less than $40K,36,1,3
719632683,40,M,3,Graduate,Single,3,Existing Customer,Blue,$40K - $60K,30,6,3
719633508,52,F,1,Doctorate,Married,1,Existing Customer,Blue,Less than $40K,39,3,1
719634408,51,M,2,Unknown,Married,2,Existing Customer,Silver,$120K +,31,2,2
719647383,35,M,2,Graduate,Married,2,Existing Customer,Blue,$80K - $120K,36,5,2
719648358,50,M,2,Graduate,Married,1,Existing Customer,Blue,$80K - $120K,35,3,3
719649408,46,F,2,High School,Married,3,Existing Customer,Blue,$60K - $80K,35,6,3
719651358,46,F,4,Uneducated,Single,3,Existing Customer,Blue,Unknown,33,3,3
719653308,49,F,3,Uneducated,Married,2,Existing Customer,Blue,Less than $40K,40,5,2
719654283,52,M,2,Graduate,Married,2,Existing Customer,Silver,$40K - $60K,42,3,3
719655258,64,M,0,Graduate,Single,4,Existing Customer,Blue,Less than $40K,36,3,2
719656533,NULL,M,3,High School,Married,3,Existing Customer,Blue,$60K - $80K,36,6,2
719657583,44,M,3,Graduate,Married,6,Attrited Customer,Blue,$40K - $60K,40,2,2
719658858,50,F,4,Doctorate,Married,1,Existing Customer,Silver,Unknown,36,3,2
719659758,45,M,4,High School,Married,0,Existing Customer,Blue,$40K - $60K,35,6,1
719660658,37,F,1,High School,Single,2,Existing Customer,Blue,Unknown,36,6,2
719661558,48,M,2,Graduate,Single,3,Existing Customer,Blue,$80K - $120K,36,6,3
719662458,44,F,2,Graduate,Divorced,2,Existing Customer,Blue,Less than $40K,27,5,2
719666283,55,F,1,Doctorate,Married,0,Existing Customer,Blue,Less than $40K,36,4,1
719671383,40,F,3,Uneducated,Unknown,2,Existing Customer,Blue,Less than $40K,30,2,3
719672283,47,M,4,Graduate,Unknown,4,Existing Customer,Silver,$60K - $80K,39,4,2
719674533,48,M,3,Unknown,Single,3,Existing Customer,Blue,$80K - $120K,44,5,1
719677758,39,F,1,Unknown,Married,3,Existing Customer,Blue,$40K - $60K,36,2,1
719679858,58,F,2,Uneducated,Married,2,Existing Customer,Blue,$40K - $60K,47,3,2
719680908,47,F,0,College,Married,3,Existing Customer,Blue,Less than $40K,27,3,1
719682183,53,F,2,Unknown,Single,4,Existing Customer,Blue,$40K - $60K,43,3,4
719683158,56,F,2,Unknown,Married,2,Attrited Customer,Blue,Less than $40K,48,2,4
719685408,40,M,2,Uneducated,Married,2,Attrited Customer,Blue,$60K - $80K,29,3,2
719686458,37,M,3,Graduate,Married,1,Existing Customer,Blue,$40K - $60K,36,6,4
719688408,45,M,3,Graduate,Married,3,Existing Customer,Silver,$80K - $120K,36,6,2
719690733,47,F,4,High School,Married,2,Existing Customer,Blue,Less than $40K,40,4,2
719692983,36,M,2,Doctorate,Married,4,Existing Customer,Blue,$60K - $80K,30,3,3
719694408,30,M,1,College,Single,6,Attrited Customer,Blue,Less than $40K,36,4,3
719699208,39,F,4,Uneducated,Single,4,Existing Customer,Blue,Less than $40K,36,5,3
719701383,44,M,4,Unknown,Married,3,Existing Customer,Blue,$60K - $80K,32,4,3
719703483,47,F,1,Doctorate,Divorced,3,Existing Customer,Blue,Less than $40K,37,6,3
719704308,56,F,4,High School,Married,1,Attrited Customer,Blue,$40K - $60K,36,5,1
719706483,33,M,3,High School,Married,2,Existing Customer,Blue,$120K +,20,6,3
719709558,48,M,3,Graduate,Married,2,Existing Customer,Blue,$40K - $60K,33,3,1
719712633,64,M,1,Graduate,Married,3,Existing Customer,Blue,Less than $40K,52,6,4
719713683,52,F,0,Graduate,Married,2,Existing Customer,Blue,Unknown,37,6,2
719714658,61,F,0,Post-Graduate,Single,2,Attrited Customer,Blue,$60K - $80K,43,5,3
719716983,46,M,4,Graduate,Married,3,Existing Customer,Blue,Unknown,39,4,3
719719158,38,M,4,Post-Graduate,Single,1,Existing Customer,Silver,$80K - $120K,36,1,3
719720058,44,M,3,High School,Single,1,Existing Customer,Blue,$60K - $80K,31,4,3
719722308,31,F,0,Uneducated,Divorced,3,Attrited Customer,Blue,Less than $40K,22,2,1
719723658,49,F,2,Uneducated,Married,3,Attrited Customer,Blue,Less than $40K,39,6,1
719724933,58,F,1,Uneducated,Married,2,Existing Customer,Blue,Less than $40K,51,5,4
719728383,38,F,4,Graduate,Married,2,Existing Customer,Blue,Unknown,28,4,1
719729433,65,F,1,Graduate,Married,0,Existing Customer,Blue,Less than $40K,56,4,2
719730258,41,M,4,Uneducated,Unknown,3,Existing Customer,Silver,$60K - $80K,36,4,2
719731458,56,M,3,Unknown,Unknown,4,Attrited Customer,Blue,$40K - $60K,46,6,3
719732433,54,F,2,Graduate,Single,1,Existing Customer,Blue,$60K - $80K,36,5,3
719734533,40,F,4,Graduate,Married,2,Existing Customer,Blue,Less than $40K,28,6,2
719737833,46,F,4,Uneducated,Married,2,Existing Customer,Blue,Less than $40K,36,4,2
719739108,62,F,0,Graduate,Divorced,4,Existing Customer,Blue,$40K - $60K,50,3,2
719740008,51,F,4,High School,Married,4,Attrited Customer,Blue,Less than $40K,41,3,3
719740983,44,F,1,Unknown,Divorced,3,Existing Customer,Silver,Less than $40K,34,1,1
719742108,38,F,1,High School,Single,4,Attrited Customer,Blue,Less than $40K,26,5,2
719745558,52,F,3,Graduate,Single,2,Existing Customer,Blue,$60K - $80K,36,4,2
719749083,63,M,0,Doctorate,Married,0,Existing Customer,Blue,Less than $40K,54,5,2
719751483,39,M,2,Uneducated,Single,1,Attrited Customer,Blue,Less than $40K,36,4,3
719756133,34,M,4,Uneducated,Single,6,Attrited Customer,Blue,$60K - $80K,20,3,2
719758758,42,F,3,Graduate,Married,3,Existing Customer,Blue,Less than $40K,23,4,2
719759733,59,F,0,Unknown,Single,3,Existing Customer,Blue,$40K - $60K,52,2,4
719761458,55,F,4,Post-Graduate,Single,1,Existing Customer,Blue,$60K - $80K,36,3,2
719767683,46,M,0,College,Single,3,Attrited Customer,Blue,$80K - $120K,39,2,3
719768658,31,F,0,College,Married,1,Existing Customer,Silver,Unknown,24,2,3
719770158,54,F,3,Post-Graduate,Single,3,Attrited Customer,Blue,Less than $40K,49,1,4
719772258,38,M,3,Unknown,Married,3,Existing Customer,Blue,$80K - $120K,30,5,1
719773158,42,M,3,Graduate,Married,0,Existing Customer,Blue,$80K - $120K,36,1,3
719775408,41,F,4,High School,Single,3,Existing Customer,Blue,Unknown,36,4,2
719776608,50,M,2,Graduate,Married,3,Existing Customer,Blue,$80K - $120K,37,3,1
719781183,57,M,4,High School,Married,3,Existing Customer,Blue,$80K - $120K,38,4,1
719782458,49,M,1,Graduate,Unknown,3,Existing Customer,Blue,$40K - $60K,39,3,3
719784708,49,M,0,Unknown,Married,1,Existing Customer,Blue,$80K - $120K,36,1,2
719785683,41,M,4,Post-Graduate,Married,2,Existing Customer,Blue,$80K - $120K,36,1,2
719787633,47,M,0,Graduate,Married,1,Existing Customer,Silver,$80K - $120K,36,3,2
719788833,47,M,3,High School,Married,3,Attrited Customer,Blue,$60K - $80K,36,6,2
719794383,60,F,2,College,Married,2,Existing Customer,Blue,Less than $40K,41,6,2
719797758,56,F,1,High School,Single,1,Existing Customer,Blue,Less than $40K,36,3,1
719799033,52,M,1,Post-Graduate,Unknown,2,Existing Customer,Blue,$80K - $120K,40,2,1
719801508,36,M,1,Uneducated,Unknown,3,Existing Customer,Blue,$120K +,23,6,3
719804208,36,F,2,Graduate,Married,3,Existing Customer,Blue,$40K - $60K,28,5,1
719805183,39,M,2,College,Married,2,Existing Customer,Blue,Less than $40K,19,3,3
719806233,36,M,1,Graduate,Married,2,Existing Customer,Blue,$120K +,20,3,2
719808558,55,F,2,Graduate,Married,3,Existing Customer,Blue,Less than $40K,43,2,4
719809533,59,F,0,Unknown,Married,4,Attrited Customer,Blue,Less than $40K,36,6,1
719810583,64,M,0,High School,Married,2,Existing Customer,Blue,Less than $40K,54,4,3
719813058,44,F,5,Unknown,Married,3,Attrited Customer,Blue,Less than $40K,34,2,1
719815383,49,F,4,Doctorate,Married,1,Existing Customer,Blue,Unknown,39,4,4
719816583,46,M,3,Doctorate,Married,2,Existing Customer,Blue,$120K +,38,3,2
719818983,39,M,1,College,Divorced,4,Attrited Customer,Blue,$80K - $120K,28,1,3
719819958,34,M,2,Uneducated,Married,4,Existing Customer,Blue,$40K - $60K,26,5,1
719821908,38,F,2,High School,Single,2,Attrited Customer,Blue,Less than $40K,16,2,1
719826333,34,F,2,Doctorate,Single,2,Existing Customer,Blue,Less than $40K,13,5,1
719829633,42,M,2,Unknown,Married,4,Existing Customer,Blue,Less than $40K,29,5,3
719831958,49,M,3,College,Single,4,Existing Customer,Blue,$120K +,36,5,2
719834208,42,M,2,Graduate,Married,2,Existing Customer,Blue,$60K - $80K,35,6,1
719835033,46,M,4,College,Married,2,Existing Customer,Blue,$80K - $120K,34,5,3
719836083,54,M,4,Unknown,Married,2,Existing Customer,Blue,$60K - $80K,36,3,4
719838558,46,M,2,Uneducated,Single,1,Existing Customer,Blue,$60K - $80K,35,1,1
719841708,45,M,0,Uneducated,Married,3,Existing Customer,Blue,$80K - $120K,36,1,4
719843958,46,M,2,Graduate,Married,3,Existing Customer,Blue,$120K +,34,2,3
719845908,52,M,3,Uneducated,Single,3,Existing Customer,Blue,Less than $40K,36,2,1
719847108,52,M,1,Unknown,Married,3,Attrited Customer,Blue,$40K - $60K,36,4,3
719848008,39,M,2,Graduate,Unknown,2,Existing Customer,Silver,$60K - $80K,36,4,2
719848908,41,F,3,Graduate,Unknown,3,Existing Customer,Blue,Unknown,33,3,3
719849958,44,F,4,Graduate,Single,3,Existing Customer,Blue,Less than $40K,36,4,3
719850933,30,M,2,College,Single,3,Existing Customer,Blue,$60K - $80K,36,1,3
719854008,47,M,3,Unknown,Single,2,Existing Customer,Blue,$40K - $60K,36,3,6
719855958,41,M,4,High School,Single,4,Existing Customer,Blue,$60K - $80K,28,6,1
719857008,37,F,1,Graduate,Single,1,Existing Customer,Blue,$40K - $60K,36,3,3
719859033,32,M,3,Graduate,Married,2,Attrited Customer,Blue,$40K - $60K,20,2,2
719860308,42,F,2,Graduate,Married,3,Attrited Customer,Blue,Less than $40K,36,2,3
719862258,38,F,2,Uneducated,Single,3,Existing Customer,Blue,Unknown,28,2,3
719863758,49,F,3,Post-Graduate,Married,2,Existing Customer,Blue,$40K - $60K,41,6,2
719868183,42,F,3,High School,Married,2,Attrited Customer,Blue,$40K - $60K,30,5,3
719872833,45,F,2,Graduate,Unknown,3,Existing Customer,Blue,Less than $40K,36,6,6
719873808,34,M,1,College,Married,2,Existing Customer,Blue,$60K - $80K,23,3,2
719874633,44,M,1,High School,Unknown,3,Attrited Customer,Gold,$80K - $120K,36,2,2
719876808,43,M,3,Unknown,Divorced,3,Existing Customer,Blue,$80K - $120K,36,5,2
719880408,46,F,4,Graduate,Married,1,Existing Customer,Blue,Less than $40K,35,6,3
719881533,46,M,2,College,Married,4,Attrited Customer,Silver,$40K - $60K,34,5,3
719882583,44,M,5,Graduate,Single,5,Existing Customer,Blue,$60K - $80K,34,3,3
719883858,58,M,2,Graduate,Married,0,Attrited Customer,Blue,Less than $40K,48,4,1
719884983,52,M,2,Graduate,Married,2,Existing Customer,Blue,$40K - $60K,44,3,4
719885883,53,M,3,College,Single,0,Existing Customer,Blue,$120K +,36,6,2
719887008,38,F,3,Graduate,Married,3,Existing Customer,Blue,Less than $40K,36,5,4
719888358,47,M,1,Unknown,Divorced,5,Existing Customer,Blue,$80K - $120K,38,5,3
719889408,56,F,4,Uneducated,Unknown,5,Existing Customer,Blue,Less than $40K,36,4,1
719894433,43,F,4,Unknown,Married,3,Attrited Customer,Blue,Less than $40K,24,6,2
719898108,57,F,2,Doctorate,Married,3,Existing Customer,Blue,$40K - $60K,41,2,3
719900733,60,M,1,High School,Married,3,Existing Customer,Blue,$40K - $60K,47,3,1
719902908,51,M,3,Unknown,Married,3,Existing Customer,Blue,$80K - $120K,36,3,3
719904333,29,M,0,Graduate,Married,4,Existing Customer,Blue,$40K - $60K,36,3,3
719905908,59,M,1,Uneducated,Married,3,Existing Customer,Blue,$60K - $80K,36,4,3
719910333,43,F,3,Unknown,Unknown,2,Existing Customer,Blue,Less than $40K,36,4,4
719911458,49,F,5,High School,Married,3,Existing Customer,Blue,Less than $40K,36,4,2
719912808,52,M,2,High School,Married,4,Existing Customer,Blue,$60K - $80K,39,3,3
719913783,40,M,3,Graduate,Single,3,Existing Customer,Blue,$40K - $60K,27,2,2
719914908,37,M,2,Uneducated,Divorced,2,Existing Customer,Silver,Less than $40K,36,3,3
719916408,34,M,5,Graduate,Married,2,Attrited Customer,Blue,$60K - $80K,27,5,2
719917233,49,F,3,Post-Graduate,Married,2,Attrited Customer,Blue,$80K - $120K,36,3,3
719918358,57,M,3,Graduate,Unknown,1,Existing Customer,Blue,Less than $40K,36,2,2
719922558,45,F,5,Unknown,Divorced,3,Existing Customer,Blue,$40K - $60K,33,2,2
719924433,40,F,4,Graduate,Unknown,3,Existing Customer,Silver,$40K - $60K,32,1,2
719925483,46,M,4,Graduate,Married,1,Existing Customer,Blue,$80K - $120K,36,2,1
719926683,41,M,3,High School,Divorced,2,Existing Customer,Blue,$60K - $80K,33,2,2
719929758,50,F,1,Doctorate,Married,3,Existing Customer,Blue,Unknown,37,6,4
719930658,40,M,4,Uneducated,Married,2,Attrited Customer,Blue,$120K +,24,4,2
719934783,43,M,3,Doctorate,Married,2,Existing Customer,Blue,$80K - $120K,27,4,2
719940483,51,F,1,Graduate,Married,2,Existing Customer,Blue,$40K - $60K,43,2,2
719941533,32,F,1,Graduate,Married,4,Existing Customer,Blue,Less than $40K,20,3,1
719942883,54,M,5,Graduate,Married,3,Existing Customer,Blue,$60K - $80K,38,3,3
719944458,29,M,0,High School,Single,1,Existing Customer,Blue,$40K - $60K,36,2,3
719945433,60,F,1,Uneducated,Married,2,Existing Customer,Blue,$40K - $60K,48,3,2
719947533,46,F,2,Graduate,Unknown,1,Existing Customer,Blue,Unknown,36,6,2
719951208,43,M,4,Graduate,Single,2,Existing Customer,Blue,$60K - $80K,24,5,3
719952408,30,M,0,Graduate,Married,2,Existing Customer,Blue,Less than $40K,36,3,3
719953383,38,M,4,College,Single,3,Existing Customer,Blue,Less than $40K,27,2,3
719954733,43,M,2,Graduate,Married,3,Existing Customer,Blue,$80K - $120K,28,5,6
719955558,32,M,0,Unknown,Married,3,Attrited Customer,Silver,Less than $40K,24,2,2
719960133,42,F,3,College,Single,2,Existing Customer,Silver,$80K - $120K,26,3,2
719961183,63,F,0,High School,Married,2,Existing Customer,Blue,Less than $40K,53,5,3
719962458,44,M,2,Graduate,Married,2,Existing Customer,Blue,Less than $40K,34,3,2
719963433,37,F,3,Unknown,Single,2,Existing Customer,Blue,Unknown,29,3,2
719964933,50,F,5,Graduate,Single,2,Existing Customer,Blue,Less than $40K,41,3,2
719967708,44,F,2,Unknown,Single,4,Existing Customer,Blue,Less than $40K,32,3,1
719971458,49,M,5,Graduate,Single,2,Existing Customer,Blue,$80K - $120K,41,2,3
719973033,49,F,1,Unknown,Married,2,Existing Customer,Blue,Less than $40K,37,5,5
719976558,47,M,2,Graduate,Unknown,4,Existing Customer,Blue,$60K - $80K,34,3,2
719978583,46,M,2,High School,Unknown,3,Existing Customer,Blue,$60K - $80K,40,4,1
719981508,37,M,2,Uneducated,Single,3,Attrited Customer,Blue,Unknown,24,2,2
719986758,46,F,2,Unknown,Single,6,Attrited Customer,Blue,$40K - $60K,33,5,3
719987733,51,F,3,Unknown,Single,3,Attrited Customer,Blue,$40K - $60K,38,3,3
719989008,47,M,1,High School,Unknown,0,Existing Customer,Blue,Unknown,36,5,1
719990358,36,F,3,High School,Married,1,Existing Customer,Blue,Less than $40K,28,3,1
719991783,40,M,2,High School,Married,0,Existing Customer,Silver,$80K - $120K,36,5,3
719995008,44,F,4,Graduate,Married,2,Attrited Customer,Blue,Unknown,36,6,2
719996958,29,F,0,Uneducated,Single,4,Existing Customer,Blue,Less than $40K,23,5,3
719998233,40,M,3,Unknown,Married,2,Existing Customer,Silver,$120K +,30,6,3
719999508,37,M,3,Unknown,Married,2,Existing Customer,Blue,$60K - $80K,24,3,1
720000708,32,F,0,Graduate,Married,2,Existing Customer,Blue,Unknown,26,3,3
720001758,42,F,1,Graduate,Married,3,Existing Customer,Blue,Less than $40K,34,5,1
720003558,43,F,1,Graduate,Unknown,3,Existing Customer,Blue,Less than $40K,32,4,4
720006333,48,M,2,College,Divorced,3,Attrited Customer,Blue,$80K - $120K,40,4,3
720007383,41,F,2,Unknown,Single,3,Attrited Customer,Blue,Unknown,28,2,1
720008133,45,F,4,Graduate,Unknown,3,Existing Customer,Blue,Unknown,36,4,1
720009558,33,F,2,College,Single,3,Existing Customer,Gold,Unknown,36,3,1
720010608,37,M,2,Unknown,Single,4,Attrited Customer,Blue,$40K - $60K,24,6,2
720011958,57,M,2,High School,Single,3,Existing Customer,Blue,$60K - $80K,36,2,3
720013083,30,F,0,Post-Graduate,Single,2,Existing Customer,Blue,Less than $40K,18,6,3
720014358,38,F,1,Doctorate,Single,4,Existing Customer,Blue,Less than $40K,26,5,2
720015183,60,M,1,Graduate,Married,1,Existing Customer,Blue,$120K +,46,6,3
720016308,62,F,1,Unknown,Single,2,Existing Customer,Blue,Less than $40K,54,4,2
720017958,48,F,4,Unknown,Unknown,2,Attrited Customer,Blue,$40K - $60K,36,1,1
720026058,49,M,3,Graduate,Married,3,Existing Customer,Blue,$80K - $120K,36,6,1
720027258,53,F,2,High School,Single,3,Existing Customer,Blue,Less than $40K,40,3,1
720028683,49,F,2,High School,Married,4,Existing Customer,Blue,$40K - $60K,39,5,3
720029508,50,F,1,Graduate,Single,0,Existing Customer,Blue,$40K - $60K,37,3,1
720031908,55,M,2,Doctorate,Married,1,Existing Customer,Blue,$60K - $80K,36,5,1
720033033,53,F,2,Post-Graduate,Married,3,Existing Customer,Blue,Unknown,41,2,2
720034983,26,M,0,Unknown,Unknown,1,Existing Customer,Silver,Less than $40K,13,2,1
720040158,47,M,3,Uneducated,Single,2,Existing Customer,Blue,$60K - $80K,36,3,3
720043533,39,M,4,Graduate,Single,0,Existing Customer,Blue,$60K - $80K,26,6,2
720044658,53,M,1,Post-Graduate,Single,4,Attrited Customer,Blue,$60K - $80K,46,6,2
720046458,50,F,0,High School,Single,2,Existing Customer,Blue,Less than $40K,43,6,4
720049083,35,F,1,Unknown,Divorced,3,Attrited Customer,Blue,Unknown,24,5,3
720050208,27,F,1,High School,Single,3,Existing Customer,Blue,Less than $40K,19,4,1
720054183,41,F,2,Graduate,Single,2,Existing Customer,Blue,$40K - $60K,25,4,2
720057183,49,F,4,Doctorate,Single,4,Existing Customer,Blue,Less than $40K,42,5,1
720062508,38,F,2,Unknown,Married,2,Attrited Customer,Blue,$40K - $60K,28,6,2
720064158,51,F,3,Post-Graduate,Married,3,Existing Customer,Blue,Less than $40K,36,4,2
720067083,30,F,0,High School,Single,1,Existing Customer,Blue,Less than $40K,36,5,1
720068808,41,F,2,Graduate,Married,2,Existing Customer,Blue,Less than $40K,32,3,3
720070383,41,M,3,Uneducated,Single,3,Existing Customer,Blue,Unknown,29,6,3
720071583,48,F,2,Unknown,Married,3,Attrited Customer,Blue,Less than $40K,36,5,1
720072933,49,F,4,Graduate,Married,3,Existing Customer,Blue,Less than $40K,36,3,3
720074583,42,M,1,Graduate,Unknown,2,Existing Customer,Blue,$80K - $120K,36,2,1
720075558,50,M,4,College,Married,4,Existing Customer,Blue,$120K +,36,6,1
720076458,57,M,2,Uneducated,Married,4,Existing Customer,Blue,$80K - $120K,52,6,2
720079758,46,F,3,Uneducated,Single,2,Existing Customer,Blue,Unknown,42,6,4
720084183,46,M,3,Unknown,Divorced,4,Existing Customer,Blue,$120K +,34,5,2
720085233,51,F,2,Doctorate,Divorced,4,Existing Customer,Blue,Unknown,40,6,3
720086358,58,M,2,Doctorate,Married,1,Existing Customer,Blue,$120K +,48,2,3
720087708,38,F,3,High School,Married,2,Existing Customer,Blue,Less than $40K,31,4,3
720091083,43,M,4,Graduate,Married,3,Existing Customer,Blue,$120K +,31,6,1
720092283,40,F,3,Graduate,Single,3,Existing Customer,Blue,Less than $40K,31,4,2
720093333,41,M,3,Post-Graduate,Divorced,3,Existing Customer,Blue,$120K +,29,6,1
720096558,55,F,2,Graduate,Married,3,Existing Customer,Blue,Less than $40K,42,5,3
720099708,51,F,4,Unknown,Single,2,Existing Customer,Blue,Less than $40K,43,6,3
720101658,26,F,0,Graduate,Single,2,Existing Customer,Blue,Less than $40K,19,2,1
720105933,48,M,3,Uneducated,Married,3,Existing Customer,Blue,$40K - $60K,35,3,5
720108783,60,F,1,Uneducated,Single,3,Existing Customer,Blue,Unknown,50,6,3
720113433,61,F,0,Unknown,Married,4,Existing Customer,Blue,$60K - $80K,48,3,2
720114633,44,F,5,High School,Single,1,Existing Customer,Blue,Less than $40K,30,3,3
720115683,47,M,3,Uneducated,Married,2,Existing Customer,Blue,$80K - $120K,36,6,2
720118908,26,M,0,Graduate,Married,4,Existing Customer,Blue,Less than $40K,36,5,2
720119808,42,M,3,High School,Married,2,Existing Customer,Blue,$80K - $120K,36,3,2
720122808,52,M,2,High School,Unknown,3,Attrited Customer,Silver,$60K - $80K,35,4,4
720124758,49,M,3,Uneducated,Married,3,Attrited Customer,Blue,$80K - $120K,40,5,4
720126033,42,M,4,High School,Single,3,Existing Customer,Blue,$80K - $120K,28,3,3
720128658,49,M,1,Uneducated,Single,3,Attrited Customer,Blue,$120K +,30,5,3
720130233,48,M,2,High School,Single,1,Attrited Customer,Blue,$60K - $80K,36,4,3
720132258,49,F,3,Post-Graduate,Single,5,Existing Customer,Silver,$120K +,36,6,1
720133908,41,M,2,Post-Graduate,Single,3,Existing Customer,Blue,$40K - $60K,27,4,1
720135333,45,F,5,Graduate,Single,0,Existing Customer,Blue,Less than $40K,34,5,1
720136458,39,M,3,Post-Graduate,Married,3,Existing Customer,Blue,$60K - $80K,36,2,2
720141408,49,M,2,Graduate,Single,2,Attrited Customer,Blue,Less than $40K,31,5,1
720142308,52,F,2,Graduate,Married,4,Attrited Customer,Blue,Less than $40K,36,5,3
720145683,54,M,1,College,Married,2,Existing Customer,Blue,$60K - $80K,42,3,2
720146733,45,F,4,Graduate,Unknown,2,Existing Customer,Blue,Less than $40K,34,5,4
720147633,61,M,1,Unknown,Single,2,Existing Customer,Blue,$40K - $60K,47,3,2
720148983,54,F,1,Uneducated,Married,4,Existing Customer,Blue,Less than $40K,40,5,2
720150858,34,M,2,High School,Married,0,Attrited Customer,Blue,$80K - $120K,25,6,2
720152058,42,F,1,Doctorate,Single,3,Existing Customer,Blue,Less than $40K,35,5,1
720153258,53,F,2,College,Single,3,Existing Customer,Blue,Less than $40K,45,6,3
720154533,53,F,4,Graduate,Unknown,2,Existing Customer,Blue,Less than $40K,39,2,3
720155583,55,F,2,Unknown,Single,3,Existing Customer,Blue,Less than $40K,39,3,2
720158208,37,M,3,Graduate,Unknown,2,Existing Customer,Blue,$60K - $80K,23,4,3
720163458,38,M,1,Uneducated,Married,3,Existing Customer,Blue,$120K +,21,4,2
720164358,53,M,4,Graduate,Single,2,Attrited Customer,Blue,$40K - $60K,43,1,3
720165258,44,F,2,High School,Unknown,1,Existing Customer,Blue,Less than $40K,29,2,3
720167508,50,M,3,Uneducated,Single,1,Existing Customer,Blue,$80K - $120K,35,1,2
720168558,39,F,0,Graduate,Married,3,Existing Customer,Blue,Less than $40K,36,3,3
720169383,52,F,2,College,Married,1,Existing Customer,Blue,$40K - $60K,41,3,1
720171033,45,M,4,Unknown,Married,1,Existing Customer,Blue,$60K - $80K,36,6,1
720174033,46,M,3,Graduate,Divorced,1,Attrited Customer,Blue,$80K - $120K,33,1,3
720175008,48,F,2,Doctorate,Married,4,Existing Customer,Blue,$40K - $60K,34,3,1
720178158,46,M,4,High School,Unknown,3,Attrited Customer,Blue,Less than $40K,37,5,3
720179883,40,M,4,College,Unknown,1,Existing Customer,Blue,$80K - $120K,25,3,3
720180633,50,M,2,College,Married,3,Existing Customer,Blue,$120K +,36,3,2
720181758,37,M,0,Doctorate,Married,4,Attrited Customer,Blue,$120K +,22,3,3
720182658,44,F,3,Uneducated,Married,3,Existing Customer,Blue,Unknown,31,4,2
720185058,46,M,3,Graduate,Married,4,Attrited Customer,Blue,$60K - $80K,36,2,3
720186258,45,F,4,High School,Divorced,4,Existing Customer,Blue,$40K - $60K,31,5,2
720188508,43,M,4,Graduate,Single,4,Existing Customer,Blue,$60K - $80K,25,3,2
720190083,56,F,3,Unknown,Single,4,Attrited Customer,Blue,Less than $40K,39,1,3
720190908,59,M,1,High School,Married,4,Existing Customer,Blue,$60K - $80K,51,6,2
720191883,45,M,3,High School,Single,3,Existing Customer,Blue,$60K - $80K,35,5,3
720193533,41,M,3,Unknown,Married,3,Existing Customer,Blue,$60K - $80K,32,4,1
720196158,48,M,3,Unknown,Single,3,Existing Customer,Blue,$60K - $80K,40,6,3
720197058,47,M,3,Graduate,Unknown,4,Attrited Customer,Blue,Unknown,33,1,3
720198183,42,M,5,College,Unknown,1,Attrited Customer,Blue,$40K - $60K,27,1,3
720201033,53,M,2,Graduate,Married,2,Attrited Customer,Blue,$80K - $120K,41,3,3
720202008,47,F,5,Unknown,Single,4,Existing Customer,Blue,$40K - $60K,40,4,3
720204558,45,F,2,High School,Married,3,Existing Customer,Blue,Less than $40K,36,4,1
720205608,52,F,1,Uneducated,Married,1,Existing Customer,Blue,Unknown,36,6,1
720206658,40,F,3,Graduate,Married,4,Attrited Customer,Blue,Less than $40K,29,6,2
720210483,43,F,3,High School,Unknown,3,Existing Customer,Blue,Unknown,28,6,2
720211533,41,F,4,Uneducated,Married,3,Existing Customer,Blue,Less than $40K,33,5,2
720212508,51,M,1,Graduate,Single,4,Existing Customer,Blue,Less than $40K,37,4,3
720214833,52,M,2,High School,Single,3,Existing Customer,Silver,$80K - $120K,40,3,3
720216108,27,F,2,College,Divorced,3,Existing Customer,Blue,Less than $40K,14,4,3
720218658,40,M,1,Unknown,Married,1,Existing Customer,Blue,Unknown,26,2,3
720219633,52,M,0,Graduate,Unknown,2,Existing Customer,Blue,$40K - $60K,42,4,3
720228708,56,M,2,High School,Married,3,Existing Customer,Blue,$120K +,46,4,1
720231108,57,M,2,Graduate,Single,3,Existing Customer,Blue,Less than $40K,39,3,4
720234708,45,M,2,High School,Single,2,Attrited Customer,Blue,$120K +,33,6,3
720235608,60,F,0,Graduate,Unknown,1,Existing Customer,Blue,Less than $40K,36,4,3
720236433,41,M,4,College,Married,3,Existing Customer,Blue,$80K - $120K,22,1,2
720237408,59,M,1,Doctorate,Single,2,Existing Customer,Blue,$80K - $120K,49,4,2
720241758,55,M,0,Doctorate,Married,3,Existing Customer,Blue,$80K - $120K,36,3,1
720242733,45,M,4,Unknown,Single,3,Existing Customer,Blue,Less than $40K,36,5,2
720243933,47,M,2,Uneducated,Married,6,Attrited Customer,Blue,$60K - $80K,32,1,3
720244983,40,M,3,Unknown,Single,1,Existing Customer,Blue,$40K - $60K,28,4,1
720247158,63,M,0,Graduate,Single,2,Existing Customer,Blue,Unknown,36,6,3
720248208,47,M,3,Post-Graduate,Divorced,0,Existing Customer,Blue,$60K - $80K,37,6,3
720249183,46,F,2,Graduate,Single,3,Existing Customer,Blue,Unknown,31,5,2
720250158,45,M,2,College,Married,0,Existing Customer,Blue,$60K - $80K,33,6,3
720251358,54,F,2,High School,Divorced,1,Attrited Customer,Blue,Less than $40K,36,6,3
720252858,57,M,3,College,Single,2,Existing Customer,Blue,$60K - $80K,36,6,3
720253908,56,M,0,High School,Married,1,Existing Customer,Blue,$80K - $120K,43,5,2
720254883,65,F,0,High School,Married,3,Existing Customer,Blue,$40K - $60K,46,6,1
720256158,47,F,2,High School,Married,3,Existing Customer,Blue,Unknown,40,5,1
720258183,39,M,4,Graduate,Single,3,Existing Customer,Blue,$40K - $60K,25,2,3
720259308,39,M,3,High School,Single,3,Existing Customer,Blue,$80K - $120K,30,5,3
720260433,46,M,3,High School,Married,2,Existing Customer,Blue,$40K - $60K,34,2,3
720264783,58,F,2,Graduate,Married,3,Existing Customer,Blue,Less than $40K,44,4,2
720267033,34,M,4,Post-Graduate,Single,2,Existing Customer,Blue,$80K - $120K,26,3,3
720269283,48,F,3,Unknown,Unknown,2,Existing Customer,Blue,$40K - $60K,33,3,2
720270633,40,F,3,Graduate,Married,1,Attrited Customer,Blue,Less than $40K,36,5,3
720272958,48,M,2,High School,Married,3,Attrited Customer,Blue,$120K +,36,3,3
720274158,42,F,4,High School,Married,2,Existing Customer,Blue,Less than $40K,35,4,2
720275358,47,M,2,Graduate,Married,2,Attrited Customer,Blue,$40K - $60K,30,4,3
720281508,44,M,2,Doctorate,Divorced,2,Existing Customer,Blue,Less than $40K,34,3,1
720282558,36,M,2,Graduate,Single,4,Existing Customer,Silver,$80K - $120K,27,5,2
720283758,44,F,2,Uneducated,Married,3,Attrited Customer,Blue,Unknown,36,1,3
720286908,50,M,3,Uneducated,Married,2,Existing Customer,Blue,$40K - $60K,40,5,2
720289533,47,F,4,Unknown,Married,3,Existing Customer,Blue,Unknown,42,5,2
720292983,60,F,0,Graduate,Married,2,Existing Customer,Blue,Less than $40K,51,6,1
720294258,40,F,4,Graduate,Single,2,Existing Customer,Blue,Less than $40K,30,4,2
720296808,52,F,3,Graduate,Married,2,Attrited Customer,Blue,Unknown,39,3,3
720299283,46,M,3,Uneducated,Married,1,Existing Customer,Blue,$60K - $80K,33,2,2
720301458,52,M,1,High School,Single,2,Existing Customer,Blue,$120K +,38,3,1
720302883,53,F,3,Graduate,Married,1,Existing Customer,Blue,Less than $40K,35,4,3
720303933,40,M,2,Graduate,Married,3,Existing Customer,Blue,$80K - $120K,36,6,1
720306408,50,F,2,High School,Married,2,Existing Customer,Blue,Less than $40K,41,2,3
720307683,43,F,4,Graduate,Divorced,2,Existing Customer,Blue,Less than $40K,36,3,2
720310458,46,M,1,Unknown,Single,1,Existing Customer,Blue,$120K +,32,5,2
720313083,32,M,1,Unknown,Single,2,Existing Customer,Blue,$120K +,18,5,3
720314583,54,M,2,Unknown,Married,2,Existing Customer,Blue,$80K - $120K,44,4,1
720315933,53,F,1,Uneducated,Single,3,Attrited Customer,Blue,Less than $40K,39,3,2
720317658,43,M,2,Graduate,Single,2,Existing Customer,Blue,$80K - $120K,35,2,2
720322008,35,M,2,Unknown,Unknown,1,Existing Customer,Blue,$40K - $60K,15,4,2
720323208,43,M,2,Graduate,Unknown,4,Existing Customer,Silver,$120K +,31,6,2
720326733,55,F,2,Graduate,Single,1,Existing Customer,Blue,$120K +,47,2,3
720328008,57,F,1,High School,Unknown,1,Existing Customer,Blue,$40K - $60K,42,3,1
720328983,52,F,5,Unknown,Married,3,Attrited Customer,Blue,Less than $40K,36,4,3
720330558,44,M,3,Graduate,Married,3,Attrited Customer,Blue,$80K - $120K,25,5,2
720333783,51,F,2,Unknown,Married,4,Existing Customer,Blue,Less than $40K,33,3,1
720334833,39,F,5,College,Single,2,Existing Customer,Blue,Less than $40K,30,4,1
720336708,53,M,3,Doctorate,Married,2,Existing Customer,Blue,$40K - $60K,35,5,3
720338658,56,F,3,Post-Graduate,Single,2,Existing Customer,Blue,Less than $40K,42,3,2
720339558,47,F,2,Graduate,Single,2,Existing Customer,Blue,Less than $40K,36,3,1
720340383,45,F,2,Graduate,Married,2,Existing Customer,Blue,Less than $40K,25,4,2
720344658,38,M,2,College,Married,1,Existing Customer,Blue,$80K - $120K,23,4,1
720348933,44,F,3,Graduate,Single,4,Existing Customer,Blue,$60K - $80K,31,4,3
720349983,32,F,1,Unknown,Divorced,1,Existing Customer,Blue,Less than $40K,19,3,2
720352533,43,M,3,High School,Unknown,3,Existing Customer,Blue,$60K - $80K,36,5,3
720353808,34,M,3,High School,Married,3,Attrited Customer,Silver,$80K - $120K,21,1,2
720356133,48,M,4,High School,Single,1,Attrited Customer,Blue,Unknown,36,2,3
720357483,46,F,1,College,Married,1,Existing Customer,Blue,Less than $40K,23,5,2
720362058,57,M,2,Uneducated,Single,3,Attrited Customer,Silver,$60K - $80K,49,4,3
720363258,43,F,4,Graduate,Married,3,Existing Customer,Blue,Less than $40K,29,3,3
720364158,55,F,3,Graduate,Unknown,3,Existing Customer,Blue,Unknown,36,4,3
720370533,55,M,3,Uneducated,Married,2,Attrited Customer,Blue,$60K - $80K,44,3,2
720371733,58,M,0,Graduate,Married,2,Existing Customer,Blue,Less than $40K,47,5,3
720372483,60,M,0,High School,Unknown,3,Existing Customer,Blue,Less than $40K,36,1,1
720374808,41,F,2,Unknown,Unknown,3,Existing Customer,Blue,Less than $40K,34,6,3
720376008,53,F,2,Graduate,Married,4,Existing Customer,Blue,Less than $40K,40,6,2
720377433,38,F,3,Graduate,Married,4,Existing Customer,Blue,Less than $40K,36,4,2
720379533,47,M,3,Unknown,Unknown,4,Attrited Customer,Blue,$120K +,36,1,3
720384633,48,M,3,Uneducated,Single,2,Existing Customer,Blue,$40K - $60K,36,6,3
720385608,45,M,3,College,Unknown,4,Existing Customer,Blue,$80K - $120K,31,2,1
720389283,58,F,1,Unknown,Married,3,Existing Customer,Blue,Less than $40K,46,6,3
720392433,55,F,1,Unknown,Married,2,Existing Customer,Blue,Less than $40K,36,6,6
720398958,53,F,1,Uneducated,Single,3,Existing Customer,Blue,Less than $40K,43,6,2
720401658,53,F,3,Graduate,Single,5,Attrited Customer,Blue,Less than $40K,34,5,3
720403008,50,F,3,Uneducated,Married,1,Existing Customer,Blue,Unknown,38,4,4
720406233,35,F,2,Graduate,Married,4,Existing Customer,Blue,Less than $40K,36,5,2
720408708,49,F,2,Uneducated,Married,1,Existing Customer,Blue,Less than $40K,36,3,4
720409608,45,M,3,High School,Married,3,Existing Customer,Blue,$120K +,35,6,2
720411183,34,F,1,High School,Married,0,Existing Customer,Blue,Unknown,22,6,1
720412308,40,M,4,Unknown,Married,1,Existing Customer,Blue,$80K - $120K,36,2,1
720413658,44,M,2,High School,Married,3,Existing Customer,Blue,$120K +,31,2,1
720414558,56,F,2,Unknown,Married,1,Existing Customer,Blue,Less than $40K,36,6,2
720415833,47,M,2,High School,Married,2,Existing Customer,Blue,$60K - $80K,32,3,5
720418383,45,F,3,Unknown,Single,2,Existing Customer,Blue,Unknown,27,4,1
720419358,35,F,2,Uneducated,Single,1,Existing Customer,Blue,Less than $40K,36,3,2
720422358,42,M,1,Post-Graduate,Single,2,Existing Customer,Gold,$60K - $80K,36,1,1
720424608,56,F,1,Unknown,Married,2,Existing Customer,Blue,Unknown,36,6,3
720425508,43,F,5,Graduate,Married,3,Existing Customer,Blue,$80K - $120K,36,1,1
720426708,56,M,3,High School,Single,3,Attrited Customer,Blue,$60K - $80K,45,2,1
720427683,58,M,2,Uneducated,Single,4,Attrited Customer,Blue,$120K +,46,2,3
720430083,65,M,0,High School,Married,2,Existing Customer,Blue,Less than $40K,36,3,3
720431433,62,M,1,Graduate,Married,2,Existing Customer,Blue,Unknown,36,5,2
720432858,40,M,4,Post-Graduate,Married,3,Existing Customer,Blue,Less than $40K,36,4,1
720436008,54,F,1,Doctorate,Unknown,4,Existing Customer,Blue,Less than $40K,43,4,6
720437358,40,F,3,Graduate,Married,2,Existing Customer,Blue,$40K - $60K,32,5,1
720439533,64,F,0,Uneducated,Single,3,Existing Customer,Blue,Less than $40K,36,3,1
720440583,35,M,2,Unknown,Married,2,Existing Customer,Blue,$80K - $120K,36,6,2
720443358,50,M,2,Unknown,Married,1,Existing Customer,Blue,$60K - $80K,36,1,3
720444408,35,F,1,College,Single,4,Attrited Customer,Blue,Less than $40K,25,2,2
720445533,60,F,1,College,Married,3,Existing Customer,Blue,Less than $40K,53,4,3
720446508,50,M,2,Uneducated,Single,2,Existing Customer,Blue,Less than $40K,36,5,3
720449208,34,F,1,College,Married,4,Existing Customer,Blue,Less than $40K,16,6,1
720450108,54,M,1,Graduate,Married,1,Existing Customer,Blue,$40K - $60K,44,5,1
720452508,51,M,1,College,Married,1,Existing Customer,Blue,Unknown,37,4,3
720454158,44,M,2,Unknown,Single,2,Existing Customer,Blue,$60K - $80K,30,6,2
720457608,41,F,4,Graduate,Married,1,Existing Customer,Blue,Less than $40K,36,4,1
720458883,29,M,1,High School,Married,1,Attrited Customer,Blue,$60K - $80K,16,3,2
720460083,45,F,4,Unknown,Single,3,Attrited Customer,Gold,Unknown,27,1,2
720462633,43,F,3,Uneducated,Single,3,Existing Customer,Blue,Less than $40K,29,3,2
720463833,42,M,5,Uneducated,Single,2,Existing Customer,Blue,$60K - $80K,36,1,1
720466383,59,M,1,High School,Unknown,2,Existing Customer,Blue,$40K - $60K,46,4,1
720467583,52,M,2,High School,Single,2,Existing Customer,Blue,$80K - $120K,46,3,3
720470133,59,M,0,Graduate,Single,3,Existing Customer,Blue,Less than $40K,36,5,3
720471108,34,F,4,High School,Single,2,Attrited Customer,Silver,Unknown,26,2,2
720473433,59,F,1,Graduate,Unknown,3,Existing Customer,Blue,Less than $40K,36,5,1
720474408,52,F,2,Graduate,Married,2,Existing Customer,Blue,$40K - $60K,41,1,2
720475233,50,F,2,High School,Unknown,3,Existing Customer,Blue,Less than $40K,43,6,2
720476733,47,F,3,High School,Married,2,Existing Customer,Blue,Less than $40K,34,2,1
720479058,50,F,1,Post-Graduate,Single,2,Existing Customer,Blue,Less than $40K,39,4,2
720480183,45,F,3,Unknown,Divorced,1,Existing Customer,Blue,Less than $40K,34,1,2
720482583,52,F,1,College,Married,1,Existing Customer,Blue,Unknown,43,3,3
720484908,65,F,1,Post-Graduate,Married,3,Existing Customer,Blue,$40K - $60K,52,5,3
720486408,55,F,1,Uneducated,Single,0,Existing Customer,Blue,Less than $40K,36,3,3
720487308,49,M,1,High School,Unknown,2,Attrited Customer,Blue,$60K - $80K,38,3,3
720491958,34,F,3,Uneducated,Single,3,Existing Customer,Blue,Less than $40K,36,4,3
720494058,51,F,2,College,Married,3,Existing Customer,Blue,Less than $40K,25,4,3
720496158,53,M,0,Unknown,Married,0,Existing Customer,Blue,$60K - $80K,42,1,2
720497958,29,M,1,Graduate,Married,2,Existing Customer,Blue,$80K - $120K,14,5,3
720503508,44,M,1,Uneducated,Divorced,3,Existing Customer,Blue,Less than $40K,37,1,2
720504633,46,M,2,Uneducated,Unknown,3,Attrited Customer,Blue,$60K - $80K,32,6,2
720507108,42,F,3,College,Married,2,Attrited Customer,Blue,Less than $40K,28,3,3
720508233,62,M,0,Unknown,Single,4,Attrited Customer,Silver,$40K - $60K,42,3,4
720509433,51,F,2,College,Single,3,Existing Customer,Blue,Less than $40K,31,2,1
720510333,40,M,3,College,Unknown,2,Existing Customer,Blue,$40K - $60K,20,6,2
720511608,38,F,0,Graduate,Married,3,Existing Customer,Blue,Unknown,28,5,3
720512433,56,M,1,Uneducated,Single,3,Attrited Customer,Blue,$60K - $80K,36,6,4
720513333,46,M,3,High School,Single,3,Existing Customer,Blue,$80K - $120K,39,2,1
720515883,57,F,1,Graduate,Married,2,Existing Customer,Blue,Less than $40K,46,4,3
720518283,50,M,2,Post-Graduate,Single,2,Existing Customer,Blue,$60K - $80K,36,1,3
720519333,59,F,2,Unknown,Single,3,Attrited Customer,Blue,Unknown,45,1,3
720520308,46,F,4,Graduate,Married,3,Attrited Customer,Blue,Less than $40K,28,4,2
720521808,38,M,1,Graduate,Single,2,Attrited Customer,Blue,$80K - $120K,19,6,3
720522633,44,M,3,College,Married,2,Existing Customer,Silver,$40K - $60K,36,2,1
720527058,39,F,1,Graduate,Single,3,Existing Customer,Blue,Less than $40K,24,4,3
720529308,63,M,0,High School,Single,1,Attrited Customer,Blue,$60K - $80K,48,5,3
720531633,55,F,1,Graduate,Unknown,2,Attrited Customer,Blue,Less than $40K,36,4,2
720532908,36,F,2,Unknown,Unknown,2,Existing Customer,Blue,$40K - $60K,20,4,3
720535008,46,M,4,Uneducated,Single,3,Existing Customer,Blue,$80K - $120K,36,1,2
720537633,44,F,3,Doctorate,Married,1,Existing Customer,Blue,Less than $40K,36,2,3
720539583,46,M,4,Unknown,Single,4,Existing Customer,Blue,$60K - $80K,31,4,1
720540708,53,F,3,Uneducated,Married,4,Existing Customer,Blue,Less than $40K,42,3,2
720541758,45,F,4,College,Divorced,2,Existing Customer,Blue,Less than $40K,39,5,1
720547533,47,F,2,High School,Married,1,Existing Customer,Blue,Unknown,32,3,2
720551733,46,F,4,Doctorate,Married,6,Attrited Customer,Blue,Unknown,26,3,3
720553158,39,F,1,Graduate,Single,1,Existing Customer,Blue,Less than $40K,31,5,2
720555483,48,M,3,Graduate,Single,3,Existing Customer,Blue,$80K - $120K,35,3,3
720557883,35,M,3,Uneducated,Single,1,Existing Customer,Blue,Less than $40K,21,5,2
720559908,58,F,2,Uneducated,Divorced,4,Existing Customer,Silver,Less than $40K,46,6,1
720562008,34,M,2,Graduate,Single,3,Existing Customer,Silver,$80K - $120K,22,4,3
720563058,56,F,3,College,Single,3,Existing Customer,Blue,Unknown,43,6,1
720563958,48,F,3,Post-Graduate,Married,3,Attrited Customer,Blue,Unknown,38,6,1
720565458,43,M,2,Post-Graduate,Single,3,Attrited Customer,Blue,$60K - $80K,36,2,3
720568083,40,M,2,Graduate,Divorced,4,Existing Customer,Blue,$60K - $80K,36,5,2
720570333,48,F,3,College,Married,0,Existing Customer,Blue,Less than $40K,36,5,3
720572508,38,F,4,Graduate,Married,3,Existing Customer,Blue,Unknown,28,2,3
720575058,47,M,3,Unknown,Single,1,Existing Customer,Blue,$60K - $80K,36,3,2
720578058,53,M,4,Unknown,Single,4,Existing Customer,Blue,$60K - $80K,42,3,3
720580383,50,M,3,Graduate,Married,4,Existing Customer,Blue,Less than $40K,37,3,2
720582558,44,F,2,Uneducated,Married,1,Existing Customer,Blue,Less than $40K,34,3,3
720585183,50,M,3,High School,Married,2,Existing Customer,Blue,$60K - $80K,35,3,3
720589008,47,F,3,Doctorate,Unknown,2,Existing Customer,Blue,Unknown,38,1,3
720590058,51,F,1,Graduate,Unknown,3,Attrited Customer,Blue,$40K - $60K,36,3,3
720592533,41,M,4,Graduate,Unknown,2,Attrited Customer,Blue,$80K - $120K,31,3,3
720593583,39,F,2,Doctorate,Divorced,2,Existing Customer,Blue,Less than $40K,32,1,2
720595083,40,F,3,Unknown,Married,3,Existing Customer,Blue,Less than $40K,30,4,2
720597108,48,F,3,Post-Graduate,Divorced,1,Attrited Customer,Blue,Less than $40K,36,5,3
720598308,47,M,4,Uneducated,Single,6,Attrited Customer,Blue,$120K +,37,3,2
720599658,49,M,1,Unknown,Married,1,Existing Customer,Blue,$40K - $60K,36,2,2
720600858,41,M,4,Graduate,Married,2,Existing Customer,Blue,$60K - $80K,26,5,2
720603558,36,M,4,Graduate,Single,1,Existing Customer,Blue,$60K - $80K,36,3,2
720605808,53,F,1,Graduate,Single,3,Attrited Customer,Blue,Less than $40K,36,2,2
720608658,33,F,1,Uneducated,Single,3,Existing Customer,Blue,Less than $40K,36,5,3
720610008,59,M,1,College,Married,4,Attrited Customer,Blue,$120K +,50,1,5
720611058,40,M,3,Graduate,Single,3,Existing Customer,Blue,$120K +,27,4,2
720612333,44,F,3,College,Single,2,Attrited Customer,Blue,Less than $40K,28,6,2
720614658,40,F,2,High School,Divorced,2,Existing Customer,Blue,$60K - $80K,25,6,4
720615708,57,M,0,Uneducated,Married,2,Attrited Customer,Blue,$40K - $60K,45,6,2
720616908,54,M,1,Uneducated,Single,2,Existing Customer,Blue,$120K +,36,5,1
720618033,43,F,3,College,Married,2,Existing Customer,Blue,$40K - $60K,36,1,3
720620058,41,M,4,High School,Unknown,2,Existing Customer,Blue,$80K - $120K,36,4,3
720621408,38,M,2,Uneducated,Married,2,Existing Customer,Blue,Less than $40K,36,2,3
720626058,37,M,1,Graduate,Single,4,Existing Customer,Blue,$80K - $120K,24,4,4
720633558,37,F,3,Graduate,Divorced,4,Existing Customer,Blue,Less than $40K,24,3,3
720634683,48,M,2,College,Married,4,Attrited Customer,Blue,Unknown,37,5,2
720635883,34,M,3,Unknown,Unknown,3,Existing Customer,Blue,$80K - $120K,24,6,3
720637008,51,F,2,Uneducated,Married,3,Existing Customer,Blue,Less than $40K,43,6,2
720638283,40,F,4,College,Single,2,Existing Customer,Blue,Less than $40K,20,4,3
720639783,35,F,1,Uneducated,Married,2,Existing Customer,Silver,Unknown,27,4,3
720642633,43,F,4,Graduate,Single,1,Existing Customer,Blue,$40K - $60K,24,6,1
720644883,53,M,1,College,Unknown,1,Existing Customer,Blue,Unknown,40,3,2
720648483,39,M,4,College,Single,2,Existing Customer,Blue,$80K - $120K,31,4,3
720650208,40,F,3,College,Unknown,3,Attrited Customer,Blue,$40K - $60K,22,3,3
720654183,45,M,4,Graduate,Married,3,Attrited Customer,Blue,$80K - $120K,35,2,3
720655833,48,F,4,High School,Married,2,Attrited Customer,Blue,Less than $40K,30,2,3
720656883,50,F,3,Graduate,Single,1,Existing Customer,Blue,Less than $40K,40,3,3
720659283,37,M,5,Graduate,Married,4,Existing Customer,Blue,$60K - $80K,31,5,3
720660558,50,M,2,Uneducated,Married,4,Existing Customer,Blue,$120K +,36,4,3
720662508,39,M,1,Graduate,Married,2,Attrited Customer,Blue,$120K +,25,6,3
720666333,36,M,3,Unknown,Unknown,2,Existing Customer,Blue,$120K +,24,6,3
720667383,39,F,2,High School,Married,1,Existing Customer,Blue,Less than $40K,32,5,3
720668358,59,M,0,Uneducated,Single,3,Existing Customer,Blue,$40K - $60K,46,3,3
720670458,52,F,2,Unknown,Single,3,Existing Customer,Blue,$40K - $60K,45,3,1
720673008,49,F,3,Unknown,Divorced,4,Existing Customer,Blue,Less than $40K,38,3,3
720674133,36,M,1,Uneducated,Married,2,Existing Customer,Blue,$40K - $60K,16,5,3
720676158,34,F,4,Uneducated,Single,2,Existing Customer,Blue,Unknown,21,6,3
720677733,40,M,3,Graduate,Married,0,Attrited Customer,Silver,$80K - $120K,36,6,3
720680058,47,F,2,Post-Graduate,Unknown,3,Existing Customer,Blue,Less than $40K,36,6,1
720682308,59,F,0,Uneducated,Single,4,Existing Customer,Blue,Unknown,46,5,1
720683958,41,M,4,Uneducated,Divorced,2,Existing Customer,Gold,$80K - $120K,36,6,2
720686583,46,M,3,High School,Divorced,4,Existing Customer,Blue,$120K +,37,5,3
720688158,37,F,3,High School,Single,4,Existing Customer,Blue,Less than $40K,25,3,2
720689583,50,F,3,High School,Unknown,3,Existing Customer,Blue,$40K - $60K,40,1,3
720690933,52,M,4,Uneducated,Married,3,Existing Customer,Blue,$60K - $80K,39,5,1
720693033,33,M,1,Unknown,Married,4,Attrited Customer,Blue,$60K - $80K,36,1,3
720695583,65,M,1,Graduate,Single,3,Existing Customer,Blue,Unknown,53,6,2
720696558,44,M,2,Graduate,Single,4,Existing Customer,Blue,$80K - $120K,31,5,2
720697908,35,M,2,High School,Married,1,Existing Customer,Blue,$40K - $60K,21,3,3
720698883,51,M,1,High School,Single,3,Attrited Customer,Blue,$80K - $120K,38,2,3
720700008,50,F,1,High School,Single,3,Existing Customer,Blue,Less than $40K,36,1,1
720706008,30,M,2,Post-Graduate,Single,5,Attrited Customer,Blue,$40K - $60K,16,5,3
720707283,48,M,4,Unknown,Unknown,0,Existing Customer,Blue,$80K - $120K,36,5,3
720708183,53,F,1,Uneducated,Unknown,1,Existing Customer,Silver,$40K - $60K,36,5,1
720711483,56,F,1,High School,Married,3,Attrited Customer,Blue,Unknown,42,5,2
720712533,51,M,3,Graduate,Married,3,Existing Customer,Gold,$80K - $120K,36,2,1
720714933,62,F,1,Graduate,Married,2,Existing Customer,Blue,Less than $40K,49,4,2
720717108,64,M,1,Uneducated,Single,1,Existing Customer,Blue,Unknown,51,6,3
720718908,46,M,3,Uneducated,Single,3,Existing Customer,Blue,$120K +,36,5,1
720719883,54,F,1,Graduate,Single,3,Attrited Customer,Blue,Unknown,41,3,3
720724008,43,M,2,Graduate,Single,4,Existing Customer,Blue,$80K - $120K,36,4,1
720725058,51,F,1,Graduate,Single,4,Attrited Customer,Blue,Less than $40K,37,1,3
720725883,34,F,2,College,Single,3,Existing Customer,Blue,Less than $40K,20,5,2
720728133,44,M,4,Uneducated,Single,3,Existing Customer,Blue,$40K - $60K,33,4,3
720729108,32,M,0,Unknown,Single,1,Existing Customer,Blue,Less than $40K,17,1,2
720730683,51,M,2,Graduate,Married,3,Existing Customer,Blue,Unknown,36,5,3
720731808,52,F,3,Graduate,Single,4,Attrited Customer,Blue,Less than $40K,38,2,3
720734583,44,F,2,Post-Graduate,Married,3,Existing Customer,Blue,Less than $40K,32,1,3
720735408,44,F,4,Doctorate,Married,1,Existing Customer,Blue,$40K - $60K,30,1,3
720736608,42,M,2,Graduate,Married,1,Existing Customer,Blue,$60K - $80K,36,2,2
720739083,36,F,2,Post-Graduate,Married,3,Attrited Customer,Blue,Less than $40K,25,5,2
720742083,48,F,4,Unknown,Married,3,Attrited Customer,Blue,Less than $40K,36,4,3
720746208,52,M,1,Graduate,Married,1,Existing Customer,Blue,$80K - $120K,43,6,1
720747633,32,M,1,Unknown,Married,4,Existing Customer,Blue,$40K - $60K,36,3,2
720748608,44,F,3,Graduate,Divorced,2,Attrited Customer,Blue,$40K - $60K,32,1,2
720753183,48,M,2,Post-Graduate,Married,2,Existing Customer,Blue,$40K - $60K,36,4,3
720755658,42,F,2,Doctorate,Married,0,Existing Customer,Blue,Less than $40K,32,6,6
720756708,52,F,3,Unknown,Married,2,Existing Customer,Blue,Less than $40K,41,6,3
720758808,38,M,3,College,Single,5,Attrited Customer,Blue,$60K - $80K,18,5,1
720761208,59,M,1,College,Married,2,Attrited Customer,Blue,$120K +,47,2,4
720766908,40,F,2,Uneducated,Married,2,Attrited Customer,Blue,Less than $40K,28,2,2
720768258,52,F,3,Graduate,Single,1,Existing Customer,Blue,Less than $40K,34,5,2
720769533,65,M,0,Graduate,Single,1,Existing Customer,Blue,$40K - $60K,36,4,0
720770883,65,F,0,Graduate,Single,3,Existing Customer,Blue,Less than $40K,56,5,3
720771933,49,F,3,Post-Graduate,Married,1,Attrited Customer,Blue,$40K - $60K,36,5,2
720774183,40,F,1,High School,Married,1,Existing Customer,Blue,Less than $40K,30,6,2
720776508,44,F,2,Doctorate,Unknown,2,Existing Customer,Blue,$40K - $60K,25,4,3
720777558,46,M,4,Graduate,Single,2,Existing Customer,Blue,Less than $40K,38,6,2
720778458,49,M,3,Unknown,Married,3,Existing Customer,Blue,$60K - $80K,36,6,3
720779733,56,M,1,Uneducated,Married,2,Existing Customer,Blue,$120K +,36,3,2
720781158,44,F,2,Uneducated,Divorced,3,Existing Customer,Blue,$40K - $60K,27,4,2
720782658,42,M,4,Graduate,Married,3,Existing Customer,Blue,$60K - $80K,36,4,2
720783558,58,F,1,Graduate,Married,1,Existing Customer,Blue,Unknown,48,2,3
720784833,48,F,3,Graduate,Single,1,Attrited Customer,Blue,Unknown,36,3,3
720786033,55,M,1,College,Single,4,Existing Customer,Blue,$80K - $120K,42,5,2
720788883,58,F,0,Uneducated,Unknown,3,Existing Customer,Blue,Unknown,36,1,2
720789933,46,F,4,Graduate,Married,1,Existing Customer,Blue,Unknown,32,2,1
720795858,44,M,4,Graduate,Married,2,Existing Customer,Blue,$60K - $80K,25,3,3
720799608,57,M,2,Graduate,Married,2,Existing Customer,Blue,$40K - $60K,49,5,1
720801033,51,F,1,High School,Married,3,Existing Customer,Blue,Unknown,36,3,2
720802833,26,F,1,High School,Single,3,Existing Customer,Blue,Less than $40K,13,3,2
720807183,55,M,2,Graduate,Single,1,Existing Customer,Blue,$80K - $120K,36,3,2
720809358,39,M,1,College,Unknown,3,Existing Customer,Blue,$40K - $60K,32,1,1
720810783,54,F,2,Graduate,Married,3,Attrited Customer,Blue,Unknown,44,2,3
720812433,54,M,2,College,Married,2,Attrited Customer,Blue,$120K +,46,6,1
720814233,45,F,4,High School,Married,3,Existing Customer,Blue,$80K - $120K,34,4,3
720815208,52,M,0,High School,Single,3,Attrited Customer,Blue,$120K +,39,5,3
720817533,54,M,1,Uneducated,Married,2,Existing Customer,Blue,$120K +,40,4,1
720818658,50,M,1,Uneducated,Married,3,Existing Customer,Blue,Less than $40K,38,3,3
720819858,47,M,4,Post-Graduate,Single,2,Existing Customer,Blue,Less than $40K,27,1,2
720823458,59,F,2,Unknown,Married,2,Existing Customer,Blue,Less than $40K,46,2,6
720824883,48,F,1,Unknown,Married,2,Existing Customer,Blue,Less than $40K,40,3,1
720827133,43,F,3,Doctorate,Married,2,Existing Customer,Blue,Less than $40K,30,1,2
720831783,50,F,0,High School,Unknown,1,Existing Customer,Blue,Less than $40K,36,3,2
720835308,49,F,2,Uneducated,Married,3,Existing Customer,Blue,Unknown,34,6,1
720836808,35,M,3,High School,Single,2,Existing Customer,Blue,$80K - $120K,28,4,2
720837708,42,F,3,College,Married,3,Existing Customer,Blue,Less than $40K,28,1,2
720840108,44,M,0,Uneducated,Married,0,Existing Customer,Blue,Less than $40K,24,5,3
720841533,29,M,0,Graduate,Married,5,Existing Customer,Blue,Less than $40K,15,3,1
720844008,54,F,4,Graduate,Single,2,Existing Customer,Blue,Less than $40K,45,6,2
720846558,49,M,1,Unknown,Single,4,Existing Customer,Blue,$80K - $120K,36,6,3
720848733,38,M,1,High School,Married,2,Existing Customer,Blue,$80K - $120K,24,4,3
720849708,44,M,4,Graduate,Single,1,Existing Customer,Blue,$80K - $120K,37,3,3
720852108,46,M,4,High School,Divorced,1,Existing Customer,Blue,$120K +,31,2,3
720853158,38,F,3,High School,Married,3,Existing Customer,Blue,Unknown,24,6,3
720854358,27,M,0,Unknown,Married,4,Existing Customer,Blue,$40K - $60K,14,4,1
720859533,52,F,2,High School,Single,1,Existing Customer,Blue,$40K - $60K,39,2,1
720863133,65,M,1,Graduate,Married,4,Existing Customer,Blue,Less than $40K,54,5,3
720865383,53,M,3,Graduate,Single,1,Existing Customer,Blue,$120K +,45,4,3
720867708,45,F,4,Graduate,Unknown,2,Attrited Customer,Blue,Less than $40K,33,1,3
720868683,50,F,4,Uneducated,Single,3,Existing Customer,Blue,$40K - $60K,22,5,2
720871383,36,M,2,Graduate,Married,3,Existing Customer,Blue,$80K - $120K,28,5,3
720872433,39,F,1,Uneducated,Single,6,Attrited Customer,Blue,$40K - $60K,28,5,3
720874983,51,M,3,Uneducated,Married,1,Existing Customer,Silver,$80K - $120K,37,1,2
720877083,50,M,2,Graduate,Married,2,Existing Customer,Blue,$80K - $120K,36,6,1
720879708,52,F,2,High School,Single,4,Attrited Customer,Blue,$80K - $120K,44,3,2
720885558,51,F,2,High School,Married,1,Existing Customer,Blue,$40K - $60K,37,5,1
720887058,51,F,1,Unknown,Married,3,Existing Customer,Blue,Unknown,35,1,2
720891633,53,F,2,High School,Single,2,Attrited Customer,Blue,Less than $40K,46,6,1
720892833,50,F,3,Graduate,Married,2,Existing Customer,Blue,$40K - $60K,39,5,3
720893958,49,F,4,Uneducated,Single,3,Existing Customer,Blue,Less than $40K,36,1,3
720895533,32,F,4,Unknown,Married,3,Existing Customer,Blue,Less than $40K,22,6,3
720897783,50,M,1,Uneducated,Married,5,Existing Customer,Blue,$120K +,30,6,2
720899058,35,M,2,Graduate,Married,1,Existing Customer,Blue,$80K - $120K,21,6,2
720899883,44,F,1,High School,Married,2,Existing Customer,Blue,$40K - $60K,35,6,2
720902133,58,F,1,High School,Single,0,Existing Customer,Blue,$40K - $60K,46,4,1
720903258,48,M,3,Unknown,Unknown,1,Attrited Customer,Blue,$60K - $80K,28,2,2
720904233,53,M,0,Graduate,Married,2,Existing Customer,Blue,$80K - $120K,41,3,3
720905133,43,M,3,Graduate,Unknown,6,Attrited Customer,Blue,$80K - $120K,29,1,2
720906033,35,M,1,Graduate,Married,4,Existing Customer,Blue,$40K - $60K,25,5,4
720909408,37,M,2,High School,Unknown,2,Existing Customer,Blue,$120K +,24,4,2
720914358,46,M,3,Graduate,Married,3,Existing Customer,Blue,Less than $40K,36,3,2
720916683,41,M,3,Graduate,Single,2,Existing Customer,Blue,$80K - $120K,26,4,3
720917808,35,M,2,High School,Single,4,Existing Customer,Blue,$40K - $60K,36,5,3
720920058,38,M,2,Graduate,Married,4,Existing Customer,Blue,$60K - $80K,25,3,3
720921408,46,F,2,College,Single,4,Existing Customer,Blue,Less than $40K,36,6,1
720923658,48,M,3,Post-Graduate,Single,2,Existing Customer,Blue,$60K - $80K,39,5,2
720924633,40,M,5,Graduate,Unknown,1,Existing Customer,Blue,Less than $40K,27,4,2
720927183,56,F,4,Graduate,Married,2,Existing Customer,Blue,Less than $40K,36,3,5
720930633,58,F,0,High School,Single,2,Existing Customer,Blue,Less than $40K,46,5,4
720933408,56,F,2,Uneducated,Unknown,2,Existing Customer,Blue,Less than $40K,36,3,1
720935658,57,F,4,Post-Graduate,Single,3,Existing Customer,Blue,Less than $40K,45,2,2
720939933,46,F,4,Unknown,Single,5,Attrited Customer,Blue,Less than $40K,33,5,3
720941433,53,F,3,High School,Married,2,Attrited Customer,Blue,Less than $40K,41,3,3
720942333,49,M,2,Unknown,Married,4,Existing Customer,Blue,$40K - $60K,36,4,3
720943308,47,M,3,Graduate,Single,2,Existing Customer,Silver,$60K - $80K,36,1,1
720949083,44,F,3,Uneducated,Single,5,Existing Customer,Blue,Less than $40K,33,5,3
720950283,47,M,3,High School,Unknown,3,Attrited Customer,Blue,$80K - $120K,34,3,3
720952608,44,F,2,High School,Single,2,Existing Customer,Blue,Less than $40K,29,6,1
720953658,59,F,0,Graduate,Married,4,Existing Customer,Blue,Less than $40K,36,5,3
720959058,44,F,3,Unknown,Single,1,Existing Customer,Blue,Unknown,33,5,3
720961383,47,F,3,Uneducated,Unknown,4,Attrited Customer,Blue,Unknown,36,2,3
720962208,42,M,2,Post-Graduate,Married,2,Attrited Customer,Blue,$60K - $80K,27,2,2
720963258,52,F,3,College,Married,3,Attrited Customer,Blue,Less than $40K,40,3,2
720964683,60,M,0,High School,Single,2,Existing Customer,Blue,$40K - $60K,36,5,3
720967233,43,F,2,Unknown,Married,1,Existing Customer,Blue,Less than $40K,29,4,1
720968583,52,F,2,Unknown,Married,2,Existing Customer,Blue,Unknown,45,3,1
720971358,59,M,0,High School,Single,3,Existing Customer,Blue,$80K - $120K,47,5,3
720973833,49,M,2,Graduate,Divorced,2,Existing Customer,Blue,$60K - $80K,36,5,3
720977358,50,F,2,Unknown,Married,2,Existing Customer,Blue,Less than $40K,36,3,2
720980958,43,F,5,Uneducated,Married,2,Existing Customer,Blue,Less than $40K,30,1,3
720983733,44,M,3,Unknown,Single,3,Attrited Customer,Blue,$60K - $80K,36,2,3
720986958,50,F,2,Graduate,Divorced,5,Attrited Customer,Blue,$40K - $60K,40,6,2
720988083,45,F,1,Uneducated,Married,2,Attrited Customer,Blue,Less than $40K,35,3,3
720989133,41,M,2,College,Married,2,Existing Customer,Blue,Less than $40K,36,2,1
720990183,54,M,5,High School,Married,3,Attrited Customer,Blue,$60K - $80K,36,5,2
720991833,48,F,2,Doctorate,Married,4,Attrited Customer,Blue,Less than $40K,36,4,3
720992883,47,F,4,Graduate,Married,3,Existing Customer,Blue,Less than $40K,37,4,3
720995583,48,M,2,Graduate,Divorced,2,Existing Customer,Silver,$60K - $80K,33,3,2
720997383,52,M,1,Uneducated,Married,3,Attrited Customer,Blue,$80K - $120K,36,2,3
720998358,52,M,0,High School,Married,1,Existing Customer,Silver,$120K +,41,3,3
721000833,49,M,0,Uneducated,Married,2,Existing Customer,Blue,$60K - $80K,38,1,3
721001883,41,M,3,Uneducated,Married,2,Existing Customer,Blue,$60K - $80K,30,3,1
721003008,36,F,4,Graduate,Married,2,Attrited Customer,Blue,Less than $40K,24,3,2
721004133,38,F,2,Graduate,Single,2,Existing Customer,Blue,Less than $40K,25,6,2
721005108,41,M,0,College,Married,2,Existing Customer,Blue,$40K - $60K,29,3,2
721006458,42,F,2,Unknown,Single,3,Existing Customer,Blue,$120K +,35,2,1
721008933,44,F,2,Graduate,Divorced,2,Existing Customer,Blue,$40K - $60K,36,1,1
721011858,63,M,1,Graduate,Unknown,3,Existing Customer,Blue,Less than $40K,52,6,3
721012983,46,M,3,Doctorate,Married,2,Existing Customer,Blue,$80K - $120K,38,6,1
721014858,61,F,0,Graduate,Married,2,Existing Customer,Blue,Less than $40K,53,4,1
721017333,42,F,4,Post-Graduate,Unknown,3,Existing Customer,Blue,Less than $40K,36,4,2
721020858,34,F,1,College,Single,2,Attrited Customer,Blue,Unknown,20,2,2
721022433,44,M,2,Doctorate,Single,2,Existing Customer,Blue,$60K - $80K,36,5,1
721023708,47,M,4,Uneducated,Married,3,Existing Customer,Blue,$60K - $80K,36,3,3
721026033,57,F,1,Unknown,Unknown,2,Existing Customer,Blue,Less than $40K,44,4,3
721027083,47,F,4,Post-Graduate,Married,0,Existing Customer,Blue,Unknown,36,6,1
721028283,40,F,4,High School,Married,3,Existing Customer,Blue,$40K - $60K,28,4,1
721029858,52,F,3,Graduate,Single,2,Existing Customer,Blue,Less than $40K,36,2,1
721032633,55,F,3,Unknown,Single,4,Attrited Customer,Blue,$40K - $60K,32,5,3
721033908,58,M,1,Uneducated,Single,1,Existing Customer,Blue,$60K - $80K,46,6,3
721036233,61,M,0,High School,Married,3,Existing Customer,Blue,$60K - $80K,36,4,3
721038408,38,F,2,High School,Married,2,Existing Customer,Blue,Less than $40K,27,4,1
721039308,40,M,4,Uneducated,Single,2,Existing Customer,Blue,$80K - $120K,36,4,3
721041483,45,M,4,Doctorate,Married,2,Attrited Customer,Blue,$60K - $80K,37,1,2
721043058,58,M,4,Unknown,Married,3,Existing Customer,Blue,$60K - $80K,44,5,1
721044333,34,F,2,College,Married,0,Attrited Customer,Blue,Less than $40K,22,5,2
721045608,51,M,3,High School,Married,3,Existing Customer,Blue,Less than $40K,32,6,3
721049658,53,M,3,Graduate,Single,0,Existing Customer,Blue,$80K - $120K,34,6,3
721051908,45,M,3,Graduate,Single,3,Existing Customer,Blue,$60K - $80K,33,3,1
721053633,45,M,2,College,Single,1,Existing Customer,Blue,$40K - $60K,31,2,2
721055058,36,M,2,Uneducated,Married,5,Existing Customer,Blue,$60K - $80K,21,4,1
721057758,61,F,1,Unknown,Married,3,Existing Customer,Blue,Unknown,47,4,2
721059033,48,F,3,High School,Divorced,2,Existing Customer,Blue,$40K - $60K,40,4,1
721060083,42,F,3,College,Married,1,Attrited Customer,Blue,Unknown,27,1,1
721062408,54,M,2,Uneducated,Divorced,4,Existing Customer,Blue,$40K - $60K,34,4,3
721063533,51,M,2,Graduate,Single,3,Existing Customer,Blue,$40K - $60K,41,1,3
721067658,40,M,4,Graduate,Married,3,Existing Customer,Silver,$60K - $80K,36,6,1
721072908,51,M,0,Doctorate,Single,3,Existing Customer,Blue,$60K - $80K,36,6,2
721074183,49,F,1,Doctorate,Married,3,Existing Customer,Blue,$60K - $80K,36,4,6
721080183,33,F,1,Graduate,Single,3,Existing Customer,Blue,$40K - $60K,20,2,2
721083258,37,F,4,High School,Married,3,Existing Customer,Blue,$40K - $60K,22,5,1
721084833,48,M,5,High School,Married,2,Existing Customer,Silver,$40K - $60K,34,5,0
721086483,27,F,0,Uneducated,Single,3,Existing Customer,Silver,Less than $40K,19,3,3
721091583,44,F,2,Graduate,Single,3,Existing Customer,Blue,Less than $40K,32,3,3
721092783,46,M,3,Graduate,Married,1,Existing Customer,Blue,$80K - $120K,36,6,3
721093608,44,M,2,High School,Single,1,Existing Customer,Blue,$40K - $60K,31,5,1
721096983,34,F,2,Graduate,Single,4,Existing Customer,Blue,Less than $40K,36,4,3
721104708,41,F,3,Post-Graduate,Single,1,Attrited Customer,Blue,Less than $40K,36,1,3
721106133,57,F,3,Uneducated,Divorced,1,Existing Customer,Blue,Unknown,36,3,4
721107258,45,F,5,Unknown,Unknown,2,Existing Customer,Blue,Less than $40K,37,2,2
721109358,39,M,3,High School,Married,1,Existing Customer,Blue,$60K - $80K,27,6,2
721111233,52,M,2,Graduate,Married,3,Existing Customer,Blue,$80K - $120K,43,6,3
721112508,48,F,3,Graduate,Married,1,Existing Customer,Blue,Less than $40K,40,2,3
721113333,54,F,0,Graduate,Married,3,Existing Customer,Blue,Less than $40K,36,1,2
721114458,46,M,4,College,Single,2,Existing Customer,Blue,$120K +,36,1,2
721115733,47,M,3,Unknown,Married,2,Existing Customer,Blue,$60K - $80K,36,5,3
721117533,46,F,3,Graduate,Single,3,Existing Customer,Blue,Less than $40K,26,3,3
721120008,43,F,2,Uneducated,Single,2,Existing Customer,Blue,$40K - $60K,29,6,3
721121283,37,F,2,Graduate,Single,4,Existing Customer,Blue,$40K - $60K,24,4,1
721122258,38,M,3,Uneducated,Married,3,Existing Customer,Blue,$40K - $60K,36,5,5
721124658,40,M,3,Uneducated,Unknown,3,Attrited Customer,Blue,$80K - $120K,27,4,2
721126833,51,M,2,High School,Married,3,Existing Customer,Blue,$80K - $120K,41,5,2
721129383,53,F,1,Doctorate,Married,2,Existing Customer,Blue,Less than $40K,36,3,1
721132233,42,F,4,Uneducated,Married,2,Existing Customer,Blue,Less than $40K,31,2,2
721137558,40,M,4,Graduate,Unknown,3,Attrited Customer,Blue,$40K - $60K,28,1,2
721139808,42,F,3,Graduate,Single,1,Existing Customer,Blue,Less than $40K,36,1,2
721143258,46,M,1,High School,Single,3,Existing Customer,Blue,$40K - $60K,33,6,4
721144383,42,M,4,Graduate,Married,2,Existing Customer,Silver,$60K - $80K,28,5,1
721145433,52,F,5,High School,Married,2,Existing Customer,Silver,Less than $40K,36,3,2
721147383,37,F,2,High School,Single,4,Existing Customer,Blue,Less than $40K,22,4,2
721148358,49,F,3,Uneducated,Single,1,Existing Customer,Blue,Unknown,38,6,2
721150833,37,M,1,Graduate,Single,5,Existing Customer,Blue,$80K - $120K,18,6,2
721154208,60,F,1,Unknown,Married,3,Existing Customer,Blue,Less than $40K,36,3,4
721156758,52,M,3,Graduate,Married,1,Existing Customer,Blue,$60K - $80K,44,1,2
721158108,38,M,2,Graduate,Single,4,Existing Customer,Blue,$60K - $80K,30,3,2
721163133,44,M,2,Graduate,Married,1,Existing Customer,Blue,Unknown,36,6,3
721164483,46,F,2,College,Married,3,Existing Customer,Blue,$40K - $60K,34,2,1
721165608,51,M,2,Graduate,Married,3,Existing Customer,Silver,$60K - $80K,36,3,6
721167783,54,F,4,High School,Single,3,Existing Customer,Blue,$80K - $120K,39,1,3
721169883,41,M,5,College,Married,2,Existing Customer,Blue,$60K - $80K,31,1,3
721171008,31,F,1,Unknown,Married,1,Existing Customer,Silver,Less than $40K,36,2,3
721173183,57,F,2,Uneducated,Married,2,Existing Customer,Blue,Unknown,43,2,1
721174008,37,M,2,Uneducated,Married,3,Existing Customer,Blue,$120K +,23,4,3
721175283,59,F,1,Graduate,Married,1,Existing Customer,Blue,Less than $40K,36,3,1
721178583,NULL,F,3,Graduate,Unknown,2,Existing Customer,Blue,Unknown,22,2,3
721179708,48,F,2,Unknown,Married,3,Existing Customer,Blue,Less than $40K,37,4,2
721181883,30,F,0,College,Single,3,Existing Customer,Blue,Unknown,18,4,2
721183983,48,M,4,High School,Married,1,Existing Customer,Blue,$120K +,31,6,3
721188033,48,M,5,College,Married,1,Existing Customer,Blue,Less than $40K,39,2,3
721189008,41,M,4,Graduate,Unknown,4,Existing Customer,Blue,$80K - $120K,27,4,2
721190358,49,M,4,Unknown,Unknown,2,Existing Customer,Blue,$80K - $120K,29,2,2
721194858,48,M,4,Graduate,Married,2,Existing Customer,Blue,$80K - $120K,40,6,2
721202058,62,F,0,High School,Unknown,1,Existing Customer,Blue,$40K - $60K,49,4,1
721205508,47,M,4,High School,Married,4,Existing Customer,Blue,$80K - $120K,36,3,3
721207908,47,M,5,High School,Single,3,Existing Customer,Blue,Less than $40K,37,5,2
721210158,29,M,2,College,Married,3,Existing Customer,Blue,$40K - $60K,17,3,1
721211433,42,M,4,Doctorate,Single,2,Existing Customer,Blue,$60K - $80K,31,2,2
721212258,48,M,4,High School,Single,3,Existing Customer,Blue,$120K +,40,2,3
721213833,46,F,2,High School,Unknown,3,Existing Customer,Blue,Unknown,32,4,1
721217283,27,F,0,Graduate,Single,2,Existing Customer,Blue,$120K +,17,6,2
721218408,53,M,4,High School,Married,4,Existing Customer,Blue,$120K +,41,6,3
721220583,54,F,2,Graduate,Married,3,Existing Customer,Blue,$40K - $60K,41,3,1
721221783,62,M,2,Graduate,Single,2,Existing Customer,Blue,Less than $40K,48,6,3
721222833,51,F,3,Graduate,Married,3,Existing Customer,Blue,$40K - $60K,36,3,3
721225083,54,F,2,Unknown,Divorced,1,Existing Customer,Blue,Less than $40K,36,1,2
721227258,51,M,1,Post-Graduate,Married,2,Existing Customer,Silver,$120K +,31,2,5
721228308,47,M,2,High School,Married,3,Attrited Customer,Blue,Less than $40K,39,5,3
721232058,49,M,1,Graduate,Unknown,3,Existing Customer,Silver,$40K - $60K,41,6,1
721233033,50,M,2,High School,Single,3,Attrited Customer,Blue,$80K - $120K,38,1,2
721234308,35,F,2,Uneducated,Married,3,Existing Customer,Blue,Less than $40K,21,6,2
721236408,38,M,2,Graduate,Married,3,Existing Customer,Blue,$80K - $120K,29,5,3
721238508,38,F,3,High School,Unknown,3,Existing Customer,Blue,Less than $40K,26,3,3
721241583,48,F,3,Graduate,Married,2,Existing Customer,Blue,Less than $40K,43,5,3
721243083,55,M,3,Uneducated,Divorced,4,Attrited Customer,Blue,$80K - $120K,41,1,3
721246833,47,F,3,Unknown,Unknown,3,Existing Customer,Blue,Less than $40K,36,6,2
721247883,52,M,2,College,Unknown,3,Existing Customer,Blue,$80K - $120K,41,4,2
721249158,42,M,2,Uneducated,Single,3,Attrited Customer,Blue,$60K - $80K,30,2,2
721250358,50,M,2,Unknown,Married,3,Existing Customer,Blue,$40K - $60K,36,3,1
721252683,NULL,M,5,Unknown,Married,4,Existing Customer,Blue,$80K - $120K,33,4,2
721253508,40,M,3,High School,Married,1,Existing Customer,Blue,$80K - $120K,36,6,3
721254858,42,F,5,Graduate,Married,1,Existing Customer,Blue,Less than $40K,18,6,1
721256808,35,F,2,Unknown,Single,2,Existing Customer,Blue,Less than $40K,20,6,1
721258158,65,F,1,Uneducated,Unknown,5,Existing Customer,Blue,Unknown,51,3,3
721264533,49,F,3,Unknown,Married,3,Existing Customer,Blue,Less than $40K,36,1,1
721265883,26,M,1,Graduate,Single,2,Existing Customer,Blue,Less than $40K,13,3,3
721268133,44,M,3,Post-Graduate,Married,2,Existing Customer,Blue,$40K - $60K,36,5,2
721269108,45,F,5,Graduate,Single,3,Existing Customer,Blue,Less than $40K,33,5,3
721273008,54,F,1,College,Unknown,4,Attrited Customer,Silver,Less than $40K,43,6,3
721274208,41,F,2,High School,Single,3,Attrited Customer,Blue,Less than $40K,36,4,3
721276383,47,M,2,Post-Graduate,Divorced,3,Existing Customer,Blue,$40K - $60K,33,6,2
721279083,53,M,4,Graduate,Married,3,Existing Customer,Blue,$80K - $120K,33,5,3
721282908,44,F,4,Graduate,Married,2,Existing Customer,Blue,$40K - $60K,29,3,1
721284258,53,M,2,Unknown,Married,3,Existing Customer,Blue,$80K - $120K,44,4,1
721287183,49,F,2,Uneducated,Married,3,Existing Customer,Blue,Less than $40K,35,5,2
721288158,33,M,2,Unknown,Single,2,Existing Customer,Blue,$120K +,15,4,2
721290708,50,M,1,Uneducated,Married,2,Existing Customer,Blue,$60K - $80K,30,1,3
721294533,48,M,4,Graduate,Married,1,Existing Customer,Blue,$80K - $120K,34,1,1
721295658,62,M,1,Unknown,Single,4,Existing Customer,Blue,$80K - $120K,55,6,1
721299483,47,M,3,Graduate,Single,1,Existing Customer,Blue,$80K - $120K,32,2,1
721301733,53,M,1,Graduate,Married,2,Existing Customer,Blue,$80K - $120K,38,6,3
721304133,36,F,4,High School,Married,3,Existing Customer,Blue,Less than $40K,36,4,1
721305408,48,F,2,Graduate,Unknown,1,Existing Customer,Blue,Less than $40K,37,4,2
721306908,61,F,1,Graduate,Unknown,2,Existing Customer,Blue,Unknown,44,4,3
721308033,45,F,2,Post-Graduate,Single,1,Attrited Customer,Blue,Less than $40K,37,3,3
721310283,47,M,3,Graduate,Single,4,Existing Customer,Blue,$120K +,36,6,2
721311333,32,M,1,High School,Married,4,Existing Customer,Blue,Unknown,22,3,1
721313808,50,M,1,Doctorate,Single,2,Existing Customer,Blue,$80K - $120K,41,6,1
721315233,47,M,4,High School,Single,4,Existing Customer,Silver,$40K - $60K,32,3,3
721316358,41,M,3,High School,Unknown,1,Existing Customer,Blue,$60K - $80K,28,5,1
721317333,40,F,4,Post-Graduate,Single,1,Existing Customer,Blue,$40K - $60K,31,4,2
721321383,50,F,3,Doctorate,Married,2,Existing Customer,Blue,Less than $40K,41,3,3
721325133,45,M,2,College,Married,3,Existing Customer,Blue,$80K - $120K,36,6,1
721332033,42,M,2,Unknown,Married,1,Existing Customer,Blue,$80K - $120K,30,4,2
721333233,40,F,4,Doctorate,Divorced,3,Existing Customer,Blue,$60K - $80K,34,4,2
721335558,57,F,2,Graduate,Single,3,Existing Customer,Blue,Less than $40K,36,1,2
721338783,49,F,4,Uneducated,Married,3,Existing Customer,Blue,Unknown,36,3,2
721342383,39,M,2,Graduate,Married,2,Existing Customer,Blue,$80K - $120K,34,6,3
721344858,26,M,0,Uneducated,Single,4,Existing Customer,Blue,Less than $40K,13,4,4
721347408,55,F,1,High School,Single,0,Existing Customer,Blue,Less than $40K,43,4,2
721349883,51,F,4,Graduate,Single,1,Existing Customer,Blue,Less than $40K,39,3,2
721350783,54,M,2,High School,Married,4,Existing Customer,Blue,$80K - $120K,38,6,3
721351983,43,F,4,Uneducated,Married,3,Attrited Customer,Blue,Less than $40K,36,5,3
721359183,33,F,2,Unknown,Married,4,Existing Customer,Blue,$40K - $60K,19,4,3
721361433,51,F,3,Graduate,Married,1,Existing Customer,Blue,Unknown,37,6,1
721365033,37,M,3,Uneducated,Single,4,Existing Customer,Blue,$40K - $60K,36,3,2
721366308,50,M,3,Unknown,Single,1,Existing Customer,Blue,$40K - $60K,39,4,3
721374033,53,F,1,High School,Married,3,Existing Customer,Blue,$40K - $60K,39,2,3
721375308,48,M,3,High School,Married,3,Existing Customer,Blue,$80K - $120K,36,5,1
721378008,31,M,0,Uneducated,Divorced,2,Existing Customer,Blue,$40K - $60K,21,6,2
721379433,44,M,4,Graduate,Married,3,Existing Customer,Blue,$60K - $80K,28,6,2
721382208,38,F,2,High School,Married,2,Existing Customer,Blue,$40K - $60K,27,2,1
721384308,39,F,1,Uneducated,Married,4,Existing Customer,Blue,$40K - $60K,36,4,1
721385433,64,M,0,Unknown,Married,4,Existing Customer,Blue,Less than $40K,51,3,3
721387008,42,M,4,Graduate,Married,3,Existing Customer,Blue,$120K +,24,3,2
721388283,54,M,2,Post-Graduate,Single,4,Existing Customer,Blue,$120K +,45,3,1
721393083,52,F,3,Unknown,Single,1,Existing Customer,Blue,$40K - $60K,45,5,3
721395633,53,M,1,Graduate,Single,3,Existing Customer,Blue,$80K - $120K,41,5,3
721396758,35,F,4,Doctorate,Married,3,Existing Customer,Blue,Less than $40K,36,3,1
721397808,32,M,0,High School,Married,0,Existing Customer,Blue,$40K - $60K,24,5,2
721398858,43,M,2,Unknown,Single,4,Existing Customer,Blue,$120K +,34,5,3
721399833,43,F,2,High School,Married,3,Existing Customer,Blue,$40K - $60K,34,3,1
721402233,42,M,3,Uneducated,Married,1,Existing Customer,Blue,$120K +,28,2,3
721406658,32,F,0,Unknown,Divorced,3,Attrited Customer,Blue,Less than $40K,36,6,3
721409358,36,F,1,Uneducated,Single,1,Existing Customer,Blue,Less than $40K,21,3,2
721410858,54,M,4,High School,Single,0,Existing Customer,Blue,Less than $40K,36,1,3
721412208,57,F,2,High School,Married,2,Existing Customer,Blue,Less than $40K,36,4,2
721415658,39,F,1,Graduate,Married,2,Existing Customer,Blue,$40K - $60K,27,3,1
721417233,45,M,2,Graduate,Married,3,Attrited Customer,Blue,$60K - $80K,25,3,5
721418133,45,F,3,Graduate,Single,3,Existing Customer,Blue,Less than $40K,33,6,2
721424583,35,F,1,High School,Married,3,Existing Customer,Blue,Less than $40K,26,4,2
721425558,52,M,2,Graduate,Single,2,Existing Customer,Blue,$120K +,37,2,3
721426383,36,M,3,Unknown,Single,0,Attrited Customer,Blue,Less than $40K,36,4,3
721427358,47,M,4,Unknown,Divorced,3,Attrited Customer,Blue,$80K - $120K,28,6,1
721428333,47,F,3,Unknown,Unknown,1,Existing Customer,Blue,Less than $40K,34,4,2
721433283,39,F,1,High School,Single,2,Existing Customer,Blue,$40K - $60K,20,3,2
721434483,54,M,3,Graduate,Married,2,Existing Customer,Blue,$80K - $120K,46,4,3
721437333,46,M,2,Graduate,Single,2,Attrited Customer,Blue,$80K - $120K,36,2,2
721438233,39,M,2,Post-Graduate,Unknown,3,Existing Customer,Blue,$40K - $60K,31,6,3
721440633,55,F,1,High School,Single,3,Existing Customer,Blue,Less than $40K,36,5,2
721443408,46,F,2,Uneducated,Married,3,Existing Customer,Blue,$120K +,33,6,2
721444758,47,F,2,College,Married,3,Existing Customer,Blue,Less than $40K,36,1,3
721445658,52,F,2,Post-Graduate,Single,3,Existing Customer,Blue,Less than $40K,34,3,3
721448283,39,M,1,Graduate,Single,1,Attrited Customer,Blue,Less than $40K,26,3,3
721449408,40,F,4,Unknown,Single,1,Existing Customer,Blue,Less than $40K,25,6,2
721451208,54,M,2,Graduate,Unknown,2,Existing Customer,Silver,$60K - $80K,45,2,3
721455558,56,M,0,Graduate,Single,2,Existing Customer,Blue,$60K - $80K,44,1,3
721459008,36,M,2,High School,Single,2,Attrited Customer,Blue,$120K +,36,4,1
721460283,49,M,3,Post-Graduate,Single,2,Attrited Customer,Blue,Less than $40K,35,5,1
721461258,53,M,0,High School,Married,2,Existing Customer,Blue,$40K - $60K,39,5,2
721462458,52,F,3,High School,Married,1,Existing Customer,Blue,Unknown,42,3,2
721464783,62,M,0,Graduate,Married,2,Existing Customer,Blue,Less than $40K,36,3,2
721467258,58,M,1,High School,Married,5,Existing Customer,Blue,$40K - $60K,36,3,2
721468533,59,M,1,Graduate,Single,2,Existing Customer,Blue,Unknown,36,1,5
721469433,48,M,3,Graduate,Single,3,Existing Customer,Blue,$40K - $60K,36,5,2
721473783,35,F,3,Graduate,Married,1,Existing Customer,Blue,Less than $40K,21,3,1
721475133,54,F,1,Doctorate,Unknown,4,Existing Customer,Blue,Unknown,36,6,3
721479108,52,M,1,Uneducated,Single,3,Existing Customer,Blue,$120K +,41,1,1
721480158,50,F,2,Unknown,Married,2,Attrited Customer,Blue,Less than $40K,43,3,3
721483158,47,M,3,Graduate,Married,3,Existing Customer,Blue,$60K - $80K,29,4,3
721484283,51,F,3,High School,Married,1,Existing Customer,Blue,Less than $40K,36,4,2
721485708,58,M,2,Uneducated,Married,3,Existing Customer,Blue,$80K - $120K,46,6,1
721486908,51,F,5,High School,Married,1,Attrited Customer,Blue,Less than $40K,36,1,1
721488858,53,M,3,Uneducated,Married,2,Existing Customer,Silver,$60K - $80K,38,1,3
721491258,53,M,4,Graduate,Unknown,2,Existing Customer,Blue,$80K - $120K,36,3,2
721493883,49,F,4,Unknown,Single,2,Existing Customer,Blue,Less than $40K,35,5,2
721495458,44,M,3,Graduate,Married,1,Existing Customer,Blue,$60K - $80K,32,2,1
721498008,44,F,3,Uneducated,Unknown,2,Existing Customer,Blue,Less than $40K,35,5,2
721500108,42,M,1,Graduate,Unknown,2,Existing Customer,Blue,$60K - $80K,32,5,3
721501308,41,M,3,High School,Single,1,Existing Customer,Blue,Less than $40K,33,6,3
721502958,54,M,1,High School,Married,3,Existing Customer,Blue,$120K +,42,5,3
721505358,41,F,3,Unknown,Married,2,Existing Customer,Blue,Less than $40K,34,3,6
721506708,54,M,1,Uneducated,Unknown,4,Existing Customer,Blue,$80K - $120K,46,4,1
721508283,47,M,1,Graduate,Unknown,1,Existing Customer,Blue,Less than $40K,36,4,2
721509558,NULL,M,2,Graduate,Married,0,Attrited Customer,Blue,$120K +,42,3,3
721511883,40,F,3,Graduate,Single,2,Existing Customer,Blue,Less than $40K,28,6,2
721513833,35,M,0,High School,Divorced,2,Existing Customer,Blue,$40K - $60K,36,6,3
721514883,38,M,1,Graduate,Single,1,Attrited Customer,Blue,$80K - $120K,25,5,0
721517208,41,M,4,Unknown,Married,1,Existing Customer,Blue,Less than $40K,30,4,6
721519908,29,F,1,Uneducated,Single,1,Existing Customer,Blue,Less than $40K,36,1,2
721522533,48,F,4,Graduate,Single,2,Existing Customer,Blue,Less than $40K,35,6,3
721523658,46,M,5,High School,Unknown,3,Existing Customer,Blue,$120K +,26,4,3
721524858,51,F,2,Unknown,Married,3,Existing Customer,Blue,Less than $40K,37,1,2
721525758,45,M,5,Doctorate,Married,2,Existing Customer,Blue,$80K - $120K,35,2,2
721527858,52,F,3,High School,Married,1,Attrited Customer,Blue,Less than $40K,40,3,5
721529583,52,M,3,High School,Single,3,Attrited Customer,Blue,$80K - $120K,41,6,3
721530633,51,F,2,Graduate,Married,1,Existing Customer,Blue,$40K - $60K,36,1,1
721531683,44,F,4,Graduate,Single,3,Existing Customer,Blue,Unknown,36,3,1
721532583,45,M,4,Graduate,Married,4,Attrited Customer,Blue,$80K - $120K,36,5,3
721537683,50,F,3,Post-Graduate,Married,3,Existing Customer,Blue,Unknown,41,3,3
721538883,45,M,4,Graduate,Single,4,Existing Customer,Silver,$40K - $60K,37,4,3
734909358,43,M,4,Graduate,Single,1,Existing Customer,Blue,$80K - $120K,33,4,1
734924658,47,F,5,High School,Married,1,Existing Customer,Blue,Less than $40K,36,5,3
735008958,42,M,5,Unknown,Married,2,Existing Customer,Blue,$60K - $80K,35,6,3
735417408,37,M,2,High School,Married,2,Existing Customer,Blue,$60K - $80K,30,4,1
735565158,46,M,4,Graduate,Married,2,Existing Customer,Blue,$60K - $80K,33,6,2
735825258,39,F,2,High School,Single,4,Existing Customer,Blue,Less than $40K,32,4,1
736145283,43,M,2,College,Married,4,Existing Customer,Blue,$80K - $120K,24,6,1
736552308,48,F,4,Graduate,Unknown,3,Existing Customer,Blue,Less than $40K,41,3,1
736786908,48,F,2,College,Married,2,Existing Customer,Blue,Less than $40K,41,2,2
736893108,33,F,2,Doctorate,Single,2,Existing Customer,Blue,Less than $40K,26,2,3
737052258,62,M,1,Unknown,Single,1,Existing Customer,Blue,Less than $40K,55,6,1
737921733,62,M,1,Unknown,Single,3,Attrited Customer,Blue,Less than $40K,55,3,3
737925558,64,M,0,Doctorate,Married,2,Existing Customer,Blue,$40K - $60K,56,3,2
737933883,34,M,1,High School,Married,2,Existing Customer,Blue,$60K - $80K,27,3,1
737944908,58,M,2,Unknown,Married,2,Existing Customer,Blue,$60K - $80K,51,4,2
737952333,64,M,1,Graduate,Married,5,Existing Customer,Blue,Less than $40K,56,3,1
737962608,48,F,4,College,Divorced,2,Existing Customer,Blue,Less than $40K,41,4,3
737967708,52,F,1,Unknown,Married,1,Attrited Customer,Blue,$40K - $60K,45,5,1
737971833,38,M,1,Graduate,Married,3,Existing Customer,Blue,$60K - $80K,31,6,3
737982408,33,M,1,College,Single,4,Existing Customer,Blue,$80K - $120K,26,4,3
737986083,46,M,3,High School,Single,4,Existing Customer,Blue,$60K - $80K,39,4,1
738062658,57,M,3,Graduate,Single,3,Existing Customer,Blue,$80K - $120K,50,2,3
738195708,47,M,2,Graduate,Married,3,Existing Customer,Blue,$80K - $120K,40,6,1
738406533,59,M,1,Doctorate,Married,2,Existing Customer,Blue,$40K - $60K,52,3,2
738627708,49,F,2,Unknown,Single,4,Attrited Customer,Blue,Unknown,41,5,3
738749733,57,F,4,Doctorate,Married,3,Existing Customer,Blue,Unknown,47,4,3
738899658,45,F,2,Graduate,Single,3,Attrited Customer,Blue,Unknown,38,6,2
739021908,56,F,2,Unknown,Married,2,Existing Customer,Blue,$40K - $60K,49,3,3
739117233,57,F,3,High School,Married,2,Existing Customer,Blue,$120K +,50,3,3
739317558,48,M,5,Graduate,Married,3,Existing Customer,Blue,$80K - $120K,35,4,3
739594758,51,F,2,Graduate,Single,2,Attrited Customer,Blue,Less than $40K,44,6,3
739692933,46,F,2,Unknown,Single,4,Existing Customer,Blue,$40K - $60K,29,4,2
739828308,55,M,3,Uneducated,Single,2,Existing Customer,Blue,$120K +,48,5,2
740065833,47,F,3,Graduate,Single,2,Existing Customer,Silver,Less than $40K,40,1,2
740784258,47,F,2,College,Single,3,Existing Customer,Blue,Less than $40K,40,4,3
740852733,49,M,3,High School,Married,2,Existing Customer,Blue,$80K - $120K,42,4,1
741116058,48,M,2,Graduate,Married,4,Existing Customer,Blue,$40K - $60K,41,5,2
741344808,39,F,2,Graduate,Married,4,Existing Customer,Blue,Less than $40K,32,4,2
741517458,49,F,4,Graduate,Married,3,Attrited Customer,Blue,Less than $40K,42,2,4
741778458,54,F,2,Unknown,Married,3,Attrited Customer,Blue,Less than $40K,47,3,2
742552683,44,F,3,High School,Married,5,Existing Customer,Blue,Less than $40K,31,6,2
742572558,32,F,0,High School,Divorced,1,Existing Customer,Blue,Unknown,25,5,3
742778358,44,M,1,Graduate,Single,4,Existing Customer,Blue,$60K - $80K,37,3,1
742865883,46,F,3,Unknown,Single,3,Attrited Customer,Blue,$40K - $60K,39,4,3
743265108,37,M,4,College,Single,4,Existing Customer,Blue,$60K - $80K,30,5,1
743420208,47,F,2,College,Single,2,Existing Customer,Blue,Less than $40K,40,2,2
743590608,50,M,2,High School,Unknown,4,Existing Customer,Blue,$60K - $80K,43,6,3
743800833,53,F,3,College,Married,1,Existing Customer,Blue,$40K - $60K,46,2,1
743912958,NULL,F,1,Graduate,Unknown,1,Existing Customer,Blue,$40K - $60K,32,3,3
744231708,NULL,F,2,Graduate,Married,3,Existing Customer,Blue,Less than $40K,38,3,3
744307008,51,M,1,Uneducated,Married,3,Existing Customer,Blue,$60K - $80K,44,4,2
744483633,35,M,3,Graduate,Married,2,Existing Customer,Blue,$120K +,28,4,3
744705408,48,F,4,Graduate,Single,2,Existing Customer,Blue,Unknown,41,5,3
744764433,55,M,2,Uneducated,Married,3,Existing Customer,Blue,$120K +,48,5,2
745124658,42,F,3,High School,Single,1,Existing Customer,Blue,Less than $40K,35,5,2
745435533,44,M,2,Unknown,Married,3,Existing Customer,Blue,$80K - $120K,37,6,1
745853283,38,F,1,Graduate,Married,3,Existing Customer,Blue,Unknown,31,3,1
746453583,56,F,1,Unknown,Married,2,Existing Customer,Blue,$40K - $60K,49,2,2
747074058,47,F,3,Unknown,Single,0,Existing Customer,Blue,Unknown,40,1,3
747107508,56,F,3,Graduate,Married,1,Existing Customer,Blue,Less than $40K,49,4,3
747208083,49,M,4,Graduate,Single,2,Existing Customer,Blue,$40K - $60K,42,3,3
747551658,47,M,3,High School,Married,2,Attrited Customer,Silver,$80K - $120K,40,5,3
747885858,39,F,2,Graduate,Single,3,Existing Customer,Blue,Less than $40K,31,5,3
748194633,60,F,1,Graduate,Divorced,3,Existing Customer,Blue,Less than $40K,53,5,5
748326258,48,M,3,College,Married,3,Existing Customer,Blue,$80K - $120K,41,4,5
748503708,54,F,1,High School,Single,3,Existing Customer,Blue,Less than $40K,47,6,4
748617858,35,M,5,Uneducated,Single,3,Existing Customer,Blue,$60K - $80K,28,4,2
748827033,44,M,3,Graduate,Divorced,3,Existing Customer,Blue,$60K - $80K,37,5,2
749067633,45,F,2,Unknown,Married,3,Existing Customer,Blue,Less than $40K,38,3,2
749211483,52,F,0,College,Married,1,Existing Customer,Blue,$40K - $60K,45,4,2
749571633,44,F,2,College,Unknown,3,Existing Customer,Blue,Unknown,37,4,3
749722908,43,M,2,Post-Graduate,Married,2,Existing Customer,Blue,$120K +,36,3,3
750147483,49,M,2,High School,Single,4,Existing Customer,Blue,$80K - $120K,37,6,1
750690258,49,F,2,Graduate,Married,3,Existing Customer,Blue,Less than $40K,39,2,3
750995508,41,M,3,Unknown,Single,3,Attrited Customer,Blue,$60K - $80K,32,1,3
751076058,44,M,4,Unknown,Married,3,Existing Customer,Blue,Unknown,37,4,3
751143858,59,F,1,High School,Single,1,Existing Customer,Blue,Unknown,52,2,1
751150233,43,M,5,Graduate,Single,2,Existing Customer,Blue,Less than $40K,36,3,2
751155783,47,F,2,High School,Married,3,Existing Customer,Blue,$40K - $60K,40,2,1
751166508,57,M,3,Post-Graduate,Single,1,Existing Customer,Blue,$80K - $120K,50,3,1
751227183,36,M,2,Unknown,Single,5,Existing Customer,Blue,$80K - $120K,29,3,3
751283658,42,F,4,Unknown,Single,3,Existing Customer,Blue,$40K - $60K,35,4,3
751350558,57,F,1,High School,Unknown,2,Existing Customer,Blue,Less than $40K,50,3,2
751381458,43,F,3,College,Married,4,Existing Customer,Blue,Unknown,36,3,3
751422258,45,F,4,Graduate,Married,2,Existing Customer,Blue,Less than $40K,38,6,3
751450008,41,M,1,Post-Graduate,Single,4,Existing Customer,Blue,$40K - $60K,32,3,2
751469808,36,M,3,Graduate,Married,4,Existing Customer,Blue,$120K +,29,5,2
751487358,39,F,3,Graduate,Married,3,Existing Customer,Blue,Less than $40K,32,5,6
751518633,48,M,5,Post-Graduate,Single,1,Attrited Customer,Silver,$120K +,41,5,3
751563933,43,F,3,High School,Married,2,Attrited Customer,Blue,Less than $40K,36,3,3
751607058,45,M,2,Doctorate,Married,3,Existing Customer,Blue,$120K +,38,4,3
751974258,51,M,3,Unknown,Unknown,3,Attrited Customer,Blue,$120K +,44,2,2
752085108,39,F,2,Graduate,Married,2,Existing Customer,Blue,$40K - $60K,29,3,5
752199183,51,F,1,Uneducated,Married,1,Attrited Customer,Blue,Unknown,44,6,2
752573508,45,F,3,High School,Single,4,Existing Customer,Blue,$40K - $60K,26,3,2
752604633,57,M,2,College,Married,3,Attrited Customer,Blue,$40K - $60K,50,2,5
752648883,49,F,2,College,Single,1,Existing Customer,Blue,Less than $40K,41,6,3
752666508,41,M,4,College,Married,3,Existing Customer,Silver,$80K - $120K,34,4,3
752766783,43,F,4,Graduate,Divorced,2,Existing Customer,Blue,Unknown,36,5,2
752944533,45,F,5,High School,Married,2,Existing Customer,Blue,Less than $40K,34,4,1
752952108,37,M,4,Graduate,Married,3,Existing Customer,Blue,$80K - $120K,26,6,2
753094533,51,M,3,Uneducated,Married,3,Existing Customer,Blue,$80K - $120K,44,3,3
753118533,38,M,2,Doctorate,Married,2,Existing Customer,Blue,Less than $40K,31,6,3
753208833,43,F,5,Uneducated,Married,2,Existing Customer,Blue,$40K - $60K,36,5,3
753220383,29,M,0,Graduate,Single,3,Attrited Customer,Blue,$120K +,22,2,2
753226158,34,M,2,Graduate,Married,2,Existing Customer,Blue,Less than $40K,24,6,2
753233733,38,M,1,Graduate,Single,3,Existing Customer,Blue,$80K - $120K,29,3,3
753327333,41,M,3,Unknown,Married,1,Existing Customer,Blue,$80K - $120K,34,4,4
753365883,44,F,3,Unknown,Single,3,Attrited Customer,Blue,Unknown,37,3,2
753443583,NULL,F,1,High School,Married,1,Existing Customer,Blue,$40K - $60K,36,5,2
753534633,42,M,3,High School,Single,3,Existing Customer,Blue,$60K - $80K,35,4,3
753606108,56,M,3,Unknown,Single,3,Existing Customer,Blue,$60K - $80K,49,3,1
753642933,52,F,3,High School,Single,0,Existing Customer,Blue,Less than $40K,45,3,3
753795633,48,F,2,Uneducated,Married,2,Attrited Customer,Blue,Less than $40K,41,5,3
753856008,49,F,2,Unknown,Unknown,4,Existing Customer,Blue,$40K - $60K,42,6,1
754282908,50,F,1,Post-Graduate,Married,3,Existing Customer,Blue,Less than $40K,43,3,1
754443033,50,M,1,Graduate,Single,3,Attrited Customer,Silver,$80K - $120K,43,6,3
754457883,49,M,2,Unknown,Single,2,Existing Customer,Blue,Less than $40K,42,4,2
754480233,50,M,2,Post-Graduate,Divorced,4,Existing Customer,Blue,$40K - $60K,43,5,2
754564308,46,F,3,Graduate,Married,2,Existing Customer,Blue,$40K - $60K,39,3,3
754599558,40,F,3,College,Single,1,Existing Customer,Blue,Less than $40K,33,5,3
754654383,30,M,2,High School,Married,0,Existing Customer,Blue,Less than $40K,23,4,2
754671558,50,F,3,Unknown,Single,4,Existing Customer,Blue,Less than $40K,43,6,1
754851783,39,M,4,High School,Married,2,Existing Customer,Blue,$60K - $80K,32,4,2
754872333,50,M,2,Graduate,Married,3,Existing Customer,Blue,$120K +,43,3,1
754886958,48,F,3,College,Divorced,3,Existing Customer,Blue,$40K - $60K,41,4,1
754897008,46,M,3,High School,Single,2,Existing Customer,Blue,$40K - $60K,39,2,3
754968033,40,F,4,High School,Married,3,Existing Customer,Blue,Less than $40K,33,4,5
755212608,50,F,2,Unknown,Married,3,Attrited Customer,Blue,$40K - $60K,43,4,3
755220783,51,M,1,Doctorate,Married,4,Existing Customer,Blue,$80K - $120K,44,5,2
755247108,50,F,2,Doctorate,Single,0,Existing Customer,Blue,Less than $40K,43,4,1
755262933,56,F,2,Post-Graduate,Married,4,Existing Customer,Blue,$60K - $80K,49,5,3
755273658,52,F,2,Graduate,Married,3,Attrited Customer,Blue,Less than $40K,45,3,3
755305683,45,M,5,Graduate,Married,4,Attrited Customer,Blue,$60K - $80K,38,5,1
755365233,34,M,1,Graduate,Unknown,4,Existing Customer,Blue,$60K - $80K,27,5,2
755399433,43,M,3,Uneducated,Married,2,Existing Customer,Blue,$80K - $120K,36,6,1
755420433,59,M,1,Graduate,Married,3,Existing Customer,Blue,Unknown,52,2,3
755437533,48,M,4,Graduate,Single,2,Existing Customer,Blue,Less than $40K,41,3,3
755467683,48,F,1,Graduate,Single,4,Attrited Customer,Blue,Less than $40K,41,6,2
755593983,50,F,1,Graduate,Married,2,Existing Customer,Blue,Unknown,43,6,1
755615208,49,M,3,High School,Single,2,Existing Customer,Blue,$120K +,42,5,3
755661933,48,F,3,Graduate,Single,3,Attrited Customer,Blue,$40K - $60K,41,5,3
755943033,34,F,2,Graduate,Single,1,Existing Customer,Blue,Less than $40K,27,4,1
755953308,62,F,0,Post-Graduate,Married,4,Existing Customer,Blue,$40K - $60K,55,6,1
755959683,50,F,5,Unknown,Unknown,2,Existing Customer,Blue,Unknown,43,5,1
755996583,57,F,2,Uneducated,Single,3,Attrited Customer,Blue,Less than $40K,50,5,0
756013833,57,M,3,Doctorate,Married,3,Existing Customer,Blue,$80K - $120K,50,3,2
756025233,43,F,4,Uneducated,Single,2,Attrited Customer,Blue,Less than $40K,36,5,3
756065433,26,M,0,Unknown,Single,2,Existing Customer,Blue,$40K - $60K,19,5,2
756306183,42,F,1,College,Married,3,Existing Customer,Blue,Less than $40K,35,2,1
756371058,58,F,1,Unknown,Married,3,Existing Customer,Blue,Less than $40K,40,1,2
756383283,38,F,3,College,Married,3,Existing Customer,Blue,Less than $40K,31,3,1
756397458,54,F,1,Graduate,Single,4,Existing Customer,Silver,Less than $40K,47,6,3
756409758,44,F,2,Graduate,Married,4,Existing Customer,Blue,Less than $40K,37,4,5
756458508,44,M,3,Graduate,Married,3,Attrited Customer,Blue,$60K - $80K,37,5,2
756477333,42,F,4,Uneducated,Married,1,Existing Customer,Blue,Less than $40K,35,4,3
756488883,41,M,2,Uneducated,Single,2,Existing Customer,Blue,$80K - $120K,34,6,2
756571983,45,F,3,High School,Single,3,Existing Customer,Blue,Less than $40K,36,6,2
756598833,38,M,1,Uneducated,Married,3,Existing Customer,Blue,Less than $40K,31,6,3
756624183,51,F,3,Graduate,Married,3,Existing Customer,Blue,Less than $40K,44,6,1
756629133,61,F,1,Graduate,Single,2,Existing Customer,Blue,Less than $40K,54,3,2
756639708,46,F,2,Unknown,Married,2,Existing Customer,Silver,Unknown,39,1,1
756658083,49,M,4,Post-Graduate,Single,1,Existing Customer,Blue,$80K - $120K,42,3,2
756691608,37,F,3,Graduate,Married,3,Existing Customer,Blue,Unknown,30,5,3
756727233,49,M,2,High School,Single,4,Existing Customer,Blue,$120K +,42,3,2
756736008,45,M,2,Post-Graduate,Married,3,Existing Customer,Blue,Less than $40K,38,3,2
756919683,48,F,2,Unknown,Married,3,Attrited Customer,Blue,Less than $40K,41,6,1
756944133,52,F,4,Graduate,Married,3,Existing Customer,Blue,Less than $40K,45,1,1
756989583,41,M,4,Graduate,Unknown,2,Existing Customer,Blue,$40K - $60K,24,4,2
757024233,34,M,2,Graduate,Married,4,Existing Customer,Blue,$120K +,27,3,1
757044033,44,M,2,Graduate,Unknown,3,Existing Customer,Blue,$80K - $120K,37,3,1
757053408,47,F,1,Graduate,Single,3,Existing Customer,Blue,Unknown,40,3,1
757167633,50,M,2,Uneducated,Single,3,Existing Customer,Blue,$60K - $80K,43,4,3
757194408,43,M,3,College,Married,3,Attrited Customer,Blue,$60K - $80K,36,2,3
757224108,43,F,4,Graduate,Married,1,Existing Customer,Blue,Less than $40K,32,6,3
757247808,42,F,3,Graduate,Married,3,Attrited Customer,Blue,Less than $40K,35,2,4
757256358,45,M,3,Graduate,Single,3,Existing Customer,Blue,$60K - $80K,38,1,3
757266933,52,M,2,Post-Graduate,Married,4,Existing Customer,Blue,$60K - $80K,45,4,1
757291008,46,M,4,Unknown,Married,2,Attrited Customer,Blue,$80K - $120K,39,3,3
757300008,44,F,2,Graduate,Single,3,Existing Customer,Blue,Unknown,37,4,3
757481283,35,M,3,College,Married,4,Existing Customer,Blue,$60K - $80K,28,4,3
757527033,53,F,2,College,Single,2,Existing Customer,Blue,Less than $40K,46,3,5
757594083,52,F,1,Unknown,Married,0,Existing Customer,Blue,Unknown,45,2,4
757634583,52,F,2,Graduate,Married,1,Existing Customer,Blue,Less than $40K,45,4,3
757643733,42,F,2,Post-Graduate,Single,2,Existing Customer,Blue,Less than $40K,35,6,3
757662258,46,F,4,Graduate,Divorced,1,Existing Customer,Blue,$40K - $60K,39,3,1
757667133,54,M,2,College,Single,2,Attrited Customer,Blue,$80K - $120K,47,2,2
757675158,47,F,4,Post-Graduate,Divorced,3,Existing Customer,Blue,$40K - $60K,40,2,2
757685733,43,F,2,Graduate,Married,2,Existing Customer,Blue,Less than $40K,36,1,2
757710783,36,F,1,Graduate,Married,3,Attrited Customer,Blue,Less than $40K,29,4,2
757722708,42,M,3,College,Married,1,Existing Customer,Blue,$60K - $80K,35,1,3
757753083,44,F,0,Graduate,Married,2,Existing Customer,Silver,Less than $40K,36,5,3
757761033,35,F,3,Graduate,Single,2,Existing Customer,Blue,$40K - $60K,28,5,6
757786608,33,M,2,Post-Graduate,Single,2,Existing Customer,Blue,$80K - $120K,24,2,3
757837458,59,M,2,High School,Single,4,Existing Customer,Blue,Unknown,52,4,2
757854858,50,M,2,Unknown,Unknown,4,Attrited Customer,Blue,$60K - $80K,43,4,3
757863258,45,F,4,Graduate,Unknown,1,Existing Customer,Blue,Less than $40K,38,2,2
757881258,31,M,0,Graduate,Divorced,2,Attrited Customer,Blue,$60K - $80K,24,6,2
758076408,50,M,2,Unknown,Single,3,Existing Customer,Blue,$40K - $60K,43,2,1
758086458,46,F,3,Graduate,Married,4,Existing Customer,Blue,Unknown,39,3,3
758106108,45,F,2,Uneducated,Married,1,Existing Customer,Blue,Less than $40K,38,3,2
758168133,50,F,0,High School,Married,1,Existing Customer,Blue,$40K - $60K,43,2,3
758178558,44,F,3,Graduate,Single,1,Existing Customer,Blue,Unknown,37,3,2
758186433,37,F,1,Uneducated,Single,3,Existing Customer,Blue,Less than $40K,30,3,2
758202858,47,M,3,High School,Unknown,4,Existing Customer,Blue,Less than $40K,40,4,2
758211483,45,M,5,Unknown,Married,3,Existing Customer,Blue,$60K - $80K,38,1,2
758317233,35,F,1,College,Single,2,Existing Customer,Blue,Unknown,28,4,5
758331483,31,M,0,Graduate,Single,2,Existing Customer,Silver,$60K - $80K,24,2,2
758340108,39,F,2,Graduate,Single,2,Existing Customer,Silver,Less than $40K,29,3,3
758348808,51,M,2,Graduate,Married,3,Existing Customer,Blue,$120K +,44,4,3
758367933,56,M,2,Uneducated,Single,2,Existing Customer,Blue,$80K - $120K,49,5,3
758382183,50,F,3,Graduate,Unknown,3,Existing Customer,Blue,Less than $40K,43,2,3
758408883,37,F,1,Graduate,Married,4,Existing Customer,Blue,$40K - $60K,30,5,3
758417508,50,F,4,High School,Unknown,4,Existing Customer,Blue,Less than $40K,43,6,3
758426583,51,M,2,Post-Graduate,Married,4,Existing Customer,Blue,Less than $40K,44,3,3
758521983,33,M,1,Unknown,Married,2,Existing Customer,Blue,$80K - $120K,26,3,2
758551608,51,M,2,Unknown,Married,0,Existing Customer,Blue,$40K - $60K,44,4,1
758583708,37,F,3,Graduate,Single,4,Attrited Customer,Blue,Less than $40K,24,2,1
758617233,56,F,5,Doctorate,Single,2,Existing Customer,Blue,Less than $40K,49,3,3
758642733,48,F,1,Graduate,Single,1,Existing Customer,Blue,Less than $40K,41,5,1
758653833,34,F,1,Graduate,Married,3,Existing Customer,Blue,$40K - $60K,27,3,1
758753283,52,M,3,Doctorate,Married,3,Attrited Customer,Blue,$120K +,45,1,3
758765808,36,F,2,Unknown,Married,4,Existing Customer,Blue,Less than $40K,29,6,3
758787333,52,M,3,Uneducated,Married,2,Existing Customer,Blue,$120K +,45,4,1
758802333,40,M,2,Graduate,Married,2,Existing Customer,Blue,$120K +,33,3,1
758824608,47,M,4,Uneducated,Married,4,Existing Customer,Blue,$80K - $120K,40,5,2
758833758,45,M,4,Unknown,Married,3,Existing Customer,Blue,$40K - $60K,38,4,3
758863383,47,F,2,Uneducated,Unknown,2,Existing Customer,Silver,Less than $40K,36,1,3
758875908,40,F,4,Unknown,Single,3,Existing Customer,Blue,Less than $40K,33,4,4
758965158,44,M,5,High School,Single,3,Existing Customer,Blue,$80K - $120K,37,4,2
759127158,48,M,3,College,Married,3,Existing Customer,Blue,$40K - $60K,35,3,1
759584958,51,F,1,Graduate,Married,4,Attrited Customer,Silver,Unknown,44,4,2
759823158,46,M,1,Unknown,Unknown,3,Existing Customer,Blue,$60K - $80K,39,4,3
759947433,53,M,3,Graduate,Married,2,Existing Customer,Blue,$120K +,46,1,2
760104333,43,F,3,Graduate,Married,2,Existing Customer,Silver,Less than $40K,36,6,2
760807608,48,F,4,Uneducated,Married,4,Existing Customer,Blue,Less than $40K,41,5,3
761079783,40,M,3,Graduate,Married,6,Existing Customer,Blue,$60K - $80K,33,5,3
761240358,52,F,2,Unknown,Single,2,Existing Customer,Blue,Less than $40K,45,5,2
761544333,37,F,4,College,Married,3,Existing Customer,Blue,$40K - $60K,30,4,4
761818758,43,M,1,Graduate,Single,2,Existing Customer,Blue,Unknown,36,1,1
762020133,37,F,3,High School,Married,3,Attrited Customer,Blue,Unknown,30,3,3
762775908,46,F,2,High School,Married,2,Existing Customer,Blue,Unknown,39,3,1
763681908,34,F,3,Unknown,Married,1,Existing Customer,Blue,Less than $40K,27,1,2
763895958,53,M,2,High School,Married,1,Attrited Customer,Blue,$120K +,46,4,3
764211033,50,F,3,Uneducated,Unknown,1,Existing Customer,Blue,Less than $40K,43,6,2
764316708,30,F,1,High School,Single,2,Existing Customer,Blue,Less than $40K,23,3,2
764496708,54,F,2,High School,Married,3,Existing Customer,Blue,Unknown,47,2,3
764776833,61,M,0,Graduate,Married,2,Existing Customer,Blue,$40K - $60K,54,3,3
765055833,56,F,4,Unknown,Married,2,Existing Customer,Blue,$80K - $120K,49,3,4
765459858,47,M,3,Graduate,Divorced,3,Attrited Customer,Blue,Less than $40K,40,4,4
765584208,43,F,3,Unknown,Unknown,1,Existing Customer,Blue,Less than $40K,30,3,2
765692658,49,F,4,Graduate,Single,4,Existing Customer,Blue,Less than $40K,42,4,3
765731433,48,F,3,Graduate,Divorced,3,Existing Customer,Blue,Unknown,41,3,4
765755283,48,F,2,Graduate,Married,3,Existing Customer,Blue,Unknown,41,1,1
765824058,46,F,4,Doctorate,Married,1,Existing Customer,Blue,$80K - $120K,39,3,3
765847383,50,M,1,Graduate,Married,3,Existing Customer,Blue,$120K +,43,4,5
765940683,37,M,3,Uneducated,Single,2,Existing Customer,Blue,$80K - $120K,30,5,2
766006758,63,M,1,High School,Married,4,Existing Customer,Blue,$60K - $80K,56,3,2
766021083,55,F,1,College,Single,3,Attrited Customer,Blue,Less than $40K,48,3,5
766111383,38,F,2,High School,Married,4,Existing Customer,Blue,$40K - $60K,31,4,2
766131033,43,F,4,Graduate,Married,3,Existing Customer,Blue,Less than $40K,29,6,3
766224933,46,M,2,Graduate,Married,1,Existing Customer,Blue,$80K - $120K,39,1,1
766273533,53,M,2,Uneducated,Unknown,3,Existing Customer,Blue,$80K - $120K,46,3,6
766285608,42,M,3,High School,Single,3,Existing Customer,Blue,$40K - $60K,35,4,3
766322883,33,M,3,College,Single,5,Existing Customer,Blue,$40K - $60K,26,6,3
766381908,49,F,4,High School,Married,4,Existing Customer,Blue,Less than $40K,42,4,1
766429908,49,M,2,High School,Unknown,2,Existing Customer,Blue,$60K - $80K,42,6,1
766456683,51,F,1,Graduate,Married,0,Existing Customer,Blue,Less than $40K,44,6,2
766550808,45,F,3,Graduate,Married,1,Existing Customer,Blue,$40K - $60K,38,3,6
766628733,56,M,3,Uneducated,Single,3,Existing Customer,Blue,$60K - $80K,49,3,3
766649283,49,F,3,Graduate,Divorced,3,Existing Customer,Blue,Unknown,42,2,2
766673433,45,M,4,Unknown,Married,3,Existing Customer,Blue,$80K - $120K,38,2,3
766706358,39,M,2,Unknown,Married,0,Existing Customer,Blue,Less than $40K,32,6,3
766769058,51,M,1,Graduate,Single,3,Existing Customer,Gold,$40K - $60K,44,3,3
766795983,46,F,1,Unknown,Married,2,Existing Customer,Blue,Less than $40K,40,4,2
766821033,61,M,0,Unknown,Single,3,Attrited Customer,Blue,$120K +,46,6,3
766946058,51,F,2,Unknown,Unknown,4,Existing Customer,Blue,$40K - $60K,44,4,6
767005683,60,M,0,Unknown,Single,1,Existing Customer,Blue,$40K - $60K,46,6,2
767023308,35,M,3,College,Unknown,2,Existing Customer,Silver,$80K - $120K,29,2,2
767036433,56,F,1,Graduate,Married,0,Existing Customer,Blue,Less than $40K,49,5,1
767049258,44,M,4,High School,Single,3,Existing Customer,Blue,$120K +,37,5,3
767058183,53,M,1,Graduate,Divorced,3,Existing Customer,Blue,Less than $40K,46,5,4
767093133,52,F,2,Unknown,Married,1,Existing Customer,Blue,Unknown,45,2,2
767114958,65,M,0,Uneducated,Single,2,Attrited Customer,Blue,Less than $40K,56,4,2
767197983,52,F,2,High School,Married,1,Existing Customer,Blue,Less than $40K,45,1,1
767243208,42,F,3,Graduate,Single,2,Existing Customer,Blue,Less than $40K,35,3,2
767256933,43,M,5,Uneducated,Married,4,Existing Customer,Blue,$60K - $80K,36,6,2
767266758,41,F,2,High School,Single,4,Attrited Customer,Blue,Less than $40K,34,1,3
767269908,36,F,2,College,Married,2,Existing Customer,Blue,$120K +,29,6,3
767280633,46,F,2,Graduate,Unknown,2,Existing Customer,Blue,Less than $40K,39,5,2
767294658,56,M,2,College,Single,3,Attrited Customer,Blue,$120K +,50,2,2
767311008,41,M,1,Graduate,Divorced,3,Existing Customer,Blue,$80K - $120K,35,6,2
767333808,50,F,2,Graduate,Unknown,4,Existing Customer,Blue,Less than $40K,43,5,3
767348733,56,M,2,Unknown,Married,3,Existing Customer,Blue,$60K - $80K,49,3,3
767354208,48,M,4,Graduate,Married,1,Existing Customer,Blue,$80K - $120K,41,4,2
767376483,27,F,1,College,Unknown,3,Existing Customer,Blue,Less than $40K,20,5,3
767388783,43,M,3,High School,Married,1,Existing Customer,Blue,$60K - $80K,36,3,3
767404083,52,M,2,Graduate,Unknown,3,Attrited Customer,Blue,$60K - $80K,45,2,3
767414808,57,F,0,Uneducated,Married,3,Existing Customer,Blue,Less than $40K,51,2,3
767488908,41,M,4,Unknown,Married,3,Existing Customer,Blue,$80K - $120K,35,4,2
767523933,53,M,3,High School,Single,0,Existing Customer,Blue,$60K - $80K,45,4,1
767553333,45,M,3,Graduate,Single,3,Attrited Customer,Blue,$80K - $120K,39,1,3
767564358,47,M,5,Doctorate,Married,1,Attrited Customer,Blue,$40K - $60K,40,6,1
767574108,49,F,1,College,Married,2,Existing Customer,Blue,Less than $40K,43,4,3
767587833,44,M,3,Unknown,Single,5,Existing Customer,Blue,$120K +,37,3,1
767653233,48,M,3,Graduate,Married,3,Existing Customer,Blue,$60K - $80K,42,6,1
767668908,46,F,3,Graduate,Married,3,Attrited Customer,Blue,Unknown,40,3,4
767687208,31,F,2,Unknown,Single,3,Existing Customer,Blue,$80K - $120K,24,6,3
767695083,50,M,2,Graduate,Married,0,Existing Customer,Blue,$80K - $120K,44,3,3
767712558,NULL,M,1,College,Single,3,Attrited Customer,Blue,$60K - $80K,53,2,3
767753958,37,M,3,Graduate,Married,2,Existing Customer,Blue,$40K - $60K,31,6,1
767784708,48,M,0,Doctorate,Married,4,Attrited Customer,Blue,$60K - $80K,41,2,3
767802483,44,F,4,College,Single,3,Existing Customer,Blue,$60K - $80K,38,6,3
767815233,46,F,3,College,Married,2,Existing Customer,Blue,Less than $40K,40,6,4
767835558,42,F,2,Unknown,Married,3,Existing Customer,Blue,Less than $40K,36,5,1
767958933,40,M,4,College,Unknown,1,Existing Customer,Silver,$40K - $60K,34,3,2
768141558,51,M,3,College,Single,0,Existing Customer,Blue,$40K - $60K,45,4,3
768162108,49,M,3,College,Unknown,3,Attrited Customer,Blue,$120K +,43,5,3
768167358,37,M,4,Doctorate,Single,0,Existing Customer,Blue,$60K - $80K,31,6,3
768181608,43,M,3,Graduate,Unknown,3,Existing Customer,Blue,Less than $40K,37,2,3
768196008,54,M,1,Uneducated,Married,3,Existing Customer,Blue,$60K - $80K,48,5,2
768212583,49,M,2,Graduate,Married,4,Existing Customer,Blue,$60K - $80K,43,4,4
768243858,54,M,3,High School,Married,3,Attrited Customer,Blue,$80K - $120K,48,3,4
768256908,45,M,3,Uneducated,Married,4,Attrited Customer,Blue,Less than $40K,39,3,3
768364233,59,M,1,High School,Unknown,5,Existing Customer,Blue,$40K - $60K,53,6,2
768390708,47,M,2,Unknown,Single,1,Existing Customer,Blue,$80K - $120K,41,6,1
768412608,39,F,1,Graduate,Unknown,2,Existing Customer,Blue,$40K - $60K,33,6,3
768420558,59,F,0,Graduate,Single,4,Existing Customer,Blue,Less than $40K,53,6,3
768457008,27,M,1,Graduate,Single,1,Existing Customer,Blue,$40K - $60K,21,2,3
768460908,59,M,1,Graduate,Single,3,Existing Customer,Blue,$40K - $60K,53,3,3
768475383,62,F,0,Unknown,Single,2,Existing Customer,Blue,$40K - $60K,56,6,1
768490458,49,M,2,Uneducated,Married,3,Attrited Customer,Blue,$80K - $120K,43,1,3
768498258,47,M,1,High School,Married,3,Existing Customer,Blue,Unknown,41,3,2
768544833,45,F,4,Uneducated,Single,3,Existing Customer,Blue,Less than $40K,39,6,2
768563658,56,M,2,Uneducated,Married,3,Existing Customer,Blue,$40K - $60K,50,4,2
768582033,47,M,3,High School,Married,4,Existing Customer,Blue,$40K - $60K,41,6,3
768600558,41,F,4,Graduate,Single,3,Existing Customer,Blue,$40K - $60K,31,4,2
768612258,52,F,3,Unknown,Unknown,3,Existing Customer,Blue,Less than $40K,46,3,3
768624258,55,F,2,Graduate,Single,2,Attrited Customer,Blue,Less than $40K,49,2,1
768632958,59,F,1,Graduate,Single,6,Attrited Customer,Blue,Unknown,49,3,4
768638208,50,M,2,Uneducated,Married,2,Existing Customer,Blue,Less than $40K,44,3,1
768643158,44,M,5,Graduate,Divorced,3,Existing Customer,Blue,Less than $40K,38,2,1
768655158,29,M,0,Unknown,Married,2,Existing Customer,Blue,$60K - $80K,23,3,3
768661758,53,M,0,Uneducated,Divorced,1,Existing Customer,Blue,$120K +,47,5,2
768675483,41,M,4,College,Divorced,2,Existing Customer,Blue,$60K - $80K,35,5,3
768687183,54,F,1,College,Single,4,Existing Customer,Blue,Less than $40K,48,3,1
768712383,51,M,5,Graduate,Divorced,6,Attrited Customer,Blue,$120K +,45,6,3
768720708,41,F,3,High School,Married,2,Existing Customer,Blue,Less than $40K,30,4,4
768728508,45,F,5,Doctorate,Married,2,Existing Customer,Gold,Less than $40K,39,6,3
768733533,53,M,5,Uneducated,Unknown,2,Existing Customer,Blue,$80K - $120K,47,2,3
768805383,45,M,3,High School,Married,3,Existing Customer,Blue,$60K - $80K,39,5,1
768814983,39,F,2,Unknown,Married,3,Existing Customer,Blue,Less than $40K,33,3,1
768848658,43,M,3,Unknown,Single,1,Existing Customer,Blue,Unknown,37,2,3
768886533,37,M,3,Graduate,Married,3,Existing Customer,Blue,$60K - $80K,31,3,1
768921933,34,M,2,High School,Married,3,Existing Customer,Blue,$60K - $80K,28,3,3
768928833,37,M,2,High School,Married,4,Existing Customer,Blue,$80K - $120K,31,3,2
768949983,31,F,2,Unknown,Married,1,Existing Customer,Blue,Unknown,25,5,3
768965208,51,F,1,Graduate,Married,2,Existing Customer,Blue,$40K - $60K,45,5,2
768972558,43,M,5,High School,Married,4,Existing Customer,Blue,$120K +,37,4,3
769035933,54,F,2,Unknown,Single,2,Existing Customer,Blue,Less than $40K,48,5,3
769053033,44,F,1,Graduate,Single,5,Attrited Customer,Blue,$40K - $60K,38,3,2
769063308,45,M,3,Post-Graduate,Married,2,Existing Customer,Blue,$80K - $120K,39,6,2
769095558,59,M,1,Doctorate,Single,2,Existing Customer,Blue,$60K - $80K,53,3,2
769100508,55,F,5,High School,Single,1,Existing Customer,Blue,Less than $40K,49,6,2
769137108,43,F,2,Post-Graduate,Married,1,Attrited Customer,Blue,Less than $40K,37,3,3
769145733,36,M,3,Graduate,Single,3,Existing Customer,Blue,$60K - $80K,30,3,4
769152783,60,M,2,High School,Single,2,Attrited Customer,Blue,Less than $40K,54,1,6
769170558,53,M,3,Graduate,Single,3,Existing Customer,Blue,$60K - $80K,47,6,4
769183908,51,F,2,Doctorate,Single,1,Existing Customer,Blue,Unknown,45,6,3
769189083,46,F,2,Graduate,Single,4,Existing Customer,Blue,Less than $40K,40,4,2
769196433,55,F,2,Post-Graduate,Unknown,1,Existing Customer,Blue,Less than $40K,49,4,1
769200858,34,F,4,Graduate,Single,3,Existing Customer,Blue,Less than $40K,28,3,2
769206483,58,M,3,Unknown,Married,3,Existing Customer,Blue,$120K +,52,3,3
769323183,51,M,4,Uneducated,Married,3,Existing Customer,Blue,$120K +,45,6,2
769330908,49,F,4,High School,Married,4,Existing Customer,Blue,Less than $40K,43,5,3
769396158,55,M,1,College,Single,3,Attrited Customer,Blue,$80K - $120K,43,2,2
769411758,43,M,1,Graduate,Single,4,Existing Customer,Blue,$60K - $80K,37,4,3
769425858,45,M,3,College,Single,2,Attrited Customer,Blue,$60K - $80K,32,4,1
769433508,43,M,1,College,Single,3,Existing Customer,Blue,$60K - $80K,37,6,3
769438608,48,F,1,Graduate,Married,2,Attrited Customer,Blue,Less than $40K,42,3,3
769448658,43,F,2,Unknown,Married,3,Existing Customer,Blue,Less than $40K,37,5,2
769463433,41,F,2,Post-Graduate,Single,2,Existing Customer,Blue,Less than $40K,35,6,3
769574883,41,M,2,High School,Married,3,Existing Customer,Blue,$40K - $60K,32,3,1
769575783,49,F,3,College,Married,3,Attrited Customer,Blue,Less than $40K,41,3,3
769576608,62,M,1,Uneducated,Single,2,Existing Customer,Blue,$60K - $80K,49,4,1
769577358,31,F,0,Graduate,Single,3,Existing Customer,Blue,Less than $40K,17,4,2
769578108,40,M,4,Unknown,Single,3,Existing Customer,Blue,$60K - $80K,26,2,2
769578858,40,F,2,Graduate,Married,1,Existing Customer,Silver,$40K - $60K,33,4,3
769579608,53,F,1,Graduate,Single,4,Existing Customer,Blue,Less than $40K,46,3,6
769587258,38,M,3,College,Single,2,Existing Customer,Silver,$60K - $80K,32,4,2
769662033,45,M,2,College,Unknown,3,Existing Customer,Blue,Less than $40K,29,2,2
769667583,34,M,3,Post-Graduate,Single,2,Attrited Customer,Blue,$40K - $60K,28,2,3
769676358,38,M,2,High School,Single,2,Existing Customer,Blue,$60K - $80K,32,1,1
769684158,42,M,4,College,Single,2,Attrited Customer,Blue,$40K - $60K,36,3,3
769701258,26,F,0,Unknown,Unknown,3,Existing Customer,Blue,Unknown,18,3,3
769709058,60,M,1,Uneducated,Single,1,Existing Customer,Blue,$60K - $80K,54,1,2
769720683,50,F,1,Graduate,Married,2,Existing Customer,Blue,Unknown,44,5,2
769732233,40,M,5,Graduate,Married,4,Existing Customer,Blue,$80K - $120K,34,6,2
769751958,55,M,3,Unknown,Married,4,Existing Customer,Blue,$120K +,49,3,2
769756983,38,M,3,Graduate,Married,2,Existing Customer,Blue,$60K - $80K,32,3,1
769883733,46,M,3,Post-Graduate,Single,2,Attrited Customer,Blue,$40K - $60K,40,3,4
769892058,40,M,3,Uneducated,Single,2,Existing Customer,Blue,$80K - $120K,34,4,2
769911858,40,F,4,High School,Unknown,1,Existing Customer,Blue,Less than $40K,34,3,4
769927533,50,M,1,High School,Married,1,Existing Customer,Blue,Less than $40K,44,4,2
769935783,40,F,3,Unknown,Single,1,Existing Customer,Blue,$60K - $80K,34,2,2
769962933,40,F,3,Graduate,Single,4,Existing Customer,Blue,Less than $40K,34,4,1
769974258,44,M,3,Post-Graduate,Single,3,Existing Customer,Blue,$80K - $120K,38,5,2
769980333,36,M,1,Uneducated,Single,5,Existing Customer,Blue,$80K - $120K,30,4,2
769985883,45,M,2,Graduate,Single,3,Existing Customer,Blue,$80K - $120K,39,6,3
770024733,53,F,2,Uneducated,Married,3,Attrited Customer,Blue,$40K - $60K,47,1,2
770038983,37,M,4,High School,Single,3,Attrited Customer,Silver,$60K - $80K,31,1,3
770135358,46,M,1,Graduate,Married,2,Existing Customer,Blue,Less than $40K,40,6,2
770146008,59,M,1,Graduate,Single,2,Existing Customer,Blue,$40K - $60K,53,4,3
770180808,37,F,4,Graduate,Single,2,Existing Customer,Blue,Unknown,31,3,3
770190258,49,F,3,Graduate,Married,1,Existing Customer,Blue,Less than $40K,43,2,1
770205708,31,F,0,Unknown,Married,0,Existing Customer,Blue,Less than $40K,25,2,3
770220558,57,M,3,Unknown,Single,1,Attrited Customer,Blue,$60K - $80K,51,1,6
770241333,49,F,4,Graduate,Divorced,4,Existing Customer,Blue,Less than $40K,43,3,1
770262183,31,M,0,Uneducated,Single,2,Existing Customer,Blue,Less than $40K,25,5,2
770268933,44,M,5,Unknown,Married,2,Existing Customer,Silver,$60K - $80K,38,3,2
770278833,43,M,4,Unknown,Married,3,Attrited Customer,Blue,$120K +,37,3,1
770293758,44,M,3,High School,Single,2,Existing Customer,Blue,Less than $40K,38,6,1
770560683,51,M,1,Graduate,Married,1,Existing Customer,Gold,$120K +,37,2,3
770575233,37,M,2,Graduate,Single,2,Existing Customer,Blue,$60K - $80K,23,6,1
770581983,55,F,4,Graduate,Married,3,Existing Customer,Blue,$40K - $60K,41,1,1
770590758,43,F,3,Graduate,Single,0,Existing Customer,Blue,$40K - $60K,29,5,2
770596458,45,F,2,Doctorate,Married,4,Attrited Customer,Blue,Less than $40K,31,4,3
770632758,50,F,4,Doctorate,Single,2,Existing Customer,Blue,Unknown,36,2,3
770647233,35,F,2,High School,Married,3,Existing Customer,Blue,Less than $40K,21,5,6
770662383,38,M,2,Graduate,Single,2,Existing Customer,Blue,$40K - $60K,24,6,3
770667408,47,M,4,College,Married,3,Existing Customer,Blue,$80K - $120K,33,3,1
770705208,44,F,2,Unknown,Married,3,Existing Customer,Gold,Less than $40K,30,1,3
770708133,47,F,5,High School,Single,2,Existing Customer,Blue,Less than $40K,33,5,2
770717883,42,F,2,College,Married,1,Existing Customer,Blue,$40K - $60K,28,6,2
770721858,65,M,1,Graduate,Unknown,5,Existing Customer,Blue,Less than $40K,56,3,2
770724558,42,M,2,College,Married,3,Attrited Customer,Blue,$60K - $80K,28,6,1
770740308,49,F,4,Graduate,Unknown,2,Existing Customer,Blue,$40K - $60K,35,3,3
770743983,34,F,3,Uneducated,Unknown,3,Existing Customer,Blue,$40K - $60K,20,1,2
770746908,44,M,4,Unknown,Married,2,Existing Customer,Blue,$60K - $80K,30,5,1
770753733,42,M,5,College,Single,2,Existing Customer,Blue,Less than $40K,28,4,3
770762133,52,F,3,High School,Married,2,Existing Customer,Blue,Unknown,38,2,1
770764908,39,M,2,Unknown,Married,3,Existing Customer,Blue,$60K - $80K,25,5,2
770766633,28,F,1,Post-Graduate,Single,3,Existing Customer,Blue,Less than $40K,14,2,3
770769483,35,M,2,Post-Graduate,Married,3,Existing Customer,Blue,$40K - $60K,21,3,1
770774133,53,M,3,Graduate,Single,3,Existing Customer,Silver,$80K - $120K,39,1,2
770778108,49,M,4,Post-Graduate,Married,3,Existing Customer,Blue,$60K - $80K,35,4,2
770781558,35,F,2,Graduate,Married,2,Existing Customer,Blue,Less than $40K,21,5,1
770783508,48,M,3,Graduate,Divorced,2,Existing Customer,Blue,$60K - $80K,34,6,3
770800683,48,F,3,Post-Graduate,Married,3,Existing Customer,Blue,Less than $40K,35,3,3
770817783,47,M,4,Graduate,Married,1,Existing Customer,Silver,$60K - $80K,33,3,2
770824833,32,M,1,Graduate,Divorced,5,Attrited Customer,Blue,$40K - $60K,19,2,3
770828358,38,M,1,Graduate,Unknown,4,Existing Customer,Blue,$80K - $120K,25,4,2
770839608,60,M,1,Unknown,Unknown,1,Existing Customer,Blue,Less than $40K,47,6,1
770842833,49,F,3,High School,Married,3,Attrited Customer,Silver,Unknown,36,2,3
770848308,45,M,2,Graduate,Married,1,Existing Customer,Platinum,$60K - $80K,31,2,2
770858283,40,F,4,High School,Married,2,Attrited Customer,Blue,$40K - $60K,27,5,2
770871708,62,M,0,Graduate,Married,5,Existing Customer,Blue,$40K - $60K,48,5,1
770874483,54,F,1,Post-Graduate,Married,2,Existing Customer,Blue,Unknown,40,4,1
770878458,27,M,1,Post-Graduate,Married,2,Existing Customer,Blue,Less than $40K,13,3,2
770882508,38,M,2,College,Married,5,Existing Customer,Blue,$80K - $120K,24,4,1
770901258,30,F,1,Graduate,Married,3,Existing Customer,Blue,Less than $40K,17,3,1
770909433,50,F,2,College,Married,1,Existing Customer,Blue,$40K - $60K,37,6,2
770917608,42,F,1,Uneducated,Married,2,Existing Customer,Blue,Less than $40K,29,3,4
770920908,39,F,0,Unknown,Single,1,Existing Customer,Silver,$40K - $60K,26,1,1
770926158,51,F,0,Doctorate,Single,2,Existing Customer,Blue,Less than $40K,38,2,2
770929383,41,M,2,Graduate,Single,1,Existing Customer,Blue,$60K - $80K,28,2,1
770937183,40,F,4,Graduate,Single,2,Existing Customer,Silver,Less than $40K,27,3,1
770938533,45,M,1,College,Unknown,3,Existing Customer,Blue,$120K +,32,3,1
770942283,46,F,2,Unknown,Single,2,Existing Customer,Blue,Less than $40K,33,4,3
770952933,53,F,1,Unknown,Married,4,Existing Customer,Blue,Less than $40K,40,4,2
770956158,43,F,4,Graduate,Married,1,Existing Customer,Blue,Less than $40K,30,3,2
770968383,41,M,4,Graduate,Married,3,Attrited Customer,Silver,$80K - $120K,28,3,2
770970558,41,M,2,Unknown,Single,3,Existing Customer,Blue,$80K - $120K,28,1,2
770975133,36,M,0,Graduate,Unknown,4,Existing Customer,Blue,Less than $40K,23,5,2
770977833,36,M,2,Graduate,Married,3,Existing Customer,Blue,Less than $40K,23,2,2
770985633,39,M,2,Unknown,Married,2,Existing Customer,Blue,$40K - $60K,26,6,1
771020133,45,F,5,Uneducated,Unknown,0,Existing Customer,Blue,Less than $40K,32,3,3
771028533,48,F,3,Post-Graduate,Married,3,Attrited Customer,Silver,Less than $40K,35,5,1
771032658,54,M,3,Unknown,Married,2,Existing Customer,Blue,$80K - $120K,41,3,3
771037008,46,M,1,Uneducated,Unknown,2,Existing Customer,Blue,$80K - $120K,33,3,1
771040758,62,F,0,Graduate,Single,2,Existing Customer,Silver,Unknown,49,5,1
771045708,41,F,5,Graduate,Married,3,Attrited Customer,Blue,Less than $40K,28,2,3
771051783,53,M,3,High School,Married,5,Existing Customer,Blue,$120K +,40,6,2
771058908,55,F,3,High School,Single,2,Existing Customer,Blue,$40K - $60K,42,3,3
771061008,40,F,2,Doctorate,Married,3,Attrited Customer,Blue,$40K - $60K,27,4,2
771062733,44,F,2,Graduate,Single,1,Existing Customer,Blue,Less than $40K,31,1,2
771067308,38,F,3,High School,Single,2,Existing Customer,Blue,$40K - $60K,25,1,1
771069033,56,M,1,Unknown,Unknown,3,Existing Customer,Blue,$60K - $80K,43,2,2
771071958,41,F,3,Graduate,Married,2,Existing Customer,Blue,Less than $40K,28,6,1
771073908,62,M,0,Unknown,Married,2,Existing Customer,Blue,$40K - $60K,48,4,1
771075258,55,M,2,College,Single,2,Existing Customer,Silver,$120K +,42,2,3
771079833,40,F,3,High School,Single,3,Existing Customer,Blue,Less than $40K,27,3,3
771081558,55,M,2,High School,Divorced,2,Existing Customer,Blue,$120K +,42,3,2
771086208,57,F,2,Graduate,Married,4,Existing Customer,Blue,Less than $40K,44,3,4
771092433,55,M,2,Graduate,Single,3,Existing Customer,Blue,Less than $40K,42,4,3
771097683,43,M,2,High School,Single,2,Attrited Customer,Blue,$120K +,30,1,2
771099183,37,F,2,Graduate,Single,3,Existing Customer,Blue,Less than $40K,24,5,2
771106458,54,F,4,College,Married,2,Existing Customer,Blue,Less than $40K,41,1,5
771108933,47,F,4,Graduate,Married,4,Existing Customer,Blue,Less than $40K,34,5,3
771163533,52,F,1,Unknown,Married,1,Existing Customer,Blue,$40K - $60K,39,3,2
771169458,41,M,4,College,Married,0,Existing Customer,Blue,$120K +,28,5,3
771180033,47,F,4,Unknown,Divorced,2,Existing Customer,Blue,$40K - $60K,34,6,1
771183933,39,M,1,Uneducated,Married,3,Existing Customer,Blue,$80K - $120K,26,6,2
771190083,36,M,3,Post-Graduate,Single,1,Existing Customer,Blue,Less than $40K,23,6,2
771196083,47,M,4,Graduate,Married,3,Existing Customer,Blue,$80K - $120K,34,6,3
771197433,54,F,1,Graduate,Married,4,Existing Customer,Blue,Less than $40K,41,3,2
771201408,53,F,3,Graduate,Divorced,3,Existing Customer,Blue,Less than $40K,40,3,2
771204108,36,M,2,Uneducated,Single,0,Existing Customer,Blue,Unknown,23,3,1
771212508,34,F,2,Unknown,Single,4,Existing Customer,Blue,Less than $40K,21,6,3
771214083,45,M,2,High School,Unknown,3,Existing Customer,Blue,$60K - $80K,32,1,2
771215583,39,M,3,High School,Single,4,Existing Customer,Blue,$60K - $80K,26,6,1
771217758,44,F,2,High School,Married,3,Existing Customer,Blue,Less than $40K,31,3,2
771219033,42,M,1,Uneducated,Unknown,3,Existing Customer,Blue,$80K - $120K,29,4,3
771220758,40,F,3,Doctorate,Single,2,Existing Customer,Blue,Unknown,27,1,1
771222558,45,M,3,Graduate,Unknown,3,Existing Customer,Blue,Less than $40K,32,6,1
771224358,54,M,4,Unknown,Married,3,Existing Customer,Blue,Less than $40K,41,3,1
771228183,30,F,0,Graduate,Divorced,3,Existing Customer,Blue,Less than $40K,17,4,1
771230508,NULL,F,4,College,Married,1,Existing Customer,Blue,$40K - $60K,33,4,1
771232533,46,F,2,Graduate,Married,3,Existing Customer,Blue,Less than $40K,33,3,3
771234558,65,F,0,Graduate,Single,2,Existing Customer,Blue,Less than $40K,56,6,3
771237933,47,M,1,Uneducated,Unknown,3,Existing Customer,Blue,$80K - $120K,34,4,1
771244383,52,F,1,College,Unknown,1,Existing Customer,Blue,Less than $40K,39,1,2
771246708,40,M,5,Graduate,Unknown,3,Existing Customer,Blue,$120K +,27,5,2
771284658,47,F,1,Unknown,Unknown,4,Attrited Customer,Blue,Less than $40K,35,6,2
771288258,48,F,3,Unknown,Unknown,2,Existing Customer,Blue,$40K - $60K,36,6,2
771292233,48,F,1,Unknown,Unknown,2,Attrited Customer,Blue,Less than $40K,36,1,1
771304383,45,F,3,High School,Married,3,Existing Customer,Blue,Less than $40K,33,1,2
771330558,51,M,4,High School,Married,3,Existing Customer,Blue,$60K - $80K,38,5,2
771332283,50,M,4,Graduate,Married,3,Attrited Customer,Blue,$80K - $120K,38,5,1
771335358,37,M,2,College,Divorced,4,Existing Customer,Blue,$40K - $60K,24,3,3
771336783,51,F,3,High School,Single,2,Existing Customer,Blue,Less than $40K,38,1,3
771338658,46,F,2,High School,Married,1,Existing Customer,Blue,$80K - $120K,30,6,3
771342183,53,F,3,Graduate,Single,2,Attrited Customer,Blue,$40K - $60K,40,6,3
771349458,33,M,2,Graduate,Unknown,3,Existing Customer,Blue,$40K - $60K,20,4,3
771354633,58,M,1,College,Single,4,Existing Customer,Blue,$80K - $120K,45,5,3
771356508,41,F,5,Graduate,Married,1,Existing Customer,Blue,Less than $40K,28,2,3
771359958,39,M,4,Unknown,Single,2,Existing Customer,Silver,$120K +,26,6,2
771400608,56,M,2,Graduate,Married,2,Existing Customer,Blue,Unknown,44,2,1
771403008,52,M,2,Graduate,Unknown,3,Existing Customer,Blue,$60K - $80K,40,4,1
771408483,48,M,5,Unknown,Unknown,2,Existing Customer,Blue,$60K - $80K,36,4,1
771411408,50,M,1,Post-Graduate,Unknown,4,Attrited Customer,Blue,$80K - $120K,38,2,3
771420708,42,F,4,Unknown,Single,1,Existing Customer,Blue,Less than $40K,30,3,2
771422883,57,F,3,Graduate,Married,2,Attrited Customer,Blue,Less than $40K,45,1,4
771424908,38,M,2,Unknown,Unknown,3,Attrited Customer,Blue,$60K - $80K,26,2,2
771429408,54,M,1,High School,Married,2,Attrited Customer,Blue,$80K - $120K,42,5,3
771431133,47,F,4,Graduate,Unknown,4,Existing Customer,Blue,Less than $40K,35,4,2
771433608,54,M,4,Uneducated,Single,2,Existing Customer,Blue,$80K - $120K,42,5,2
771441558,49,M,2,Post-Graduate,Married,3,Existing Customer,Blue,$60K - $80K,37,5,3
771450708,58,F,3,Graduate,Unknown,1,Existing Customer,Blue,$40K - $60K,46,5,3
771453033,47,M,3,High School,Married,2,Existing Customer,Blue,$60K - $80K,35,5,1
771455508,60,F,0,College,Unknown,3,Existing Customer,Blue,Less than $40K,48,5,1
771460158,43,M,3,Graduate,Single,2,Existing Customer,Blue,Less than $40K,31,3,1
771464808,35,F,2,Graduate,Single,3,Existing Customer,Blue,Less than $40K,23,6,3
771469758,55,M,3,Graduate,Single,3,Existing Customer,Blue,$120K +,43,5,1
771471708,44,F,2,Graduate,Unknown,3,Existing Customer,Blue,Less than $40K,32,2,1
771474108,40,M,2,Uneducated,Unknown,2,Existing Customer,Blue,Less than $40K,28,3,2
771484908,31,M,0,Graduate,Divorced,3,Existing Customer,Silver,$80K - $120K,19,1,3
771486933,64,M,1,Graduate,Single,2,Existing Customer,Blue,Less than $40K,52,5,3
771488583,46,F,1,Graduate,Unknown,2,Existing Customer,Blue,$40K - $60K,34,4,2
771490833,52,M,1,College,Unknown,1,Existing Customer,Blue,$80K - $120K,40,5,1
771492408,40,F,2,Graduate,Married,2,Existing Customer,Blue,Less than $40K,28,3,1
771497283,40,M,2,High School,Divorced,3,Existing Customer,Blue,Less than $40K,28,4,6
771499233,46,F,4,High School,Married,3,Existing Customer,Blue,Less than $40K,34,6,1
771500358,43,F,2,Uneducated,Divorced,1,Existing Customer,Blue,Less than $40K,31,5,3
771502383,54,F,1,High School,Married,4,Existing Customer,Blue,Less than $40K,42,3,5
771503958,49,M,2,Unknown,Unknown,3,Existing Customer,Blue,$40K - $60K,37,5,1
771507258,38,F,2,Graduate,Single,1,Existing Customer,Blue,Less than $40K,26,1,2
771516333,41,F,2,Graduate,Unknown,3,Existing Customer,Blue,$40K - $60K,29,6,2
771518658,58,F,1,High School,Married,1,Existing Customer,Blue,$40K - $60K,46,5,3
771527508,60,M,2,Graduate,Single,1,Existing Customer,Blue,$60K - $80K,48,3,4
771529608,50,M,2,High School,Married,0,Existing Customer,Blue,$120K +,38,5,6
771531708,46,F,2,Unknown,Single,1,Existing Customer,Blue,Unknown,34,6,3
771534408,NULL,F,2,College,Married,3,Existing Customer,Blue,Less than $40K,40,4,3
771544533,42,F,5,High School,Married,4,Attrited Customer,Blue,Unknown,30,3,1
771546708,46,F,2,Graduate,Single,1,Existing Customer,Blue,Less than $40K,34,2,2
771556308,26,F,0,High School,Single,4,Existing Customer,Blue,Less than $40K,13,6,3
771559158,58,M,3,Uneducated,Unknown,3,Existing Customer,Blue,$80K - $120K,46,3,1
771561183,42,M,4,Graduate,Single,3,Attrited Customer,Blue,$40K - $60K,30,6,3
771566208,48,M,3,College,Married,2,Existing Customer,Blue,Less than $40K,36,3,1
771575058,45,M,1,Graduate,Married,4,Existing Customer,Blue,Less than $40K,33,4,3
771584658,46,M,4,Unknown,Single,3,Existing Customer,Silver,Unknown,34,1,2
771592458,48,F,1,Graduate,Unknown,3,Existing Customer,Blue,Less than $40K,36,6,2
771594783,56,F,1,College,Married,4,Attrited Customer,Blue,Unknown,44,2,4
771599283,53,F,2,Graduate,Married,5,Existing Customer,Blue,$80K - $120K,41,3,2
771602883,42,M,3,High School,Single,4,Existing Customer,Blue,$80K - $120K,30,4,5
771617883,54,F,2,High School,Single,2,Existing Customer,Blue,$40K - $60K,42,1,2
771626283,54,M,2,Post-Graduate,Married,1,Existing Customer,Platinum,$60K - $80K,42,1,3
771630783,42,F,3,High School,Married,2,Existing Customer,Blue,Unknown,30,1,1
771638733,49,M,3,Doctorate,Single,3,Attrited Customer,Blue,$40K - $60K,37,5,2
771649083,63,F,0,High School,Married,4,Existing Customer,Blue,$80K - $120K,51,3,3
771653583,58,M,1,High School,Unknown,4,Existing Customer,Blue,$60K - $80K,46,3,2
771666783,43,M,5,College,Married,1,Existing Customer,Blue,$40K - $60K,31,5,1
771669183,49,M,1,Graduate,Married,4,Existing Customer,Blue,$60K - $80K,37,5,1
771674958,45,M,2,High School,Married,3,Existing Customer,Blue,$40K - $60K,33,1,3
771682533,43,F,3,Unknown,Married,2,Existing Customer,Blue,Less than $40K,31,4,3
771688983,53,F,2,High School,Single,2,Existing Customer,Blue,Less than $40K,41,4,1
771693933,62,F,1,Graduate,Married,4,Existing Customer,Blue,Less than $40K,50,6,6
771698658,44,M,5,Graduate,Married,3,Existing Customer,Blue,$60K - $80K,32,4,5
771706308,46,M,2,Doctorate,Single,2,Existing Customer,Blue,$80K - $120K,34,4,3
771719283,39,M,4,Doctorate,Married,1,Existing Customer,Blue,Less than $40K,27,2,1
771723408,37,M,2,Unknown,Single,4,Attrited Customer,Blue,Less than $40K,25,3,2
771725808,43,M,3,Uneducated,Unknown,4,Existing Customer,Blue,$80K - $120K,31,5,1
771730758,51,M,1,High School,Single,2,Existing Customer,Blue,Unknown,39,4,3
771733608,47,F,1,Graduate,Married,5,Attrited Customer,Blue,$40K - $60K,35,3,3
771735933,48,M,2,High School,Married,1,Existing Customer,Blue,$80K - $120K,36,2,1
771742533,48,M,2,Graduate,Unknown,2,Existing Customer,Blue,$40K - $60K,36,5,1
771749733,41,M,2,Graduate,Single,3,Existing Customer,Silver,$40K - $60K,30,5,2
771752508,40,F,3,Doctorate,Married,1,Existing Customer,Blue,Less than $40K,29,1,1
771756333,34,F,3,Graduate,Married,3,Existing Customer,Blue,Less than $40K,23,5,3
771769383,42,F,3,Unknown,Married,2,Existing Customer,Blue,Less than $40K,31,2,3
771772083,48,M,4,Graduate,Married,1,Existing Customer,Blue,$60K - $80K,37,2,1
771776808,44,M,4,Uneducated,Married,3,Attrited Customer,Blue,$40K - $60K,33,5,4
771783333,49,F,1,Uneducated,Married,2,Attrited Customer,Blue,$40K - $60K,37,6,2
771790083,43,F,3,Unknown,Married,2,Existing Customer,Silver,Less than $40K,32,4,3
771795933,49,M,4,Unknown,Single,4,Attrited Customer,Blue,$120K +,38,3,3
771799008,61,F,1,Graduate,Married,1,Existing Customer,Blue,Unknown,50,3,3
771809733,64,F,0,High School,Married,3,Attrited Customer,Blue,$40K - $60K,53,1,3
771816408,44,M,4,Uneducated,Married,2,Existing Customer,Blue,Less than $40K,33,5,4
771819258,52,M,1,Unknown,Married,2,Existing Customer,Blue,$120K +,40,4,1
771823308,33,F,2,Uneducated,Unknown,4,Existing Customer,Blue,Less than $40K,21,5,1
771829758,36,M,3,Uneducated,Married,3,Existing Customer,Blue,$80K - $120K,25,6,3
771833433,49,M,2,High School,Married,4,Attrited Customer,Blue,$80K - $120K,38,3,2
771844458,40,F,3,Graduate,Married,2,Existing Customer,Blue,Unknown,28,6,1
771852483,46,M,3,Graduate,Single,4,Existing Customer,Blue,$80K - $120K,35,6,3
771854808,45,M,4,Graduate,Married,3,Attrited Customer,Blue,$60K - $80K,34,6,2
771862308,50,M,1,College,Single,2,Existing Customer,Blue,$80K - $120K,39,4,3
771865908,48,F,2,Graduate,Single,3,Attrited Customer,Blue,Unknown,37,4,2
771869508,51,F,2,Uneducated,Married,3,Existing Customer,Blue,Less than $40K,40,4,3
771872733,38,M,0,Unknown,Married,1,Attrited Customer,Blue,$60K - $80K,26,5,2
771881283,42,M,1,Uneducated,Divorced,2,Existing Customer,Blue,$60K - $80K,30,3,2
771886233,48,M,1,Unknown,Married,5,Existing Customer,Silver,$60K - $80K,37,6,3
771894558,50,M,3,High School,Single,4,Existing Customer,Blue,$80K - $120K,39,4,1
771899433,48,M,3,Graduate,Married,4,Attrited Customer,Blue,$80K - $120K,37,5,2
771903033,36,F,1,Graduate,Married,2,Existing Customer,Blue,Less than $40K,25,5,1
771907158,54,M,5,Unknown,Married,3,Existing Customer,Blue,$120K +,42,1,1
771912408,49,F,2,Graduate,Married,1,Existing Customer,Blue,Less than $40K,38,3,3
771918033,54,M,4,Graduate,Single,3,Existing Customer,Blue,$80K - $120K,43,3,4
771922008,57,F,2,Unknown,Married,2,Attrited Customer,Blue,Less than $40K,46,5,2
771928608,34,M,1,Uneducated,Single,1,Existing Customer,Blue,$60K - $80K,23,6,1
771935283,47,F,4,Graduate,Single,1,Existing Customer,Blue,$40K - $60K,36,1,2
771942333,65,M,1,College,Single,2,Existing Customer,Blue,Less than $40K,54,5,2
771952683,47,F,3,High School,Married,2,Existing Customer,Blue,Less than $40K,36,3,2
771960708,51,M,2,Graduate,Married,4,Existing Customer,Blue,$80K - $120K,40,3,2
771963708,56,M,3,Unknown,Married,2,Attrited Customer,Blue,$60K - $80K,45,5,3
771976683,54,F,1,College,Married,2,Existing Customer,Blue,Unknown,43,3,3
771982083,44,M,4,Doctorate,Married,3,Existing Customer,Blue,$80K - $120K,33,3,1
771989733,37,M,2,Unknown,Single,2,Existing Customer,Blue,$40K - $60K,26,4,1
772000533,59,M,1,Graduate,Married,2,Attrited Customer,Blue,$60K - $80K,48,4,3
772031733,40,M,4,Graduate,Single,2,Existing Customer,Blue,$80K - $120K,29,5,1
772036233,62,F,1,Graduate,Single,3,Existing Customer,Blue,$80K - $120K,51,6,2
772047183,45,M,4,High School,Married,3,Existing Customer,Blue,$40K - $60K,34,6,3
772051308,55,F,3,Graduate,Single,3,Existing Customer,Blue,Unknown,44,6,6
772054458,43,M,3,Unknown,Unknown,3,Existing Customer,Blue,$60K - $80K,32,4,1
772063308,45,F,2,Graduate,Single,1,Attrited Customer,Blue,$60K - $80K,34,5,1
772069683,59,M,0,High School,Married,3,Existing Customer,Blue,$60K - $80K,48,3,1
772073508,52,F,1,College,Single,6,Attrited Customer,Blue,Less than $40K,41,5,3
772076208,58,M,4,College,Married,0,Existing Customer,Blue,$80K - $120K,47,6,3
772082208,39,M,1,Graduate,Single,2,Existing Customer,Blue,$120K +,28,4,2
772086408,38,M,3,High School,Married,4,Existing Customer,Blue,$80K - $120K,27,4,1
772095858,38,F,2,Graduate,Single,3,Existing Customer,Blue,Unknown,27,4,2
772098858,44,F,4,Uneducated,Married,1,Existing Customer,Blue,Unknown,33,1,2
772103208,44,M,5,High School,Married,2,Existing Customer,Blue,Unknown,33,4,3
772105608,48,F,4,Uneducated,Married,4,Existing Customer,Blue,Less than $40K,37,6,3
772111083,50,M,1,High School,Married,2,Existing Customer,Blue,$80K - $120K,39,3,3
772116408,50,M,1,High School,Single,1,Existing Customer,Blue,$40K - $60K,39,4,1
772118583,43,F,1,Uneducated,Married,2,Existing Customer,Blue,Less than $40K,32,6,2
772127508,31,M,1,Uneducated,Married,2,Attrited Customer,Blue,Less than $40K,20,6,2
772133808,47,F,3,Post-Graduate,Unknown,0,Existing Customer,Blue,$40K - $60K,36,6,5
772137183,52,M,2,Graduate,Single,1,Attrited Customer,Blue,$120K +,41,1,3
772139433,44,F,2,College,Single,3,Attrited Customer,Blue,$40K - $60K,33,4,2
772143333,46,F,2,High School,Single,3,Existing Customer,Blue,Less than $40K,35,6,3
772145658,43,M,4,Uneducated,Single,3,Existing Customer,Blue,$80K - $120K,32,4,1
772148058,45,F,3,Graduate,Unknown,3,Existing Customer,Blue,$80K - $120K,34,6,6
772150983,48,F,3,High School,Unknown,1,Attrited Customer,Blue,Less than $40K,37,4,2
772155108,62,F,0,High School,Married,4,Existing Customer,Blue,Less than $40K,51,6,3
772162683,34,M,2,Graduate,Married,2,Attrited Customer,Blue,Less than $40K,23,6,2
772166058,31,M,1,Unknown,Single,3,Existing Customer,Blue,$40K - $60K,20,1,2
772172883,46,F,2,Uneducated,Unknown,1,Existing Customer,Blue,$40K - $60K,35,6,2
772177308,47,F,2,Unknown,Unknown,2,Existing Customer,Blue,Less than $40K,36,4,2
772189308,59,F,1,College,Single,0,Existing Customer,Blue,Less than $40K,48,5,2
772198983,53,F,2,Graduate,Unknown,1,Existing Customer,Blue,$40K - $60K,42,3,5
772202058,64,M,0,Graduate,Married,4,Existing Customer,Blue,Less than $40K,53,3,3
772204758,42,F,2,Post-Graduate,Unknown,2,Existing Customer,Blue,Less than $40K,31,3,2
772207683,34,M,2,Graduate,Single,2,Existing Customer,Blue,Less than $40K,23,1,3
772216833,47,F,5,Graduate,Single,1,Existing Customer,Blue,Less than $40K,36,1,2
772220433,44,M,3,College,Unknown,2,Existing Customer,Blue,$60K - $80K,33,6,3
772231233,41,F,2,Graduate,Married,4,Attrited Customer,Blue,Less than $40K,30,6,2
772236108,40,F,1,Graduate,Married,3,Existing Customer,Blue,Unknown,29,5,1
772243833,54,F,0,Doctorate,Single,3,Existing Customer,Blue,Less than $40K,43,4,1
772248408,40,F,3,Graduate,Single,4,Existing Customer,Blue,Less than $40K,29,5,1
772264383,44,M,2,Graduate,Single,3,Existing Customer,Blue,$120K +,33,4,1
772268058,46,F,4,Uneducated,Single,3,Existing Customer,Blue,Less than $40K,35,5,2
772271508,46,F,3,Uneducated,Single,3,Attrited Customer,Blue,Unknown,35,2,3
772273983,48,M,4,Uneducated,Married,4,Attrited Customer,Blue,$40K - $60K,37,1,3
772277508,65,F,1,Unknown,Single,2,Existing Customer,Blue,Less than $40K,54,4,2
772286658,63,M,1,Graduate,Single,3,Existing Customer,Blue,$60K - $80K,52,6,4
772288758,47,F,4,Graduate,Married,3,Existing Customer,Blue,Unknown,36,4,1
772292358,30,M,1,College,Divorced,3,Attrited Customer,Blue,Less than $40K,19,4,3
772300383,57,F,2,Unknown,Married,3,Existing Customer,Blue,$40K - $60K,46,3,1
772303458,62,F,0,Doctorate,Married,2,Attrited Customer,Blue,$40K - $60K,51,3,3
772306383,57,F,3,Unknown,Unknown,2,Attrited Customer,Blue,Less than $40K,43,5,3
772308408,44,M,3,Graduate,Single,3,Existing Customer,Blue,$80K - $120K,33,6,3
772310958,42,F,2,Graduate,Married,3,Existing Customer,Blue,Less than $40K,31,4,6
772313358,50,M,3,High School,Single,2,Existing Customer,Blue,$80K - $120K,39,3,3
772323033,44,F,4,Graduate,Single,2,Existing Customer,Blue,Less than $40K,33,3,2
772329183,48,M,5,Unknown,Married,1,Existing Customer,Blue,$40K - $60K,38,4,4
772334133,53,F,1,Graduate,Married,3,Existing Customer,Blue,Unknown,42,2,1
772336458,60,F,1,Uneducated,Married,3,Attrited Customer,Blue,$40K - $60K,50,4,4
772339383,54,M,3,Post-Graduate,Single,3,Existing Customer,Blue,$40K - $60K,44,2,5
772341783,45,F,3,High School,Single,6,Attrited Customer,Blue,Unknown,35,3,2
772346358,52,F,3,Uneducated,Single,2,Existing Customer,Blue,Less than $40K,41,2,1
772353408,43,F,5,Unknown,Single,4,Existing Customer,Blue,$40K - $60K,33,4,3
772360683,57,M,1,High School,Married,4,Existing Customer,Blue,$120K +,46,3,3
772364358,54,F,2,High School,Unknown,1,Existing Customer,Blue,Less than $40K,44,1,1
772366833,50,F,2,Graduate,Single,3,Existing Customer,Blue,$40K - $60K,40,3,2
772375533,30,M,1,Graduate,Married,2,Existing Customer,Blue,$80K - $120K,19,5,3
772382283,46,F,3,Graduate,Married,3,Attrited Customer,Blue,Less than $40K,36,3,3
772388508,43,F,3,Graduate,Married,3,Attrited Customer,Blue,Unknown,32,2,3
772390908,59,M,0,High School,Single,3,Attrited Customer,Blue,$40K - $60K,48,2,4
772394883,60,F,1,Uneducated,Single,3,Attrited Customer,Blue,Unknown,50,3,6
772399983,55,M,2,College,Single,4,Existing Customer,Silver,$80K - $120K,45,3,1
772401933,36,F,1,Unknown,Single,2,Existing Customer,Blue,Less than $40K,26,3,3
772404633,49,M,2,Graduate,Married,2,Existing Customer,Silver,$80K - $120K,39,1,1
772407333,41,F,3,Unknown,Married,3,Attrited Customer,Blue,Less than $40K,30,5,3
772409733,39,F,3,High School,Divorced,3,Attrited Customer,Blue,$40K - $60K,28,4,1
772415808,48,F,5,Post-Graduate,Unknown,1,Existing Customer,Blue,$40K - $60K,38,3,3
772426383,50,F,4,Uneducated,Married,3,Existing Customer,Blue,$40K - $60K,40,5,2
772430733,42,M,2,Graduate,Married,1,Existing Customer,Blue,$120K +,32,1,1
772437633,43,M,3,Graduate,Single,3,Existing Customer,Blue,$60K - $80K,33,4,2
772442883,51,F,4,Graduate,Married,5,Attrited Customer,Blue,Unknown,41,2,3
772449858,51,M,3,Graduate,Married,4,Existing Customer,Blue,$40K - $60K,41,5,3
772452783,43,M,3,Unknown,Married,2,Existing Customer,Blue,$40K - $60K,33,6,1
772457583,47,F,2,Doctorate,Single,1,Attrited Customer,Blue,Less than $40K,37,3,0
772460508,53,M,1,Uneducated,Married,2,Existing Customer,Blue,$40K - $60K,43,3,1
772466508,45,M,3,Unknown,Unknown,1,Attrited Customer,Blue,$60K - $80K,35,6,2
772468983,36,M,1,Post-Graduate,Married,2,Existing Customer,Blue,$80K - $120K,26,3,4
772472208,50,M,1,Uneducated,Married,4,Existing Customer,Blue,$60K - $80K,40,6,1
772491333,31,F,1,Post-Graduate,Married,2,Existing Customer,Blue,Less than $40K,21,2,1
772506858,45,F,4,High School,Single,2,Existing Customer,Blue,Unknown,35,3,4
772514808,36,F,2,Uneducated,Single,4,Existing Customer,Blue,$40K - $60K,26,3,2
772525308,43,M,3,College,Single,4,Existing Customer,Blue,$40K - $60K,33,5,2
772528158,55,F,3,Unknown,Single,4,Attrited Customer,Blue,Less than $40K,45,4,3
772532208,51,F,2,Doctorate,Married,3,Attrited Customer,Blue,Less than $40K,41,2,2
772539558,65,F,0,College,Single,0,Existing Customer,Blue,Less than $40K,55,3,3
772545858,49,F,4,Graduate,Married,3,Existing Customer,Blue,Less than $40K,39,4,2
772565883,41,M,0,High School,Single,2,Existing Customer,Blue,$80K - $120K,31,3,5
772569033,44,M,0,High School,Divorced,2,Existing Customer,Blue,$80K - $120K,34,5,2
772571508,34,F,2,High School,Single,0,Existing Customer,Blue,Less than $40K,24,4,1
772574283,50,F,2,Graduate,Married,4,Attrited Customer,Blue,$40K - $60K,40,3,1
772578858,49,F,1,Unknown,Married,2,Existing Customer,Blue,Less than $40K,39,3,4
772580958,57,F,2,Uneducated,Married,2,Existing Customer,Blue,Unknown,47,3,2
772585008,48,F,4,High School,Married,1,Existing Customer,Blue,Unknown,38,2,3
772590408,41,M,5,Unknown,Married,1,Existing Customer,Blue,$80K - $120K,31,3,3
772596783,31,M,1,Graduate,Unknown,2,Existing Customer,Gold,Less than $40K,21,3,2
772601283,39,M,1,Post-Graduate,Single,2,Existing Customer,Blue,$80K - $120K,29,6,2
772607433,50,F,3,High School,Married,4,Existing Customer,Blue,$80K - $120K,40,6,2
772629333,45,M,3,Graduate,Married,2,Existing Customer,Blue,$40K - $60K,35,5,4
772637058,34,M,3,Uneducated,Married,4,Existing Customer,Blue,$60K - $80K,24,3,1
772640808,38,F,1,College,Single,2,Existing Customer,Blue,Less than $40K,28,2,2
772643058,58,F,3,Graduate,Married,3,Existing Customer,Blue,Less than $40K,48,6,2
772655733,41,M,1,Uneducated,Single,4,Existing Customer,Blue,$80K - $120K,31,6,2
772658658,57,M,2,High School,Single,4,Existing Customer,Blue,$60K - $80K,47,6,3
772661808,56,M,3,Graduate,Married,2,Existing Customer,Blue,$120K +,46,2,1
772669833,43,F,3,Post-Graduate,Single,2,Existing Customer,Blue,$60K - $80K,33,4,3
772674933,51,M,1,Uneducated,Married,3,Existing Customer,Blue,$80K - $120K,41,5,3
772684833,32,F,1,Unknown,Married,2,Existing Customer,Blue,Less than $40K,22,3,3
772687983,53,M,3,Graduate,Single,3,Existing Customer,Blue,$60K - $80K,43,5,3
772695033,47,M,5,High School,Single,4,Attrited Customer,Blue,$80K - $120K,37,3,4
772698783,50,F,2,College,Married,4,Existing Customer,Blue,Less than $40K,40,3,2
772706283,38,M,2,College,Married,4,Existing Customer,Blue,$40K - $60K,28,3,3
772712658,62,F,0,Uneducated,Married,2,Existing Customer,Blue,Less than $40K,50,5,1
772721208,50,M,2,High School,Married,3,Existing Customer,Blue,$60K - $80K,40,4,3
772725408,40,M,3,Uneducated,Married,2,Existing Customer,Blue,$60K - $80K,30,2,3
772728933,50,M,2,High School,Married,3,Attrited Customer,Blue,$120K +,40,6,4
772735758,44,M,1,Unknown,Married,0,Existing Customer,Blue,Unknown,34,6,2
772758783,43,M,1,Unknown,Married,5,Existing Customer,Blue,$80K - $120K,33,5,1
772776033,33,M,2,College,Married,3,Existing Customer,Blue,$80K - $120K,23,3,4
772782708,50,M,3,Post-Graduate,Single,2,Existing Customer,Blue,$80K - $120K,40,5,2
772794108,46,M,3,Doctorate,Single,4,Existing Customer,Blue,Less than $40K,36,5,1
772813458,48,F,3,Graduate,Married,2,Existing Customer,Blue,Unknown,39,3,1
772825308,40,M,3,Graduate,Unknown,3,Existing Customer,Blue,$80K - $120K,31,4,2
772837083,41,M,3,Graduate,Married,1,Existing Customer,Blue,$120K +,32,2,3
772846383,45,F,1,Unknown,Single,1,Existing Customer,Blue,Less than $40K,36,3,4
772857558,47,M,4,Graduate,Married,3,Existing Customer,Blue,$60K - $80K,30,4,2
772869033,47,M,3,Unknown,Single,3,Existing Customer,Gold,$120K +,38,2,4
772879158,47,M,5,High School,Married,2,Existing Customer,Blue,$60K - $80K,38,4,1
772922883,41,M,3,Unknown,Married,4,Attrited Customer,Blue,$80K - $120K,22,3,3
772935108,47,M,1,Unknown,Divorced,3,Existing Customer,Silver,$80K - $120K,38,3,2
773018583,38,F,4,Graduate,Married,2,Existing Customer,Blue,Less than $40K,30,5,1
773073558,44,F,3,Graduate,Divorced,3,Existing Customer,Blue,Less than $40K,36,6,3
773082033,35,M,1,Post-Graduate,Married,4,Existing Customer,Blue,$80K - $120K,27,3,3
773108958,55,F,2,Uneducated,Married,1,Existing Customer,Blue,$40K - $60K,48,4,1
773140683,51,M,0,Unknown,Married,2,Existing Customer,Blue,$60K - $80K,43,4,1
773146383,50,F,1,College,Single,3,Existing Customer,Silver,$40K - $60K,43,3,2
773155533,49,F,3,Unknown,Single,3,Existing Customer,Blue,Less than $40K,42,5,3
773172483,30,M,0,Graduate,Married,4,Attrited Customer,Blue,$40K - $60K,23,6,2
773177358,48,F,3,Graduate,Married,2,Existing Customer,Blue,Unknown,41,1,2
773185833,49,F,3,High School,Married,4,Existing Customer,Gold,$60K - $80K,42,3,1
773228133,39,F,2,Graduate,Married,2,Attrited Customer,Blue,Less than $40K,29,3,2
773236983,47,M,4,High School,Married,3,Existing Customer,Blue,$40K - $60K,40,4,2
773257233,46,M,4,Unknown,Single,3,Existing Customer,Blue,Less than $40K,39,4,2
773270058,57,M,5,High School,Married,3,Existing Customer,Blue,$80K - $120K,50,4,2
773275083,49,F,3,College,Married,0,Existing Customer,Blue,Unknown,37,2,3
773283108,31,M,0,High School,Married,3,Existing Customer,Silver,$60K - $80K,24,1,1
773288958,38,M,1,Graduate,Married,3,Existing Customer,Blue,$60K - $80K,31,6,3
773297508,NULL,M,3,College,Married,3,Existing Customer,Blue,$80K - $120K,28,3,1
773306658,54,M,1,Unknown,Single,4,Existing Customer,Blue,$60K - $80K,48,4,5
773322558,59,F,2,High School,Married,1,Existing Customer,Blue,Less than $40K,48,6,1
773332908,48,M,4,High School,Unknown,2,Existing Customer,Blue,$60K - $80K,30,3,3
773342808,46,M,1,Unknown,Unknown,3,Existing Customer,Blue,Less than $40K,40,6,4
773356008,57,M,2,Post-Graduate,Divorced,3,Existing Customer,Blue,$60K - $80K,51,2,3
773364483,45,F,4,Doctorate,Unknown,2,Existing Customer,Silver,Unknown,39,4,1
773373108,49,M,4,High School,Married,0,Existing Customer,Blue,Less than $40K,43,4,2
773383158,29,F,1,College,Single,4,Existing Customer,Blue,Less than $40K,23,4,3
773389908,37,F,3,High School,Married,3,Existing Customer,Blue,Less than $40K,31,5,1
773442258,57,M,1,Doctorate,Married,2,Existing Customer,Blue,$80K - $120K,51,5,2
773448558,46,M,3,Graduate,Divorced,3,Existing Customer,Blue,$80K - $120K,40,6,3
773457558,45,F,5,College,Married,2,Existing Customer,Silver,$40K - $60K,39,3,2
773466258,48,F,4,High School,Married,3,Existing Customer,Blue,$40K - $60K,42,3,1
773503308,59,M,1,Uneducated,Single,4,Existing Customer,Blue,Less than $40K,53,5,5
773667708,50,M,1,Graduate,Divorced,3,Attrited Customer,Blue,$60K - $80K,44,3,4
773827008,47,M,4,Uneducated,Married,2,Attrited Customer,Blue,$60K - $80K,41,6,2
773988708,52,M,2,Uneducated,Married,2,Existing Customer,Silver,$120K +,43,1,2
774012933,47,F,3,College,Divorced,1,Attrited Customer,Blue,$40K - $60K,41,1,2
774099708,39,F,3,High School,Single,2,Existing Customer,Blue,Less than $40K,33,2,1
774172158,29,M,1,Unknown,Single,2,Existing Customer,Blue,$60K - $80K,19,3,1
774437583,55,M,1,Doctorate,Married,4,Existing Customer,Blue,$60K - $80K,49,6,2
774491958,53,M,3,High School,Single,3,Existing Customer,Blue,$60K - $80K,47,2,1
774588633,45,F,3,Graduate,Single,3,Attrited Customer,Blue,Less than $40K,39,2,2
774675933,40,M,3,College,Divorced,3,Existing Customer,Silver,$80K - $120K,34,2,1
774760458,62,F,1,High School,Unknown,1,Attrited Customer,Blue,$40K - $60K,56,3,5
775112958,51,M,1,Unknown,Married,3,Existing Customer,Blue,$60K - $80K,45,2,3
775152708,49,M,3,Post-Graduate,Unknown,4,Attrited Customer,Blue,$80K - $120K,39,2,3
775198608,38,F,2,Graduate,Married,3,Existing Customer,Blue,Less than $40K,32,5,3
775267158,43,F,3,Graduate,Married,3,Existing Customer,Blue,$40K - $60K,37,2,1
778131333,38,F,2,Graduate,Married,3,Existing Customer,Blue,Less than $40K,31,6,3
778137108,43,M,4,High School,Single,2,Existing Customer,Blue,$80K - $120K,37,6,1
778143183,47,M,1,Graduate,Unknown,3,Existing Customer,Blue,$60K - $80K,40,2,2
778148283,48,M,2,Doctorate,Single,1,Existing Customer,Blue,$120K +,41,5,2
778152108,31,F,0,High School,Single,3,Existing Customer,Blue,Less than $40K,23,4,2
778155558,45,M,3,Unknown,Married,2,Existing Customer,Blue,$80K - $120K,38,3,1
778163508,37,F,2,High School,Married,2,Existing Customer,Blue,Unknown,27,2,1
778170633,48,M,5,Graduate,Married,2,Existing Customer,Blue,$80K - $120K,38,6,2
778172583,46,F,3,High School,Single,2,Existing Customer,Blue,Less than $40K,36,1,3
778176108,61,M,0,High School,Unknown,2,Existing Customer,Blue,$60K - $80K,51,4,2
778180158,44,M,4,Doctorate,Divorced,4,Existing Customer,Blue,$80K - $120K,34,5,1
778191933,45,M,3,Uneducated,Single,5,Existing Customer,Blue,$120K +,35,2,3
778207083,53,M,4,Uneducated,Single,2,Attrited Customer,Blue,$80K - $120K,44,3,3
778224858,42,F,2,College,Unknown,4,Existing Customer,Blue,Unknown,32,3,3
778228458,52,F,3,Uneducated,Single,3,Existing Customer,Blue,Less than $40K,42,2,3
778231983,49,F,4,Unknown,Single,3,Existing Customer,Blue,$40K - $60K,39,6,2
778236858,54,F,2,Graduate,Married,1,Existing Customer,Blue,Unknown,42,4,1
778239933,45,M,4,Graduate,Married,0,Existing Customer,Blue,Unknown,35,6,3
778242708,63,M,1,Unknown,Single,4,Existing Customer,Silver,$60K - $80K,53,5,4
778245633,43,F,3,Graduate,Single,1,Existing Customer,Blue,Unknown,33,3,3
778247358,65,M,1,Graduate,Single,2,Existing Customer,Blue,Less than $40K,56,5,3
778255083,52,F,1,Uneducated,Married,3,Existing Customer,Blue,Less than $40K,42,5,3
778260108,50,F,4,Unknown,Married,2,Existing Customer,Blue,$40K - $60K,41,1,2
778264008,41,F,3,College,Single,2,Existing Customer,Blue,$40K - $60K,32,2,1
778268508,56,F,2,Uneducated,Single,1,Existing Customer,Blue,Unknown,47,5,2
778272408,52,M,1,Unknown,Divorced,2,Attrited Customer,Blue,$80K - $120K,42,4,4
778275783,37,F,2,Unknown,Unknown,2,Existing Customer,Blue,Less than $40K,27,5,1
778282758,55,M,2,College,Married,1,Existing Customer,Blue,$120K +,45,6,2
778284783,44,M,5,Unknown,Married,2,Attrited Customer,Blue,$60K - $80K,34,5,3
778286433,67,M,0,Graduate,Married,1,Existing Customer,Blue,$40K - $60K,56,4,2
778289883,42,F,2,Graduate,Unknown,3,Attrited Customer,Blue,Less than $40K,32,3,3
778327908,50,F,2,Uneducated,Single,5,Attrited Customer,Blue,Less than $40K,40,4,3
778340733,44,F,3,College,Married,4,Existing Customer,Blue,$40K - $60K,24,3,1
778343958,47,F,3,Graduate,Married,0,Existing Customer,Blue,Less than $40K,27,3,3
778346283,53,M,0,Graduate,Married,3,Existing Customer,Blue,$120K +,33,4,3
778348233,53,M,3,Unknown,Married,3,Existing Customer,Blue,$80K - $120K,33,3,2
778349883,56,F,0,Uneducated,Single,1,Attrited Customer,Blue,Less than $40K,36,4,3
778353183,31,F,0,High School,Married,3,Existing Customer,Blue,Less than $40K,13,5,2
778356408,51,F,3,College,Divorced,2,Existing Customer,Blue,$40K - $60K,31,6,2
778357458,44,F,5,Unknown,Single,3,Existing Customer,Blue,Less than $40K,24,4,3
778360608,42,F,1,College,Divorced,2,Existing Customer,Blue,Less than $40K,22,5,3
778364583,45,F,2,Graduate,Married,3,Attrited Customer,Blue,Less than $40K,25,3,2
778372158,49,F,5,High School,Married,2,Existing Customer,Blue,$40K - $60K,33,6,3
778375458,52,M,3,Graduate,Married,3,Existing Customer,Blue,$80K - $120K,32,6,3
778377183,49,M,3,Graduate,Single,2,Existing Customer,Blue,$120K +,29,5,2
778378983,54,F,1,Graduate,Unknown,2,Attrited Customer,Blue,Less than $40K,34,5,2
778381608,48,M,4,Doctorate,Single,4,Attrited Customer,Blue,$80K - $120K,28,3,3
778386033,38,M,3,Uneducated,Married,4,Existing Customer,Blue,$60K - $80K,18,6,3
778388358,56,M,3,Graduate,Single,3,Attrited Customer,Blue,$60K - $80K,36,2,2
778394358,46,F,2,High School,Divorced,1,Existing Customer,Blue,Less than $40K,26,4,3
778397358,42,M,5,Unknown,Married,4,Attrited Customer,Blue,$60K - $80K,22,6,2
778399008,50,M,0,High School,Married,2,Existing Customer,Blue,$80K - $120K,30,3,4
778401033,32,M,0,High School,Married,4,Existing Customer,Blue,$60K - $80K,13,3,3
778405458,52,F,2,High School,Single,3,Existing Customer,Blue,Unknown,32,6,1
778407033,59,F,0,Uneducated,Married,4,Existing Customer,Blue,Less than $40K,39,6,3
778420383,49,M,1,Graduate,Married,2,Existing Customer,Blue,$120K +,29,2,3
778422933,42,F,1,Unknown,Married,2,Existing Customer,Blue,Unknown,22,4,2
778425408,44,M,4,Graduate,Single,0,Existing Customer,Blue,$80K - $120K,24,5,3
778426608,52,M,4,Graduate,Married,3,Existing Customer,Blue,$80K - $120K,32,4,3
778428108,36,F,1,Graduate,Married,3,Existing Customer,Blue,Less than $40K,16,6,5
778430733,45,M,5,High School,Married,1,Existing Customer,Blue,$60K - $80K,25,1,5
778433283,51,M,3,High School,Unknown,3,Attrited Customer,Blue,$60K - $80K,31,3,3
778436283,41,M,4,High School,Single,1,Existing Customer,Blue,Less than $40K,21,2,3
778439883,50,M,1,High School,Unknown,2,Existing Customer,Blue,$80K - $120K,31,1,2
778441533,45,F,4,High School,Single,2,Attrited Customer,Blue,Unknown,26,6,2
778444908,57,F,2,Graduate,Married,3,Existing Customer,Silver,$120K +,39,4,2
778447908,51,M,2,College,Married,2,Existing Customer,Blue,$80K - $120K,33,3,1
778456983,38,F,2,Unknown,Single,3,Existing Customer,Blue,Less than $40K,23,5,3
778459833,42,M,5,Graduate,Married,3,Existing Customer,Blue,$60K - $80K,27,3,2
778461408,38,M,1,High School,Married,2,Existing Customer,Blue,$80K - $120K,23,4,3
778465533,54,F,0,College,Unknown,2,Existing Customer,Blue,Less than $40K,40,3,1
778471758,52,F,2,Graduate,Married,3,Existing Customer,Blue,Less than $40K,37,1,3
778486008,52,F,3,High School,Married,1,Existing Customer,Blue,Less than $40K,40,4,4
778493808,49,M,3,High School,Married,1,Attrited Customer,Blue,$60K - $80K,37,5,2
778502958,47,M,3,Unknown,Divorced,5,Existing Customer,Silver,$60K - $80K,35,4,2
778506633,43,F,4,College,Married,3,Attrited Customer,Blue,Less than $40K,23,6,2
778508883,44,M,5,Graduate,Married,4,Existing Customer,Blue,$120K +,24,4,1
778511733,42,F,3,College,Single,2,Existing Customer,Blue,$40K - $60K,30,6,3
778523733,38,M,3,Graduate,Single,2,Existing Customer,Blue,$80K - $120K,31,6,1
778550583,43,M,1,High School,Unknown,2,Existing Customer,Blue,$40K - $60K,35,6,3
778563858,40,F,3,Uneducated,Married,1,Existing Customer,Blue,Less than $40K,33,1,1
778567983,50,M,2,Graduate,Single,3,Existing Customer,Blue,$40K - $60K,43,4,1
778573233,61,F,1,Graduate,Married,2,Existing Customer,Blue,Less than $40K,54,3,2
778574283,53,F,1,Uneducated,Married,3,Existing Customer,Blue,$40K - $60K,46,5,2
778601733,55,F,3,High School,Single,3,Existing Customer,Blue,$40K - $60K,47,5,4
778606308,45,M,3,Uneducated,Divorced,3,Attrited Customer,Blue,$80K - $120K,25,2,2
778617708,46,M,3,College,Married,3,Attrited Customer,Blue,$80K - $120K,26,6,2
778619358,42,F,3,Uneducated,Single,4,Existing Customer,Blue,Less than $40K,22,4,1
778623858,58,M,0,Uneducated,Married,3,Existing Customer,Blue,$80K - $120K,38,6,3
778627983,40,F,3,Graduate,Married,3,Existing Customer,Blue,Unknown,20,3,1
778632933,49,F,3,College,Married,2,Attrited Customer,Blue,Less than $40K,29,6,1
778643733,48,M,1,Uneducated,Single,1,Attrited Customer,Gold,$40K - $60K,28,3,2
778659108,51,F,2,High School,Single,1,Existing Customer,Blue,Unknown,31,6,2
778661358,46,F,1,Unknown,Married,2,Existing Customer,Blue,Less than $40K,36,2,3
778663458,65,M,1,High School,Married,1,Attrited Customer,Blue,Less than $40K,47,3,2
778669608,49,M,4,Unknown,Married,2,Existing Customer,Blue,$40K - $60K,29,6,3
778671483,33,F,3,Uneducated,Single,3,Existing Customer,Blue,Less than $40K,13,5,3
778679883,39,M,2,Graduate,Married,1,Existing Customer,Blue,$60K - $80K,19,1,2
778686408,48,M,1,College,Married,2,Existing Customer,Blue,$60K - $80K,29,4,3
778693458,32,M,1,High School,Married,3,Attrited Customer,Blue,$60K - $80K,13,3,3
778696608,46,M,3,Graduate,Divorced,3,Existing Customer,Blue,$40K - $60K,27,5,2
778698408,37,M,4,Uneducated,Married,2,Existing Customer,Blue,Less than $40K,18,5,1
778699908,43,M,2,Uneducated,Married,3,Existing Customer,Blue,$60K - $80K,24,2,3
778706508,43,M,4,College,Married,4,Existing Customer,Blue,$60K - $80K,24,3,5
778708533,26,F,0,High School,Single,4,Existing Customer,Blue,$40K - $60K,13,2,2
778710783,NULL,M,3,High School,Divorced,2,Existing Customer,Blue,$80K - $120K,26,3,2
778712658,52,M,0,Uneducated,Married,3,Existing Customer,Blue,Less than $40K,34,4,4
778714833,36,F,4,College,Married,2,Attrited Customer,Blue,Unknown,18,4,3
778716783,50,M,2,Unknown,Married,1,Existing Customer,Blue,$60K - $80K,32,1,2
778718658,33,F,2,High School,Divorced,4,Existing Customer,Blue,Unknown,15,3,3
778720533,53,F,4,Graduate,Married,3,Attrited Customer,Blue,Less than $40K,37,3,2
778722033,44,F,2,Uneducated,Married,0,Existing Customer,Blue,Less than $40K,28,2,2
778724058,63,M,0,Doctorate,Single,3,Existing Customer,Blue,$40K - $60K,49,5,4
778728783,39,F,2,Unknown,Married,1,Existing Customer,Blue,Less than $40K,19,5,3
778732158,50,F,3,Uneducated,Unknown,3,Existing Customer,Blue,Unknown,30,4,1
778734108,36,M,3,Uneducated,Married,4,Existing Customer,Blue,$60K - $80K,16,4,5
778740708,39,F,3,Graduate,Married,2,Existing Customer,Blue,Less than $40K,27,3,3
778742358,44,M,4,Graduate,Married,2,Existing Customer,Blue,$60K - $80K,24,2,2
778745058,50,M,3,High School,Single,1,Existing Customer,Silver,$80K - $120K,41,2,2
778747608,65,F,1,Unknown,Single,2,Attrited Customer,Blue,Unknown,46,3,3
778755858,46,M,3,Graduate,Married,3,Existing Customer,Blue,$80K - $120K,27,5,1
778760808,52,M,2,Graduate,Married,3,Existing Customer,Blue,Less than $40K,39,4,1
778770783,42,M,4,High School,Married,0,Existing Customer,Blue,$80K - $120K,30,6,1
778780008,48,F,4,Unknown,Married,3,Existing Customer,Blue,$60K - $80K,36,4,3
778781508,44,F,2,High School,Married,3,Attrited Customer,Blue,Unknown,32,4,3
778782858,60,M,1,Graduate,Unknown,3,Existing Customer,Blue,Less than $40K,48,5,3
778799583,35,F,0,Unknown,Married,1,Existing Customer,Blue,Less than $40K,24,6,1
778801608,50,M,2,College,Unknown,2,Existing Customer,Blue,$80K - $120K,39,6,4
778810083,45,F,3,Graduate,Single,3,Existing Customer,Blue,Less than $40K,35,4,3
778819083,41,M,2,Doctorate,Married,3,Attrited Customer,Blue,$40K - $60K,33,1,3
778825908,43,M,2,Unknown,Single,3,Existing Customer,Silver,Less than $40K,24,1,1
778830933,40,M,3,Graduate,Married,0,Existing Customer,Blue,$80K - $120K,21,3,2
778832883,47,F,3,Post-Graduate,Married,1,Existing Customer,Blue,Less than $40K,28,1,3
778837083,50,M,2,Graduate,Married,3,Attrited Customer,Blue,$80K - $120K,31,3,3
778839108,50,F,3,High School,Unknown,4,Existing Customer,Blue,Less than $40K,31,3,1
778844433,49,M,5,Unknown,Single,1,Existing Customer,Blue,$80K - $120K,30,3,2
778847808,42,F,4,Graduate,Unknown,3,Existing Customer,Blue,$40K - $60K,23,1,2
778849908,59,F,1,Doctorate,Married,1,Existing Customer,Blue,Less than $40K,40,3,3
778853358,59,M,0,College,Single,3,Existing Customer,Blue,Less than $40K,40,1,3
778855383,36,F,5,High School,Married,3,Existing Customer,Blue,Less than $40K,17,3,1
778857108,52,F,3,Post-Graduate,Unknown,0,Existing Customer,Blue,$40K - $60K,33,3,2
778860783,57,M,2,Unknown,Married,4,Attrited Customer,Blue,$120K +,38,1,2
778863258,46,F,4,Unknown,Married,3,Attrited Customer,Blue,Unknown,27,1,2
778865583,46,M,3,Graduate,Married,2,Existing Customer,Blue,Less than $40K,27,1,2
778867533,59,F,0,Post-Graduate,Married,1,Attrited Customer,Blue,$40K - $60K,40,1,4
778868958,42,M,2,Graduate,Married,3,Attrited Customer,Blue,Less than $40K,23,3,3
778871508,54,M,3,Post-Graduate,Unknown,0,Existing Customer,Blue,$60K - $80K,35,6,3
778873608,44,M,4,Uneducated,Married,1,Existing Customer,Silver,$80K - $120K,25,3,1
778878633,51,M,3,Unknown,Married,1,Existing Customer,Blue,$80K - $120K,32,6,3
778880358,49,F,4,Graduate,Married,3,Existing Customer,Blue,$40K - $60K,30,1,3
778882758,55,F,2,Unknown,Married,4,Existing Customer,Blue,Unknown,36,5,5
778885158,NULL,M,3,Uneducated,Married,3,Existing Customer,Blue,$80K - $120K,38,5,3
778888083,45,F,2,Graduate,Married,4,Attrited Customer,Blue,$40K - $60K,26,6,2
778894233,42,M,5,High School,Unknown,3,Existing Customer,Blue,$80K - $120K,23,3,2
778895883,50,F,1,Unknown,Married,1,Existing Customer,Blue,Unknown,31,5,3
778899708,56,F,2,Unknown,Single,3,Attrited Customer,Blue,$40K - $60K,37,2,2
778905033,45,F,5,Graduate,Married,2,Existing Customer,Blue,Less than $40K,26,3,5
778908783,52,F,3,College,Married,4,Existing Customer,Blue,$80K - $120K,33,3,3
778910883,53,M,2,Unknown,Married,2,Attrited Customer,Blue,$80K - $120K,34,4,3
778912683,51,F,2,Graduate,Single,1,Existing Customer,Blue,Unknown,32,3,3
778915233,51,F,0,Graduate,Married,3,Attrited Customer,Blue,Less than $40K,32,4,2
778919583,49,F,0,Graduate,Married,0,Existing Customer,Blue,Less than $40K,30,3,2
778921908,42,M,4,College,Single,1,Existing Customer,Blue,$60K - $80K,23,2,3
778924158,45,F,2,High School,Married,4,Existing Customer,Blue,Less than $40K,26,4,3
778928283,57,F,3,High School,Married,1,Existing Customer,Blue,Less than $40K,39,3,2
778929783,40,M,3,Graduate,Divorced,3,Attrited Customer,Blue,$80K - $120K,22,2,2
778932633,57,F,2,Graduate,Married,2,Existing Customer,Blue,Less than $40K,40,5,3
778933983,55,F,0,Uneducated,Unknown,3,Existing Customer,Blue,Unknown,39,4,3
778936008,46,F,4,High School,Married,3,Existing Customer,Blue,Unknown,30,3,1
778937583,46,F,3,Uneducated,Married,1,Existing Customer,Blue,Less than $40K,29,5,1
778939683,47,F,3,Uneducated,Married,2,Existing Customer,Blue,Less than $40K,32,4,3
778942233,60,F,0,Doctorate,Married,4,Existing Customer,Blue,Less than $40K,45,5,2
778943883,51,M,2,Uneducated,Married,4,Existing Customer,Blue,$120K +,36,5,2
778949133,44,M,1,Uneducated,Married,3,Existing Customer,Blue,$80K - $120K,29,4,3
778952058,46,M,3,College,Married,5,Existing Customer,Blue,$80K - $120K,32,4,2
778956033,51,M,1,Graduate,Married,3,Existing Customer,Blue,$80K - $120K,32,3,2
778959258,51,F,1,Unknown,Married,3,Attrited Customer,Blue,Less than $40K,32,5,3
778965183,47,F,3,Uneducated,Divorced,2,Existing Customer,Blue,$40K - $60K,30,5,3
778968408,39,M,2,Doctorate,Single,3,Existing Customer,Blue,$60K - $80K,27,4,1
778971408,36,M,4,Doctorate,Married,4,Existing Customer,Blue,$60K - $80K,17,5,2
778973658,55,M,0,Doctorate,Married,4,Attrited Customer,Blue,$60K - $80K,36,4,6
778984383,43,F,3,High School,Married,1,Existing Customer,Blue,Unknown,31,3,3
778992108,57,M,2,Unknown,Married,3,Existing Customer,Blue,$120K +,45,5,3
779008158,54,F,4,Graduate,Single,4,Existing Customer,Blue,Less than $40K,43,3,1
779016408,37,F,3,Uneducated,Married,3,Existing Customer,Blue,Less than $40K,27,6,1
779018508,45,M,4,Uneducated,Single,2,Existing Customer,Blue,$80K - $120K,35,2,2
779027733,53,F,4,Unknown,Single,2,Existing Customer,Blue,Less than $40K,34,6,2
779029458,54,F,1,Post-Graduate,Single,3,Attrited Customer,Blue,Less than $40K,35,4,3
779031033,46,F,2,Graduate,Married,3,Existing Customer,Blue,$40K - $60K,22,6,1
779032308,46,M,3,High School,Married,3,Existing Customer,Blue,$80K - $120K,27,4,2
779034708,60,F,0,Doctorate,Married,1,Existing Customer,Blue,Unknown,41,1,3
779037408,38,M,1,High School,Single,3,Existing Customer,Blue,$40K - $60K,19,2,3
779040408,56,F,2,High School,Married,2,Existing Customer,Blue,$120K +,37,3,1
779041983,41,M,5,High School,Single,2,Existing Customer,Blue,$40K - $60K,22,6,2
779046408,60,M,0,Graduate,Married,4,Attrited Customer,Blue,$40K - $60K,41,3,2
779051808,35,F,1,Graduate,Single,2,Existing Customer,Blue,$40K - $60K,16,3,2
779055033,43,F,3,Uneducated,Unknown,2,Attrited Customer,Blue,Less than $40K,24,1,2
779058108,49,M,3,Graduate,Divorced,2,Existing Customer,Blue,$60K - $80K,30,6,1
779065458,56,M,1,High School,Married,3,Existing Customer,Blue,$120K +,37,4,1
779067408,46,M,1,Uneducated,Married,1,Existing Customer,Blue,$60K - $80K,27,1,3
779070033,63,F,0,College,Single,2,Existing Customer,Blue,Less than $40K,44,3,4
779072733,36,F,2,College,Married,2,Existing Customer,Blue,Less than $40K,17,5,2
779078733,55,M,2,Doctorate,Married,3,Existing Customer,Blue,$60K - $80K,36,3,4
779082633,30,M,2,Uneducated,Single,3,Attrited Customer,Blue,$60K - $80K,13,3,2
779084208,43,F,3,High School,Divorced,2,Attrited Customer,Blue,Less than $40K,24,4,2
779090883,42,F,2,Unknown,Unknown,1,Existing Customer,Blue,Less than $40K,23,6,3
779098308,51,F,2,College,Married,2,Existing Customer,Blue,Unknown,32,1,3
779100408,33,F,1,Post-Graduate,Married,0,Existing Customer,Blue,Less than $40K,15,6,2
779104608,34,F,3,High School,Unknown,3,Attrited Customer,Blue,Unknown,15,5,1
779114283,40,M,5,High School,Single,2,Existing Customer,Blue,Less than $40K,22,3,1
779116158,49,F,1,Unknown,Married,1,Existing Customer,Blue,Less than $40K,31,5,2
779118708,50,F,2,Unknown,Single,1,Attrited Customer,Blue,Less than $40K,32,4,3
779122908,55,F,3,Graduate,Single,2,Existing Customer,Blue,$40K - $60K,37,5,1
779126658,26,F,0,Graduate,Single,2,Attrited Customer,Blue,$40K - $60K,13,5,1
779130108,33,F,0,Uneducated,Single,6,Attrited Customer,Blue,$40K - $60K,15,3,2
779134458,33,F,1,Doctorate,Single,3,Attrited Customer,Blue,Less than $40K,15,1,1
779135808,56,F,2,Doctorate,Single,4,Existing Customer,Blue,$40K - $60K,38,5,1
779138883,50,M,1,Graduate,Married,4,Existing Customer,Blue,$60K - $80K,34,6,3
779140533,49,M,2,Doctorate,Married,4,Existing Customer,Blue,$120K +,34,3,6
779141658,48,M,4,Graduate,Married,2,Existing Customer,Blue,$80K - $120K,33,1,3
779149683,30,F,0,Graduate,Divorced,2,Existing Customer,Blue,Unknown,13,5,1
779155158,53,M,3,Graduate,Married,2,Existing Customer,Blue,$120K +,34,6,2
779158533,43,F,3,Uneducated,Married,3,Existing Customer,Blue,Less than $40K,25,2,3
779164608,45,F,3,Graduate,Married,3,Existing Customer,Blue,Less than $40K,34,6,2
779166783,41,F,4,Unknown,Single,2,Attrited Customer,Blue,$40K - $60K,31,5,1
779170008,51,F,2,High School,Single,2,Existing Customer,Blue,$40K - $60K,32,4,1
779174133,56,M,3,Uneducated,Married,5,Existing Customer,Blue,$120K +,43,5,1
779183958,45,F,2,Graduate,Single,4,Attrited Customer,Blue,Less than $40K,33,1,3
779187783,50,M,2,Unknown,Single,1,Existing Customer,Blue,$80K - $120K,38,2,3
779192283,51,F,2,Unknown,Married,2,Existing Customer,Blue,Less than $40K,39,3,1
779198133,45,F,3,High School,Divorced,2,Existing Customer,Blue,Less than $40K,33,3,3
779209083,56,M,3,Unknown,Married,4,Existing Customer,Blue,$40K - $60K,45,6,2
779210283,36,M,3,Uneducated,Married,4,Existing Customer,Blue,$40K - $60K,25,6,2
779216358,48,M,2,College,Married,3,Attrited Customer,Blue,$80K - $120K,38,2,2
779217333,59,F,0,Graduate,Divorced,3,Existing Customer,Blue,Less than $40K,49,6,2
779218233,47,F,5,Post-Graduate,Single,3,Existing Customer,Blue,Less than $40K,37,2,3
779219208,38,F,2,High School,Single,3,Existing Customer,Blue,Less than $40K,28,5,1
779223858,37,M,2,Graduate,Married,4,Existing Customer,Blue,$60K - $80K,27,4,2
779224758,47,F,2,Doctorate,Single,2,Existing Customer,Blue,Less than $40K,37,4,3
779236083,37,F,3,High School,Married,3,Attrited Customer,Blue,Less than $40K,19,5,1
779241783,67,M,1,Uneducated,Married,2,Existing Customer,Blue,$40K - $60K,49,4,3
779247483,46,F,1,Uneducated,Unknown,6,Attrited Customer,Blue,Unknown,28,5,2
779249583,56,M,1,Graduate,Married,3,Existing Customer,Blue,Less than $40K,38,4,3
779252283,47,F,4,High School,Married,0,Existing Customer,Blue,Less than $40K,29,6,3
779257233,47,M,2,Uneducated,Single,2,Existing Customer,Blue,$120K +,29,2,3
779261433,54,F,2,Graduate,Single,2,Existing Customer,Blue,Less than $40K,36,3,1
779263533,34,M,2,Graduate,Unknown,1,Existing Customer,Silver,Unknown,16,2,2
779269158,43,M,2,Graduate,Married,4,Attrited Customer,Blue,Unknown,25,4,2
779270883,48,M,4,High School,Married,3,Existing Customer,Blue,$60K - $80K,30,6,3
779279883,60,F,2,High School,Married,2,Attrited Customer,Blue,Less than $40K,42,3,3
779281233,45,F,3,Graduate,Married,3,Existing Customer,Blue,Unknown,27,4,3
779284833,55,M,2,Post-Graduate,Single,1,Existing Customer,Blue,$60K - $80K,37,3,3
779289033,46,F,3,Uneducated,Married,5,Existing Customer,Blue,Unknown,28,4,1
779293308,NULL,M,4,Graduate,Married,3,Existing Customer,Silver,$60K - $80K,33,1,3
779296908,46,F,3,Graduate,Single,3,Existing Customer,Blue,Less than $40K,28,5,3
779299233,52,F,3,Graduate,Single,2,Existing Customer,Silver,Less than $40K,34,3,2
779302233,40,F,4,Graduate,Single,3,Attrited Customer,Blue,Less than $40K,22,4,2
779305008,41,F,4,High School,Single,2,Existing Customer,Blue,Less than $40K,23,3,2
779307558,53,F,1,College,Unknown,3,Existing Customer,Blue,$40K - $60K,35,4,3
779310033,42,F,4,Doctorate,Married,3,Attrited Customer,Blue,Less than $40K,24,3,2
779315508,43,M,4,Post-Graduate,Single,2,Attrited Customer,Blue,$40K - $60K,25,1,2
779320008,43,M,3,College,Married,3,Attrited Customer,Blue,$80K - $120K,25,3,3
779320983,46,M,4,Uneducated,Single,2,Existing Customer,Blue,$80K - $120K,28,4,3
779324358,49,F,2,Uneducated,Single,3,Existing Customer,Blue,Less than $40K,31,6,1
779327733,43,M,1,Graduate,Divorced,3,Existing Customer,Blue,$60K - $80K,25,4,3
779330208,62,F,1,College,Married,3,Existing Customer,Blue,Less than $40K,44,3,2
779331558,45,F,2,Unknown,Single,3,Existing Customer,Blue,Less than $40K,27,6,3
779333883,51,F,3,Uneducated,Married,3,Attrited Customer,Blue,Less than $40K,33,3,3
779338683,62,M,1,Graduate,Unknown,2,Existing Customer,Blue,$60K - $80K,44,5,2
779340183,53,F,1,College,Single,4,Existing Customer,Blue,Less than $40K,35,3,2
779342958,26,M,0,College,Married,3,Existing Customer,Blue,$40K - $60K,13,2,3
779348358,52,F,1,Uneducated,Single,4,Existing Customer,Blue,Less than $40K,37,5,3
779349783,46,M,3,Doctorate,Married,2,Existing Customer,Blue,$60K - $80K,31,2,2
779351208,49,M,2,Unknown,Single,4,Existing Customer,Blue,$60K - $80K,34,4,1
779353083,47,M,2,Graduate,Married,2,Attrited Customer,Silver,$60K - $80K,32,4,2
779360808,49,F,3,Graduate,Married,3,Existing Customer,Blue,Less than $40K,35,3,3
779363283,48,M,3,Post-Graduate,Single,2,Existing Customer,Blue,$60K - $80K,34,4,3
779367858,39,M,4,High School,Married,3,Existing Customer,Blue,$60K - $80K,28,5,3
779380908,51,M,1,Unknown,Married,4,Attrited Customer,Blue,$80K - $120K,39,4,3
779397183,42,F,2,Graduate,Single,1,Existing Customer,Blue,Less than $40K,31,2,1
779400183,42,M,3,Graduate,Single,4,Existing Customer,Blue,$60K - $80K,31,3,3
779401233,47,F,4,Uneducated,Single,0,Existing Customer,Blue,$40K - $60K,36,1,1
779403558,56,F,0,Unknown,Married,1,Existing Customer,Blue,Less than $40K,45,5,1
779404383,47,F,5,Uneducated,Divorced,3,Existing Customer,Blue,Unknown,36,6,2
779405133,40,F,3,College,Single,1,Existing Customer,Blue,Less than $40K,29,4,3
779412783,55,F,1,High School,Single,3,Existing Customer,Blue,Less than $40K,37,4,3
779420583,45,M,4,Graduate,Single,3,Existing Customer,Blue,Less than $40K,33,2,1
779422458,31,F,1,Unknown,Divorced,3,Existing Customer,Blue,Less than $40K,13,2,2
779425608,50,F,1,Unknown,Married,4,Existing Customer,Blue,Unknown,32,6,1
779435883,37,M,3,High School,Unknown,2,Existing Customer,Blue,$80K - $120K,19,1,2
779438208,38,F,3,Graduate,Single,3,Existing Customer,Blue,Less than $40K,22,4,3
779442783,39,F,1,Graduate,Married,1,Existing Customer,Blue,Less than $40K,21,1,2
779445108,26,M,0,Graduate,Single,2,Existing Customer,Blue,$40K - $60K,13,6,1
779447358,50,F,2,Graduate,Married,4,Existing Customer,Blue,Less than $40K,32,3,3
779449308,46,F,4,High School,Single,4,Existing Customer,Blue,Less than $40K,28,6,3
779450958,43,F,4,Graduate,Married,2,Existing Customer,Blue,Less than $40K,25,5,3
779456508,52,M,2,Graduate,Divorced,1,Existing Customer,Blue,$60K - $80K,34,2,1
779458383,50,F,3,High School,Unknown,3,Existing Customer,Blue,Less than $40K,32,6,2
779462433,55,F,2,Unknown,Married,1,Existing Customer,Blue,Less than $40K,37,3,3
779465358,26,F,0,High School,Single,3,Existing Customer,Blue,Unknown,13,4,3
779468808,43,M,1,High School,Married,3,Existing Customer,Blue,$40K - $60K,25,6,3
779471883,54,F,1,Graduate,Married,1,Attrited Customer,Blue,Less than $40K,40,2,3
779473308,32,M,0,Uneducated,Single,3,Existing Customer,Blue,$60K - $80K,14,4,3
779474958,35,F,3,Unknown,Single,1,Existing Customer,Blue,Less than $40K,17,6,1
779480658,58,F,4,Graduate,Married,4,Existing Customer,Blue,Unknown,42,3,3
779484408,37,M,1,Unknown,Married,2,Existing Customer,Blue,$60K - $80K,19,6,1
779486433,46,M,5,Unknown,Single,3,Existing Customer,Blue,Less than $40K,28,3,2
779491908,47,F,4,Post-Graduate,Unknown,1,Existing Customer,Blue,Unknown,29,5,2
779498058,39,M,2,Graduate,Married,3,Existing Customer,Blue,$80K - $120K,21,5,3
779499933,46,M,5,Uneducated,Unknown,1,Existing Customer,Blue,$80K - $120K,28,6,1
779502333,50,M,4,Graduate,Single,2,Attrited Customer,Silver,$120K +,32,5,3
779504058,46,M,2,Post-Graduate,Married,1,Existing Customer,Blue,Less than $40K,28,5,1
779506158,39,F,1,College,Married,2,Existing Customer,Blue,Less than $40K,22,3,1
779508333,63,M,0,Unknown,Married,2,Existing Customer,Blue,$60K - $80K,46,6,2
779509983,53,M,2,Post-Graduate,Single,2,Existing Customer,Blue,$120K +,36,6,1
779514558,41,F,2,High School,Married,1,Existing Customer,Blue,Less than $40K,24,1,1
779519058,51,F,3,Post-Graduate,Divorced,2,Existing Customer,Platinum,Unknown,34,3,1
779521533,53,M,2,High School,Married,3,Existing Customer,Blue,$120K +,36,5,3
779523258,34,M,2,Graduate,Married,1,Existing Customer,Blue,$40K - $60K,17,6,2
779524833,51,M,1,Unknown,Single,3,Existing Customer,Blue,$80K - $120K,34,4,3
779528658,42,M,4,College,Unknown,3,Existing Customer,Blue,$60K - $80K,25,4,3
779530908,48,F,3,Unknown,Married,4,Existing Customer,Blue,Less than $40K,31,5,2
779533983,47,M,2,College,Divorced,3,Attrited Customer,Blue,$80K - $120K,31,3,1
779536233,47,F,4,Graduate,Divorced,1,Existing Customer,Blue,$40K - $60K,30,1,1
779542608,47,M,4,Uneducated,Single,2,Existing Customer,Blue,$80K - $120K,32,3,3
779544708,50,M,2,Unknown,Married,3,Existing Customer,Gold,$120K +,35,4,5
779548008,50,M,2,Graduate,Single,3,Existing Customer,Silver,$80K - $120K,35,1,2
779551533,54,F,3,Doctorate,Married,3,Existing Customer,Blue,Less than $40K,39,4,3
779557533,54,M,1,Post-Graduate,Single,3,Existing Customer,Blue,$80K - $120K,40,6,3
779558733,50,M,4,Unknown,Married,2,Existing Customer,Silver,Unknown,36,6,1
779562633,45,M,2,Uneducated,Married,1,Existing Customer,Blue,$40K - $60K,34,3,2
779571708,43,M,5,Graduate,Married,3,Attrited Customer,Blue,$60K - $80K,25,1,2
779577108,49,F,1,Doctorate,Single,2,Existing Customer,Blue,$40K - $60K,32,3,3
779597133,55,M,1,Graduate,Single,2,Existing Customer,Blue,$80K - $120K,44,4,3
779598183,53,M,3,Unknown,Single,2,Existing Customer,Blue,$60K - $80K,42,6,1
779601783,42,F,5,College,Married,2,Existing Customer,Blue,Less than $40K,31,3,1
779608083,55,M,2,Doctorate,Single,2,Existing Customer,Blue,Less than $40K,44,2,2
779610033,58,M,1,College,Married,3,Attrited Customer,Blue,$80K - $120K,47,3,3
779611008,29,M,0,Graduate,Unknown,4,Existing Customer,Blue,$40K - $60K,18,4,3
779612808,61,M,1,Graduate,Married,4,Existing Customer,Blue,$40K - $60K,50,6,2
779613933,38,M,4,Uneducated,Married,1,Existing Customer,Blue,Less than $40K,27,1,3
779618433,48,M,4,Uneducated,Married,2,Existing Customer,Blue,$40K - $60K,38,6,3
779625858,37,F,2,Unknown,Married,3,Existing Customer,Blue,Less than $40K,27,6,1
779635533,NULL,F,3,Graduate,Unknown,3,Existing Customer,Blue,Unknown,21,5,1
779638983,47,F,4,Graduate,Married,3,Existing Customer,Blue,Less than $40K,30,2,3
779642733,42,F,5,Unknown,Married,1,Existing Customer,Blue,Less than $40K,25,3,1
779643858,55,F,1,Graduate,Married,2,Existing Customer,Blue,Less than $40K,38,5,5
779645658,49,M,3,Graduate,Single,4,Existing Customer,Blue,$60K - $80K,32,3,1
779647608,39,M,2,High School,Single,2,Attrited Customer,Blue,$120K +,22,5,2
779651058,59,F,0,Unknown,Single,2,Existing Customer,Blue,$40K - $60K,42,6,2
779653458,37,M,3,Graduate,Married,3,Existing Customer,Blue,$80K - $120K,20,3,3
779655183,48,M,4,College,Single,3,Existing Customer,Blue,$80K - $120K,31,6,1
779656908,40,M,1,Graduate,Married,2,Existing Customer,Blue,$40K - $60K,23,6,3
779658408,48,M,2,Graduate,Single,3,Existing Customer,Blue,$40K - $60K,31,6,3
779661033,49,M,4,Unknown,Married,3,Attrited Customer,Silver,$60K - $80K,32,5,2
779662308,49,F,2,Unknown,Married,3,Existing Customer,Blue,Less than $40K,32,3,1
779667408,58,M,1,Post-Graduate,Unknown,1,Attrited Customer,Blue,$80K - $120K,41,4,2
779670783,40,M,3,Unknown,Single,2,Existing Customer,Blue,$80K - $120K,23,6,2
779681433,48,M,3,Graduate,Married,4,Attrited Customer,Blue,$40K - $60K,31,6,3
779683683,47,M,3,High School,Single,2,Existing Customer,Blue,$40K - $60K,31,6,3
779685558,53,M,5,Graduate,Single,1,Existing Customer,Gold,$120K +,36,2,4
779686683,26,F,0,Post-Graduate,Married,2,Existing Customer,Blue,Less than $40K,13,5,3
779689233,50,M,3,Graduate,Single,2,Existing Customer,Blue,$40K - $60K,33,3,1
779692608,36,M,1,Uneducated,Married,5,Existing Customer,Blue,$60K - $80K,19,6,3
779694183,51,M,3,College,Married,4,Existing Customer,Blue,$80K - $120K,34,5,2
779696883,48,M,2,Graduate,Divorced,4,Existing Customer,Blue,$60K - $80K,33,4,2
779701983,49,M,3,Graduate,Single,3,Existing Customer,Blue,$40K - $60K,32,1,3
779703258,41,M,4,Graduate,Single,1,Existing Customer,Blue,Less than $40K,24,3,3
779707308,35,F,1,Graduate,Married,2,Existing Customer,Blue,Less than $40K,18,5,1
779709033,46,M,4,Unknown,Married,2,Existing Customer,Blue,$60K - $80K,29,6,3
779713608,52,M,2,High School,Married,2,Existing Customer,Blue,$120K +,36,5,1
779715108,46,M,2,Unknown,Divorced,3,Existing Customer,Blue,$80K - $120K,30,3,3
779722308,45,F,3,High School,Married,2,Existing Customer,Blue,$40K - $60K,30,5,2
779725833,42,M,2,Graduate,Single,2,Existing Customer,Blue,$60K - $80K,26,4,3
779727558,49,F,4,College,Single,3,Existing Customer,Blue,Less than $40K,33,4,2
779737233,51,M,1,Graduate,Married,2,Existing Customer,Blue,$60K - $80K,35,3,3
779739783,43,M,2,Graduate,Married,2,Existing Customer,Blue,$60K - $80K,28,6,3
779741883,47,F,2,Unknown,Single,3,Existing Customer,Blue,Less than $40K,32,6,1
779743908,44,M,4,Unknown,Divorced,2,Existing Customer,Blue,$60K - $80K,29,4,2
779749908,48,M,4,College,Unknown,3,Existing Customer,Gold,$60K - $80K,33,2,2
779751258,45,F,2,Graduate,Married,2,Existing Customer,Blue,Less than $40K,31,2,1
779754408,44,M,3,Graduate,Single,2,Existing Customer,Blue,$40K - $60K,33,3,2
779759058,52,M,0,Graduate,Single,2,Existing Customer,Blue,$120K +,41,6,3
779765058,43,M,2,Unknown,Single,1,Existing Customer,Blue,$40K - $60K,31,6,1
779770683,47,F,3,Uneducated,Unknown,3,Existing Customer,Blue,$40K - $60K,36,2,3
779773533,50,F,3,Unknown,Married,3,Existing Customer,Blue,Less than $40K,34,6,1
779779083,38,F,3,High School,Single,1,Existing Customer,Gold,$40K - $60K,26,2,2
779783508,45,M,2,Graduate,Married,3,Existing Customer,Blue,$40K - $60K,34,5,1
779791008,43,M,3,High School,Married,3,Existing Customer,Blue,$80K - $120K,32,6,2
779791908,47,F,4,Post-Graduate,Unknown,3,Existing Customer,Blue,$40K - $60K,36,6,3
779803008,41,F,2,High School,Single,1,Existing Customer,Blue,Unknown,30,2,2
779804208,53,F,2,Graduate,Single,0,Existing Customer,Blue,$40K - $60K,42,6,2
779805408,42,M,3,Unknown,Married,1,Existing Customer,Silver,Less than $40K,31,1,1
779808333,48,F,2,Graduate,Single,2,Existing Customer,Blue,Less than $40K,38,2,1
779809908,44,F,3,High School,Single,2,Existing Customer,Blue,Less than $40K,34,2,2
779811183,35,F,3,Uneducated,Married,2,Existing Customer,Blue,Less than $40K,25,4,1
779833908,40,F,2,Graduate,Divorced,1,Attrited Customer,Blue,Unknown,23,6,2
779837808,NULL,F,2,High School,Married,3,Existing Customer,Blue,$40K - $60K,37,1,4
779839758,47,M,2,Post-Graduate,Single,3,Existing Customer,Blue,Unknown,31,3,2
779841483,55,F,1,Doctorate,Married,3,Attrited Customer,Blue,Unknown,39,1,3
779844408,43,F,1,Post-Graduate,Married,3,Existing Customer,Blue,Less than $40K,27,4,3
779848383,37,F,3,Graduate,Single,2,Attrited Customer,Blue,Less than $40K,21,4,2
779852133,48,M,2,Unknown,Married,4,Existing Customer,Silver,$120K +,32,3,2
779856483,38,M,2,Post-Graduate,Single,2,Existing Customer,Blue,$80K - $120K,22,4,1
779858058,34,F,2,Graduate,Unknown,3,Existing Customer,Blue,Less than $40K,18,4,1
779859558,54,F,3,High School,Married,4,Attrited Customer,Blue,Less than $40K,38,2,2
779862408,49,M,3,Post-Graduate,Single,0,Existing Customer,Blue,$80K - $120K,33,3,1
779863533,37,M,1,Graduate,Married,0,Existing Customer,Blue,$80K - $120K,21,6,2
779866458,40,F,5,Uneducated,Married,1,Existing Customer,Blue,Less than $40K,24,6,1
779870883,45,F,4,High School,Married,1,Existing Customer,Blue,$40K - $60K,29,3,2
779873508,51,F,0,High School,Married,4,Existing Customer,Blue,Less than $40K,35,5,3
779877858,53,F,2,College,Unknown,2,Existing Customer,Blue,Less than $40K,37,2,3
779882508,53,M,2,Unknown,Unknown,4,Existing Customer,Blue,$40K - $60K,37,5,3
779883933,40,M,4,Graduate,Married,2,Existing Customer,Blue,Less than $40K,24,3,3
779885358,51,M,0,College,Unknown,2,Existing Customer,Silver,$120K +,35,5,1
779888658,56,M,1,Uneducated,Married,1,Existing Customer,Blue,$80K - $120K,40,6,1
779890833,51,F,2,High School,Divorced,1,Existing Customer,Blue,Less than $40K,36,2,1
779895108,39,M,3,Unknown,Single,4,Existing Customer,Blue,$80K - $120K,23,6,1
779900808,32,M,0,College,Single,2,Existing Customer,Blue,$60K - $80K,16,2,3
779905008,54,F,4,Graduate,Unknown,1,Attrited Customer,Blue,$40K - $60K,38,2,2
779906658,40,M,4,Doctorate,Married,4,Existing Customer,Blue,Unknown,24,3,2
779912283,49,F,3,Graduate,Single,2,Existing Customer,Blue,$40K - $60K,33,5,3
779914383,34,M,1,Uneducated,Married,2,Existing Customer,Blue,$60K - $80K,18,3,2
779916408,39,F,4,Graduate,Single,2,Existing Customer,Blue,Unknown,23,1,3
779920533,54,F,1,High School,Married,2,Existing Customer,Blue,Less than $40K,41,3,3
779922183,52,M,1,High School,Unknown,2,Existing Customer,Blue,Less than $40K,36,2,2
779925033,38,F,4,Graduate,Married,4,Existing Customer,Blue,$40K - $60K,22,4,3
779926608,50,F,2,High School,Unknown,1,Existing Customer,Blue,Less than $40K,36,6,2
779931783,52,M,2,High School,Single,3,Attrited Customer,Blue,$120K +,38,6,3
779942808,42,F,3,Graduate,Unknown,1,Existing Customer,Blue,Less than $40K,28,6,2
779945508,50,F,1,Graduate,Married,2,Existing Customer,Blue,Less than $40K,35,5,2
779947908,56,M,2,Graduate,Divorced,1,Existing Customer,Blue,$120K +,45,3,3
779951058,54,F,3,High School,Married,4,Attrited Customer,Blue,Unknown,38,4,2
779954658,56,M,4,High School,Single,3,Existing Customer,Blue,$80K - $120K,40,4,3
779956608,41,F,2,Post-Graduate,Married,3,Existing Customer,Blue,Unknown,31,6,1
779961408,58,F,1,Uneducated,Single,2,Existing Customer,Blue,Less than $40K,43,4,4
779974758,51,M,2,College,Single,3,Existing Customer,Blue,$120K +,40,6,3
779978283,45,F,3,High School,Married,1,Existing Customer,Blue,Unknown,34,4,2
779980758,58,M,2,High School,Divorced,0,Existing Customer,Blue,$60K - $80K,46,6,2
779993208,38,F,2,Uneducated,Married,3,Existing Customer,Blue,Less than $40K,28,3,3
779995833,49,F,0,Unknown,Married,4,Existing Customer,Blue,$60K - $80K,39,6,2
779998083,33,M,3,High School,Married,3,Existing Customer,Blue,$40K - $60K,23,1,2
780000258,48,M,3,Uneducated,Single,5,Existing Customer,Blue,$120K +,38,4,2
780006783,59,M,1,Uneducated,Single,2,Attrited Customer,Silver,$40K - $60K,49,3,2
780008358,59,M,0,Uneducated,Unknown,2,Attrited Customer,Blue,$60K - $80K,48,2,6
780019908,53,F,1,Graduate,Married,2,Existing Customer,Blue,Less than $40K,43,6,3
780025908,40,M,2,Post-Graduate,Married,2,Existing Customer,Silver,Less than $40K,30,4,2
780032208,44,M,3,Graduate,Married,3,Attrited Customer,Blue,$60K - $80K,34,5,3
780034083,48,F,3,High School,Married,2,Attrited Customer,Blue,$40K - $60K,38,3,2
780036483,38,M,1,Graduate,Single,2,Existing Customer,Blue,Less than $40K,28,4,5
780038058,38,F,0,High School,Single,5,Attrited Customer,Blue,Less than $40K,22,3,2
780040758,40,F,4,College,Married,2,Existing Customer,Blue,$40K - $60K,24,5,3
780042633,37,F,2,Unknown,Married,2,Attrited Customer,Silver,Unknown,21,2,2
780045708,42,F,3,Graduate,Single,2,Existing Customer,Silver,$40K - $60K,26,6,2
780052008,37,M,3,Unknown,Single,2,Existing Customer,Blue,$80K - $120K,22,4,2
780054258,40,M,5,Graduate,Unknown,3,Existing Customer,Blue,$40K - $60K,25,6,2
780055308,43,F,3,College,Married,3,Existing Customer,Blue,Less than $40K,28,3,1
780056733,36,M,3,Unknown,Single,3,Existing Customer,Blue,$40K - $60K,22,3,6
780064983,44,M,1,Graduate,Married,3,Existing Customer,Gold,$80K - $120K,29,2,1
780067158,51,F,2,Uneducated,Unknown,3,Attrited Customer,Blue,Less than $40K,36,2,3
780068283,53,M,1,Graduate,Single,3,Existing Customer,Blue,$120K +,38,4,3
780070833,58,F,2,Unknown,Married,2,Existing Customer,Blue,Less than $40K,43,6,2
780073158,59,M,0,High School,Unknown,1,Existing Customer,Blue,Less than $40K,44,2,1
780074733,42,F,1,Doctorate,Married,3,Existing Customer,Blue,Less than $40K,27,5,3
780076833,44,M,1,Unknown,Married,2,Existing Customer,Blue,$80K - $120K,29,6,1
780078333,56,M,2,Unknown,Married,2,Existing Customer,Blue,$60K - $80K,41,3,2
780079833,43,M,3,Graduate,Divorced,4,Existing Customer,Blue,$60K - $80K,28,3,3
780086658,43,M,4,Doctorate,Unknown,4,Attrited Customer,Blue,$60K - $80K,28,3,2
780089658,36,F,3,Unknown,Single,3,Existing Customer,Blue,$60K - $80K,21,4,2
780094008,55,M,3,Doctorate,Married,1,Existing Customer,Blue,$120K +,40,4,3
780095808,43,M,3,Unknown,Divorced,1,Existing Customer,Blue,$60K - $80K,30,3,2
780097533,48,M,3,Doctorate,Divorced,2,Existing Customer,Blue,$80K - $120K,33,4,1
780100533,46,M,3,Graduate,Married,4,Existing Customer,Blue,$80K - $120K,31,5,2
780105483,65,F,0,Uneducated,Single,4,Attrited Customer,Blue,Less than $40K,50,3,4
780106908,53,M,1,High School,Single,2,Existing Customer,Blue,$80K - $120K,38,6,2
780108408,52,M,2,Graduate,Married,1,Existing Customer,Blue,$80K - $120K,37,1,3
780114558,50,M,1,High School,Married,3,Existing Customer,Blue,Less than $40K,35,2,1
780118158,27,M,0,Graduate,Single,4,Existing Customer,Blue,Less than $40K,13,2,2
780126033,50,M,4,Unknown,Married,5,Existing Customer,Blue,$40K - $60K,35,6,1
780143283,43,F,3,Graduate,Married,3,Attrited Customer,Blue,$40K - $60K,32,4,3
780146658,40,F,2,Post-Graduate,Married,4,Attrited Customer,Blue,$40K - $60K,25,2,2
780168333,39,M,4,Graduate,Married,3,Existing Customer,Blue,$120K +,28,3,2
780180033,31,F,0,Graduate,Married,1,Existing Customer,Blue,Less than $40K,20,5,1
780197133,40,M,4,Graduate,Single,1,Existing Customer,Blue,$60K - $80K,30,4,1
780198258,46,M,4,College,Single,1,Existing Customer,Blue,$120K +,36,5,2
780199233,33,M,2,Doctorate,Married,1,Existing Customer,Blue,$120K +,23,5,1
780200208,39,F,2,Unknown,Unknown,2,Existing Customer,Blue,$40K - $60K,29,2,2
780201633,41,M,3,Graduate,Married,2,Attrited Customer,Blue,$40K - $60K,31,4,3
780202908,53,F,2,Graduate,Single,4,Existing Customer,Blue,Less than $40K,43,3,3
780203883,43,F,3,Doctorate,Divorced,2,Existing Customer,Blue,Unknown,33,6,3
780206958,49,M,4,Graduate,Married,2,Existing Customer,Blue,$60K - $80K,39,3,2
780219483,61,F,0,Graduate,Married,1,Existing Customer,Blue,Less than $40K,51,4,2
780222408,49,F,5,Graduate,Unknown,2,Existing Customer,Blue,Less than $40K,36,1,3
780230208,53,M,2,College,Married,0,Existing Customer,Blue,$40K - $60K,40,2,3
780237033,63,F,1,Unknown,Married,3,Existing Customer,Blue,$40K - $60K,49,3,1
780241758,59,M,1,High School,Single,4,Existing Customer,Blue,$60K - $80K,45,4,2
780251658,32,M,1,High School,Married,4,Existing Customer,Blue,$40K - $60K,18,4,1
780253533,63,F,0,Unknown,Married,0,Existing Customer,Blue,Less than $40K,49,5,3
780265458,56,F,2,Uneducated,Married,2,Existing Customer,Blue,Less than $40K,42,4,2
780272208,39,F,1,Graduate,Married,3,Existing Customer,Blue,Less than $40K,25,4,2
780276258,53,M,2,High School,Married,3,Existing Customer,Blue,$120K +,39,3,2
780277458,52,F,2,Graduate,Single,3,Attrited Customer,Blue,Less than $40K,38,2,2
780289308,61,F,0,High School,Married,4,Attrited Customer,Blue,Less than $40K,47,1,3
780292683,55,M,1,Uneducated,Single,4,Attrited Customer,Blue,$120K +,41,3,4
780307233,44,M,2,Post-Graduate,Married,3,Existing Customer,Blue,Less than $40K,30,5,2
780322908,52,F,3,Unknown,Married,3,Existing Customer,Blue,Less than $40K,38,1,2
780326883,53,M,2,Doctorate,Married,3,Existing Customer,Blue,$60K - $80K,40,3,3
780336258,55,F,1,Graduate,Single,2,Existing Customer,Blue,Less than $40K,42,6,3
780338733,50,F,2,Graduate,Married,2,Existing Customer,Blue,Less than $40K,37,2,1
780349833,36,M,2,College,Married,3,Existing Customer,Gold,$40K - $60K,23,1,1
780360558,33,M,1,Graduate,Married,2,Existing Customer,Blue,Less than $40K,20,2,2
780371433,35,F,2,Graduate,Married,3,Existing Customer,Blue,Unknown,25,2,3
780372408,43,F,5,High School,Single,2,Existing Customer,Blue,Less than $40K,33,6,2
780373233,39,M,4,Unknown,Single,0,Attrited Customer,Blue,Less than $40K,29,5,3
780374133,29,M,1,College,Married,3,Existing Customer,Blue,$80K - $120K,19,5,3
780376683,57,M,1,Graduate,Married,1,Existing Customer,Blue,$80K - $120K,47,5,3
780378633,43,M,3,College,Unknown,4,Existing Customer,Blue,$60K - $80K,33,4,3
780382008,42,F,4,Unknown,Single,2,Existing Customer,Silver,Less than $40K,32,6,3
780383358,48,M,3,Graduate,Married,0,Existing Customer,Blue,$60K - $80K,38,6,1
780384483,49,M,4,Unknown,Unknown,2,Attrited Customer,Blue,$80K - $120K,39,2,2
780390108,44,F,3,College,Married,2,Attrited Customer,Blue,$40K - $60K,34,3,1
780416433,38,M,2,Unknown,Married,3,Existing Customer,Blue,Less than $40K,25,4,1
780450708,58,M,1,College,Single,2,Attrited Customer,Silver,$120K +,45,1,3
780462183,44,M,2,Unknown,Single,2,Existing Customer,Blue,$80K - $120K,31,5,5
780466533,54,F,3,Doctorate,Married,0,Existing Customer,Blue,$120K +,41,3,3
780481308,37,F,3,Graduate,Married,2,Existing Customer,Blue,Unknown,24,3,2
780496833,56,F,1,College,Single,2,Attrited Customer,Blue,Less than $40K,43,3,2
780497958,41,F,3,High School,Divorced,3,Existing Customer,Blue,$80K - $120K,28,1,3
780511683,47,M,3,Graduate,Single,3,Attrited Customer,Blue,$40K - $60K,34,4,3
780529908,43,F,3,College,Married,2,Existing Customer,Blue,Less than $40K,30,3,3
780545133,49,M,3,Graduate,Single,1,Existing Customer,Blue,$80K - $120K,36,2,3
780551733,54,F,1,High School,Married,3,Existing Customer,Silver,Less than $40K,44,2,2
780557658,63,F,0,Uneducated,Married,2,Existing Customer,Blue,Unknown,54,5,3
780567408,47,F,3,Graduate,Divorced,2,Existing Customer,Blue,Less than $40K,38,5,1
780581508,58,F,1,Doctorate,Single,4,Existing Customer,Silver,$40K - $60K,47,5,2
780584658,33,F,2,Uneducated,Unknown,2,Attrited Customer,Blue,$40K - $60K,22,4,2
780588258,53,F,5,Unknown,Married,2,Existing Customer,Blue,Less than $40K,42,1,2
780598383,35,M,3,Doctorate,Single,2,Existing Customer,Blue,$40K - $60K,23,4,3
780602733,42,M,3,Uneducated,Single,3,Existing Customer,Blue,$60K - $80K,30,4,2
780604083,49,M,1,Unknown,Single,2,Existing Customer,Blue,$60K - $80K,37,1,2
780605508,53,M,1,Unknown,Married,3,Existing Customer,Blue,$40K - $60K,41,5,1
780612558,58,F,1,Graduate,Single,3,Existing Customer,Blue,$40K - $60K,46,3,3
780613758,47,M,5,High School,Single,5,Existing Customer,Blue,Less than $40K,35,4,3
780620883,49,F,2,Uneducated,Single,3,Existing Customer,Blue,$40K - $60K,37,2,1
780633483,58,F,0,Graduate,Married,1,Existing Customer,Blue,$40K - $60K,47,2,2
780638958,42,F,2,Graduate,Divorced,1,Existing Customer,Blue,$40K - $60K,31,6,2
780653208,47,F,3,College,Married,2,Existing Customer,Blue,Less than $40K,36,5,4
780657708,48,F,2,Unknown,Married,3,Existing Customer,Blue,$80K - $120K,37,4,3
780660183,43,F,4,High School,Divorced,2,Attrited Customer,Blue,Less than $40K,32,2,3
780662133,39,M,2,Uneducated,Married,5,Existing Customer,Blue,$60K - $80K,28,6,3
780664758,56,F,2,Uneducated,Married,2,Existing Customer,Blue,$40K - $60K,44,6,1
780670083,39,F,2,Unknown,Unknown,3,Attrited Customer,Blue,$40K - $60K,28,1,2
780684933,49,M,3,High School,Unknown,3,Existing Customer,Blue,$40K - $60K,38,4,1
780686358,41,M,3,Unknown,Married,1,Existing Customer,Blue,$60K - $80K,30,3,1
780688383,35,M,1,Graduate,Unknown,3,Existing Customer,Blue,$80K - $120K,24,4,2
780689733,65,M,0,Unknown,Single,2,Existing Customer,Blue,Unknown,56,3,2
780704358,34,M,3,Post-Graduate,Unknown,0,Existing Customer,Silver,$60K - $80K,23,4,3
780707733,41,M,1,Graduate,Married,2,Existing Customer,Blue,$80K - $120K,30,3,3
780710433,53,M,2,College,Single,2,Existing Customer,Blue,$80K - $120K,42,4,2
780713058,46,M,3,High School,Married,3,Existing Customer,Blue,$60K - $80K,35,4,3
780715683,41,M,3,Doctorate,Single,3,Existing Customer,Blue,$60K - $80K,30,4,1
780717483,51,F,3,High School,Married,3,Existing Customer,Blue,Less than $40K,40,6,3
780720258,45,M,4,High School,Divorced,3,Attrited Customer,Blue,Less than $40K,34,4,2
780727833,51,F,3,High School,Single,3,Existing Customer,Blue,Less than $40K,41,1,4
780730008,51,M,2,College,Single,2,Existing Customer,Blue,$120K +,36,2,2
780747033,43,F,5,Graduate,Married,3,Existing Customer,Blue,Unknown,34,5,1
780769308,49,F,4,Unknown,Single,2,Existing Customer,Blue,Less than $40K,29,1,3
780790008,46,F,3,Unknown,Married,2,Existing Customer,Blue,$40K - $60K,39,6,3
780814158,57,F,3,High School,Unknown,2,Existing Customer,Blue,Less than $40K,39,6,4
780833058,46,M,2,High School,Married,2,Existing Customer,Blue,$40K - $60K,32,4,3
780865308,40,F,4,Uneducated,Married,2,Existing Customer,Blue,$80K - $120K,23,6,3
780881358,35,M,3,Graduate,Single,2,Existing Customer,Silver,$40K - $60K,17,6,3
780897858,38,F,2,High School,Single,3,Existing Customer,Blue,Less than $40K,20,4,3
780913308,43,M,3,Unknown,Married,0,Existing Customer,Blue,$60K - $80K,34,6,2
780942633,49,M,4,High School,Married,3,Existing Customer,Blue,Unknown,32,2,1
780971583,46,M,1,Graduate,Divorced,2,Existing Customer,Blue,$120K +,30,6,2
780984408,65,F,0,Unknown,Divorced,3,Existing Customer,Blue,Less than $40K,50,3,3
780998133,43,M,3,Graduate,Married,4,Existing Customer,Blue,$80K - $120K,34,3,4
781013958,57,F,3,Unknown,Married,2,Existing Customer,Blue,$40K - $60K,48,4,2
781073733,50,M,2,Graduate,Married,3,Existing Customer,Blue,$120K +,41,1,3
781089708,30,M,0,Graduate,Unknown,2,Existing Customer,Blue,$80K - $120K,23,6,1
781110408,39,F,0,High School,Single,2,Existing Customer,Blue,Less than $40K,23,5,3
781117533,50,M,1,Unknown,Married,2,Existing Customer,Blue,$120K +,36,6,3
781131483,55,M,2,High School,Unknown,4,Existing Customer,Blue,$80K - $120K,47,3,1
781137783,40,M,3,High School,Unknown,4,Attrited Customer,Blue,Less than $40K,33,1,3
781143933,43,F,3,High School,Single,3,Existing Customer,Blue,Less than $40K,36,5,3
781171908,45,M,3,Graduate,Single,1,Existing Customer,Blue,$40K - $60K,38,1,3
781183233,44,F,3,High School,Single,1,Existing Customer,Blue,Less than $40K,25,2,1
781297983,58,M,2,Unknown,Divorced,3,Existing Customer,Blue,$60K - $80K,52,6,2
781306758,58,M,2,Uneducated,Single,4,Existing Customer,Blue,$80K - $120K,52,1,2
781320783,47,M,2,Graduate,Divorced,3,Attrited Customer,Blue,$80K - $120K,41,3,2
781326483,31,F,0,Graduate,Unknown,2,Existing Customer,Blue,$60K - $80K,25,6,1
781337658,50,F,1,Graduate,Married,2,Existing Customer,Blue,Less than $40K,44,3,1
781391058,55,M,1,Uneducated,Single,2,Existing Customer,Blue,$40K - $60K,49,6,3
781675983,59,F,0,Graduate,Married,1,Existing Customer,Blue,Less than $40K,53,4,5
781794708,35,M,3,Post-Graduate,Unknown,3,Attrited Customer,Blue,$80K - $120K,29,2,1
781923483,53,F,1,College,Married,4,Existing Customer,Blue,$40K - $60K,47,3,3
781926633,48,M,2,Uneducated,Married,3,Existing Customer,Blue,$40K - $60K,42,1,3
781930233,47,M,2,High School,Married,1,Existing Customer,Blue,Less than $40K,37,6,1
781933983,47,M,4,Graduate,Married,4,Existing Customer,Blue,$40K - $60K,41,5,3
781942983,50,M,1,Unknown,Single,1,Existing Customer,Blue,$120K +,44,5,3
782437008,41,F,3,College,Married,4,Existing Customer,Blue,Unknown,35,6,2
782548758,42,M,5,High School,Married,3,Existing Customer,Blue,Less than $40K,36,5,2
782555058,35,F,1,Unknown,Married,3,Existing Customer,Blue,Less than $40K,29,4,2
782802033,45,F,4,Unknown,Married,2,Attrited Customer,Blue,Less than $40K,39,3,2
783020958,39,M,3,Unknown,Married,4,Existing Customer,Blue,$80K - $120K,33,6,6
783070833,34,M,4,Graduate,Married,3,Existing Customer,Blue,$40K - $60K,28,5,2
783121008,NULL,F,0,Graduate,Married,3,Existing Customer,Silver,Less than $40K,49,1,2
783361533,41,M,3,Unknown,Married,2,Existing Customer,Silver,$60K - $80K,35,2,3
783364233,59,M,0,Graduate,Married,3,Existing Customer,Blue,$40K - $60K,53,3,2
783366483,44,F,3,Unknown,Married,3,Existing Customer,Blue,Unknown,38,4,3
783381933,43,M,4,Uneducated,Married,3,Existing Customer,Blue,$60K - $80K,37,4,1
783387783,55,M,2,Uneducated,Divorced,3,Existing Customer,Blue,$60K - $80K,49,4,5
783393633,46,M,3,Graduate,Unknown,3,Existing Customer,Blue,$80K - $120K,37,6,4
783500283,62,M,0,Graduate,Unknown,2,Existing Customer,Blue,$80K - $120K,56,5,3
783542133,53,F,3,Graduate,Married,2,Existing Customer,Blue,Less than $40K,47,5,6
783554958,58,M,4,Graduate,Single,0,Existing Customer,Blue,$120K +,52,6,1
783561558,57,M,4,Post-Graduate,Married,3,Existing Customer,Blue,$120K +,51,4,2
783573408,42,F,4,College,Single,2,Existing Customer,Blue,$40K - $60K,36,3,1
783625008,51,M,2,Post-Graduate,Married,2,Existing Customer,Blue,$120K +,45,4,2
783910008,37,F,0,Unknown,Married,2,Existing Customer,Blue,Less than $40K,31,5,2
784263558,43,M,2,Uneducated,Single,3,Attrited Customer,Silver,$60K - $80K,37,4,3
784560258,45,M,1,Uneducated,Unknown,0,Existing Customer,Blue,$60K - $80K,39,4,2
784719708,54,F,2,Uneducated,Married,1,Existing Customer,Blue,$40K - $60K,43,5,1
784725333,41,M,3,High School,Married,1,Existing Customer,Blue,$40K - $60K,33,4,2
784734258,56,F,2,Unknown,Divorced,2,Existing Customer,Blue,$40K - $60K,50,5,2
784789758,40,M,2,Unknown,Married,0,Existing Customer,Blue,$60K - $80K,34,6,3
784795083,31,F,1,High School,Divorced,3,Existing Customer,Blue,Less than $40K,25,2,1
784798683,38,M,2,High School,Married,2,Existing Customer,Blue,$40K - $60K,32,3,2
784819758,54,F,1,Graduate,Single,2,Existing Customer,Blue,Unknown,48,1,1
784827108,39,F,1,High School,Single,2,Existing Customer,Blue,Less than $40K,33,6,3
784868958,56,F,1,High School,Married,1,Existing Customer,Blue,Unknown,49,1,2
784880958,34,F,4,Graduate,Single,1,Existing Customer,Blue,$40K - $60K,28,2,3
784891458,55,M,1,Graduate,Married,3,Existing Customer,Blue,$80K - $120K,49,4,3
784895358,49,F,1,Graduate,Married,3,Attrited Customer,Blue,Less than $40K,43,5,3
784907658,36,M,2,High School,Married,2,Existing Customer,Blue,$80K - $120K,30,2,1
784994883,26,F,0,Unknown,Married,2,Existing Customer,Blue,Less than $40K,20,2,2
784998108,33,M,3,High School,Married,2,Existing Customer,Blue,$80K - $120K,22,5,3
785011383,36,F,0,Uneducated,Married,4,Attrited Customer,Blue,$40K - $60K,30,1,3
785024808,53,F,1,High School,Single,3,Existing Customer,Blue,Less than $40K,47,6,2
785038908,43,F,0,Graduate,Married,4,Existing Customer,Blue,Less than $40K,37,3,1
785055108,52,M,0,Graduate,Single,4,Existing Customer,Blue,$60K - $80K,46,4,2
785080308,37,F,2,High School,Married,3,Existing Customer,Blue,Less than $40K,31,5,3
785106933,51,F,1,Unknown,Single,3,Existing Customer,Blue,Unknown,45,2,2
785114808,46,M,2,Post-Graduate,Single,2,Existing Customer,Silver,$40K - $60K,40,4,2
785119833,40,M,3,College,Divorced,3,Existing Customer,Blue,$60K - $80K,34,3,3
785134758,41,M,2,College,Unknown,4,Existing Customer,Blue,$80K - $120K,24,3,2
785218458,44,M,2,Graduate,Married,3,Existing Customer,Blue,$40K - $60K,38,4,1
785230083,50,M,2,Uneducated,Unknown,1,Existing Customer,Blue,$60K - $80K,44,1,2
785237958,45,M,5,College,Married,3,Attrited Customer,Blue,$60K - $80K,39,2,3
785262333,46,M,5,Uneducated,Unknown,3,Attrited Customer,Blue,$40K - $60K,40,5,4
785285883,49,F,3,Graduate,Single,4,Attrited Customer,Blue,Less than $40K,43,6,3
785311158,54,F,2,Graduate,Single,4,Existing Customer,Blue,Less than $40K,48,6,1
785328408,37,F,4,Graduate,Married,3,Existing Customer,Blue,Less than $40K,31,5,2
785351133,61,F,1,Graduate,Unknown,3,Existing Customer,Blue,$40K - $60K,55,4,3
785387883,47,F,3,High School,Single,3,Existing Customer,Blue,$40K - $60K,41,4,3
785410158,50,F,3,High School,Married,3,Existing Customer,Blue,Less than $40K,42,4,3
785432733,42,F,4,High School,Married,3,Existing Customer,Gold,Less than $40K,36,2,3
785487783,59,F,1,Graduate,Single,0,Existing Customer,Blue,$40K - $60K,53,2,2
785500533,53,M,4,Unknown,Married,2,Existing Customer,Blue,Less than $40K,47,3,2
785515533,43,M,2,College,Married,1,Existing Customer,Blue,Less than $40K,37,3,3
785529708,59,M,1,Graduate,Single,2,Existing Customer,Blue,$120K +,53,6,2
786087633,60,M,0,Unknown,Married,0,Existing Customer,Blue,$60K - $80K,54,4,1
786097158,48,M,2,High School,Married,2,Existing Customer,Blue,$40K - $60K,42,2,3
786480183,50,F,2,Uneducated,Married,5,Existing Customer,Blue,Unknown,44,6,2
786493908,42,F,4,Uneducated,Single,3,Existing Customer,Silver,Less than $40K,36,4,3
786509358,44,M,3,Unknown,Married,4,Existing Customer,Blue,$80K - $120K,38,3,1
786536808,51,M,2,College,Married,1,Existing Customer,Blue,$80K - $120K,45,3,3
786546783,59,F,0,College,Married,0,Existing Customer,Blue,$40K - $60K,53,3,2
786557358,44,F,1,Unknown,Married,4,Existing Customer,Blue,Less than $40K,38,5,2
786566733,49,M,2,Unknown,Unknown,5,Existing Customer,Blue,$80K - $120K,43,3,3
787226508,47,M,2,College,Single,3,Existing Customer,Blue,$60K - $80K,41,2,3
787231233,34,F,5,Post-Graduate,Single,2,Existing Customer,Silver,$80K - $120K,28,3,3
787261008,43,M,1,Post-Graduate,Unknown,4,Existing Customer,Blue,$60K - $80K,37,4,3
787268733,52,F,1,Graduate,Married,2,Existing Customer,Blue,$40K - $60K,46,5,1
787284858,35,F,2,Uneducated,Unknown,2,Existing Customer,Blue,$120K +,29,5,1
787291308,42,F,5,Graduate,Married,4,Existing Customer,Blue,Less than $40K,36,5,2
787301208,52,M,2,Uneducated,Unknown,1,Existing Customer,Blue,$40K - $60K,46,5,1
787339158,56,M,1,Graduate,Married,3,Attrited Customer,Blue,$80K - $120K,50,3,6
787348608,70,M,0,High School,Married,3,Existing Customer,Blue,Less than $40K,56,3,2
787361583,50,M,4,College,Divorced,3,Existing Customer,Blue,$60K - $80K,44,4,2
787430733,56,F,2,High School,Unknown,2,Existing Customer,Blue,$40K - $60K,41,5,3
787438983,43,M,3,College,Unknown,2,Existing Customer,Blue,$40K - $60K,23,6,2
787441383,52,F,0,Graduate,Unknown,2,Existing Customer,Blue,Less than $40K,37,3,1
787450758,57,F,1,Unknown,Married,1,Existing Customer,Blue,$60K - $80K,43,3,3
787452333,39,F,1,High School,Married,1,Attrited Customer,Blue,Less than $40K,25,2,2
787454133,40,M,2,Unknown,Divorced,3,Existing Customer,Blue,$120K +,26,3,2
787456608,29,M,2,High School,Married,2,Existing Customer,Blue,$80K - $120K,15,6,2
787457883,51,F,0,Unknown,Married,2,Existing Customer,Blue,Less than $40K,37,4,3
787458783,49,F,4,High School,Married,2,Existing Customer,Blue,Less than $40K,35,5,3
787460883,41,M,3,Uneducated,Married,4,Attrited Customer,Blue,$40K - $60K,28,3,3
787463508,26,F,0,Graduate,Single,4,Attrited Customer,Blue,Less than $40K,13,5,2
787464408,53,M,2,Uneducated,Single,2,Existing Customer,Blue,$60K - $80K,40,5,2
787466808,35,M,0,Unknown,Unknown,3,Existing Customer,Blue,Less than $40K,22,2,2
787467858,43,M,1,High School,Married,3,Existing Customer,Silver,$80K - $120K,30,1,1
787472283,49,M,2,Graduate,Married,2,Existing Customer,Blue,$80K - $120K,36,4,2
787475433,36,F,2,Doctorate,Unknown,3,Attrited Customer,Blue,Unknown,23,5,2
787480158,57,M,2,Unknown,Married,0,Existing Customer,Blue,Less than $40K,45,4,2
787481208,46,F,1,Unknown,Married,1,Existing Customer,Blue,Less than $40K,34,1,3
787482033,60,M,1,High School,Divorced,3,Existing Customer,Blue,$80K - $120K,48,1,5
787488108,48,F,1,High School,Unknown,4,Existing Customer,Blue,Unknown,36,6,4
787489083,55,M,4,Post-Graduate,Married,4,Existing Customer,Blue,$80K - $120K,43,6,2
787491483,41,M,3,Unknown,Divorced,3,Existing Customer,Blue,$80K - $120K,29,5,2
787492908,50,F,2,Uneducated,Married,2,Existing Customer,Blue,Unknown,34,5,3
787493808,48,M,4,Graduate,Unknown,2,Attrited Customer,Blue,Less than $40K,36,5,2
787494783,58,M,3,High School,Married,2,Existing Customer,Blue,$60K - $80K,46,5,3
787496733,47,F,2,Uneducated,Unknown,1,Existing Customer,Blue,Unknown,35,2,1
787500333,52,M,2,Post-Graduate,Single,3,Attrited Customer,Blue,$80K - $120K,40,6,1
787501758,51,F,3,High School,Single,1,Existing Customer,Blue,Less than $40K,39,5,2
787502883,60,F,1,Doctorate,Single,1,Existing Customer,Silver,Unknown,48,1,2
787504158,36,F,0,Unknown,Unknown,2,Existing Customer,Blue,Less than $40K,24,4,3
787505133,36,M,3,College,Married,3,Attrited Customer,Blue,$120K +,24,2,2
787506558,50,M,3,Graduate,Unknown,1,Existing Customer,Blue,$60K - $80K,38,4,1
787507833,49,F,1,Uneducated,Unknown,1,Existing Customer,Blue,Less than $40K,38,6,2
787509408,26,M,0,College,Single,2,Existing Customer,Blue,Unknown,13,6,3
787513533,47,F,1,Uneducated,Married,3,Existing Customer,Blue,Less than $40K,36,6,3
787514433,34,M,3,College,Married,3,Existing Customer,Blue,Less than $40K,23,3,3
787515333,40,M,3,Uneducated,Unknown,3,Attrited Customer,Blue,$80K - $120K,29,3,2
787516908,56,F,2,Graduate,Married,3,Existing Customer,Blue,Less than $40K,45,4,3
787518258,49,M,3,Uneducated,Married,3,Attrited Customer,Blue,$120K +,38,2,3
787519683,41,F,2,Graduate,Single,2,Existing Customer,Blue,Less than $40K,30,3,2
787523283,38,M,1,Graduate,Single,5,Existing Customer,Blue,$80K - $120K,27,6,2
787529583,41,F,5,Unknown,Married,3,Attrited Customer,Blue,$40K - $60K,30,5,2
787532808,41,M,4,Post-Graduate,Married,3,Existing Customer,Silver,$40K - $60K,30,6,3
787536933,44,F,3,Unknown,Single,3,Existing Customer,Blue,Less than $40K,33,6,2
787539333,48,F,4,Graduate,Married,3,Attrited Customer,Blue,$60K - $80K,37,1,2
787541883,44,M,3,Graduate,Married,3,Existing Customer,Blue,$80K - $120K,33,3,3
787543008,37,M,1,Graduate,Single,4,Existing Customer,Blue,$40K - $60K,27,5,3
787547208,48,F,3,College,Married,4,Existing Customer,Blue,Less than $40K,38,3,3
787550808,51,M,2,Graduate,Married,2,Existing Customer,Blue,$40K - $60K,40,5,1
787557258,52,F,4,Graduate,Married,2,Existing Customer,Blue,Unknown,42,5,3
787558683,45,F,4,Post-Graduate,Single,2,Existing Customer,Blue,$40K - $60K,35,3,5
787563858,50,F,1,Graduate,Married,3,Existing Customer,Blue,Less than $40K,41,4,2
787565433,53,M,2,Post-Graduate,Married,4,Existing Customer,Blue,$80K - $120K,43,4,2
787568433,42,M,3,Graduate,Single,3,Existing Customer,Blue,$60K - $80K,33,3,1
787570758,35,M,2,Uneducated,Married,4,Existing Customer,Blue,$120K +,26,3,3
787573683,41,M,3,Post-Graduate,Married,2,Attrited Customer,Blue,$60K - $80K,34,4,2
787578183,36,M,3,High School,Single,2,Existing Customer,Blue,$80K - $120K,28,5,3
787581858,46,M,2,Unknown,Married,4,Existing Customer,Blue,$120K +,37,3,2
787584108,55,M,3,Unknown,Married,3,Existing Customer,Blue,$80K - $120K,47,4,2
787587033,42,F,4,Graduate,Single,2,Existing Customer,Blue,Less than $40K,32,3,1
787591008,42,M,3,Uneducated,Divorced,1,Existing Customer,Blue,$60K - $80K,34,2,1
787593558,42,M,3,Graduate,Unknown,0,Existing Customer,Blue,$80K - $120K,34,6,3
787595658,57,F,3,Unknown,Single,1,Existing Customer,Blue,Less than $40K,29,6,1
787596558,50,F,1,Uneducated,Married,1,Existing Customer,Blue,$120K +,23,5,2
787599258,55,F,3,Graduate,Single,2,Existing Customer,Blue,Less than $40K,29,6,1
787605558,48,F,3,Graduate,Unknown,2,Existing Customer,Blue,Less than $40K,31,6,2
787617483,58,M,0,Uneducated,Single,4,Existing Customer,Blue,Less than $40K,48,6,2
787621158,33,M,2,Unknown,Married,3,Existing Customer,Blue,$60K - $80K,25,6,3
787623858,43,M,2,Uneducated,Divorced,0,Existing Customer,Silver,$120K +,24,4,2
787638408,47,F,1,High School,Single,4,Existing Customer,Blue,Unknown,40,5,4
787643658,59,M,0,Graduate,Married,4,Existing Customer,Blue,$60K - $80K,53,6,1
787655058,44,F,2,Uneducated,Single,3,Existing Customer,Blue,Less than $40K,37,5,2
787659483,58,F,1,Doctorate,Married,2,Attrited Customer,Blue,Less than $40K,48,4,2
787665258,47,F,3,Unknown,Married,2,Attrited Customer,Blue,Less than $40K,37,1,2
787669233,51,M,2,Doctorate,Single,2,Existing Customer,Blue,$80K - $120K,41,3,3
787685658,43,M,2,High School,Divorced,2,Existing Customer,Blue,$80K - $120K,33,4,3
787723758,58,F,3,Unknown,Married,2,Existing Customer,Blue,Less than $40K,48,2,1
787747308,49,F,4,Uneducated,Unknown,2,Attrited Customer,Blue,Less than $40K,39,6,3
787770858,43,M,4,Graduate,Single,3,Existing Customer,Blue,$80K - $120K,32,3,2
787800108,55,M,2,College,Married,2,Existing Customer,Blue,$80K - $120K,45,5,1
787833333,44,M,3,College,Unknown,2,Existing Customer,Blue,$80K - $120K,35,6,1
787849833,49,M,2,High School,Married,0,Existing Customer,Blue,$80K - $120K,40,4,2
787868958,36,M,2,High School,Single,3,Existing Customer,Blue,$80K - $120K,27,5,3
787909158,40,F,3,Graduate,Divorced,2,Existing Customer,Blue,Less than $40K,31,1,3
787918158,32,F,0,Uneducated,Married,4,Existing Customer,Blue,Less than $40K,23,5,2
787921383,53,M,0,High School,Single,4,Attrited Customer,Silver,$120K +,44,2,4
787937058,58,M,0,Graduate,Married,2,Existing Customer,Blue,$80K - $120K,49,6,2
787974108,37,F,1,High School,Single,2,Attrited Customer,Blue,$40K - $60K,27,4,2
787983633,35,F,3,Uneducated,Married,3,Existing Customer,Blue,Less than $40K,26,6,1
787999533,52,M,2,High School,Single,2,Existing Customer,Blue,$120K +,44,4,2
788019483,49,M,3,Graduate,Married,3,Existing Customer,Blue,$80K - $120K,40,4,1
788030208,42,F,2,Uneducated,Single,3,Attrited Customer,Silver,Less than $40K,33,1,2
788038383,33,F,3,Graduate,Married,2,Existing Customer,Blue,Less than $40K,25,3,2
788095158,52,M,3,Uneducated,Married,3,Attrited Customer,Blue,$80K - $120K,44,3,3
788107683,35,M,4,High School,Married,3,Existing Customer,Blue,$40K - $60K,27,6,2
788122533,56,F,1,Graduate,Married,2,Existing Customer,Blue,Less than $40K,48,6,2
788132208,53,F,2,Graduate,Married,1,Existing Customer,Blue,$40K - $60K,38,3,2
788142483,46,M,3,College,Unknown,1,Existing Customer,Silver,$80K - $120K,38,3,3
788159433,53,M,2,Unknown,Single,2,Existing Customer,Blue,$60K - $80K,45,5,1
788194458,34,M,3,High School,Married,3,Existing Customer,Blue,$60K - $80K,26,4,3
788199858,42,F,3,High School,Unknown,1,Existing Customer,Blue,Unknown,34,1,3
788210583,62,M,0,College,Married,4,Existing Customer,Blue,$40K - $60K,54,3,3
788230158,29,M,1,Unknown,Married,2,Attrited Customer,Silver,$40K - $60K,20,3,1
788240358,40,F,5,Graduate,Married,2,Existing Customer,Silver,Unknown,24,2,1
788246958,44,F,2,Graduate,Married,2,Existing Customer,Blue,Unknown,36,3,1
788252358,49,M,3,High School,Single,2,Existing Customer,Blue,$60K - $80K,40,3,4
788259558,59,M,0,Unknown,Married,4,Existing Customer,Blue,Less than $40K,51,5,3
788269158,35,F,2,Graduate,Unknown,0,Existing Customer,Blue,Unknown,27,4,3
788275083,46,M,3,College,Married,4,Existing Customer,Blue,$60K - $80K,38,5,3
788290383,43,M,3,Doctorate,Single,3,Existing Customer,Blue,$40K - $60K,35,2,6
788327358,61,M,1,Graduate,Single,3,Existing Customer,Blue,Unknown,54,1,1
788350908,38,F,3,Graduate,Single,3,Existing Customer,Blue,$40K - $60K,31,3,1
788360283,33,M,1,Graduate,Single,0,Existing Customer,Blue,$80K - $120K,26,4,1
788370258,37,M,4,Graduate,Married,2,Existing Customer,Blue,$60K - $80K,30,5,3
788379933,41,M,3,Doctorate,Single,2,Existing Customer,Blue,$60K - $80K,34,5,3
788386908,48,M,3,Graduate,Unknown,2,Existing Customer,Platinum,$80K - $120K,41,3,2
788407833,49,F,4,Graduate,Married,2,Existing Customer,Blue,Unknown,42,5,3
788418933,35,F,2,Graduate,Married,3,Existing Customer,Blue,$40K - $60K,27,5,2
788440083,55,M,2,Uneducated,Single,3,Existing Customer,Silver,$60K - $80K,48,5,3
788465583,42,F,3,College,Single,3,Existing Customer,Blue,$40K - $60K,35,2,3
788474658,55,M,3,Graduate,Married,4,Existing Customer,Blue,$80K - $120K,48,5,2
788485908,44,M,3,Unknown,Married,3,Existing Customer,Blue,$60K - $80K,37,3,2
788502858,58,M,3,High School,Single,1,Existing Customer,Blue,$80K - $120K,51,2,2
788519958,57,F,2,Graduate,Single,2,Existing Customer,Blue,Less than $40K,50,6,5
788528958,45,M,4,Graduate,Single,3,Existing Customer,Blue,$120K +,38,1,1
788544108,43,F,2,High School,Single,0,Existing Customer,Blue,Less than $40K,37,4,3
788552658,46,F,4,Uneducated,Married,1,Existing Customer,Blue,Less than $40K,30,3,3
788595183,42,M,2,Graduate,Single,3,Existing Customer,Blue,$40K - $60K,36,1,1
788610258,49,M,4,College,Unknown,4,Existing Customer,Blue,Less than $40K,43,5,2
788618208,42,F,5,Unknown,Single,3,Existing Customer,Blue,Less than $40K,30,2,3
788620083,50,F,3,Graduate,Single,2,Existing Customer,Blue,Less than $40K,41,2,2
788621658,54,M,1,College,Married,2,Existing Customer,Blue,$60K - $80K,37,6,3
788630958,44,M,2,Uneducated,Married,2,Existing Customer,Blue,$40K - $60K,28,3,1
788633733,36,M,3,Graduate,Married,2,Existing Customer,Silver,$60K - $80K,13,4,3
788638908,43,F,2,Graduate,Divorced,4,Existing Customer,Blue,Less than $40K,30,4,2
788641758,53,M,4,College,Single,2,Existing Customer,Blue,$60K - $80K,45,5,3
788646858,41,F,3,Graduate,Married,1,Existing Customer,Blue,Less than $40K,29,6,3
788658483,53,M,2,College,Married,3,Attrited Customer,Blue,Less than $40K,38,5,2
788661408,47,F,3,Uneducated,Married,2,Existing Customer,Blue,Less than $40K,33,4,5
788667408,50,F,2,High School,Married,1,Existing Customer,Blue,Less than $40K,21,6,1
788671608,45,M,4,College,Married,1,Existing Customer,Gold,$40K - $60K,30,1,2
788673708,57,F,2,High School,Married,3,Attrited Customer,Blue,$40K - $60K,45,2,1
788675658,39,M,2,Unknown,Single,4,Existing Customer,Blue,Less than $40K,29,6,2
788677533,44,M,4,Unknown,Married,4,Existing Customer,Blue,$120K +,31,4,3
788684508,36,M,4,Uneducated,Married,3,Existing Customer,Blue,$80K - $120K,25,4,3
788687133,42,M,2,Graduate,Married,1,Existing Customer,Blue,$80K - $120K,31,2,3
788694558,53,F,3,Uneducated,Single,3,Existing Customer,Blue,Less than $40K,40,5,2
788699808,38,F,4,Unknown,Single,2,Existing Customer,Blue,Unknown,14,4,1
788701608,42,M,4,Graduate,Single,3,Existing Customer,Blue,Less than $40K,26,5,2
788705358,44,M,4,High School,Married,4,Existing Customer,Blue,$120K +,33,4,1
788709408,41,F,2,Unknown,Married,1,Existing Customer,Blue,Unknown,21,2,3
788715483,44,F,5,Graduate,Single,2,Existing Customer,Blue,Less than $40K,28,2,2
788717358,53,M,2,Uneducated,Single,2,Existing Customer,Blue,$60K - $80K,38,3,2
788719533,53,M,4,Post-Graduate,Married,3,Existing Customer,Blue,$80K - $120K,34,1,2
788723133,36,M,1,High School,Unknown,2,Existing Customer,Blue,$40K - $60K,20,5,1
788725608,44,F,3,Graduate,Married,3,Existing Customer,Blue,Less than $40K,17,1,2
788728608,34,M,0,High School,Married,2,Existing Customer,Blue,$40K - $60K,13,3,3
788730933,44,F,2,Uneducated,Married,3,Existing Customer,Blue,Less than $40K,20,6,3
788734158,42,M,4,Graduate,Married,2,Existing Customer,Blue,$40K - $60K,19,5,3
788737083,34,F,2,High School,Married,2,Existing Customer,Blue,Less than $40K,13,6,2
788739633,38,M,1,Unknown,Married,4,Attrited Customer,Blue,$120K +,16,3,1
788741733,53,F,1,Graduate,Married,3,Existing Customer,Blue,Less than $40K,32,4,2
788744058,48,F,2,High School,Married,2,Existing Customer,Blue,Unknown,27,3,1
788747358,50,M,0,High School,Married,2,Existing Customer,Blue,$40K - $60K,29,5,3
788752833,52,F,2,High School,Divorced,4,Existing Customer,Blue,Less than $40K,32,6,3
788754108,65,F,1,Unknown,Single,4,Existing Customer,Blue,$40K - $60K,48,4,2
788755158,49,M,3,High School,Married,1,Existing Customer,Blue,$60K - $80K,29,4,3
788756133,44,F,3,Unknown,Divorced,2,Existing Customer,Blue,Less than $40K,24,4,1
788760633,53,M,3,Uneducated,Divorced,2,Existing Customer,Blue,$60K - $80K,33,4,2
788761608,26,F,0,High School,Single,4,Existing Customer,Blue,Unknown,13,3,3
788766933,46,M,2,Post-Graduate,Married,1,Existing Customer,Blue,$80K - $120K,26,1,3
788767983,43,M,5,Unknown,Single,3,Existing Customer,Blue,$60K - $80K,24,3,1
788768883,54,F,0,Unknown,Single,3,Existing Customer,Blue,$40K - $60K,35,4,1
788769783,42,F,4,College,Divorced,3,Existing Customer,Blue,Less than $40K,23,6,1
788770908,45,M,4,College,Married,2,Existing Customer,Blue,$60K - $80K,26,6,2
788771733,49,M,4,High School,Unknown,3,Existing Customer,Blue,$60K - $80K,30,5,3
788772708,50,F,2,Graduate,Married,3,Existing Customer,Blue,Unknown,31,5,1
788776008,43,M,3,College,Married,1,Existing Customer,Blue,$80K - $120K,24,6,3
788776908,47,M,1,Unknown,Unknown,4,Existing Customer,Blue,$80K - $120K,28,6,1
788778033,39,F,2,College,Married,3,Existing Customer,Silver,Less than $40K,20,1,2
788779008,57,M,2,High School,Married,2,Existing Customer,Blue,$60K - $80K,38,3,1
788779983,58,M,2,Post-Graduate,Married,3,Existing Customer,Blue,$80K - $120K,39,4,2
788780958,46,M,1,Uneducated,Unknown,3,Existing Customer,Blue,$40K - $60K,27,6,3
788782008,49,F,3,Unknown,Married,2,Existing Customer,Gold,Less than $40K,30,4,3
788783133,58,F,0,Post-Graduate,Married,3,Existing Customer,Blue,Less than $40K,39,5,3
788784258,60,M,2,High School,Married,4,Existing Customer,Blue,Unknown,41,5,2
788785083,44,F,3,College,Unknown,2,Existing Customer,Blue,Less than $40K,25,6,3
788786208,46,F,2,College,Married,3,Existing Customer,Blue,Unknown,27,6,3
788788758,57,M,3,College,Single,2,Existing Customer,Blue,Unknown,39,4,1
788789658,40,M,5,Unknown,Unknown,4,Existing Customer,Blue,$80K - $120K,22,6,1
788791383,39,F,3,High School,Married,1,Existing Customer,Blue,$40K - $60K,21,1,2
788792583,44,F,3,Unknown,Single,0,Existing Customer,Blue,$40K - $60K,26,4,3
788794758,46,M,4,Graduate,Single,4,Attrited Customer,Blue,$40K - $60K,28,2,2
788797983,42,M,3,Uneducated,Married,3,Existing Customer,Blue,Unknown,24,5,1
788802483,47,F,3,Uneducated,Unknown,3,Existing Customer,Blue,Less than $40K,29,2,2
788805108,47,M,3,High School,Single,3,Existing Customer,Blue,$60K - $80K,30,5,3
788805858,49,M,3,College,Divorced,1,Existing Customer,Blue,$40K - $60K,31,2,3
788808633,43,M,3,Graduate,Married,2,Existing Customer,Blue,$80K - $120K,26,5,3
788810658,37,F,1,College,Single,5,Existing Customer,Blue,Unknown,20,3,2
788811558,52,F,1,High School,Married,3,Existing Customer,Blue,Less than $40K,35,1,3
788812608,56,F,2,Uneducated,Single,3,Existing Customer,Blue,Less than $40K,39,1,2
788813658,62,M,0,Graduate,Unknown,3,Existing Customer,Blue,Unknown,45,2,2
788814783,39,M,1,Uneducated,Single,3,Existing Customer,Blue,$60K - $80K,22,4,3
788820933,59,M,2,Graduate,Single,2,Existing Customer,Blue,$60K - $80K,42,3,2
788824083,41,M,2,Uneducated,Single,1,Existing Customer,Blue,$120K +,24,2,2
788826408,33,M,1,Uneducated,Married,3,Existing Customer,Blue,$120K +,16,6,1
788827308,65,M,1,Graduate,Married,4,Existing Customer,Blue,Less than $40K,50,6,2
788830683,40,M,2,Graduate,Single,0,Attrited Customer,Blue,$80K - $120K,24,5,1
788832033,35,M,2,High School,Unknown,3,Existing Customer,Blue,$40K - $60K,19,4,3
788835408,49,F,3,Unknown,Married,3,Attrited Customer,Blue,Less than $40K,33,6,3
788838033,45,F,2,College,Single,4,Attrited Customer,Blue,$60K - $80K,29,3,2
788840283,42,F,2,Post-Graduate,Divorced,3,Existing Customer,Blue,Less than $40K,26,5,2
788842008,50,F,3,Uneducated,Married,2,Existing Customer,Blue,Less than $40K,34,2,2
788846508,48,M,4,Uneducated,Married,3,Existing Customer,Blue,$40K - $60K,32,6,1
788848458,40,F,5,Unknown,Married,2,Existing Customer,Blue,$40K - $60K,24,1,1
788853258,41,M,1,Uneducated,Married,0,Existing Customer,Blue,$60K - $80K,25,3,2
788856408,50,F,5,Uneducated,Married,2,Existing Customer,Blue,Unknown,34,5,5
788862333,38,F,3,Uneducated,Married,2,Existing Customer,Blue,Less than $40K,23,6,2
788864508,52,F,3,Unknown,Single,2,Existing Customer,Blue,Less than $40K,37,4,2
788866983,63,F,0,Unknown,Single,1,Existing Customer,Blue,Less than $40K,48,5,2
788868858,54,M,2,Graduate,Married,2,Existing Customer,Blue,Less than $40K,39,4,4
788870283,56,F,3,Graduate,Married,1,Existing Customer,Blue,Less than $40K,41,5,4
788874333,55,M,3,Post-Graduate,Unknown,4,Existing Customer,Blue,$120K +,40,3,1
788876208,42,F,2,Graduate,Single,3,Existing Customer,Blue,Less than $40K,27,5,3
788885133,57,F,3,College,Unknown,1,Existing Customer,Silver,Less than $40K,42,6,1
788890533,54,M,2,College,Married,4,Existing Customer,Silver,$80K - $120K,39,4,1
788896983,53,M,2,Graduate,Married,2,Existing Customer,Blue,$60K - $80K,38,6,3
788898933,42,M,4,College,Married,1,Existing Customer,Blue,Less than $40K,27,6,2
788900883,51,F,2,Graduate,Married,3,Existing Customer,Blue,Less than $40K,36,3,1
788907033,40,M,2,High School,Unknown,1,Existing Customer,Blue,$80K - $120K,26,1,3
788908308,46,M,2,High School,Married,2,Existing Customer,Blue,$40K - $60K,32,2,3
788911458,40,F,4,College,Married,1,Existing Customer,Blue,Less than $40K,26,3,1
788912658,44,F,2,Unknown,Married,4,Existing Customer,Blue,Less than $40K,30,3,1
788915283,43,F,2,College,Single,2,Existing Customer,Blue,Less than $40K,29,5,1
788916933,49,M,5,College,Married,2,Existing Customer,Gold,$60K - $80K,35,1,2
788920308,51,F,2,High School,Married,1,Existing Customer,Blue,Less than $40K,37,3,2
788923758,26,F,1,High School,Unknown,3,Existing Customer,Blue,Unknown,13,3,1
788930358,42,F,4,College,Single,2,Attrited Customer,Blue,$40K - $60K,28,2,2
788931558,46,M,2,High School,Single,2,Existing Customer,Blue,$40K - $60K,32,1,2
788937933,39,F,3,Graduate,Divorced,1,Existing Customer,Blue,Less than $40K,25,3,1
788939358,47,M,2,High School,Unknown,2,Existing Customer,Blue,$60K - $80K,33,4,2
788940558,41,F,3,Graduate,Married,2,Existing Customer,Blue,Less than $40K,27,6,1
788941983,36,F,3,Graduate,Unknown,1,Attrited Customer,Blue,$40K - $60K,22,1,3
788943333,51,M,3,Post-Graduate,Married,2,Attrited Customer,Silver,$80K - $120K,37,6,2
788946783,50,M,2,Unknown,Single,3,Existing Customer,Blue,$120K +,36,5,1
788950158,36,M,2,College,Unknown,3,Existing Customer,Blue,$80K - $120K,22,2,2
788957358,53,F,1,Graduate,Single,2,Existing Customer,Blue,$40K - $60K,39,3,3
788959758,47,F,4,Uneducated,Single,1,Existing Customer,Blue,$40K - $60K,33,3,2
788960658,42,F,2,Uneducated,Married,3,Existing Customer,Blue,Less than $40K,28,1,2
788965683,49,F,4,Uneducated,Married,3,Existing Customer,Blue,Less than $40K,36,6,3
788966958,47,F,1,Graduate,Married,2,Existing Customer,Blue,Unknown,34,3,2
788971308,62,F,1,Uneducated,Married,2,Existing Customer,Blue,Less than $40K,49,5,4
788974608,48,M,3,Graduate,Unknown,3,Existing Customer,Blue,$60K - $80K,35,5,1
788977833,61,M,0,Uneducated,Married,0,Existing Customer,Blue,$80K - $120K,48,2,1
788979258,51,M,4,Uneducated,Married,4,Existing Customer,Silver,$80K - $120K,38,4,1
788980983,55,M,1,High School,Single,2,Existing Customer,Blue,$80K - $120K,42,1,4
788989083,57,F,3,College,Single,2,Existing Customer,Blue,$40K - $60K,44,3,1
788990508,62,F,0,Unknown,Single,1,Existing Customer,Blue,$40K - $60K,49,4,1
788994783,48,F,3,Graduate,Single,3,Existing Customer,Blue,Less than $40K,35,3,4
788996058,47,F,2,High School,Married,4,Existing Customer,Blue,Less than $40K,34,4,2
788997408,65,F,2,Doctorate,Single,2,Existing Customer,Blue,Less than $40K,53,6,3
789008508,44,M,4,College,Married,1,Existing Customer,Blue,$80K - $120K,31,2,1
789012633,30,F,0,Graduate,Single,1,Existing Customer,Blue,Less than $40K,17,3,2
789013833,50,M,2,High School,Married,1,Attrited Customer,Silver,$120K +,37,5,2
789016983,45,F,3,High School,Married,1,Existing Customer,Blue,Less than $40K,32,2,5
789022233,50,F,2,Uneducated,Unknown,2,Existing Customer,Blue,Less than $40K,37,6,5
789023508,46,M,3,Unknown,Married,3,Existing Customer,Blue,$80K - $120K,33,4,1
789025083,40,M,4,Unknown,Unknown,0,Existing Customer,Blue,Less than $40K,27,5,3
789043008,55,F,2,Post-Graduate,Divorced,4,Existing Customer,Blue,Less than $40K,43,4,2
789047208,57,F,2,High School,Single,3,Existing Customer,Blue,Less than $40K,45,4,1
789048858,32,F,1,Post-Graduate,Married,3,Existing Customer,Blue,Less than $40K,20,5,2
789050883,33,M,2,Doctorate,Single,4,Existing Customer,Blue,Unknown,21,4,3
789052308,40,M,3,Graduate,Unknown,2,Existing Customer,Blue,$40K - $60K,28,6,2
789053883,43,M,3,Post-Graduate,Single,1,Existing Customer,Blue,$60K - $80K,31,4,2
789059958,42,M,4,High School,Married,4,Existing Customer,Gold,$120K +,30,6,2
789070233,51,F,3,Graduate,Divorced,3,Existing Customer,Blue,Less than $40K,39,5,4
789074358,46,M,2,High School,Single,1,Existing Customer,Blue,$60K - $80K,34,2,2
789076083,50,F,3,High School,Single,2,Existing Customer,Blue,Less than $40K,38,6,3
789079758,44,M,4,Doctorate,Unknown,3,Existing Customer,Blue,$120K +,32,3,2
789081408,44,F,4,Uneducated,Single,4,Attrited Customer,Blue,Less than $40K,32,6,3
789082758,40,F,2,High School,Married,3,Existing Customer,Blue,Less than $40K,28,1,3
789087858,60,F,0,Graduate,Married,1,Attrited Customer,Blue,$40K - $60K,48,4,2
789089958,57,M,2,High School,Single,3,Existing Customer,Silver,$60K - $80K,45,5,2
789095958,50,M,1,Unknown,Single,3,Attrited Customer,Blue,$60K - $80K,38,4,3
789097833,39,F,0,High School,Married,3,Existing Customer,Blue,Less than $40K,27,4,3
789099783,43,F,2,Unknown,Married,3,Existing Customer,Blue,Less than $40K,31,6,3
789101883,32,F,3,Unknown,Single,2,Existing Customer,Blue,$120K +,20,6,2
789105183,54,M,3,Post-Graduate,Single,2,Existing Customer,Silver,$80K - $120K,42,3,1
789109983,40,F,3,High School,Divorced,4,Existing Customer,Blue,$40K - $60K,28,4,1
789111483,46,M,3,Graduate,Unknown,4,Existing Customer,Blue,$80K - $120K,34,5,3
789114408,50,F,1,Post-Graduate,Single,4,Existing Customer,Blue,$40K - $60K,38,3,1
789115833,44,M,4,High School,Single,2,Existing Customer,Blue,$60K - $80K,32,5,3
789121233,53,F,2,Unknown,Single,3,Existing Customer,Blue,Less than $40K,41,5,1
789122808,41,F,4,College,Married,3,Attrited Customer,Blue,$40K - $60K,29,5,2
789124683,54,M,2,Unknown,Married,3,Existing Customer,Blue,$80K - $120K,42,4,2
789125733,38,F,4,Doctorate,Married,4,Existing Customer,Blue,Less than $40K,26,4,2
789127533,49,M,4,High School,Divorced,2,Existing Customer,Blue,$80K - $120K,37,5,2
789129033,44,M,5,Unknown,Single,2,Existing Customer,Blue,$80K - $120K,32,5,3
789138258,45,F,3,High School,Single,2,Existing Customer,Blue,Less than $40K,34,2,3
789140283,53,F,0,Graduate,Single,1,Existing Customer,Blue,$80K - $120K,42,5,4
789143283,41,F,1,Uneducated,Single,3,Existing Customer,Blue,Unknown,30,4,2
789144633,45,M,1,Graduate,Married,2,Existing Customer,Blue,$80K - $120K,34,3,2
789150633,50,F,3,Graduate,Married,2,Existing Customer,Blue,Less than $40K,38,6,3
789151983,43,F,4,Graduate,Unknown,3,Attrited Customer,Blue,$40K - $60K,31,2,3
789154833,56,M,3,High School,Single,0,Existing Customer,Blue,$80K - $120K,44,5,2
789158433,49,F,2,High School,Unknown,2,Existing Customer,Blue,$40K - $60K,38,4,1
789161358,30,F,0,Graduate,Married,4,Existing Customer,Blue,Less than $40K,19,3,1
789164283,55,F,0,Uneducated,Married,3,Existing Customer,Blue,Less than $40K,44,1,1
789167658,34,M,3,College,Married,2,Existing Customer,Blue,$60K - $80K,23,5,3
789170283,53,M,1,Graduate,Unknown,4,Existing Customer,Blue,$80K - $120K,42,5,5
789172683,56,M,2,Doctorate,Married,0,Existing Customer,Blue,$60K - $80K,45,6,2
789173958,45,F,2,Graduate,Married,2,Attrited Customer,Blue,Less than $40K,34,4,1
789175683,49,M,2,College,Married,2,Existing Customer,Silver,Less than $40K,38,2,3
789177333,47,F,2,Graduate,Married,2,Attrited Customer,Blue,Less than $40K,36,6,3
789179583,28,F,1,College,Divorced,2,Existing Customer,Blue,Unknown,17,5,3
789180933,37,F,3,High School,Single,2,Existing Customer,Blue,Less than $40K,26,3,1
789182358,56,M,1,Uneducated,Single,2,Existing Customer,Blue,$80K - $120K,45,3,1
789185508,49,M,2,High School,Married,1,Existing Customer,Blue,$60K - $80K,38,5,2
789186858,52,M,2,Graduate,Married,1,Existing Customer,Blue,$80K - $120K,41,2,5
789187908,56,M,2,Uneducated,Married,2,Existing Customer,Blue,$80K - $120K,45,4,2
789191358,55,M,4,Graduate,Single,2,Existing Customer,Blue,$80K - $120K,44,2,3
789193383,65,M,0,Uneducated,Single,5,Existing Customer,Blue,Less than $40K,54,3,1
789196158,55,M,1,Graduate,Married,4,Attrited Customer,Blue,$60K - $80K,44,6,2
789197508,54,M,3,High School,Married,4,Existing Customer,Blue,$60K - $80K,43,6,3
789198708,58,M,3,Graduate,Married,2,Existing Customer,Blue,$120K +,47,3,1
789200208,40,F,4,Uneducated,Married,3,Existing Customer,Blue,Unknown,29,2,3
789204933,65,M,1,Uneducated,Single,4,Existing Customer,Blue,Less than $40K,55,3,2
789209283,48,F,3,High School,Single,0,Existing Customer,Blue,Less than $40K,37,5,3
789212883,30,M,1,Uneducated,Divorced,2,Attrited Customer,Blue,Less than $40K,19,6,1
789218433,33,F,3,Unknown,Married,2,Existing Customer,Blue,$40K - $60K,22,2,3
789220008,56,M,3,High School,Married,2,Existing Customer,Blue,$80K - $120K,45,5,2
789226683,44,M,1,Unknown,Married,3,Existing Customer,Blue,$60K - $80K,33,6,2
789228108,56,F,4,Graduate,Single,3,Existing Customer,Blue,Unknown,45,2,2
789231858,59,M,1,Unknown,Married,3,Existing Customer,Blue,$60K - $80K,48,5,3
789233808,38,F,3,Graduate,Married,2,Existing Customer,Blue,Unknown,27,6,2
789235383,38,M,4,College,Married,4,Attrited Customer,Blue,$80K - $120K,27,5,2
789237333,47,M,4,Post-Graduate,Divorced,5,Existing Customer,Blue,$60K - $80K,36,4,2
789238683,53,M,2,Uneducated,Divorced,2,Existing Customer,Blue,$120K +,42,4,2
789240258,50,F,2,Uneducated,Single,1,Existing Customer,Blue,$40K - $60K,35,4,3
789241308,54,F,2,Unknown,Unknown,3,Attrited Customer,Blue,Less than $40K,39,4,3
789244308,56,M,4,College,Single,4,Existing Customer,Blue,$80K - $120K,41,6,1
789247458,32,M,0,Graduate,Unknown,3,Existing Customer,Blue,$40K - $60K,21,6,2
789248958,37,M,2,High School,Married,3,Existing Customer,Blue,$40K - $60K,26,3,2
789261558,58,M,1,High School,Unknown,4,Existing Customer,Blue,$60K - $80K,47,3,1
789262683,60,M,1,Unknown,Divorced,2,Existing Customer,Blue,$40K - $60K,49,4,3
789266208,56,M,2,High School,Married,3,Existing Customer,Blue,$80K - $120K,45,3,2
789267633,54,F,2,College,Married,1,Existing Customer,Blue,Less than $40K,43,3,4
789270033,NULL,M,3,Graduate,Single,3,Existing Customer,Silver,$80K - $120K,37,3,2
789271533,51,F,1,Doctorate,Single,2,Existing Customer,Blue,Less than $40K,40,5,3
789280683,56,M,2,Graduate,Single,3,Existing Customer,Blue,$120K +,45,2,2
789282333,62,F,0,Graduate,Unknown,3,Existing Customer,Blue,Unknown,51,3,3
789289383,42,M,3,Graduate,Single,3,Existing Customer,Silver,$80K - $120K,31,2,2
789291633,62,M,0,Graduate,Married,0,Existing Customer,Blue,$60K - $80K,51,3,2
789293358,46,F,3,Graduate,Married,4,Existing Customer,Blue,Less than $40K,35,3,3
789296133,35,F,3,Doctorate,Single,3,Existing Customer,Blue,Unknown,24,1,1
789297558,36,M,1,Uneducated,Single,2,Existing Customer,Blue,$120K +,25,6,3
789298833,51,M,2,Uneducated,Divorced,3,Existing Customer,Blue,$80K - $120K,40,1,2
789300408,41,M,4,High School,Married,2,Existing Customer,Blue,Less than $40K,30,3,2
789301458,41,M,4,High School,Married,2,Existing Customer,Blue,Unknown,30,5,2
789304983,44,M,0,Unknown,Married,2,Existing Customer,Silver,$40K - $60K,34,2,1
789307833,44,M,4,College,Unknown,3,Existing Customer,Blue,$120K +,34,5,3
789309558,31,M,2,College,Unknown,4,Existing Customer,Blue,Less than $40K,21,6,2
789310833,44,F,3,College,Divorced,5,Existing Customer,Blue,$40K - $60K,34,5,2
789312033,48,F,4,Post-Graduate,Single,3,Attrited Customer,Blue,Less than $40K,38,3,3
789314133,37,M,1,High School,Married,3,Existing Customer,Blue,$60K - $80K,27,6,3
789317883,54,M,2,College,Married,3,Attrited Customer,Blue,$80K - $120K,44,4,3
789319458,48,M,5,Uneducated,Single,3,Existing Customer,Blue,$60K - $80K,38,6,2
789322833,48,F,5,High School,Married,3,Attrited Customer,Blue,Less than $40K,38,1,3
789325008,49,M,3,College,Single,1,Existing Customer,Blue,Less than $40K,38,5,3
789326808,26,M,0,College,Single,2,Existing Customer,Blue,$60K - $80K,15,5,1
789328083,42,F,4,High School,Married,3,Attrited Customer,Blue,Less than $40K,32,6,3
789331908,40,F,3,High School,Unknown,2,Existing Customer,Blue,Less than $40K,30,5,2
789334458,43,F,3,Graduate,Unknown,3,Existing Customer,Silver,Unknown,33,3,1
789337233,63,M,1,Graduate,Married,2,Existing Customer,Blue,$40K - $60K,53,6,6
789338583,42,M,2,Doctorate,Married,2,Existing Customer,Blue,$80K - $120K,32,4,2
789339633,51,M,2,Uneducated,Divorced,3,Existing Customer,Blue,$120K +,41,4,2
789344358,57,F,1,Unknown,Unknown,3,Existing Customer,Blue,Less than $40K,47,4,1
789345408,39,F,2,College,Married,2,Existing Customer,Blue,$40K - $60K,29,5,3
789347133,38,F,2,Post-Graduate,Unknown,1,Existing Customer,Blue,$40K - $60K,28,2,1
789351783,40,F,5,Graduate,Married,2,Existing Customer,Blue,Less than $40K,30,3,2
789354783,45,F,3,Unknown,Single,0,Existing Customer,Blue,Less than $40K,32,5,3
789358908,53,F,3,College,Married,2,Attrited Customer,Blue,Less than $40K,43,3,2
789362058,52,M,4,Uneducated,Married,0,Existing Customer,Blue,$60K - $80K,42,3,2
789363408,44,M,3,High School,Married,2,Existing Customer,Silver,$120K +,34,3,1
789365508,49,M,2,High School,Divorced,4,Attrited Customer,Blue,$40K - $60K,39,2,3
789367083,41,F,2,Uneducated,Single,3,Existing Customer,Blue,Less than $40K,31,5,3
789368658,57,M,2,Graduate,Married,3,Existing Customer,Blue,$80K - $120K,47,6,2
789370383,42,M,1,High School,Married,2,Existing Customer,Blue,$40K - $60K,32,4,2
789373683,45,F,3,Graduate,Married,2,Existing Customer,Blue,Less than $40K,35,1,2
789382758,54,M,3,Graduate,Single,3,Attrited Customer,Blue,$40K - $60K,44,6,3
789392883,38,F,3,Post-Graduate,Unknown,0,Existing Customer,Blue,Less than $40K,29,4,1
789394833,47,M,2,Unknown,Unknown,2,Existing Customer,Blue,$80K - $120K,37,1,2
789396783,30,F,0,High School,Single,4,Attrited Customer,Blue,Less than $40K,20,3,3
789398733,56,M,3,Graduate,Married,2,Existing Customer,Blue,$120K +,46,3,3
789407958,42,M,1,Graduate,Married,3,Existing Customer,Blue,$60K - $80K,33,6,2
789412458,44,M,2,Post-Graduate,Married,4,Existing Customer,Blue,$60K - $80K,34,6,3
789413958,53,M,1,Graduate,Single,3,Existing Customer,Blue,$80K - $120K,43,4,2
789415983,36,M,3,Graduate,Married,2,Attrited Customer,Blue,$60K - $80K,27,4,3
789417708,44,F,2,Uneducated,Married,1,Existing Customer,Blue,$40K - $60K,35,3,2
789419658,47,F,4,College,Married,1,Existing Customer,Blue,Unknown,38,3,2
789420933,39,F,2,Uneducated,Married,3,Existing Customer,Blue,Less than $40K,30,3,1
789430083,41,M,5,High School,Single,2,Existing Customer,Blue,$40K - $60K,32,6,1
789432033,32,F,1,Graduate,Married,3,Attrited Customer,Blue,Less than $40K,23,1,2
789433758,36,M,0,College,Unknown,2,Existing Customer,Blue,$80K - $120K,27,3,3
789435783,39,F,1,Graduate,Unknown,2,Existing Customer,Blue,$40K - $60K,30,6,1
789450408,41,F,2,Uneducated,Married,3,Existing Customer,Blue,Unknown,32,2,5
789454683,45,F,3,High School,Married,2,Existing Customer,Blue,$40K - $60K,36,4,2
789466008,47,M,5,Graduate,Married,4,Existing Customer,Blue,$60K - $80K,38,5,3
789467508,65,F,0,Graduate,Married,0,Existing Customer,Blue,$40K - $60K,56,5,3
789469083,55,M,2,Unknown,Single,1,Existing Customer,Blue,$80K - $120K,46,2,1
789472833,42,F,2,College,Divorced,1,Existing Customer,Blue,Less than $40K,33,3,3
789477483,40,F,5,Unknown,Single,1,Existing Customer,Blue,Unknown,31,6,3
789479058,45,F,4,College,Divorced,3,Existing Customer,Blue,$40K - $60K,37,5,3
789481233,39,M,2,High School,Married,3,Existing Customer,Blue,$40K - $60K,30,5,3
789483333,41,M,2,Uneducated,Married,3,Existing Customer,Blue,$40K - $60K,32,5,1
789485433,42,M,4,College,Married,3,Existing Customer,Blue,$80K - $120K,34,3,2
789487308,48,M,2,Doctorate,Single,2,Existing Customer,Blue,$60K - $80K,39,3,2
789491058,43,F,4,Graduate,Married,1,Existing Customer,Blue,Less than $40K,34,2,3
789492558,49,F,2,College,Married,1,Existing Customer,Blue,Less than $40K,40,1,2
789494133,30,M,0,High School,Married,3,Existing Customer,Blue,Less than $40K,21,5,4
789497283,50,M,2,High School,Single,2,Attrited Customer,Blue,$120K +,42,1,3
789502308,57,F,3,Unknown,Single,5,Attrited Customer,Blue,Less than $40K,49,1,3
789504183,37,M,4,Graduate,Single,4,Existing Customer,Blue,$120K +,28,3,3
789507408,48,F,3,College,Unknown,1,Existing Customer,Blue,Unknown,40,2,6
789508758,54,F,2,Unknown,Single,3,Existing Customer,Blue,Less than $40K,46,3,2
789513858,43,M,3,Unknown,Married,3,Attrited Customer,Blue,$40K - $60K,35,2,2
789515283,51,M,3,Graduate,Married,3,Existing Customer,Blue,$60K - $80K,43,6,1
789520533,52,M,2,Uneducated,Single,2,Existing Customer,Blue,$120K +,44,6,3
789523683,51,F,2,Graduate,Single,3,Existing Customer,Blue,$40K - $60K,43,3,1
789525408,50,F,0,Uneducated,Married,2,Existing Customer,Blue,Less than $40K,42,3,4
789526458,44,M,3,Unknown,Married,1,Existing Customer,Blue,$40K - $60K,36,4,2
789528183,39,F,2,Graduate,Married,3,Existing Customer,Blue,Unknown,31,4,2
789529158,44,M,4,High School,Single,3,Existing Customer,Blue,$60K - $80K,36,1,1
789530208,54,F,2,Graduate,Married,2,Existing Customer,Blue,Less than $40K,46,6,2
789531633,53,F,4,Graduate,Married,2,Existing Customer,Blue,Less than $40K,46,4,1
789533133,45,M,3,High School,Married,2,Existing Customer,Blue,$60K - $80K,37,5,1
789535233,52,M,1,Graduate,Single,2,Existing Customer,Silver,$80K - $120K,44,2,1
789539058,28,M,0,Uneducated,Single,3,Existing Customer,Blue,Less than $40K,20,1,1
789540108,29,F,1,Uneducated,Married,3,Existing Customer,Blue,Less than $40K,21,2,1
789541458,35,F,1,High School,Married,2,Existing Customer,Blue,Less than $40K,28,6,0
789550458,59,M,0,High School,Single,1,Existing Customer,Silver,$40K - $60K,52,1,2
789551883,52,F,3,Graduate,Single,2,Existing Customer,Blue,$40K - $60K,45,1,1
789556533,52,M,4,Graduate,Married,3,Existing Customer,Blue,$80K - $120K,45,2,2
789560433,49,M,3,Post-Graduate,Single,2,Attrited Customer,Blue,$60K - $80K,42,2,4
789562383,38,F,1,High School,Unknown,0,Existing Customer,Blue,Less than $40K,30,2,3
789563658,64,M,0,College,Single,4,Existing Customer,Silver,Less than $40K,56,5,4
789575583,43,F,2,Uneducated,Unknown,0,Existing Customer,Blue,Unknown,36,5,1
789577833,56,M,2,Graduate,Married,4,Existing Customer,Blue,$120K +,49,4,1
789579033,43,M,3,Graduate,Unknown,3,Existing Customer,Blue,$40K - $60K,36,2,3
789580908,44,F,3,High School,Single,2,Existing Customer,Blue,Less than $40K,37,3,2
789582483,60,M,1,High School,Divorced,3,Existing Customer,Blue,$40K - $60K,53,2,3
789586833,45,F,3,Post-Graduate,Married,1,Existing Customer,Blue,Unknown,38,5,2
789588933,44,M,2,Graduate,Married,1,Existing Customer,Blue,$60K - $80K,37,1,1
789593058,46,M,5,College,Married,3,Existing Customer,Blue,$60K - $80K,39,3,2
789594108,47,M,5,College,Single,3,Existing Customer,Blue,$80K - $120K,41,1,1
789597408,39,F,1,Post-Graduate,Single,3,Existing Customer,Silver,$40K - $60K,32,5,2
789599283,44,F,3,College,Divorced,2,Existing Customer,Blue,Unknown,38,5,3
789601308,58,M,3,Unknown,Married,3,Existing Customer,Blue,$120K +,52,4,5
789603183,48,M,4,High School,Unknown,3,Existing Customer,Blue,$60K - $80K,41,4,1
789605658,42,F,1,Doctorate,Married,2,Existing Customer,Blue,$40K - $60K,35,4,3
789607983,38,M,3,High School,Married,2,Existing Customer,Blue,$40K - $60K,32,6,6
789611283,44,M,4,Graduate,Married,3,Existing Customer,Blue,$40K - $60K,38,5,2
789613083,47,M,3,Uneducated,Divorced,3,Existing Customer,Blue,$60K - $80K,41,2,3
789616158,33,M,3,Unknown,Divorced,3,Existing Customer,Blue,Unknown,27,6,1
789625383,48,M,3,Uneducated,Married,3,Existing Customer,Blue,$80K - $120K,42,4,3
789627258,31,M,1,Graduate,Married,3,Existing Customer,Blue,$40K - $60K,25,5,3
789631908,51,M,4,High School,Single,2,Existing Customer,Blue,$60K - $80K,45,3,1
789634983,NULL,M,1,Graduate,Married,2,Existing Customer,Blue,$40K - $60K,53,5,1
789637308,45,F,2,College,Married,4,Attrited Customer,Blue,$40K - $60K,39,4,3
789643383,49,M,2,Uneducated,Married,3,Existing Customer,Blue,$60K - $80K,35,3,3
789646158,49,M,4,Uneducated,Unknown,3,Existing Customer,Blue,$40K - $60K,33,5,1
789656358,49,F,5,Graduate,Married,1,Existing Customer,Blue,$40K - $60K,35,5,2
789662283,50,F,3,High School,Married,4,Attrited Customer,Blue,Less than $40K,33,3,3
789666333,39,M,2,Graduate,Single,2,Existing Customer,Blue,$60K - $80K,24,2,3
789670533,41,F,2,High School,Married,2,Existing Customer,Blue,$40K - $60K,26,5,1
789678483,50,F,2,High School,Married,2,Existing Customer,Silver,Less than $40K,37,1,3
789681708,46,M,3,Uneducated,Married,3,Existing Customer,Gold,$60K - $80K,33,3,1
789684258,57,M,2,Post-Graduate,Single,3,Attrited Customer,Silver,$80K - $120K,43,2,3
789690483,39,M,4,High School,Married,3,Existing Customer,Blue,$80K - $120K,25,6,2
789692283,47,F,5,College,Unknown,2,Existing Customer,Blue,Less than $40K,34,4,3
789698733,40,F,4,Uneducated,Married,1,Existing Customer,Blue,Less than $40K,27,5,3
789701658,26,M,0,College,Single,2,Attrited Customer,Blue,$40K - $60K,13,5,2
789705408,50,M,2,College,Married,2,Existing Customer,Blue,$60K - $80K,37,4,1
789707433,41,F,4,High School,Single,2,Existing Customer,Blue,Unknown,28,4,2
789713208,62,F,0,Doctorate,Single,5,Attrited Customer,Blue,Less than $40K,50,6,3
789717708,49,F,1,Unknown,Married,4,Existing Customer,Blue,$40K - $60K,37,5,2
789731433,26,F,0,Unknown,Single,4,Existing Customer,Blue,Less than $40K,13,4,2
789733008,39,F,2,High School,Married,2,Existing Customer,Blue,Unknown,27,6,2
789744033,50,M,2,Graduate,Married,1,Existing Customer,Blue,$80K - $120K,38,4,1
789749433,33,F,1,Graduate,Married,2,Existing Customer,Blue,Less than $40K,21,5,3
789760233,29,M,0,Unknown,Divorced,3,Existing Customer,Blue,$80K - $120K,14,6,3
789772983,49,M,3,College,Unknown,3,Existing Customer,Blue,$80K - $120K,38,3,3
789775308,54,F,2,Doctorate,Divorced,3,Attrited Customer,Blue,Less than $40K,43,6,1
789777408,26,M,0,Post-Graduate,Single,3,Attrited Customer,Blue,Less than $40K,15,3,2
789780033,33,M,3,College,Married,2,Existing Customer,Silver,$80K - $120K,22,6,2
789786258,39,M,2,High School,Married,4,Existing Customer,Blue,$80K - $120K,28,3,2
789791808,43,M,4,High School,Married,2,Existing Customer,Blue,$40K - $60K,32,2,2
789800358,45,F,3,High School,Married,3,Existing Customer,Blue,Less than $40K,34,6,1
789804933,29,F,2,Uneducated,Single,2,Existing Customer,Blue,Unknown,18,4,1
789817833,44,F,5,Post-Graduate,Unknown,2,Attrited Customer,Blue,Less than $40K,33,3,3
789820308,50,F,3,Graduate,Married,2,Existing Customer,Blue,Less than $40K,40,3,2
789823383,44,F,3,Unknown,Single,4,Existing Customer,Blue,Less than $40K,34,3,3
789827208,41,F,5,Graduate,Married,1,Existing Customer,Blue,Less than $40K,31,2,3
789830058,44,M,4,Unknown,Single,2,Existing Customer,Blue,$80K - $120K,34,4,1
789833583,57,F,4,High School,Married,4,Existing Customer,Blue,$40K - $60K,47,5,2
789842283,54,F,2,Graduate,Married,2,Attrited Customer,Blue,$60K - $80K,42,3,3
789849108,35,M,1,Graduate,Single,2,Existing Customer,Blue,$60K - $80K,25,6,1
789853533,54,M,3,High School,Married,5,Attrited Customer,Blue,$40K - $60K,44,2,1
789859833,41,M,4,Doctorate,Unknown,1,Existing Customer,Blue,Less than $40K,31,6,2
789863208,54,F,2,Graduate,Married,3,Existing Customer,Blue,Less than $40K,44,3,2
789866133,45,F,3,Graduate,Unknown,2,Existing Customer,Blue,$40K - $60K,35,2,3
789871233,49,M,3,High School,Married,2,Existing Customer,Blue,$80K - $120K,39,5,3
789875883,41,F,4,Uneducated,Single,2,Existing Customer,Blue,Less than $40K,31,5,1
789878283,39,M,3,Graduate,Married,2,Existing Customer,Blue,$40K - $60K,29,2,2
789880533,46,F,4,Graduate,Single,4,Attrited Customer,Blue,$40K - $60K,36,5,3
789886533,54,F,1,High School,Unknown,3,Existing Customer,Blue,Less than $40K,44,3,3
789890958,53,F,4,High School,Divorced,2,Existing Customer,Blue,$40K - $60K,43,3,1
789893808,52,M,3,Graduate,Divorced,3,Existing Customer,Silver,$120K +,42,6,2
789900633,49,M,2,High School,Married,2,Existing Customer,Blue,$40K - $60K,40,5,3
789903708,45,F,2,Uneducated,Single,2,Existing Customer,Blue,$40K - $60K,35,6,3
789907533,49,M,3,Graduate,Married,3,Existing Customer,Blue,$80K - $120K,40,4,2
789911808,37,M,3,Uneducated,Married,2,Existing Customer,Blue,$80K - $120K,28,6,2
789917208,40,F,4,High School,Married,3,Existing Customer,Blue,Less than $40K,31,2,3
789920883,45,F,3,Graduate,Single,4,Existing Customer,Blue,Unknown,36,3,3
789923058,53,F,1,High School,Married,3,Attrited Customer,Blue,$40K - $60K,44,3,3
789925833,50,M,2,High School,Married,1,Existing Customer,Blue,Unknown,41,3,1
789937683,37,M,3,Post-Graduate,Married,2,Attrited Customer,Blue,$40K - $60K,28,4,1
789939558,54,F,2,College,Married,2,Existing Customer,Blue,Unknown,45,5,3
789942033,43,M,4,Graduate,Single,3,Attrited Customer,Blue,$60K - $80K,34,5,3
789945933,61,F,1,Graduate,Single,1,Existing Customer,Blue,Less than $40K,52,3,3
789948408,55,M,2,Graduate,Single,4,Existing Customer,Blue,$80K - $120K,46,3,1
789952158,34,F,1,Doctorate,Married,3,Attrited Customer,Blue,Unknown,25,4,3
789953733,46,F,3,Graduate,Married,3,Existing Customer,Blue,Less than $40K,37,5,1
789959283,39,M,2,College,Unknown,2,Attrited Customer,Blue,$80K - $120K,24,4,3
789960783,39,F,1,Graduate,Unknown,3,Existing Customer,Silver,Less than $40K,30,1,2
789963033,54,F,1,Graduate,Single,5,Attrited Customer,Blue,Less than $40K,45,3,5
789964983,45,F,2,Graduate,Divorced,4,Attrited Customer,Blue,$40K - $60K,36,2,2
789968058,51,F,1,Unknown,Single,3,Attrited Customer,Blue,$120K +,42,6,2
789970233,54,F,2,High School,Married,1,Existing Customer,Blue,Less than $40K,45,6,1
789973308,44,M,1,College,Single,3,Existing Customer,Blue,$60K - $80K,35,3,3
789983133,31,M,2,Graduate,Unknown,2,Existing Customer,Silver,$80K - $120K,22,2,3
789987183,53,M,2,College,Unknown,4,Existing Customer,Blue,$80K - $120K,45,4,4
789990333,43,F,4,Graduate,Single,2,Existing Customer,Blue,$40K - $60K,35,5,2
789992733,50,F,1,Unknown,Unknown,2,Existing Customer,Blue,Less than $40K,42,1,1
789996783,36,F,3,Uneducated,Unknown,2,Existing Customer,Blue,Unknown,28,5,3
790000608,64,F,1,Graduate,Married,1,Existing Customer,Blue,Less than $40K,56,4,1
790002783,38,F,2,Graduate,Single,4,Existing Customer,Blue,Unknown,30,4,1
790004883,55,M,1,High School,Married,3,Existing Customer,Blue,$80K - $120K,47,3,3
790006383,45,M,0,Unknown,Married,2,Existing Customer,Blue,$80K - $120K,37,4,3
790017858,47,F,3,Post-Graduate,Unknown,2,Existing Customer,Blue,$40K - $60K,36,6,1
790021233,52,F,3,Uneducated,Married,2,Existing Customer,Blue,Less than $40K,44,3,3
790023408,47,F,3,Unknown,Single,1,Existing Customer,Blue,Less than $40K,39,6,2
790048158,46,M,4,College,Married,3,Existing Customer,Blue,Less than $40K,38,3,3
790051758,50,M,2,Graduate,Single,2,Attrited Customer,Blue,$120K +,42,2,1
790069233,45,F,3,High School,Divorced,2,Existing Customer,Blue,Less than $40K,37,2,1
790082508,42,M,4,High School,Single,2,Existing Customer,Blue,$120K +,35,5,2
790096533,55,M,2,College,Married,2,Existing Customer,Blue,$60K - $80K,48,4,3
790099758,40,M,3,High School,Married,3,Existing Customer,Blue,$40K - $60K,33,4,3
790102008,37,M,3,Doctorate,Single,3,Existing Customer,Blue,$60K - $80K,30,6,1
790108908,44,M,2,Post-Graduate,Married,1,Existing Customer,Blue,$80K - $120K,37,5,1
790112133,47,F,2,Post-Graduate,Single,2,Existing Customer,Blue,$40K - $60K,40,5,3
790115358,39,F,2,Unknown,Single,2,Existing Customer,Blue,Less than $40K,32,2,1
790119408,48,F,3,Uneducated,Married,2,Attrited Customer,Blue,Less than $40K,41,5,3
790123983,50,F,2,High School,Single,1,Existing Customer,Blue,Less than $40K,43,4,2
790128033,54,M,3,High School,Single,2,Existing Customer,Blue,$80K - $120K,47,3,1
790131033,38,F,1,High School,Married,3,Existing Customer,Blue,Less than $40K,31,2,6
790134408,46,M,4,Graduate,Single,3,Existing Customer,Blue,$60K - $80K,39,6,2
790139583,39,F,0,Graduate,Married,1,Existing Customer,Blue,Less than $40K,32,2,2
790141308,44,M,2,College,Married,1,Existing Customer,Blue,$80K - $120K,37,5,3
790145733,40,M,3,College,Single,4,Attrited Customer,Silver,$80K - $120K,33,1,3
790149483,42,M,3,Uneducated,Single,3,Existing Customer,Blue,$40K - $60K,35,2,3
790164408,59,F,1,Unknown,Married,3,Existing Customer,Blue,Less than $40K,52,6,3
790168083,51,M,0,High School,Unknown,3,Existing Customer,Blue,$80K - $120K,44,2,2
790174608,37,M,1,Doctorate,Single,2,Existing Customer,Blue,$80K - $120K,30,6,3
790186458,45,M,3,Uneducated,Single,0,Existing Customer,Blue,$80K - $120K,39,3,1
790201158,60,F,1,Uneducated,Married,3,Existing Customer,Silver,Less than $40K,54,2,2
790204983,46,F,2,Graduate,Married,3,Existing Customer,Blue,Unknown,40,4,5
790221633,44,F,4,Graduate,Single,3,Existing Customer,Blue,$40K - $60K,38,3,3
790225758,41,M,2,College,Single,3,Existing Customer,Blue,$80K - $120K,35,6,3
791730183,38,F,2,College,Unknown,6,Attrited Customer,Blue,Less than $40K,32,2,2
791754258,49,F,5,Graduate,Married,2,Existing Customer,Blue,Unknown,43,4,3
791822733,47,F,3,High School,Single,3,Existing Customer,Blue,Unknown,41,5,1
791839233,42,F,4,Unknown,Divorced,2,Existing Customer,Blue,Unknown,36,5,3
791856033,45,M,2,College,Divorced,4,Attrited Customer,Blue,$80K - $120K,39,3,4
792098883,37,M,2,Doctorate,Single,3,Existing Customer,Blue,$120K +,31,2,1
792139308,48,F,3,Graduate,Single,3,Existing Customer,Blue,$40K - $60K,42,1,2
792152283,54,M,3,Graduate,Unknown,2,Existing Customer,Blue,$120K +,48,1,3
792272658,40,M,3,Graduate,Single,4,Existing Customer,Blue,$80K - $120K,34,3,3
792300858,44,F,3,Graduate,Divorced,2,Existing Customer,Blue,$40K - $60K,38,3,2
792345258,46,F,2,Uneducated,Divorced,3,Existing Customer,Blue,Unknown,40,5,2
792402483,46,M,4,Graduate,Married,1,Existing Customer,Blue,$60K - $80K,40,5,2
792524358,55,M,3,High School,Single,3,Existing Customer,Gold,$80K - $120K,49,2,1
792565908,36,F,2,Uneducated,Single,3,Existing Customer,Blue,Less than $40K,30,6,2
792695808,41,M,4,High School,Married,2,Existing Customer,Blue,$120K +,35,5,4
792795933,39,F,1,Graduate,Single,2,Existing Customer,Blue,Less than $40K,30,5,6
792864858,47,M,4,Unknown,Unknown,3,Existing Customer,Blue,Less than $40K,37,6,3
792912708,45,M,5,Graduate,Married,5,Existing Customer,Silver,$40K - $60K,39,3,1
792995808,57,F,3,Post-Graduate,Single,5,Existing Customer,Blue,$40K - $60K,51,5,4
793015083,46,F,4,Graduate,Married,4,Existing Customer,Blue,Unknown,40,5,3
793059108,50,F,2,Graduate,Married,3,Existing Customer,Blue,$40K - $60K,44,6,2
793222008,32,F,0,High School,Married,3,Existing Customer,Blue,$60K - $80K,26,5,2
793269933,46,M,3,Graduate,Unknown,2,Existing Customer,Silver,$60K - $80K,40,6,3
793336383,47,F,1,High School,Unknown,4,Existing Customer,Blue,Less than $40K,41,3,3
793345008,44,F,3,Uneducated,Single,3,Existing Customer,Blue,Less than $40K,38,4,1
793355508,32,M,0,Graduate,Single,3,Existing Customer,Blue,Less than $40K,26,6,3
793379058,48,F,3,Graduate,Married,1,Existing Customer,Blue,Less than $40K,42,2,2
793395933,59,F,1,High School,Single,3,Existing Customer,Blue,Less than $40K,53,4,3
793412958,44,M,4,Unknown,Married,3,Existing Customer,Blue,$60K - $80K,38,3,1
793428408,50,F,3,Uneducated,Married,1,Existing Customer,Blue,Less than $40K,44,2,2
793449333,54,M,2,Graduate,Divorced,2,Existing Customer,Blue,$80K - $120K,48,2,3
793456983,43,M,0,Post-Graduate,Single,3,Existing Customer,Blue,$40K - $60K,37,1,2
793461933,37,M,3,High School,Single,4,Existing Customer,Blue,$80K - $120K,31,4,2
793473033,51,M,1,Graduate,Unknown,3,Existing Customer,Blue,$60K - $80K,45,3,2
793543758,47,M,2,Graduate,Single,4,Existing Customer,Blue,$120K +,41,3,2
793550958,47,F,2,Graduate,Unknown,4,Existing Customer,Blue,Less than $40K,41,5,3
793560033,47,M,3,Uneducated,Unknown,3,Existing Customer,Silver,Unknown,33,2,2
793581933,50,M,3,High School,Single,4,Existing Customer,Silver,$40K - $60K,44,4,3
793597833,49,F,0,Post-Graduate,Single,1,Attrited Customer,Blue,Less than $40K,43,1,3
793608258,54,F,3,Graduate,Single,2,Attrited Customer,Silver,Less than $40K,48,1,5
793616883,39,F,5,Graduate,Single,2,Existing Customer,Blue,Less than $40K,33,5,2
793625583,48,F,3,High School,Single,1,Attrited Customer,Blue,$40K - $60K,42,6,1
793630083,39,M,2,High School,Unknown,4,Attrited Customer,Blue,$120K +,33,1,3
793636308,49,M,3,Uneducated,Single,2,Existing Customer,Blue,$80K - $120K,43,2,2
793656633,35,F,3,Uneducated,Married,1,Existing Customer,Blue,Unknown,29,3,3
793678608,46,M,4,Graduate,Single,4,Existing Customer,Silver,$80K - $120K,40,5,1
793712658,52,F,3,Graduate,Married,3,Attrited Customer,Blue,$80K - $120K,46,4,2
793717608,39,M,0,Doctorate,Single,0,Existing Customer,Blue,$60K - $80K,33,6,2
793720908,46,M,5,Uneducated,Single,2,Existing Customer,Blue,$40K - $60K,40,6,2
793736958,49,M,3,High School,Single,1,Existing Customer,Blue,$120K +,43,1,2
793842558,39,F,3,Doctorate,Married,2,Existing Customer,Blue,Less than $40K,33,6,4
793889508,48,F,2,Graduate,Married,3,Existing Customer,Blue,$40K - $60K,42,4,3
793952133,32,F,0,High School,Married,3,Existing Customer,Blue,Less than $40K,26,6,2
794054058,50,F,2,Graduate,Single,1,Existing Customer,Blue,Less than $40K,44,1,1
794068308,45,M,4,Unknown,Married,2,Existing Customer,Gold,$40K - $60K,39,5,1
794113758,60,M,0,High School,Married,2,Existing Customer,Blue,$60K - $80K,54,6,1
794124708,47,M,2,Graduate,Unknown,2,Existing Customer,Blue,$80K - $120K,41,2,2
794132808,60,M,0,Uneducated,Married,3,Existing Customer,Blue,$40K - $60K,54,3,3
794160408,46,F,3,Graduate,Married,1,Existing Customer,Blue,Unknown,40,1,1
794172033,58,F,1,Post-Graduate,Divorced,3,Attrited Customer,Blue,Less than $40K,52,4,1
794191008,46,M,2,College,Married,2,Existing Customer,Blue,$120K +,40,1,2
794217108,43,M,2,College,Single,1,Existing Customer,Blue,$120K +,37,6,3
794227308,56,M,2,College,Married,3,Existing Customer,Blue,$80K - $120K,50,1,1
794253108,52,M,4,Graduate,Single,2,Existing Customer,Blue,$40K - $60K,46,3,3
794273283,51,M,3,Uneducated,Single,3,Attrited Customer,Blue,$80K - $120K,45,3,3
794293908,36,F,3,College,Single,3,Existing Customer,Blue,Unknown,30,3,2
794340033,34,F,3,Uneducated,Married,3,Existing Customer,Blue,$40K - $60K,28,5,1
794462133,55,F,0,Graduate,Single,3,Existing Customer,Blue,$40K - $60K,35,5,1
794475483,44,M,4,Uneducated,Married,2,Existing Customer,Silver,$80K - $120K,27,4,3
794482158,46,M,3,College,Single,3,Existing Customer,Silver,$80K - $120K,32,2,1
794485158,38,M,2,Unknown,Married,2,Existing Customer,Blue,$80K - $120K,18,6,1
794490858,48,F,1,High School,Married,2,Existing Customer,Silver,$40K - $60K,28,3,1
794494308,42,M,3,Uneducated,Married,3,Existing Customer,Platinum,$120K +,23,3,4
794496033,57,M,2,Unknown,Single,3,Existing Customer,Blue,$80K - $120K,38,6,1
794498733,40,M,2,Unknown,Single,3,Existing Customer,Blue,$120K +,21,6,4
794504658,39,M,1,Unknown,Married,0,Existing Customer,Blue,$60K - $80K,24,6,3
794507133,37,F,2,Doctorate,Single,3,Attrited Customer,Blue,$40K - $60K,18,4,1
794510358,41,M,3,Graduate,Married,3,Existing Customer,Blue,$80K - $120K,26,6,3
794514108,50,F,2,Unknown,Married,2,Existing Customer,Blue,Unknown,31,4,2
794516508,43,F,3,High School,Married,1,Existing Customer,Blue,Less than $40K,24,2,2
794524833,36,F,3,Graduate,Single,3,Attrited Customer,Blue,$40K - $60K,18,4,3
794528283,44,M,4,College,Unknown,2,Existing Customer,Blue,$60K - $80K,28,4,2
794530608,52,M,2,Uneducated,Single,3,Existing Customer,Blue,$80K - $120K,34,2,2
794540883,56,F,1,Post-Graduate,Married,1,Existing Customer,Blue,$40K - $60K,38,1,2
794543958,53,M,1,Graduate,Divorced,2,Existing Customer,Blue,$80K - $120K,35,5,4
794545983,57,F,2,Graduate,Married,3,Existing Customer,Blue,$80K - $120K,40,3,2
794551383,50,F,3,College,Single,4,Existing Customer,Blue,Less than $40K,32,5,3
794554683,41,F,4,Graduate,Married,2,Attrited Customer,Blue,Less than $40K,26,4,2
794556333,43,F,2,Unknown,Married,3,Existing Customer,Blue,Unknown,27,1,3
794558658,49,F,4,Graduate,Married,3,Existing Customer,Blue,Less than $40K,34,3,1
794560833,47,F,3,Graduate,Married,6,Attrited Customer,Blue,$40K - $60K,31,6,3
794562783,28,F,0,Unknown,Single,2,Existing Customer,Blue,Unknown,13,5,3
794567133,52,F,2,High School,Single,3,Existing Customer,Blue,Less than $40K,35,5,2
794571108,39,M,2,Graduate,Divorced,3,Attrited Customer,Silver,$40K - $60K,23,5,2
794573883,32,M,1,Unknown,Single,1,Existing Customer,Silver,$40K - $60K,16,3,3
794576058,42,M,3,Graduate,Married,3,Existing Customer,Blue,$80K - $120K,26,1,2
794579658,47,F,3,High School,Married,2,Attrited Customer,Blue,$80K - $120K,32,3,2
794581533,52,M,2,College,Single,3,Existing Customer,Blue,$60K - $80K,37,4,3
794627208,43,M,1,High School,Married,2,Existing Customer,Blue,$60K - $80K,23,4,3
794632308,40,M,4,Graduate,Married,2,Existing Customer,Silver,$60K - $80K,25,5,3
794637333,44,F,2,Graduate,Divorced,2,Existing Customer,Silver,Less than $40K,25,2,2
794649858,58,F,1,Uneducated,Married,3,Existing Customer,Blue,Less than $40K,39,3,3
794653983,44,F,3,Graduate,Married,4,Existing Customer,Blue,Less than $40K,27,3,1
794664183,38,M,0,Uneducated,Married,3,Existing Customer,Blue,$60K - $80K,19,3,1
794665608,48,M,3,Graduate,Single,3,Existing Customer,Blue,$40K - $60K,33,4,2
794675058,36,M,3,Graduate,Married,2,Attrited Customer,Blue,$80K - $120K,21,5,3
794682483,43,F,3,Post-Graduate,Unknown,3,Existing Customer,Blue,Less than $40K,23,5,3
794692158,NULL,F,3,High School,Unknown,1,Existing Customer,Silver,$40K - $60K,25,1,2
794707083,50,M,2,College,Single,4,Attrited Customer,Blue,$80K - $120K,44,5,2
794719983,44,F,4,High School,Unknown,3,Attrited Customer,Blue,Less than $40K,38,2,2
794740458,45,F,3,Graduate,Married,3,Existing Customer,Silver,Less than $40K,39,1,2
794771208,52,M,3,Unknown,Single,2,Existing Customer,Blue,$80K - $120K,46,5,1
794784633,61,M,0,Uneducated,Single,2,Existing Customer,Blue,$40K - $60K,55,6,1
794818833,36,F,1,Uneducated,Single,2,Existing Customer,Blue,Less than $40K,30,6,1
794831733,45,F,5,Graduate,Married,2,Existing Customer,Blue,Less than $40K,39,4,3
794843883,41,F,3,High School,Married,2,Existing Customer,Blue,$80K - $120K,35,6,1
794856033,38,M,3,Post-Graduate,Married,3,Existing Customer,Blue,$80K - $120K,32,3,2
794866983,51,F,1,Doctorate,Married,1,Existing Customer,Blue,Unknown,45,6,2
794947683,35,M,4,Graduate,Single,0,Existing Customer,Blue,Less than $40K,29,6,3
794962983,47,F,3,Graduate,Divorced,3,Existing Customer,Blue,Less than $40K,41,1,1
794965233,51,F,1,Graduate,Married,3,Attrited Customer,Silver,Less than $40K,45,6,3
794967408,53,M,3,Post-Graduate,Married,1,Existing Customer,Blue,$80K - $120K,47,5,2
794977533,62,M,0,High School,Married,2,Existing Customer,Blue,$60K - $80K,56,3,3
795052083,63,F,0,Uneducated,Single,4,Existing Customer,Blue,$40K - $60K,56,3,6
795155433,45,M,3,Unknown,Married,1,Existing Customer,Blue,$80K - $120K,38,6,3
795218883,47,M,3,High School,Married,3,Existing Customer,Blue,$60K - $80K,41,2,3
795232683,53,F,1,College,Married,3,Existing Customer,Blue,Less than $40K,47,4,2
795237183,51,F,2,Graduate,Married,4,Existing Customer,Blue,$40K - $60K,45,3,2
795266208,39,F,3,College,Single,1,Existing Customer,Blue,$120K +,30,4,2
795343683,40,F,3,High School,Single,3,Existing Customer,Blue,Less than $40K,34,5,1
795392433,35,M,2,Uneducated,Single,1,Existing Customer,Blue,Unknown,29,3,1
795573333,41,M,3,High School,Married,1,Existing Customer,Blue,$80K - $120K,35,6,2
795599883,57,F,2,Uneducated,Married,2,Attrited Customer,Blue,Unknown,51,3,6
795613233,48,F,2,Graduate,Married,0,Existing Customer,Blue,Unknown,42,4,2
795684783,48,M,4,High School,Single,2,Existing Customer,Blue,$60K - $80K,42,5,4
795713058,45,M,3,Post-Graduate,Married,2,Existing Customer,Blue,$40K - $60K,39,3,1
795784008,44,F,3,Graduate,Married,3,Attrited Customer,Blue,Less than $40K,38,4,2
795795408,53,M,2,Uneducated,Married,3,Existing Customer,Blue,$40K - $60K,47,3,1
795810633,65,M,0,Uneducated,Married,2,Existing Customer,Blue,Unknown,56,3,3
795823383,43,F,4,Graduate,Single,3,Existing Customer,Blue,Less than $40K,37,5,1
795844983,45,F,3,High School,Married,1,Existing Customer,Blue,$40K - $60K,39,6,4
795855258,48,F,4,College,Single,2,Existing Customer,Blue,Less than $40K,42,2,3
795869583,53,F,3,Uneducated,Married,2,Existing Customer,Blue,Less than $40K,47,1,3
795904233,38,F,3,Unknown,Single,0,Existing Customer,Blue,Unknown,32,5,1
795920358,33,F,2,High School,Married,3,Existing Customer,Blue,Less than $40K,27,3,2
795979833,53,F,1,High School,Married,2,Existing Customer,Blue,Less than $40K,47,6,1
795991758,47,F,3,Unknown,Married,3,Existing Customer,Blue,$40K - $60K,41,5,3
795997908,36,M,2,High School,Married,3,Existing Customer,Blue,$80K - $120K,30,6,3
796029483,49,F,3,Graduate,Married,2,Existing Customer,Blue,Less than $40K,43,2,3
796083783,55,F,2,College,Single,6,Attrited Customer,Blue,Unknown,49,1,0
796145133,46,M,2,Uneducated,Married,2,Existing Customer,Blue,Unknown,40,3,2
796170933,57,M,2,Uneducated,Unknown,4,Existing Customer,Blue,$80K - $120K,51,6,2
796174983,52,M,2,High School,Single,3,Existing Customer,Blue,$80K - $120K,46,2,3
796196733,52,F,2,Unknown,Single,3,Existing Customer,Blue,$40K - $60K,46,4,2
796236258,48,F,5,High School,Married,2,Existing Customer,Blue,$40K - $60K,42,5,1
796326483,42,M,3,High School,Married,3,Existing Customer,Blue,$80K - $120K,36,5,4
796330983,41,F,4,Graduate,Single,4,Existing Customer,Blue,Less than $40K,35,3,1
796336833,51,M,3,Doctorate,Married,4,Existing Customer,Blue,$80K - $120K,45,5,2
796343058,49,F,2,High School,Single,2,Existing Customer,Blue,Less than $40K,43,4,1
796532958,59,F,0,Unknown,Married,2,Existing Customer,Blue,Less than $40K,53,4,3
796544133,54,M,1,College,Single,1,Existing Customer,Blue,$120K +,48,1,3
796791258,50,M,1,Uneducated,Married,4,Existing Customer,Blue,$120K +,44,5,2
796903083,47,F,1,Doctorate,Married,2,Attrited Customer,Blue,$40K - $60K,36,2,3
796931508,42,M,4,High School,Unknown,4,Attrited Customer,Blue,$60K - $80K,36,4,3
796990908,35,F,3,Post-Graduate,Single,2,Existing Customer,Silver,$80K - $120K,29,5,3
797138883,43,M,4,Unknown,Married,3,Existing Customer,Blue,$40K - $60K,37,3,2
797150733,44,M,3,Unknown,Single,2,Attrited Customer,Blue,$40K - $60K,38,5,2
797166633,47,M,2,Unknown,Single,4,Existing Customer,Blue,$80K - $120K,41,6,2
797169633,41,M,4,Graduate,Unknown,3,Existing Customer,Blue,$120K +,35,5,3
797218233,51,F,2,Unknown,Single,0,Existing Customer,Blue,Less than $40K,45,5,1
797228883,46,M,2,High School,Married,0,Existing Customer,Blue,$40K - $60K,40,3,3
797232183,42,F,4,Unknown,Married,1,Existing Customer,Blue,Less than $40K,36,2,1
797234508,51,M,3,Unknown,Single,4,Existing Customer,Silver,$60K - $80K,45,3,2
797238108,49,F,4,Unknown,Divorced,2,Existing Customer,Blue,Less than $40K,43,5,1
797241108,47,M,1,Graduate,Married,3,Existing Customer,Blue,$120K +,41,5,3
797389758,42,F,2,Graduate,Married,1,Existing Customer,Silver,$40K - $60K,36,6,2
797410983,45,F,3,High School,Married,2,Existing Customer,Blue,Unknown,39,1,2
797414733,37,F,3,Graduate,Single,4,Existing Customer,Blue,Less than $40K,31,3,3
797466033,32,F,1,High School,Married,3,Existing Customer,Blue,$40K - $60K,26,3,2
797468658,53,M,3,High School,Married,3,Existing Customer,Blue,$120K +,47,5,1
797488158,52,M,2,High School,Married,0,Existing Customer,Blue,$60K - $80K,46,5,3
797491683,45,M,5,Unknown,Married,3,Attrited Customer,Silver,$80K - $120K,39,2,2
797495958,42,F,3,Unknown,Unknown,2,Existing Customer,Blue,$40K - $60K,36,3,2
797638383,49,F,4,High School,Married,2,Attrited Customer,Blue,Less than $40K,43,4,3
797641683,40,M,3,Uneducated,Married,2,Existing Customer,Blue,$80K - $120K,34,4,3
797643708,47,M,1,High School,Married,4,Existing Customer,Blue,$120K +,41,3,1
797666358,46,F,4,Uneducated,Married,1,Existing Customer,Blue,$40K - $60K,40,6,3
797668983,42,M,4,Graduate,Married,1,Existing Customer,Blue,Less than $40K,36,6,2
797707008,44,F,3,Doctorate,Married,3,Attrited Customer,Blue,Less than $40K,38,6,1
797743233,NULL,M,3,Uneducated,Married,3,Existing Customer,Blue,$60K - $80K,39,3,2
797748708,44,M,4,Unknown,Single,4,Existing Customer,Blue,$80K - $120K,38,5,3
797753283,34,F,1,High School,Married,4,Attrited Customer,Blue,Less than $40K,28,4,3
797757333,43,M,3,Post-Graduate,Married,2,Existing Customer,Gold,$60K - $80K,37,6,1
797898858,40,M,2,Uneducated,Single,1,Existing Customer,Blue,Less than $40K,34,1,2
797998158,52,M,3,Uneducated,Single,2,Existing Customer,Blue,$80K - $120K,46,4,1
798007308,57,F,3,High School,Married,0,Existing Customer,Blue,Unknown,51,6,1
798011733,53,F,3,Graduate,Married,2,Existing Customer,Blue,Less than $40K,47,4,1
798022683,43,M,1,Graduate,Married,3,Attrited Customer,Blue,$80K - $120K,37,4,2
798030933,47,M,4,College,Single,3,Existing Customer,Blue,$60K - $80K,41,5,2
798035358,46,F,4,High School,Single,2,Existing Customer,Blue,Less than $40K,40,3,2
798041508,50,F,4,Graduate,Single,2,Attrited Customer,Blue,Less than $40K,44,2,3
798045708,42,F,5,Graduate,Married,1,Existing Customer,Blue,$40K - $60K,36,2,1
798047583,45,F,4,Uneducated,Married,1,Existing Customer,Blue,Unknown,39,6,3
798110358,64,F,1,High School,Married,4,Existing Customer,Blue,$40K - $60K,56,4,2
798114033,46,M,2,Graduate,Married,4,Existing Customer,Blue,$60K - $80K,40,4,2
798120858,37,M,3,Uneducated,Married,2,Existing Customer,Blue,$80K - $120K,31,4,2
798140283,57,M,4,Graduate,Married,1,Existing Customer,Blue,$120K +,51,4,3
798158808,53,F,1,College,Single,2,Existing Customer,Blue,$40K - $60K,47,5,3
798238008,36,F,2,Uneducated,Married,2,Existing Customer,Blue,Less than $40K,30,2,1
798280683,37,M,3,Post-Graduate,Single,3,Existing Customer,Blue,$80K - $120K,31,6,3
798281808,48,M,4,High School,Married,3,Existing Customer,Blue,$60K - $80K,42,5,4
798308058,39,M,1,Graduate,Single,2,Existing Customer,Blue,$40K - $60K,33,6,1
798451908,36,M,2,Graduate,Married,2,Existing Customer,Blue,Less than $40K,30,1,3
798457833,46,F,3,Graduate,Married,3,Existing Customer,Blue,Unknown,40,5,1
798473808,48,M,3,College,Unknown,0,Existing Customer,Blue,$80K - $120K,42,3,3
798481383,40,F,3,Uneducated,Married,2,Attrited Customer,Blue,Less than $40K,34,5,1
798489258,59,F,1,Uneducated,Divorced,1,Attrited Customer,Blue,Unknown,53,1,3
798546408,61,F,1,College,Single,2,Existing Customer,Blue,Less than $40K,55,2,3
798553158,62,F,1,Graduate,Single,1,Attrited Customer,Blue,Less than $40K,56,1,2
798558783,47,M,3,Graduate,Married,4,Existing Customer,Blue,Less than $40K,41,6,1
798687258,40,M,4,Graduate,Married,2,Existing Customer,Blue,Less than $40K,34,3,1
798699033,52,F,2,Graduate,Single,3,Existing Customer,Blue,Unknown,46,3,3
798717783,51,F,2,Unknown,Single,1,Existing Customer,Blue,Less than $40K,45,3,6
798769458,29,F,1,High School,Single,2,Existing Customer,Blue,Less than $40K,23,3,1
798773208,46,F,4,Unknown,Divorced,3,Existing Customer,Blue,Unknown,40,5,2
798777708,54,F,4,High School,Single,1,Existing Customer,Blue,$40K - $60K,48,2,4
798783858,48,F,3,Unknown,Unknown,1,Existing Customer,Blue,$40K - $60K,42,2,1
798786333,46,F,2,Graduate,Married,2,Existing Customer,Blue,Less than $40K,40,6,4
798788958,32,M,1,High School,Single,2,Existing Customer,Blue,$80K - $120K,26,2,3
798792408,48,M,3,High School,Married,3,Attrited Customer,Blue,$80K - $120K,42,1,1
798796233,37,F,3,High School,Married,3,Existing Customer,Blue,$40K - $60K,31,5,3
798917883,42,F,4,College,Single,2,Existing Customer,Blue,Less than $40K,36,2,3
798962058,36,M,5,Graduate,Married,3,Existing Customer,Blue,Less than $40K,30,3,3
798972183,NULL,F,2,Unknown,Married,2,Attrited Customer,Blue,$40K - $60K,43,1,3
798983508,43,M,1,Graduate,Single,2,Existing Customer,Silver,$80K - $120K,37,4,3
798988983,51,F,2,Uneducated,Married,2,Existing Customer,Blue,Less than $40K,45,6,3
798996183,61,F,0,Unknown,Married,3,Existing Customer,Blue,Less than $40K,55,4,2
799000008,57,M,2,Post-Graduate,Divorced,1,Attrited Customer,Blue,$120K +,51,4,1
799011558,43,M,3,Uneducated,Married,3,Attrited Customer,Blue,$120K +,37,1,2
799020258,44,M,2,Uneducated,Divorced,2,Existing Customer,Blue,$60K - $80K,38,2,1
799026633,56,M,1,Uneducated,Married,5,Existing Customer,Blue,$120K +,50,4,3
799031958,49,M,2,Unknown,Unknown,2,Existing Customer,Blue,$80K - $120K,43,5,2
799224108,46,F,4,Graduate,Single,2,Existing Customer,Blue,Less than $40K,40,5,1
799239033,53,F,3,High School,Unknown,4,Existing Customer,Blue,$40K - $60K,47,1,3
799242033,45,M,4,Doctorate,Married,2,Existing Customer,Blue,$80K - $120K,39,2,3
799249833,34,F,2,Graduate,Single,4,Existing Customer,Blue,Less than $40K,28,5,1
799253808,42,M,3,High School,Married,3,Existing Customer,Silver,$80K - $120K,36,5,2
799468083,51,M,2,Graduate,Married,2,Existing Customer,Blue,$40K - $60K,45,2,2
799471833,45,M,1,Uneducated,Single,2,Existing Customer,Blue,$120K +,39,4,2
799475658,51,F,3,Uneducated,Married,3,Existing Customer,Blue,Less than $40K,45,3,3
799486158,39,F,1,Graduate,Married,4,Existing Customer,Blue,Less than $40K,29,4,2
799498158,31,M,1,Post-Graduate,Married,3,Existing Customer,Blue,$60K - $80K,22,5,1
799700208,38,M,2,Graduate,Single,1,Existing Customer,Silver,$60K - $80K,32,5,1
799707858,50,F,1,High School,Married,2,Existing Customer,Blue,Less than $40K,42,6,1
799711833,50,F,3,College,Married,3,Existing Customer,Blue,Unknown,44,2,1
799717458,42,F,3,Unknown,Married,3,Existing Customer,Blue,Less than $40K,36,2,3
799720158,50,M,1,Graduate,Married,2,Existing Customer,Blue,$80K - $120K,44,3,3
799723908,46,M,3,High School,Married,3,Existing Customer,Blue,$80K - $120K,40,4,3
799731033,34,F,2,Doctorate,Unknown,2,Existing Customer,Blue,Less than $40K,28,3,3
799825758,42,M,4,High School,Divorced,2,Existing Customer,Blue,$60K - $80K,36,5,1
800164083,53,M,1,Uneducated,Unknown,2,Existing Customer,Blue,$120K +,47,4,2
800758233,30,M,0,College,Single,2,Attrited Customer,Blue,$60K - $80K,24,6,2
800869758,49,M,3,Unknown,Married,1,Existing Customer,Blue,$80K - $120K,43,6,1
801036033,31,M,0,High School,Single,3,Existing Customer,Blue,$40K - $60K,25,3,2
801037833,38,M,2,Uneducated,Single,3,Existing Customer,Blue,$80K - $120K,32,6,2
801048483,34,M,3,Uneducated,Unknown,3,Existing Customer,Blue,$120K +,28,4,3
801053208,39,F,3,High School,Married,1,Existing Customer,Blue,Less than $40K,33,3,3
801056358,51,M,1,High School,Single,3,Existing Customer,Blue,$80K - $120K,45,6,1
801064833,42,M,3,Graduate,Married,2,Existing Customer,Blue,$80K - $120K,36,1,1
801083133,57,F,4,Uneducated,Single,3,Existing Customer,Blue,Less than $40K,51,5,3
801363633,60,F,2,Graduate,Married,2,Existing Customer,Blue,Unknown,54,1,2
801366783,51,F,1,College,Single,2,Existing Customer,Blue,Less than $40K,45,3,3
801369258,47,F,5,Post-Graduate,Married,2,Existing Customer,Blue,$40K - $60K,41,6,2
801373833,49,M,4,College,Divorced,3,Existing Customer,Blue,$40K - $60K,43,3,2
801380808,44,M,2,Doctorate,Married,1,Attrited Customer,Blue,$80K - $120K,38,1,2
801383808,50,M,3,Graduate,Single,3,Existing Customer,Blue,$60K - $80K,44,4,2
801385458,52,M,1,Uneducated,Married,4,Existing Customer,Blue,$120K +,46,5,2
801497508,56,F,1,Graduate,Married,2,Existing Customer,Blue,Less than $40K,50,4,3
801499908,43,F,4,Graduate,Married,2,Existing Customer,Blue,Less than $40K,37,4,3
801502008,37,M,1,Graduate,Married,2,Existing Customer,Blue,$60K - $80K,31,5,1
801508383,48,M,2,Graduate,Married,2,Existing Customer,Blue,$80K - $120K,42,6,3
801516183,52,F,4,Graduate,Married,3,Existing Customer,Blue,Less than $40K,46,3,3
801518958,56,F,1,Graduate,Married,3,Existing Customer,Blue,Unknown,50,2,3
801700233,36,M,2,Graduate,Unknown,0,Existing Customer,Blue,$120K +,28,4,3
801709308,44,F,4,Uneducated,Married,2,Existing Customer,Blue,Unknown,38,6,1
801715383,45,M,4,Graduate,Married,2,Attrited Customer,Blue,$60K - $80K,39,6,3
801726933,34,M,2,Graduate,Married,3,Existing Customer,Blue,$120K +,28,4,3
801728658,53,M,2,Graduate,Single,0,Existing Customer,Blue,$60K - $80K,47,6,3
801783108,46,M,3,College,Unknown,3,Existing Customer,Blue,$120K +,40,6,3
801786483,51,M,0,High School,Single,3,Existing Customer,Blue,$80K - $120K,45,3,2
801977733,40,F,2,High School,Unknown,2,Existing Customer,Blue,Less than $40K,34,4,2
801989733,55,M,2,Uneducated,Single,2,Existing Customer,Blue,$60K - $80K,48,6,3
801994458,58,M,1,Unknown,Married,3,Existing Customer,Blue,$40K - $60K,52,3,2
802002858,62,F,1,High School,Married,2,Attrited Customer,Blue,Unknown,56,2,1
802013583,56,M,3,College,Married,0,Existing Customer,Blue,$120K +,50,3,2
802031583,53,M,2,Uneducated,Single,1,Existing Customer,Blue,$80K - $120K,47,6,1
802087683,32,M,0,Post-Graduate,Married,3,Existing Customer,Blue,$60K - $80K,26,6,2
802101858,40,F,2,Unknown,Married,3,Existing Customer,Blue,Less than $40K,34,3,3
802243458,48,M,2,Doctorate,Single,2,Attrited Customer,Blue,$40K - $60K,42,6,3
802247658,59,M,2,Uneducated,Single,4,Attrited Customer,Blue,$40K - $60K,53,4,5
802276683,56,M,3,Graduate,Married,3,Existing Customer,Blue,$80K - $120K,50,3,3
802449933,29,M,1,Uneducated,Married,1,Existing Customer,Blue,$40K - $60K,23,1,3
802455633,56,F,1,Unknown,Single,1,Existing Customer,Blue,Less than $40K,50,4,4
802460433,57,F,3,High School,Married,2,Attrited Customer,Blue,Unknown,51,2,5
802464033,65,F,0,Graduate,Married,3,Existing Customer,Blue,Less than $40K,56,6,3
802600233,51,F,2,Graduate,Single,3,Existing Customer,Blue,$40K - $60K,45,5,1
802622733,44,F,4,Uneducated,Single,3,Existing Customer,Blue,$40K - $60K,34,1,3
802662858,55,F,2,Graduate,Divorced,4,Existing Customer,Blue,Less than $40K,49,5,1
802666083,48,F,2,Uneducated,Married,2,Existing Customer,Blue,Less than $40K,42,3,2
802668333,49,F,2,Graduate,Unknown,3,Existing Customer,Blue,$80K - $120K,43,2,3
802673508,57,M,2,Graduate,Single,3,Attrited Customer,Blue,$120K +,51,3,5
802675983,42,F,3,Graduate,Married,1,Attrited Customer,Blue,Less than $40K,33,2,3
802795608,54,F,2,High School,Unknown,2,Existing Customer,Blue,Less than $40K,48,1,3
802817358,38,F,3,High School,Married,1,Attrited Customer,Blue,Unknown,32,4,2
802822833,51,M,3,Uneducated,Unknown,2,Existing Customer,Blue,$80K - $120K,45,5,2
802834158,42,M,4,Unknown,Married,2,Attrited Customer,Blue,$60K - $80K,36,3,2
802856508,42,M,2,Graduate,Single,1,Existing Customer,Blue,$80K - $120K,36,6,3
802867683,53,F,2,High School,Single,3,Existing Customer,Blue,$40K - $60K,47,5,2
802875333,51,M,1,High School,Single,4,Existing Customer,Blue,$60K - $80K,45,3,3
802878408,53,F,1,Graduate,Married,2,Existing Customer,Blue,$40K - $60K,47,6,2
802884933,61,M,1,Graduate,Married,3,Existing Customer,Blue,$60K - $80K,55,6,2
802890333,59,M,1,Uneducated,Married,3,Existing Customer,Blue,$40K - $60K,53,5,1
802937058,53,M,1,Graduate,Married,1,Existing Customer,Blue,$80K - $120K,47,3,3
803026008,48,M,3,Unknown,Married,2,Attrited Customer,Blue,$80K - $120K,42,3,6
803028858,38,F,2,Graduate,Married,3,Attrited Customer,Blue,Less than $40K,32,2,3
803043933,44,F,3,Uneducated,Divorced,3,Existing Customer,Silver,Less than $40K,38,4,1
803097333,41,M,2,Graduate,Married,4,Existing Customer,Blue,$80K - $120K,35,3,3
803113383,55,F,1,Uneducated,Single,3,Attrited Customer,Blue,Less than $40K,49,3,4
803115258,62,M,0,College,Unknown,2,Attrited Customer,Blue,$40K - $60K,56,2,6
803124408,41,M,3,Unknown,Married,5,Attrited Customer,Blue,Unknown,35,2,3
803132733,54,F,1,Graduate,Married,2,Existing Customer,Blue,Less than $40K,48,4,3
803148033,54,M,1,College,Unknown,5,Attrited Customer,Blue,$80K - $120K,48,6,1
803197833,49,F,1,Post-Graduate,Divorced,2,Existing Customer,Blue,$40K - $60K,44,6,5
803205258,51,F,3,Graduate,Single,4,Existing Customer,Blue,Unknown,45,4,3
803214108,33,F,0,High School,Single,1,Existing Customer,Blue,Unknown,27,6,1
803216433,43,F,5,Graduate,Married,2,Attrited Customer,Silver,Less than $40K,33,6,3
803231058,53,M,3,High School,Single,1,Existing Customer,Blue,Less than $40K,47,5,1
803319633,51,F,2,High School,Married,2,Existing Customer,Blue,Less than $40K,45,4,3
803335008,48,M,2,Graduate,Divorced,3,Existing Customer,Blue,Unknown,43,2,3
803339583,49,F,2,Post-Graduate,Unknown,2,Existing Customer,Blue,Less than $40K,44,4,4
803342358,55,M,3,Graduate,Married,4,Existing Customer,Blue,$60K - $80K,49,3,1
803347908,34,F,1,Graduate,Single,2,Existing Customer,Gold,Less than $40K,28,4,3
803355408,50,M,2,Unknown,Married,1,Existing Customer,Blue,$60K - $80K,44,5,3
803366358,38,M,1,Unknown,Single,1,Existing Customer,Blue,$60K - $80K,29,5,2
803380383,46,F,5,Graduate,Divorced,3,Existing Customer,Blue,Less than $40K,40,3,3
803398983,35,F,3,Unknown,Divorced,3,Existing Customer,Blue,Less than $40K,29,4,2
803406558,30,F,1,Uneducated,Single,4,Existing Customer,Blue,Unknown,24,3,5
803408733,32,M,2,High School,Unknown,4,Existing Customer,Blue,$60K - $80K,26,6,1
803415183,44,M,3,Unknown,Single,1,Existing Customer,Silver,$80K - $120K,38,3,3
803418783,40,M,4,Graduate,Married,1,Existing Customer,Blue,$60K - $80K,35,5,4
803421108,49,M,4,Graduate,Single,2,Existing Customer,Blue,$80K - $120K,43,1,2
803587533,33,M,1,Uneducated,Single,4,Existing Customer,Blue,$60K - $80K,28,6,3
803595858,56,F,3,High School,Married,1,Attrited Customer,Blue,$40K - $60K,51,5,2
803606958,57,F,3,Graduate,Single,0,Existing Customer,Blue,Less than $40K,52,5,5
803648508,43,M,4,High School,Unknown,3,Existing Customer,Blue,$80K - $120K,37,4,2
803652633,47,M,2,Uneducated,Single,2,Existing Customer,Blue,Less than $40K,41,4,2
803655333,53,M,2,Post-Graduate,Single,3,Existing Customer,Silver,$60K - $80K,47,1,3
803657133,60,M,1,Graduate,Single,3,Existing Customer,Blue,$40K - $60K,54,6,3
803665983,52,M,0,Unknown,Married,4,Existing Customer,Blue,$60K - $80K,46,3,2
803776533,46,M,2,Post-Graduate,Single,2,Existing Customer,Blue,$60K - $80K,41,3,3
803796708,52,M,3,Uneducated,Unknown,4,Attrited Customer,Blue,$120K +,46,2,4
803800533,39,M,1,Unknown,Single,4,Attrited Customer,Blue,$40K - $60K,33,3,3
803805483,46,M,3,College,Married,3,Existing Customer,Blue,Unknown,40,3,3
803833608,40,M,3,Uneducated,Unknown,3,Existing Customer,Silver,$40K - $60K,33,4,1
803880108,47,F,3,High School,Single,3,Existing Customer,Blue,$40K - $60K,41,6,5
803938908,49,F,4,Uneducated,Single,2,Existing Customer,Blue,Less than $40K,44,4,2
803952408,52,F,3,Uneducated,Married,2,Existing Customer,Blue,Less than $40K,47,6,3
803957508,52,M,2,Unknown,Single,3,Existing Customer,Blue,$80K - $120K,47,6,1
803963808,39,M,3,Graduate,Unknown,5,Existing Customer,Blue,$80K - $120K,34,4,3
803968233,39,F,2,Uneducated,Married,3,Existing Customer,Silver,Less than $40K,34,3,3
803973483,49,F,3,Unknown,Married,4,Existing Customer,Blue,Less than $40K,44,4,2
803977008,39,M,2,Unknown,Married,4,Existing Customer,Blue,$60K - $80K,34,6,2
804045933,36,M,0,Graduate,Married,2,Existing Customer,Blue,$80K - $120K,30,5,3
804158583,60,M,1,High School,Married,3,Existing Customer,Silver,Less than $40K,55,2,2
804310758,58,M,3,Graduate,Married,5,Existing Customer,Blue,$120K +,52,5,2
804337233,45,F,4,High School,Single,2,Existing Customer,Blue,Less than $40K,35,3,2
804344733,46,F,3,Unknown,Single,2,Existing Customer,Blue,Less than $40K,41,3,2
804359133,55,M,0,High School,Married,3,Existing Customer,Blue,$120K +,49,5,3
804371733,40,M,2,Uneducated,Unknown,3,Existing Customer,Blue,$80K - $120K,29,5,2
804403908,50,M,3,Graduate,Single,3,Existing Customer,Blue,$60K - $80K,45,4,2
804413508,41,M,1,High School,Single,3,Existing Customer,Blue,$80K - $120K,36,6,2
804415083,45,M,3,Unknown,Married,3,Attrited Customer,Blue,$60K - $80K,40,3,5
804424383,63,M,1,Unknown,Married,2,Existing Customer,Blue,$60K - $80K,56,3,3
804426858,35,M,1,Uneducated,Married,1,Existing Customer,Blue,Less than $40K,30,3,2
804428958,47,M,1,Graduate,Married,1,Existing Customer,Blue,$40K - $60K,42,3,2
804431283,57,F,1,Graduate,Married,2,Existing Customer,Blue,Less than $40K,52,5,1
804434058,47,M,1,College,Married,2,Existing Customer,Silver,$60K - $80K,42,6,4
804437658,42,F,3,Doctorate,Married,1,Existing Customer,Blue,Less than $40K,36,4,2
804462633,43,F,3,High School,Divorced,3,Attrited Customer,Blue,Less than $40K,38,3,3
804481608,37,M,1,Unknown,Single,3,Attrited Customer,Blue,Less than $40K,32,6,3
804577833,44,F,2,Graduate,Married,0,Existing Customer,Blue,Less than $40K,39,5,1
804583833,56,F,2,High School,Married,3,Existing Customer,Blue,Unknown,51,4,1
804595158,44,F,4,Graduate,Single,2,Existing Customer,Blue,Less than $40K,36,6,4
804598908,35,M,3,Graduate,Single,3,Existing Customer,Blue,$80K - $120K,25,3,2
804601833,44,M,2,High School,Unknown,3,Existing Customer,Silver,$60K - $80K,39,1,2
804606033,46,M,4,High School,Unknown,2,Existing Customer,Blue,$40K - $60K,41,6,1
804610908,49,F,2,Doctorate,Unknown,0,Existing Customer,Blue,Less than $40K,44,4,3
804649833,42,F,3,Post-Graduate,Married,4,Existing Customer,Blue,$40K - $60K,29,3,3
804658833,53,F,3,Unknown,Married,2,Existing Customer,Blue,Less than $40K,48,5,1
804661083,50,M,0,Graduate,Single,2,Existing Customer,Blue,$80K - $120K,45,3,2
804663258,54,M,2,High School,Married,4,Existing Customer,Blue,$80K - $120K,49,3,1
804668658,26,F,0,Uneducated,Single,4,Attrited Customer,Blue,Less than $40K,20,3,2
804670758,48,F,5,Unknown,Married,2,Existing Customer,Blue,Unknown,43,4,3
804673308,49,M,5,Uneducated,Married,4,Attrited Customer,Blue,$40K - $60K,44,2,3
804708633,44,F,3,Uneducated,Single,2,Existing Customer,Blue,Less than $40K,39,3,2
804820233,38,M,2,Unknown,Married,2,Existing Customer,Blue,$80K - $120K,33,6,3
804829533,59,M,0,High School,Single,6,Attrited Customer,Blue,$60K - $80K,54,3,6
804833058,49,F,3,Unknown,Single,4,Attrited Customer,Blue,$80K - $120K,44,1,3
804840033,45,M,2,College,Married,4,Existing Customer,Blue,$60K - $80K,38,4,6
804847308,64,F,0,Graduate,Single,1,Attrited Customer,Blue,$40K - $60K,56,6,2
804867183,37,M,3,Unknown,Married,4,Existing Customer,Blue,$60K - $80K,30,6,2
805229133,46,M,3,Unknown,Unknown,2,Existing Customer,Blue,$80K - $120K,41,1,2
805254708,36,F,4,Unknown,Married,0,Existing Customer,Blue,Unknown,31,5,2
805259733,55,F,2,Unknown,Married,4,Existing Customer,Blue,Unknown,50,6,1
805261983,35,F,4,Unknown,Married,4,Existing Customer,Blue,Less than $40K,30,6,3
805282908,43,M,5,Graduate,Unknown,2,Existing Customer,Blue,$40K - $60K,38,3,3
805313808,52,F,3,High School,Married,3,Attrited Customer,Blue,$40K - $60K,47,2,2
805453908,33,M,1,High School,Divorced,3,Existing Customer,Blue,$40K - $60K,28,6,1
805458933,39,F,2,Graduate,Single,2,Existing Customer,Blue,$40K - $60K,34,6,4
805461783,47,F,3,Graduate,Divorced,0,Existing Customer,Blue,Less than $40K,42,3,4
805485933,45,F,3,Graduate,Married,3,Existing Customer,Blue,Less than $40K,40,2,1
805516608,50,M,1,Graduate,Married,3,Existing Customer,Silver,$80K - $120K,45,2,1
805522758,44,F,1,Doctorate,Divorced,4,Existing Customer,Blue,Less than $40K,39,5,2
805524708,52,F,3,High School,Divorced,1,Attrited Customer,Blue,Less than $40K,47,3,3
805534608,54,F,2,College,Single,3,Existing Customer,Blue,$40K - $60K,49,4,3
805543158,52,M,3,Graduate,Married,3,Existing Customer,Blue,$120K +,47,5,3
805546308,65,F,0,High School,Married,2,Existing Customer,Blue,Less than $40K,56,3,3
806140383,59,M,2,High School,Single,2,Attrited Customer,Blue,$80K - $120K,54,3,2
806160108,61,M,1,High School,Married,3,Existing Customer,Blue,$40K - $60K,56,2,2
806165208,47,M,1,Doctorate,Divorced,0,Existing Customer,Blue,$60K - $80K,42,5,2
806170158,39,M,4,Graduate,Unknown,2,Existing Customer,Gold,$60K - $80K,34,3,3
806179683,63,F,1,College,Single,2,Existing Customer,Blue,$40K - $60K,56,5,3
806189658,50,F,2,Uneducated,Married,3,Existing Customer,Blue,Less than $40K,45,4,2
806219808,52,M,3,College,Unknown,3,Existing Customer,Blue,$120K +,47,5,6
806226933,37,M,2,High School,Unknown,1,Existing Customer,Blue,$120K +,32,6,1
806232408,54,F,3,Graduate,Married,2,Existing Customer,Blue,Unknown,49,5,1
806244183,39,M,2,Graduate,Divorced,4,Existing Customer,Blue,$60K - $80K,34,5,1
806250783,57,M,2,High School,Unknown,2,Existing Customer,Blue,Less than $40K,52,6,3
806256333,41,M,4,Graduate,Unknown,5,Attrited Customer,Blue,$60K - $80K,36,2,3
806264958,52,M,2,High School,Single,3,Existing Customer,Blue,Less than $40K,47,5,2
806392908,52,F,4,High School,Unknown,3,Existing Customer,Blue,Unknown,47,6,2
806407308,54,F,3,College,Single,3,Attrited Customer,Blue,Unknown,49,6,2
806415183,51,M,0,Doctorate,Married,3,Existing Customer,Blue,Unknown,46,1,3
806428908,60,M,1,Graduate,Single,3,Attrited Customer,Blue,Unknown,55,3,3
806432433,40,F,2,High School,Single,2,Existing Customer,Blue,$40K - $60K,35,2,1
806619333,36,F,3,High School,Married,3,Existing Customer,Blue,Less than $40K,31,4,2
806624208,47,M,4,High School,Married,0,Existing Customer,Blue,$40K - $60K,42,6,0
806634783,38,F,2,College,Married,2,Existing Customer,Blue,Less than $40K,33,1,3
806637558,58,M,1,High School,Married,5,Existing Customer,Blue,$60K - $80K,53,5,2
806641683,44,M,3,Uneducated,Married,2,Existing Customer,Silver,$80K - $120K,39,5,2
806649333,47,F,4,High School,Married,2,Existing Customer,Blue,Unknown,42,3,3
806652483,41,F,2,High School,Single,3,Existing Customer,Blue,$40K - $60K,36,4,5
806656083,48,F,2,Graduate,Married,4,Existing Customer,Blue,$40K - $60K,43,3,2
806694333,44,F,4,Unknown,Married,1,Existing Customer,Blue,Less than $40K,39,1,1
806752533,27,F,1,Post-Graduate,Single,3,Existing Customer,Blue,Less than $40K,22,4,1
806824908,45,M,2,Unknown,Married,4,Existing Customer,Blue,$120K +,40,4,4
806889633,38,M,2,Uneducated,Married,4,Existing Customer,Blue,$80K - $120K,33,3,1
806894133,34,F,3,Post-Graduate,Single,4,Existing Customer,Blue,Unknown,29,3,1
806900508,53,F,1,High School,Married,3,Existing Customer,Blue,Less than $40K,48,5,3
806908608,46,F,2,Unknown,Unknown,3,Existing Customer,Blue,Less than $40K,41,5,2
806914158,38,F,4,Graduate,Married,1,Attrited Customer,Blue,$40K - $60K,33,4,3
806917983,32,F,2,Graduate,Divorced,1,Existing Customer,Silver,Unknown,27,2,3
806947308,40,M,4,Post-Graduate,Married,3,Attrited Customer,Blue,$60K - $80K,35,3,4
806970033,48,M,3,High School,Unknown,3,Existing Customer,Blue,$40K - $60K,43,2,2
806989008,30,F,0,High School,Married,2,Existing Customer,Blue,Unknown,25,4,1
806992533,49,F,1,Graduate,Married,1,Existing Customer,Blue,Less than $40K,44,2,1
806995683,61,M,0,Doctorate,Single,3,Existing Customer,Blue,$60K - $80K,56,4,1
807014583,31,F,0,Graduate,Divorced,3,Existing Customer,Blue,Unknown,26,3,3
807030858,51,M,4,High School,Single,3,Existing Customer,Blue,$120K +,46,6,3
807044958,34,M,3,High School,Married,3,Existing Customer,Blue,$40K - $60K,29,6,3
807136758,58,F,2,High School,Married,2,Existing Customer,Blue,Less than $40K,53,3,0
807137808,45,M,3,High School,Unknown,2,Existing Customer,Blue,$60K - $80K,40,4,1
807141183,34,M,1,Graduate,Married,2,Existing Customer,Blue,$120K +,29,4,3
807149058,48,F,5,Unknown,Married,3,Existing Customer,Blue,Less than $40K,43,1,1
807157833,56,F,4,Uneducated,Single,1,Existing Customer,Blue,Unknown,51,5,1
807161508,26,M,1,Unknown,Single,2,Existing Customer,Blue,Less than $40K,20,6,3
807165033,49,M,3,Post-Graduate,Single,5,Existing Customer,Blue,$60K - $80K,44,3,1
807173358,56,F,0,Post-Graduate,Married,3,Existing Customer,Blue,Less than $40K,51,4,2
807209808,48,M,1,High School,Single,2,Existing Customer,Blue,$60K - $80K,40,6,2
807226683,48,M,3,Unknown,Single,3,Existing Customer,Blue,$40K - $60K,43,6,1
807237783,50,M,3,Uneducated,Single,5,Attrited Customer,Blue,$60K - $80K,45,5,3
807244983,65,F,0,College,Married,2,Existing Customer,Blue,Less than $40K,56,6,1
807275733,27,M,0,Post-Graduate,Single,2,Existing Customer,Blue,Unknown,22,5,2
807349158,36,M,4,Doctorate,Married,4,Existing Customer,Blue,$120K +,31,4,3
807369708,52,M,3,College,Married,4,Existing Customer,Blue,$120K +,47,3,2
807379833,48,M,3,Graduate,Divorced,3,Attrited Customer,Blue,$40K - $60K,43,2,3
807393558,51,M,4,Unknown,Single,3,Existing Customer,Silver,$120K +,46,2,3
807426033,37,M,2,Unknown,Unknown,1,Existing Customer,Blue,$60K - $80K,32,4,1
807523008,37,M,1,Graduate,Single,3,Existing Customer,Blue,Unknown,32,4,1
807584958,50,M,3,Uneducated,Married,5,Existing Customer,Blue,$60K - $80K,45,2,2
807587433,56,M,2,Doctorate,Married,5,Attrited Customer,Blue,Less than $40K,51,4,6
807589908,47,F,5,Unknown,Married,1,Existing Customer,Blue,Less than $40K,42,1,2
807593058,41,M,3,Unknown,Single,4,Attrited Customer,Blue,$40K - $60K,36,3,2
807596358,49,M,2,Uneducated,Married,2,Existing Customer,Blue,$80K - $120K,44,6,2
807600633,44,F,2,Doctorate,Divorced,1,Existing Customer,Blue,Unknown,39,6,4
807604233,54,M,3,Graduate,Married,3,Existing Customer,Blue,$80K - $120K,49,2,3
807722658,51,F,2,Graduate,Single,3,Existing Customer,Blue,Less than $40K,46,3,3
807915408,41,F,2,College,Married,3,Existing Customer,Blue,$40K - $60K,36,6,2
807946833,44,F,2,Graduate,Single,3,Attrited Customer,Blue,Less than $40K,39,6,3
807964908,41,M,4,High School,Married,2,Existing Customer,Blue,$60K - $80K,36,4,2
807971658,47,F,3,Unknown,Married,3,Existing Customer,Blue,Less than $40K,42,1,2
807977808,39,F,2,Graduate,Single,3,Existing Customer,Blue,Less than $40K,34,1,3
807986133,57,M,2,College,Married,3,Existing Customer,Blue,$60K - $80K,52,5,3
807990108,44,M,1,Uneducated,Divorced,3,Existing Customer,Blue,$120K +,39,3,2
808045833,49,M,3,Uneducated,Single,2,Existing Customer,Blue,Less than $40K,44,2,3
808169358,57,M,2,Uneducated,Single,4,Existing Customer,Blue,$40K - $60K,52,5,3
808273533,39,M,2,High School,Single,3,Attrited Customer,Blue,$60K - $80K,34,3,4
808279158,51,M,3,Graduate,Married,1,Existing Customer,Blue,$80K - $120K,46,1,3
808281483,46,F,2,Unknown,Single,3,Existing Customer,Blue,Less than $40K,41,2,3
808284783,62,M,1,Unknown,Married,0,Existing Customer,Blue,Less than $40K,56,6,0
808287408,45,M,5,Graduate,Married,0,Existing Customer,Blue,$80K - $120K,40,1,2
808292958,26,M,0,Graduate,Single,3,Existing Customer,Blue,Less than $40K,20,6,2
808527183,46,F,3,College,Married,1,Existing Customer,Blue,Less than $40K,41,4,1
808669083,52,F,1,Graduate,Married,3,Existing Customer,Blue,Less than $40K,47,3,1
808675083,61,M,1,Graduate,Unknown,2,Existing Customer,Blue,Unknown,56,5,3
808681158,57,M,0,Graduate,Married,4,Existing Customer,Blue,$80K - $120K,52,4,6
808705758,43,M,3,Unknown,Married,3,Existing Customer,Blue,$80K - $120K,38,6,2
808732458,48,M,3,Unknown,Married,0,Existing Customer,Blue,$120K +,43,5,3
808743558,42,F,3,High School,Unknown,3,Existing Customer,Blue,Unknown,37,3,3
808747233,50,M,2,Doctorate,Married,3,Attrited Customer,Silver,$120K +,45,6,3
808750458,32,M,1,Doctorate,Single,3,Existing Customer,Blue,$60K - $80K,27,5,3
808753758,52,M,2,Uneducated,Divorced,2,Existing Customer,Blue,$120K +,47,5,2
808756458,47,M,3,Graduate,Married,3,Existing Customer,Blue,$80K - $120K,42,6,3
808796208,54,F,2,Unknown,Divorced,2,Existing Customer,Blue,$40K - $60K,49,5,3
808891983,42,F,5,Graduate,Unknown,2,Attrited Customer,Blue,Less than $40K,37,2,3
808897683,53,M,1,Graduate,Single,3,Attrited Customer,Blue,$80K - $120K,48,3,3
808903308,54,F,1,Unknown,Married,6,Attrited Customer,Blue,$40K - $60K,49,4,3
808909008,61,M,0,Post-Graduate,Married,4,Existing Customer,Blue,Less than $40K,56,6,3
808950108,39,F,2,Graduate,Married,2,Existing Customer,Blue,Less than $40K,34,4,5
808964433,46,M,4,Doctorate,Divorced,1,Existing Customer,Blue,Less than $40K,41,4,1
808967883,48,M,4,Unknown,Married,0,Attrited Customer,Blue,Less than $40K,43,1,1
808981608,50,F,2,Uneducated,Married,0,Existing Customer,Blue,Less than $40K,45,4,1
809068983,40,F,2,Graduate,Married,3,Existing Customer,Blue,Less than $40K,35,3,1
809071083,60,F,1,Graduate,Single,0,Existing Customer,Blue,Less than $40K,55,4,1
809092458,36,F,4,Uneducated,Married,3,Existing Customer,Blue,$40K - $60K,31,5,2
809127858,51,F,1,Post-Graduate,Married,3,Existing Customer,Blue,$40K - $60K,46,4,1
809147283,43,M,5,Graduate,Married,1,Attrited Customer,Gold,Less than $40K,38,2,2
809164083,63,M,1,Graduate,Married,2,Existing Customer,Blue,$40K - $60K,56,2,1
809169858,62,M,2,Graduate,Single,2,Existing Customer,Blue,$60K - $80K,56,2,3
809276808,47,M,4,Graduate,Married,3,Existing Customer,Blue,$80K - $120K,42,1,1
809290308,31,F,0,Graduate,Married,1,Existing Customer,Blue,Less than $40K,26,3,1
809292483,44,F,4,College,Unknown,2,Existing Customer,Blue,Less than $40K,39,4,2
809296308,46,M,2,College,Married,0,Existing Customer,Blue,$80K - $120K,41,4,2
809307108,44,F,1,High School,Single,2,Attrited Customer,Blue,Unknown,39,4,3
809311758,40,M,3,Unknown,Single,2,Existing Customer,Silver,$60K - $80K,35,6,3
809320908,42,M,3,High School,Single,3,Existing Customer,Blue,$60K - $80K,37,3,3
809342208,26,M,0,Graduate,Single,2,Existing Customer,Blue,Unknown,19,4,1
809358708,38,M,3,Unknown,Unknown,2,Existing Customer,Blue,$80K - $120K,33,6,2
809360883,46,M,4,College,Single,1,Existing Customer,Blue,$60K - $80K,41,3,1
809363958,49,M,3,High School,Married,2,Existing Customer,Blue,$40K - $60K,44,5,1
809378133,43,F,3,Uneducated,Single,2,Existing Customer,Blue,Less than $40K,38,6,1
809425533,45,F,2,Uneducated,Divorced,2,Existing Customer,Silver,$40K - $60K,40,5,2
809440008,39,F,2,High School,Single,1,Existing Customer,Blue,Unknown,34,3,3
809445858,38,F,0,Graduate,Single,3,Existing Customer,Blue,Less than $40K,32,6,3
809452383,37,F,2,Graduate,Married,3,Existing Customer,Blue,Less than $40K,32,6,1
809459733,43,F,4,Unknown,Single,2,Existing Customer,Blue,Less than $40K,38,2,1
809464608,47,F,3,High School,Married,2,Attrited Customer,Silver,Unknown,31,3,3
809538783,49,M,1,High School,Single,3,Existing Customer,Blue,$120K +,44,6,2
809540733,52,M,2,High School,Married,1,Existing Customer,Blue,$80K - $120K,47,1,1
809559933,45,F,3,Graduate,Married,3,Attrited Customer,Blue,Unknown,40,3,5
809565183,52,F,1,Graduate,Single,4,Attrited Customer,Blue,Less than $40K,47,3,3
809582058,48,M,2,Unknown,Unknown,2,Existing Customer,Blue,$40K - $60K,43,5,2
809589783,41,M,4,Post-Graduate,Married,2,Existing Customer,Silver,$40K - $60K,36,3,3
809599158,48,M,4,Uneducated,Single,4,Attrited Customer,Silver,$80K - $120K,43,2,3
809608533,49,F,4,Post-Graduate,Single,2,Existing Customer,Blue,Unknown,44,6,3
809616108,38,F,2,High School,Single,3,Attrited Customer,Blue,Less than $40K,33,3,3
809620833,35,F,3,Unknown,Single,2,Existing Customer,Blue,Unknown,30,3,3
809626983,48,F,3,High School,Married,3,Attrited Customer,Blue,Less than $40K,43,3,3
809631483,42,M,3,Post-Graduate,Unknown,3,Existing Customer,Blue,$80K - $120K,37,1,1
809797158,42,M,2,Uneducated,Single,4,Existing Customer,Blue,$80K - $120K,37,3,3
809809008,47,F,5,Graduate,Married,2,Existing Customer,Blue,Less than $40K,42,5,1
809811858,43,M,5,High School,Unknown,2,Attrited Customer,Blue,$80K - $120K,38,3,3
809818008,36,F,3,Uneducated,Married,5,Existing Customer,Blue,$80K - $120K,31,3,3
809825358,53,F,3,Uneducated,Married,3,Existing Customer,Blue,Less than $40K,48,6,1
809844108,48,M,2,Doctorate,Single,1,Existing Customer,Blue,$60K - $80K,43,2,1
809846283,42,M,1,Unknown,Married,0,Existing Customer,Blue,Less than $40K,37,3,3
809849358,55,F,2,Graduate,Divorced,3,Attrited Customer,Blue,Less than $40K,50,2,6
809855808,51,F,2,Graduate,Married,2,Existing Customer,Blue,Less than $40K,46,5,2
809937933,42,F,3,Graduate,Married,2,Existing Customer,Blue,$40K - $60K,37,4,3
809941233,53,M,1,Graduate,Married,3,Existing Customer,Blue,$80K - $120K,48,4,1
809951133,54,M,3,College,Single,3,Attrited Customer,Blue,$120K +,49,3,2
809954133,49,M,2,Uneducated,Married,3,Existing Customer,Blue,$60K - $80K,44,6,1
809959683,55,M,2,College,Married,4,Attrited Customer,Blue,$80K - $120K,50,4,2
809962908,48,F,2,Graduate,Single,4,Existing Customer,Blue,Unknown,43,5,3
809966058,48,F,2,Unknown,Married,2,Existing Customer,Blue,Less than $40K,37,4,4
809967783,34,F,4,Graduate,Divorced,3,Existing Customer,Blue,$40K - $60K,26,5,5
809976033,49,M,2,Uneducated,Married,0,Existing Customer,Blue,$60K - $80K,44,6,3
809978733,33,F,2,High School,Single,3,Existing Customer,Blue,$40K - $60K,28,3,2
809984133,37,M,2,Doctorate,Single,5,Existing Customer,Blue,$120K +,32,3,3
809990883,48,F,3,Graduate,Single,2,Existing Customer,Blue,Less than $40K,43,6,2
810040908,42,F,3,High School,Single,1,Existing Customer,Blue,Less than $40K,37,1,3
810201783,26,F,0,Graduate,Single,3,Existing Customer,Blue,$40K - $60K,17,5,3
810220833,42,M,4,Graduate,Unknown,2,Existing Customer,Silver,$40K - $60K,37,3,6
810261633,44,M,4,Graduate,Single,3,Existing Customer,Blue,$60K - $80K,39,2,2
810271083,47,F,3,Unknown,Single,3,Attrited Customer,Blue,$40K - $60K,42,1,5
810321933,35,M,3,High School,Unknown,3,Existing Customer,Blue,$80K - $120K,30,5,3
810347208,51,M,4,Unknown,Married,3,Existing Customer,Gold,$120K +,46,6,1
810449883,64,M,0,Unknown,Married,0,Existing Customer,Blue,Less than $40K,56,6,1
810493458,52,F,1,Uneducated,Single,3,Existing Customer,Blue,Unknown,47,6,1
810545733,47,F,2,College,Married,3,Existing Customer,Blue,Unknown,42,3,3
810586833,38,F,3,Graduate,Married,3,Existing Customer,Blue,Unknown,33,6,2
810667158,40,M,2,High School,Divorced,1,Existing Customer,Blue,$40K - $60K,35,3,1
810789708,38,F,1,Post-Graduate,Single,1,Attrited Customer,Blue,Less than $40K,33,4,2
810856833,45,M,4,College,Unknown,2,Existing Customer,Blue,$120K +,40,3,2
810868758,39,M,3,Uneducated,Married,2,Existing Customer,Blue,$40K - $60K,34,5,1
810875958,51,F,3,Graduate,Married,3,Attrited Customer,Blue,Less than $40K,46,1,4
810974958,51,M,2,High School,Married,2,Attrited Customer,Blue,$60K - $80K,46,5,3
810986883,45,F,0,High School,Single,0,Existing Customer,Blue,Unknown,40,5,4
811005858,33,F,0,Unknown,Married,4,Existing Customer,Blue,Less than $40K,28,4,2
811013658,41,M,2,High School,Married,2,Existing Customer,Blue,$120K +,36,4,3
811035483,47,F,3,Uneducated,Divorced,5,Attrited Customer,Silver,$120K +,42,2,4
811076883,45,M,3,Graduate,Married,3,Attrited Customer,Blue,$40K - $60K,40,1,4
811081083,48,F,3,Uneducated,Single,2,Existing Customer,Blue,Less than $40K,43,5,4
811095483,48,F,4,Graduate,Married,0,Existing Customer,Silver,$40K - $60K,43,3,1
811111083,56,M,2,High School,Unknown,3,Existing Customer,Blue,$60K - $80K,51,5,6
811140933,43,F,2,High School,Married,2,Existing Customer,Blue,Less than $40K,29,4,1
811457058,51,F,3,Post-Graduate,Married,2,Existing Customer,Blue,Less than $40K,46,5,3
811463283,54,M,0,Graduate,Single,1,Existing Customer,Blue,$80K - $120K,42,3,1
811467708,33,M,2,Graduate,Married,2,Existing Customer,Blue,$80K - $120K,28,4,2
811475733,53,F,1,College,Married,3,Attrited Customer,Blue,$40K - $60K,48,2,2
811527933,65,F,0,College,Single,3,Attrited Customer,Silver,Less than $40K,56,3,4
811532208,51,F,4,Graduate,Married,2,Attrited Customer,Silver,$40K - $60K,46,3,5
811534983,54,F,3,Graduate,Married,4,Existing Customer,Blue,Less than $40K,49,5,2
811554708,44,F,3,High School,Married,4,Attrited Customer,Blue,Unknown,38,4,6
811571733,26,F,0,Unknown,Single,2,Existing Customer,Blue,Unknown,13,4,2
811604133,47,F,4,Unknown,Single,2,Existing Customer,Blue,Less than $40K,36,3,3
811697958,50,F,4,Unknown,Married,4,Existing Customer,Blue,Less than $40K,45,4,1
811700058,41,M,2,Graduate,Single,3,Attrited Customer,Gold,$60K - $80K,36,2,3
811705233,45,M,2,Unknown,Single,3,Existing Customer,Blue,$40K - $60K,40,6,4
811713408,58,F,2,High School,Married,3,Existing Customer,Blue,$40K - $60K,53,4,2
811721133,62,M,1,High School,Married,3,Existing Customer,Blue,$40K - $60K,56,5,3
811762383,42,M,2,Graduate,Married,1,Existing Customer,Blue,Less than $40K,37,4,2
811775883,46,M,4,Graduate,Divorced,1,Existing Customer,Blue,$60K - $80K,41,4,2
811793433,50,F,3,Graduate,Divorced,2,Existing Customer,Silver,Unknown,45,2,1
811889808,43,M,3,Graduate,Married,1,Existing Customer,Blue,$80K - $120K,38,3,5
811898133,40,F,3,High School,Divorced,3,Existing Customer,Blue,Less than $40K,35,3,1
811907583,45,F,4,Uneducated,Single,2,Existing Customer,Blue,Unknown,40,1,2
811912608,52,F,3,Graduate,Married,0,Existing Customer,Blue,$40K - $60K,47,3,2
811915383,36,M,3,Uneducated,Married,2,Attrited Customer,Blue,$40K - $60K,31,6,2
811942983,55,F,2,High School,Married,3,Existing Customer,Blue,$120K +,50,3,2
811965558,46,M,4,College,Single,3,Existing Customer,Blue,$40K - $60K,41,2,3
811970808,53,F,0,Graduate,Single,3,Existing Customer,Blue,Less than $40K,48,4,3
811974483,56,M,2,Graduate,Single,1,Existing Customer,Blue,$40K - $60K,51,1,3
811980858,36,M,0,Graduate,Married,2,Existing Customer,Blue,$60K - $80K,31,5,1
811989858,49,M,4,Uneducated,Unknown,2,Existing Customer,Silver,$60K - $80K,44,6,3
812019933,65,M,1,Uneducated,Married,2,Existing Customer,Blue,$40K - $60K,56,3,3
812089383,41,M,5,Unknown,Single,3,Existing Customer,Blue,$80K - $120K,36,1,2
812218908,46,F,2,Unknown,Married,2,Attrited Customer,Blue,Less than $40K,36,2,3
812222208,54,F,3,Uneducated,Married,3,Existing Customer,Blue,Unknown,49,6,4
812224983,56,M,2,Graduate,Single,2,Existing Customer,Blue,$120K +,51,1,1
812230308,47,M,2,Graduate,Married,3,Existing Customer,Blue,$40K - $60K,42,2,3
812235108,44,F,2,Graduate,Unknown,3,Existing Customer,Blue,Less than $40K,39,2,3
812247033,51,F,3,Uneducated,Married,2,Attrited Customer,Blue,Less than $40K,46,5,5
812406183,45,F,4,Unknown,Single,3,Attrited Customer,Blue,Less than $40K,40,5,4
812408058,39,M,2,Unknown,Unknown,2,Existing Customer,Blue,$120K +,34,2,2
812411058,49,F,0,Uneducated,Single,2,Attrited Customer,Blue,Less than $40K,44,3,3
812420358,61,F,0,Graduate,Married,3,Attrited Customer,Blue,Less than $40K,56,3,3
812441358,26,F,1,College,Divorced,2,Existing Customer,Blue,$40K - $60K,21,3,3
812443458,57,M,4,Graduate,Single,2,Existing Customer,Blue,$120K +,52,2,3
812446158,54,F,3,Uneducated,Single,2,Attrited Customer,Blue,Less than $40K,49,2,2
812449758,43,M,3,High School,Single,2,Existing Customer,Blue,$60K - $80K,38,2,3
812453283,42,M,3,Graduate,Married,3,Existing Customer,Blue,$40K - $60K,37,2,2
812465958,53,F,3,Post-Graduate,Divorced,2,Existing Customer,Blue,Unknown,48,5,2
812488608,44,F,3,College,Unknown,3,Existing Customer,Blue,Less than $40K,39,6,1
812493033,44,M,3,High School,Single,1,Existing Customer,Blue,$40K - $60K,37,4,1
812501358,46,F,4,Post-Graduate,Divorced,1,Existing Customer,Blue,Less than $40K,41,4,1
812534958,40,F,3,High School,Unknown,2,Existing Customer,Silver,$40K - $60K,34,2,2
812597508,39,F,1,High School,Married,3,Existing Customer,Blue,$40K - $60K,34,6,5
812618883,47,M,2,High School,Divorced,2,Existing Customer,Silver,Unknown,42,1,2
812627208,60,F,0,College,Single,3,Existing Customer,Blue,Less than $40K,55,5,1
812653383,55,F,1,College,Single,3,Existing Customer,Blue,$40K - $60K,50,3,3
812671758,47,F,5,Doctorate,Married,3,Attrited Customer,Blue,Unknown,42,3,5
812785158,42,M,4,Uneducated,Married,2,Existing Customer,Blue,Less than $40K,37,4,3
812788233,31,F,0,Graduate,Married,4,Existing Customer,Blue,Less than $40K,21,4,1
812794983,41,F,3,College,Married,2,Existing Customer,Blue,Less than $40K,31,2,2
812801958,55,F,1,Unknown,Married,4,Existing Customer,Blue,Less than $40K,50,5,3
812809083,37,F,3,Unknown,Single,4,Existing Customer,Blue,Unknown,32,3,4
812956983,51,M,3,Graduate,Married,3,Existing Customer,Blue,$80K - $120K,46,6,3
812973708,42,M,3,High School,Unknown,4,Existing Customer,Blue,$40K - $60K,37,6,2
812979408,39,F,0,Unknown,Married,3,Attrited Customer,Silver,$40K - $60K,34,3,0
813053733,53,M,4,Unknown,Single,4,Attrited Customer,Blue,$120K +,48,3,3
813153108,49,M,4,College,Married,3,Existing Customer,Blue,$80K - $120K,44,2,3
813182658,49,F,4,High School,Married,3,Existing Customer,Blue,Less than $40K,44,4,2
813200058,63,M,0,Graduate,Married,5,Existing Customer,Blue,$40K - $60K,56,4,2
813213558,53,F,1,Doctorate,Single,3,Existing Customer,Blue,Less than $40K,48,4,3
813230208,45,M,4,College,Single,3,Existing Customer,Blue,$120K +,40,3,3
813234108,45,F,3,Uneducated,Married,3,Existing Customer,Blue,Less than $40K,40,4,1
813240408,45,F,4,High School,Married,2,Existing Customer,Blue,Unknown,39,4,3
813247083,38,M,2,Graduate,Married,2,Existing Customer,Blue,$80K - $120K,33,4,3
813261408,52,F,1,Uneducated,Married,3,Existing Customer,Blue,$40K - $60K,47,6,3
813338733,47,F,3,Unknown,Single,2,Existing Customer,Blue,Unknown,42,3,2
813380058,64,F,0,Graduate,Single,4,Existing Customer,Blue,Unknown,56,3,2
813427833,45,F,4,Graduate,Unknown,1,Existing Customer,Blue,Less than $40K,40,3,2
813435108,49,F,1,Graduate,Single,1,Attrited Customer,Blue,Less than $40K,44,5,2
813449508,61,M,0,Graduate,Married,3,Attrited Customer,Blue,$60K - $80K,56,6,2
813453408,40,F,5,College,Married,3,Existing Customer,Blue,Less than $40K,35,3,1
813469458,26,F,1,Graduate,Single,3,Existing Customer,Blue,$40K - $60K,20,6,3
813499458,45,M,5,High School,Unknown,1,Attrited Customer,Blue,$60K - $80K,40,3,3
813573333,60,M,1,High School,Married,4,Existing Customer,Blue,Less than $40K,55,5,1
813752433,43,F,3,Graduate,Single,4,Existing Customer,Blue,Less than $40K,38,5,2
813755658,60,M,1,Graduate,Single,1,Existing Customer,Blue,$80K - $120K,55,6,2
813764283,39,M,3,High School,Married,2,Existing Customer,Blue,$80K - $120K,34,2,1
813804783,41,F,1,High School,Married,3,Attrited Customer,Blue,$40K - $60K,36,4,3
813807258,50,F,2,High School,Married,3,Existing Customer,Blue,$40K - $60K,45,6,3
813810333,50,M,3,Post-Graduate,Married,3,Attrited Customer,Blue,$60K - $80K,45,6,4
813814008,53,F,1,High School,Married,2,Existing Customer,Blue,Less than $40K,48,6,3
813890883,44,F,1,Uneducated,Unknown,1,Attrited Customer,Blue,Less than $40K,39,4,2
813895458,49,F,0,Unknown,Single,3,Existing Customer,Blue,Unknown,43,6,3
813901458,60,M,1,High School,Single,3,Existing Customer,Silver,$60K - $80K,55,5,5
813905508,57,F,3,Uneducated,Single,3,Existing Customer,Blue,Less than $40K,52,4,3
813915933,45,M,2,Graduate,Divorced,2,Existing Customer,Blue,$40K - $60K,40,3,3
813952233,44,M,3,Graduate,Unknown,4,Existing Customer,Blue,Less than $40K,39,5,2
813961233,30,M,0,Unknown,Single,2,Existing Customer,Blue,$80K - $120K,25,5,2
813964383,35,M,3,Graduate,Single,3,Existing Customer,Blue,$40K - $60K,30,3,1
813967983,44,M,2,College,Married,2,Existing Customer,Blue,$40K - $60K,39,4,1
813971283,43,M,4,Unknown,Married,2,Existing Customer,Blue,$80K - $120K,38,5,1
813990483,27,F,0,High School,Married,2,Existing Customer,Blue,Less than $40K,22,4,1
814086333,36,M,3,College,Married,4,Existing Customer,Blue,$40K - $60K,31,6,2
814091058,38,F,1,College,Single,3,Attrited Customer,Blue,Less than $40K,33,6,2
814092858,49,F,3,Graduate,Unknown,1,Existing Customer,Blue,Unknown,44,5,2
814181433,46,M,5,College,Married,2,Existing Customer,Blue,$40K - $60K,41,1,3
814191333,55,M,2,Unknown,Divorced,3,Attrited Customer,Blue,$120K +,50,5,4
814195758,42,M,1,Graduate,Single,1,Existing Customer,Blue,$60K - $80K,37,4,1
814219008,65,M,1,Doctorate,Single,2,Existing Customer,Blue,$40K - $60K,56,5,2
814312308,54,F,3,Uneducated,Married,2,Existing Customer,Blue,$40K - $60K,49,5,3
814364808,36,F,2,Uneducated,Married,1,Existing Customer,Blue,Unknown,31,5,3
814459833,42,F,3,Graduate,Married,4,Existing Customer,Blue,Less than $40K,37,5,3
814471983,42,M,3,High School,Unknown,3,Existing Customer,Blue,$80K - $120K,37,6,3
814483608,47,F,4,Graduate,Divorced,3,Attrited Customer,Blue,Less than $40K,42,1,3
814489683,34,F,2,Unknown,Single,0,Existing Customer,Blue,Less than $40K,29,3,1
814497483,60,M,0,Uneducated,Married,2,Existing Customer,Blue,$60K - $80K,55,6,1
814513008,38,M,2,Graduate,Married,3,Existing Customer,Blue,$80K - $120K,33,5,3
814529508,39,M,3,High School,Unknown,2,Existing Customer,Blue,Unknown,34,4,3
814571058,30,F,1,College,Single,0,Existing Customer,Blue,Less than $40K,24,4,3
814586958,43,F,2,College,Divorced,2,Existing Customer,Blue,Unknown,38,4,3
814590483,45,F,2,Graduate,Married,3,Existing Customer,Blue,$40K - $60K,40,1,3
814593858,58,M,3,High School,Single,2,Existing Customer,Blue,$120K +,53,4,1
814611633,47,M,2,Uneducated,Single,2,Existing Customer,Blue,Less than $40K,42,3,1
814752558,50,M,1,Uneducated,Married,3,Existing Customer,Blue,$40K - $60K,45,5,3
814760358,53,M,3,Graduate,Unknown,2,Existing Customer,Blue,$40K - $60K,48,2,2
814765533,44,F,4,High School,Single,3,Attrited Customer,Blue,$40K - $60K,39,4,3
814776033,34,M,2,Graduate,Married,3,Existing Customer,Blue,$80K - $120K,29,3,1
814785108,45,F,1,Graduate,Married,2,Existing Customer,Blue,Less than $40K,40,5,3
814829583,42,F,3,Unknown,Single,3,Existing Customer,Blue,Less than $40K,37,6,1
814833408,56,M,2,Doctorate,Married,4,Existing Customer,Blue,$60K - $80K,51,3,3
814840833,44,M,4,Doctorate,Married,2,Attrited Customer,Blue,$120K +,39,4,3
814845933,62,M,0,Graduate,Married,3,Existing Customer,Blue,$80K - $120K,56,4,3
814852533,50,M,1,Graduate,Married,2,Existing Customer,Blue,$80K - $120K,45,3,2
814987983,37,F,2,College,Single,3,Existing Customer,Blue,$40K - $60K,32,2,1
814989933,45,F,4,College,Unknown,1,Existing Customer,Blue,Less than $40K,40,1,2
814995933,58,F,3,Graduate,Married,2,Existing Customer,Blue,Less than $40K,53,5,3
815001108,48,M,2,Doctorate,Single,2,Existing Customer,Blue,Less than $40K,43,3,3
815015283,43,F,4,Graduate,Married,2,Existing Customer,Blue,Less than $40K,38,4,2
815062383,35,M,2,High School,Married,1,Existing Customer,Blue,Less than $40K,30,3,3
815072283,50,F,3,Graduate,Married,1,Existing Customer,Blue,Less than $40K,45,1,3
815078433,42,F,4,Unknown,Married,3,Existing Customer,Blue,Less than $40K,37,2,1
815085708,60,F,0,High School,Single,5,Attrited Customer,Blue,$40K - $60K,55,1,5
815088483,28,F,1,Graduate,Divorced,3,Existing Customer,Blue,Less than $40K,23,4,1
815091333,48,F,3,Unknown,Married,2,Existing Customer,Blue,Less than $40K,43,3,1
815104608,28,F,0,Graduate,Divorced,3,Existing Customer,Blue,Less than $40K,23,5,1
815230458,31,M,1,High School,Divorced,3,Existing Customer,Silver,$40K - $60K,26,1,1
815240358,47,F,3,Uneducated,Married,4,Existing Customer,Blue,Unknown,42,4,1
815253708,46,F,2,High School,Divorced,2,Existing Customer,Blue,Less than $40K,41,1,2
815288583,32,M,0,Graduate,Married,2,Existing Customer,Blue,$40K - $60K,27,3,3
815299833,38,F,2,Graduate,Married,3,Existing Customer,Blue,Less than $40K,33,5,2
815308683,46,M,3,College,Married,1,Existing Customer,Blue,$80K - $120K,41,4,3
815315058,48,M,4,High School,Married,2,Attrited Customer,Blue,$40K - $60K,43,4,2
815320383,46,F,3,Unknown,Unknown,2,Attrited Customer,Blue,Less than $40K,41,5,3
815324433,NULL,F,4,High School,Married,1,Existing Customer,Blue,Less than $40K,41,6,3
815353083,44,M,1,College,Divorced,2,Attrited Customer,Silver,$80K - $120K,39,2,3
815472108,42,M,3,High School,Single,3,Existing Customer,Blue,$40K - $60K,37,3,3
815484783,57,M,0,Uneducated,Unknown,3,Existing Customer,Blue,$60K - $80K,42,6,4
815498733,51,F,3,Unknown,Single,2,Attrited Customer,Blue,Less than $40K,46,3,2
815500983,59,F,1,Uneducated,Married,0,Existing Customer,Blue,Less than $40K,54,5,3
815504583,48,F,4,Graduate,Married,4,Attrited Customer,Blue,$40K - $60K,43,3,2
815510883,36,M,2,Post-Graduate,Single,5,Existing Customer,Blue,$40K - $60K,31,3,2
815515158,49,F,2,Unknown,Single,3,Existing Customer,Blue,$40K - $60K,44,6,1
815520333,55,M,3,High School,Married,2,Existing Customer,Blue,$60K - $80K,50,2,1
815525508,46,F,3,High School,Unknown,4,Existing Customer,Blue,Less than $40K,41,2,1
815539233,54,M,4,High School,Married,4,Attrited Customer,Silver,$80K - $120K,49,1,3
815582358,NULL,F,5,Unknown,Married,2,Existing Customer,Blue,Less than $40K,42,2,1
815589558,50,M,2,Post-Graduate,Married,2,Existing Customer,Blue,$80K - $120K,45,6,3
815596608,48,F,5,Uneducated,Married,3,Existing Customer,Blue,$40K - $60K,43,4,1
815598858,48,M,3,Graduate,Married,1,Existing Customer,Blue,$40K - $60K,43,5,1
815613033,49,M,2,Unknown,Married,3,Existing Customer,Silver,Less than $40K,44,2,2
815727183,36,F,3,High School,Single,1,Existing Customer,Blue,$80K - $120K,31,6,1
815756058,54,F,1,Graduate,Single,2,Existing Customer,Blue,Less than $40K,49,3,2
815761908,46,F,3,Unknown,Married,2,Existing Customer,Silver,Unknown,41,6,3
815767983,45,M,0,Graduate,Married,3,Attrited Customer,Blue,$60K - $80K,40,4,3
815772333,48,F,2,Unknown,Single,3,Existing Customer,Blue,Less than $40K,43,6,3
815789883,46,F,3,College,Single,2,Existing Customer,Blue,Less than $40K,41,1,3
815812683,47,M,3,Unknown,Single,2,Existing Customer,Blue,$120K +,42,5,3
815826708,53,M,2,Unknown,Married,3,Existing Customer,Blue,$40K - $60K,48,2,3
815830083,53,F,3,Uneducated,Single,1,Existing Customer,Blue,Less than $40K,48,6,2
815838633,34,M,1,Unknown,Married,3,Existing Customer,Blue,$60K - $80K,29,3,2
815840283,51,F,2,Unknown,Married,3,Existing Customer,Blue,Less than $40K,46,1,6
815845758,56,F,4,High School,Married,3,Existing Customer,Blue,Less than $40K,51,4,2
815851233,52,M,3,High School,Single,3,Attrited Customer,Blue,$120K +,47,6,1
815860008,40,F,3,Uneducated,Married,4,Existing Customer,Blue,Less than $40K,35,5,2
815908908,47,M,4,Uneducated,Single,3,Attrited Customer,Blue,Unknown,42,3,4
816013383,65,F,0,Graduate,Divorced,3,Attrited Customer,Blue,Less than $40K,56,3,6
816033783,26,M,0,High School,Unknown,3,Existing Customer,Blue,$60K - $80K,21,6,2
816073983,53,F,2,College,Single,2,Existing Customer,Blue,Less than $40K,48,2,2
816078708,45,M,3,Unknown,Single,3,Existing Customer,Blue,$40K - $60K,40,3,4
816082233,35,M,3,Graduate,Unknown,3,Existing Customer,Blue,$60K - $80K,30,5,1
816084333,42,F,2,Unknown,Single,2,Existing Customer,Gold,$120K +,37,5,2
816086508,47,F,2,Unknown,Married,3,Existing Customer,Blue,Less than $40K,42,1,3
816089433,49,M,4,Doctorate,Married,1,Existing Customer,Blue,$60K - $80K,44,3,1
816091608,37,F,1,College,Single,3,Existing Customer,Blue,$40K - $60K,32,4,2
816094233,37,M,1,High School,Married,2,Existing Customer,Blue,$120K +,32,6,2
816129258,34,F,2,Post-Graduate,Single,3,Attrited Customer,Blue,Less than $40K,29,2,3
816261858,61,M,0,Graduate,Single,4,Attrited Customer,Blue,$40K - $60K,56,2,5
816263808,47,M,1,Graduate,Single,2,Existing Customer,Blue,$80K - $120K,31,4,1
816310158,49,M,4,Uneducated,Unknown,2,Existing Customer,Blue,$60K - $80K,44,1,3
816312633,52,F,3,College,Married,3,Existing Customer,Blue,$40K - $60K,47,6,3
816315558,38,M,1,High School,Single,1,Existing Customer,Blue,$60K - $80K,33,5,4
816319008,52,F,2,Graduate,Single,3,Existing Customer,Blue,Unknown,47,6,3
816325533,39,F,1,Graduate,Married,5,Existing Customer,Blue,Less than $40K,34,6,3
816328308,60,F,0,Graduate,Married,3,Existing Customer,Blue,Less than $40K,55,2,1
816378033,46,M,4,Uneducated,Married,2,Attrited Customer,Gold,$80K - $120K,41,6,3
816476658,54,F,2,Unknown,Married,3,Attrited Customer,Blue,Unknown,49,2,4
816513108,54,M,4,Graduate,Married,2,Existing Customer,Blue,$60K - $80K,49,3,1
816517683,38,F,2,Doctorate,Married,3,Existing Customer,Blue,Less than $40K,33,4,3
816528333,64,M,0,High School,Single,1,Existing Customer,Blue,Less than $40K,56,6,6
816533733,50,M,1,Unknown,Married,2,Existing Customer,Blue,$80K - $120K,45,5,2
816549933,50,M,4,High School,Divorced,2,Existing Customer,Blue,$80K - $120K,45,4,2
816594183,58,F,2,Uneducated,Married,3,Existing Customer,Blue,$40K - $60K,53,6,2
816596583,45,M,2,Doctorate,Married,1,Existing Customer,Blue,$80K - $120K,40,6,3
816600933,56,M,0,College,Married,3,Attrited Customer,Blue,$80K - $120K,51,3,2
816606333,57,F,2,High School,Single,4,Existing Customer,Blue,$80K - $120K,52,6,3
816608808,46,M,1,Graduate,Single,3,Existing Customer,Blue,$80K - $120K,41,4,2
816613158,48,F,1,Doctorate,Married,1,Attrited Customer,Blue,Less than $40K,43,2,3
816615633,47,F,2,Doctorate,Married,1,Existing Customer,Blue,$40K - $60K,42,2,3
816756783,42,M,2,High School,Unknown,3,Existing Customer,Blue,$40K - $60K,37,6,2
816761433,36,M,2,College,Single,3,Existing Customer,Blue,$80K - $120K,31,5,2
816772908,38,F,3,High School,Unknown,2,Existing Customer,Silver,$60K - $80K,33,6,1
816776283,42,M,4,High School,Unknown,2,Existing Customer,Gold,$80K - $120K,37,5,1
816826008,41,M,4,Unknown,Married,2,Existing Customer,Blue,Less than $40K,36,1,1
816829608,44,M,2,Unknown,Married,2,Existing Customer,Blue,$80K - $120K,39,6,2
816832383,61,F,1,High School,Married,2,Existing Customer,Blue,Less than $40K,56,3,2
816834933,34,F,4,Graduate,Single,2,Existing Customer,Silver,Unknown,29,6,2
816841083,58,F,3,College,Married,1,Existing Customer,Blue,Less than $40K,53,4,3
816843933,39,M,2,High School,Married,3,Existing Customer,Blue,$80K - $120K,34,6,3
816850458,33,M,2,Unknown,Married,4,Attrited Customer,Blue,$60K - $80K,28,6,2
816864483,39,F,4,Uneducated,Single,2,Existing Customer,Blue,$40K - $60K,34,4,2
816890883,35,M,2,Uneducated,Single,3,Existing Customer,Blue,$60K - $80K,30,6,3
817029108,47,F,4,Post-Graduate,Single,3,Attrited Customer,Blue,$40K - $60K,27,4,6
817035108,31,M,2,Graduate,Single,3,Existing Customer,Blue,Less than $40K,14,4,3
817038333,55,F,0,Graduate,Married,4,Existing Customer,Blue,Less than $40K,40,4,3
817041408,56,F,3,High School,Married,3,Existing Customer,Blue,Unknown,41,3,2
817086783,45,M,3,High School,Married,2,Existing Customer,Blue,Less than $40K,27,4,3
817089408,44,M,2,College,Married,2,Existing Customer,Blue,$60K - $80K,27,3,1
817094283,43,F,5,Graduate,Married,3,Existing Customer,Blue,Less than $40K,23,5,3
817108083,55,M,3,Unknown,Single,3,Attrited Customer,Blue,$60K - $80K,35,3,3
817142433,35,M,3,Graduate,Married,4,Existing Customer,Blue,$80K - $120K,20,5,3
817144458,32,M,2,Graduate,Single,2,Existing Customer,Blue,Less than $40K,17,5,1
817188408,57,M,0,Uneducated,Divorced,3,Existing Customer,Blue,$80K - $120K,39,4,4
817197333,26,F,1,Uneducated,Single,3,Existing Customer,Blue,Unknown,13,6,2
817236708,42,M,3,Uneducated,Married,3,Existing Customer,Blue,$60K - $80K,25,6,2
817240833,51,M,2,Graduate,Single,1,Existing Customer,Blue,Less than $40K,36,4,3
817245183,51,M,2,Unknown,Unknown,2,Existing Customer,Blue,$120K +,33,6,2
817247658,45,M,3,High School,Unknown,3,Existing Customer,Blue,$60K - $80K,27,6,2
817285758,49,M,4,Graduate,Single,3,Existing Customer,Blue,$80K - $120K,33,5,5
817288458,33,F,2,Graduate,Unknown,3,Existing Customer,Blue,Less than $40K,19,3,2
817293258,44,F,4,College,Married,2,Existing Customer,Blue,$40K - $60K,27,1,1
817332483,63,M,0,Doctorate,Married,3,Attrited Customer,Blue,Unknown,47,6,4
817337958,48,F,5,Doctorate,Married,3,Existing Customer,Blue,Less than $40K,33,2,1
817382958,47,F,3,High School,Single,3,Existing Customer,Blue,Less than $40K,31,5,1
817422408,45,F,3,Uneducated,Single,3,Existing Customer,Blue,Less than $40K,30,3,2
817607358,44,F,2,High School,Unknown,3,Attrited Customer,Gold,Unknown,35,3,3
817616433,55,F,2,College,Unknown,2,Existing Customer,Blue,Unknown,41,6,2
817663908,60,F,1,Graduate,Married,3,Existing Customer,Blue,$40K - $60K,42,5,3
817686633,26,F,1,College,Single,4,Existing Customer,Blue,Less than $40K,15,5,2
817887408,39,F,1,Uneducated,Single,4,Existing Customer,Blue,Less than $40K,34,3,1
817889583,61,F,0,Graduate,Single,4,Attrited Customer,Blue,$40K - $60K,56,3,3
817892208,35,F,2,Doctorate,Single,1,Existing Customer,Blue,Less than $40K,30,5,1
817908783,44,M,3,Unknown,Single,1,Existing Customer,Silver,$120K +,39,2,3
817925058,50,F,2,Uneducated,Unknown,4,Existing Customer,Blue,Unknown,45,6,1
817951083,58,F,1,Unknown,Married,3,Existing Customer,Silver,$40K - $60K,53,1,3
817958733,42,F,2,Uneducated,Married,1,Existing Customer,Blue,Unknown,37,6,1
817960533,41,M,4,Unknown,Married,2,Existing Customer,Blue,$60K - $80K,36,5,3
817965858,42,F,4,Unknown,Married,3,Existing Customer,Blue,Less than $40K,37,3,1
817968783,51,F,3,Graduate,Single,1,Existing Customer,Blue,Less than $40K,46,6,3
817970208,45,M,1,Uneducated,Divorced,2,Existing Customer,Blue,Less than $40K,40,4,3
817977933,63,F,0,Graduate,Single,3,Attrited Customer,Blue,Less than $40K,56,5,6
817988433,56,M,3,Unknown,Single,2,Existing Customer,Blue,$60K - $80K,51,2,2
818007783,49,F,3,College,Married,3,Existing Customer,Blue,$40K - $60K,44,6,2
818034558,44,M,2,Unknown,Unknown,3,Existing Customer,Blue,$60K - $80K,39,5,3
818045958,46,M,4,Graduate,Single,2,Existing Customer,Blue,$40K - $60K,41,5,3
818235408,30,M,0,College,Married,1,Existing Customer,Blue,$60K - $80K,25,2,3
818239983,53,M,2,Unknown,Divorced,2,Existing Customer,Blue,$80K - $120K,48,2,1
818248383,33,M,2,Doctorate,Married,3,Existing Customer,Blue,$60K - $80K,28,3,3
818259558,64,F,0,Graduate,Single,3,Existing Customer,Blue,Less than $40K,56,4,2
818280108,43,F,4,High School,Unknown,1,Existing Customer,Blue,Less than $40K,38,1,1
818294958,52,M,2,College,Married,2,Existing Customer,Blue,$120K +,47,3,3
818305008,41,F,2,Graduate,Married,3,Existing Customer,Blue,$40K - $60K,36,6,1
818308533,47,M,5,Post-Graduate,Married,1,Existing Customer,Blue,Less than $40K,41,4,2
818311533,53,F,3,Uneducated,Single,1,Existing Customer,Blue,Less than $40K,48,5,3
818316108,43,F,1,Graduate,Married,1,Existing Customer,Blue,Less than $40K,38,2,2
818322033,41,F,3,Graduate,Married,4,Existing Customer,Blue,Less than $40K,36,6,6
818326083,54,M,3,High School,Married,2,Existing Customer,Blue,$40K - $60K,49,5,1
818336508,50,M,2,Unknown,Single,4,Existing Customer,Blue,$120K +,45,6,2
818375733,51,F,2,College,Married,3,Attrited Customer,Blue,$40K - $60K,46,3,1
818459733,41,M,3,Doctorate,Married,2,Attrited Customer,Blue,$120K +,26,3,2
818476383,50,M,1,Unknown,Unknown,0,Existing Customer,Silver,$120K +,45,2,2
818497758,54,F,3,Graduate,Married,3,Existing Customer,Blue,Less than $40K,49,4,1
818502708,51,F,1,Uneducated,Unknown,2,Existing Customer,Blue,$40K - $60K,46,5,3
818687958,48,M,2,Graduate,Divorced,2,Existing Customer,Blue,$80K - $120K,43,5,3
818699208,47,F,4,Post-Graduate,Unknown,4,Existing Customer,Blue,Unknown,42,4,4
818701383,37,M,3,High School,Married,2,Existing Customer,Blue,$60K - $80K,32,6,2
818710233,41,F,2,Graduate,Married,3,Existing Customer,Blue,$40K - $60K,36,6,2
818712633,41,F,3,Graduate,Single,2,Existing Customer,Blue,Less than $40K,36,4,6
818729208,52,M,3,Graduate,Married,3,Existing Customer,Blue,$60K - $80K,47,3,3
818763033,34,F,3,Graduate,Married,1,Attrited Customer,Blue,$40K - $60K,29,6,1
818767458,41,M,3,Graduate,Married,2,Existing Customer,Blue,$120K +,36,2,3
818770008,49,F,5,Graduate,Single,2,Existing Customer,Blue,Less than $40K,44,6,1
818791833,42,F,3,Graduate,Married,1,Existing Customer,Blue,Less than $40K,37,4,2
818814933,58,F,1,Unknown,Single,1,Existing Customer,Blue,$40K - $60K,53,3,3
818839983,55,M,2,Graduate,Married,0,Existing Customer,Blue,$120K +,50,3,2
818901708,41,F,4,College,Divorced,1,Existing Customer,Blue,Unknown,36,3,1
818903583,44,M,5,Uneducated,Divorced,0,Existing Customer,Blue,$60K - $80K,39,5,2
818906208,32,M,0,High School,Unknown,2,Attrited Customer,Silver,$60K - $80K,27,2,2
818908833,46,M,3,Graduate,Married,2,Existing Customer,Blue,$40K - $60K,41,5,2
818923158,55,M,2,Graduate,Married,4,Existing Customer,Blue,$60K - $80K,50,5,2
818926833,34,F,3,College,Married,2,Existing Customer,Blue,$40K - $60K,29,4,1
818929158,36,M,2,Doctorate,Single,2,Existing Customer,Blue,$40K - $60K,31,3,3
818930808,36,M,2,Uneducated,Married,1,Existing Customer,Blue,Less than $40K,31,3,2
818942433,54,F,4,Unknown,Divorced,1,Existing Customer,Blue,Less than $40K,49,6,1
818960133,58,M,4,High School,Married,0,Existing Customer,Blue,$60K - $80K,53,1,3
818987958,43,M,4,Graduate,Unknown,3,Existing Customer,Blue,$40K - $60K,38,5,1
818993508,52,F,3,Graduate,Married,2,Existing Customer,Blue,Less than $40K,47,4,4
819002508,31,M,1,Unknown,Single,2,Existing Customer,Blue,$40K - $60K,26,4,1
819051183,47,F,4,Graduate,Married,3,Existing Customer,Blue,Unknown,42,4,1
819109308,62,M,0,Graduate,Married,3,Existing Customer,Blue,$60K - $80K,56,1,3
819117183,34,F,3,Unknown,Married,4,Existing Customer,Blue,$40K - $60K,29,3,2
819129858,46,F,2,Graduate,Single,0,Attrited Customer,Blue,Less than $40K,41,5,3
819151083,46,M,5,High School,Single,4,Existing Customer,Blue,$60K - $80K,41,3,3
819160158,42,M,3,Uneducated,Married,3,Existing Customer,Blue,$40K - $60K,37,2,3
819169683,34,M,2,Unknown,Married,2,Existing Customer,Blue,$40K - $60K,29,3,2
819189108,63,M,0,College,Single,2,Existing Customer,Blue,$80K - $120K,56,6,2
819196158,49,M,2,Unknown,Single,3,Existing Customer,Blue,Less than $40K,44,5,2
819200133,44,M,3,Graduate,Unknown,3,Existing Customer,Blue,$60K - $80K,39,5,4
819202533,57,M,1,Doctorate,Married,3,Existing Customer,Blue,$80K - $120K,52,3,2
819214233,43,F,3,Graduate,Married,2,Existing Customer,Blue,Less than $40K,38,2,2
819258408,47,M,5,Graduate,Single,4,Existing Customer,Blue,Less than $40K,42,4,2
819351258,42,F,3,College,Married,2,Existing Customer,Blue,Less than $40K,37,5,4
819352983,49,M,3,Unknown,Married,2,Existing Customer,Blue,$120K +,44,5,2
819363708,43,M,1,Post-Graduate,Single,3,Existing Customer,Blue,$60K - $80K,38,4,2
819376683,54,M,1,Unknown,Single,3,Existing Customer,Blue,$80K - $120K,49,2,3
819409608,39,F,2,Graduate,Married,4,Existing Customer,Blue,Less than $40K,34,4,3
819606258,48,M,4,Unknown,Married,3,Attrited Customer,Blue,$60K - $80K,43,5,3
819610908,38,M,2,Uneducated,Unknown,4,Attrited Customer,Blue,$80K - $120K,33,1,4
819612933,52,M,3,Graduate,Unknown,3,Existing Customer,Blue,$80K - $120K,47,1,3
819616383,40,F,3,Uneducated,Divorced,3,Existing Customer,Blue,Less than $40K,35,2,3
819628158,42,M,3,Graduate,Single,1,Attrited Customer,Blue,$60K - $80K,37,2,3
819631158,54,F,4,Post-Graduate,Married,2,Existing Customer,Blue,Less than $40K,49,3,3
819634233,46,F,2,Graduate,Unknown,2,Existing Customer,Blue,Less than $40K,40,5,2
819647358,38,M,2,Unknown,Single,2,Attrited Customer,Blue,$60K - $80K,33,2,3
819684183,46,F,3,Graduate,Single,3,Existing Customer,Blue,$40K - $60K,41,4,5
819688458,44,F,5,Graduate,Unknown,2,Attrited Customer,Blue,Less than $40K,39,6,3
819690933,56,M,1,Graduate,Unknown,1,Existing Customer,Blue,$80K - $120K,51,2,3
819700533,50,M,0,High School,Single,3,Existing Customer,Silver,$120K +,45,5,2
819714408,44,F,2,Graduate,Married,3,Attrited Customer,Blue,Unknown,39,6,3
819752133,41,M,2,High School,Divorced,2,Existing Customer,Blue,$80K - $120K,36,6,2
819943458,57,F,3,Graduate,Single,3,Attrited Customer,Blue,$120K +,52,6,4
819966033,32,M,0,Graduate,Single,3,Existing Customer,Blue,Unknown,27,6,3
819969933,43,F,2,High School,Single,2,Existing Customer,Blue,$40K - $60K,38,4,2
819975183,44,F,4,College,Single,3,Existing Customer,Silver,$40K - $60K,39,2,1
819977058,46,M,2,High School,Single,2,Existing Customer,Blue,$40K - $60K,41,3,3
819979458,35,F,3,Doctorate,Unknown,2,Existing Customer,Blue,Less than $40K,30,5,2
819997983,53,M,5,Unknown,Married,0,Existing Customer,Blue,$80K - $120K,48,6,1
820020258,55,F,1,High School,Single,4,Existing Customer,Blue,$40K - $60K,46,5,3
820036533,50,M,4,Unknown,Married,3,Existing Customer,Blue,$80K - $120K,45,2,1
820044333,39,M,3,College,Divorced,2,Existing Customer,Blue,$40K - $60K,34,3,3
820047858,44,M,4,Graduate,Unknown,2,Attrited Customer,Blue,Less than $40K,39,1,4
820060758,50,F,1,College,Single,4,Existing Customer,Blue,Less than $40K,45,4,2
820075983,26,M,0,Graduate,Single,2,Existing Customer,Blue,Less than $40K,21,4,3
820085808,54,M,3,Graduate,Married,2,Existing Customer,Blue,Less than $40K,49,1,1
820108008,49,M,4,Unknown,Married,3,Existing Customer,Blue,$80K - $120K,44,2,3
820268358,48,F,4,Post-Graduate,Unknown,3,Existing Customer,Blue,Less than $40K,43,4,1
820271208,46,M,2,Graduate,Divorced,3,Existing Customer,Blue,$60K - $80K,41,2,2
820276908,42,F,4,College,Married,1,Attrited Customer,Blue,$40K - $60K,37,3,3
820282383,45,F,2,Graduate,Married,3,Attrited Customer,Blue,Less than $40K,40,6,3
820288233,26,F,0,Uneducated,Single,4,Existing Customer,Blue,Less than $40K,20,4,3
820330008,46,M,5,High School,Married,3,Existing Customer,Blue,$120K +,42,1,1
820346133,59,F,2,Uneducated,Single,2,Existing Customer,Blue,Less than $40K,54,5,1
820353558,41,F,3,High School,Married,2,Attrited Customer,Blue,$40K - $60K,36,4,1
820355433,43,M,3,Unknown,Single,1,Existing Customer,Blue,$40K - $60K,38,6,1
820383558,45,M,4,High School,Married,3,Existing Customer,Blue,$80K - $120K,40,6,2
820394733,52,M,0,College,Married,1,Existing Customer,Gold,$120K +,47,2,1
820582308,42,M,5,Uneducated,Married,2,Existing Customer,Blue,$80K - $120K,37,6,2
820584408,49,F,3,Graduate,Single,2,Existing Customer,Blue,Less than $40K,44,3,3
820587258,45,F,4,Graduate,Married,2,Existing Customer,Silver,Less than $40K,40,2,5
820593033,43,F,2,Graduate,Single,2,Existing Customer,Silver,$40K - $60K,39,3,1
820596183,58,M,2,College,Married,0,Existing Customer,Blue,$120K +,53,2,3
820599333,43,M,5,Graduate,Single,2,Existing Customer,Blue,Less than $40K,38,6,2
820622433,39,M,1,High School,Married,2,Attrited Customer,Blue,$120K +,34,4,2
820633833,64,F,1,Graduate,Single,4,Existing Customer,Blue,$40K - $60K,56,5,2
820637433,45,F,3,High School,Married,3,Existing Customer,Blue,Less than $40K,40,5,2
820639908,48,F,4,High School,Married,1,Existing Customer,Blue,Unknown,44,1,2
820648608,46,F,2,Post-Graduate,Married,3,Existing Customer,Blue,Less than $40K,41,3,1
820651908,46,F,3,Graduate,Single,4,Existing Customer,Blue,$40K - $60K,41,5,2
820657083,53,M,4,College,Single,2,Existing Customer,Silver,$80K - $120K,48,5,1
820666083,41,M,2,Graduate,Single,4,Attrited Customer,Blue,$120K +,37,5,3
820694133,60,F,0,High School,Married,3,Attrited Customer,Blue,Unknown,55,4,1
820848408,52,F,4,Uneducated,Divorced,2,Existing Customer,Blue,Unknown,48,5,5
820868508,47,M,2,College,Married,1,Existing Customer,Blue,$40K - $60K,43,3,4
820906233,45,M,2,Graduate,Married,2,Existing Customer,Blue,$40K - $60K,41,5,2
820920408,53,F,2,Graduate,Single,2,Existing Customer,Blue,Less than $40K,48,3,2
820922733,43,M,2,Graduate,Married,2,Existing Customer,Blue,$80K - $120K,38,2,1
820925433,50,F,2,Post-Graduate,Single,2,Existing Customer,Blue,Less than $40K,45,2,3
820936533,47,M,3,Graduate,Unknown,3,Existing Customer,Blue,Less than $40K,43,1,3
820981383,44,F,4,High School,Unknown,4,Existing Customer,Blue,Less than $40K,39,5,1
821149008,52,M,2,Graduate,Single,4,Attrited Customer,Blue,$80K - $120K,48,6,2
821150958,52,M,5,Graduate,Single,1,Existing Customer,Blue,$80K - $120K,47,3,1
821157183,42,F,5,Unknown,Unknown,3,Existing Customer,Blue,Less than $40K,37,5,2
821163408,41,M,3,Unknown,Married,3,Existing Customer,Blue,$80K - $120K,37,5,3
821168733,38,M,3,Graduate,Married,3,Existing Customer,Blue,$60K - $80K,34,6,3
821179233,50,M,1,Post-Graduate,Single,3,Attrited Customer,Blue,$40K - $60K,46,1,3
821241708,47,M,4,Unknown,Unknown,1,Attrited Customer,Blue,$80K - $120K,42,1,4
821296083,34,F,1,College,Married,3,Existing Customer,Blue,Less than $40K,30,3,3
821336133,50,F,2,High School,Single,2,Existing Customer,Blue,Less than $40K,46,5,3
821339433,45,F,3,Graduate,Married,2,Existing Customer,Blue,Unknown,41,5,4
821351958,40,M,4,College,Unknown,2,Existing Customer,Blue,Less than $40K,36,6,1
821356083,54,M,3,Uneducated,Married,3,Existing Customer,Blue,$40K - $60K,49,3,1
821370858,39,M,1,Graduate,Married,4,Existing Customer,Blue,$40K - $60K,35,5,3
821424483,51,F,1,High School,Single,1,Existing Customer,Blue,Less than $40K,47,4,3
821521983,51,F,3,High School,Unknown,4,Existing Customer,Blue,Unknown,46,4,1
821710308,38,M,3,Uneducated,Single,2,Attrited Customer,Blue,Less than $40K,33,5,3
821724483,48,M,4,Unknown,Single,2,Attrited Customer,Blue,$40K - $60K,43,2,3
821749608,41,M,3,Graduate,Single,3,Attrited Customer,Blue,$80K - $120K,37,3,3
821752908,53,M,2,High School,Single,2,Existing Customer,Blue,$60K - $80K,49,2,3
821755233,40,F,2,Unknown,Married,2,Existing Customer,Blue,Unknown,28,5,5
821759658,41,M,4,High School,Divorced,3,Existing Customer,Blue,$40K - $60K,37,3,2
821768658,52,M,0,Unknown,Single,5,Attrited Customer,Blue,$120K +,48,4,5
821771508,32,M,0,High School,Married,2,Existing Customer,Blue,$40K - $60K,28,5,1
821797008,49,M,5,College,Married,3,Attrited Customer,Blue,$40K - $60K,45,2,2
821813058,42,M,1,High School,Divorced,1,Existing Customer,Blue,$80K - $120K,38,4,2
821815458,48,M,3,High School,Single,1,Existing Customer,Blue,$60K - $80K,44,5,1
821836008,57,M,2,Uneducated,Unknown,4,Existing Customer,Blue,$80K - $120K,53,5,2
821837958,43,M,3,College,Unknown,1,Existing Customer,Blue,$80K - $120K,39,3,3
821872758,65,M,0,High School,Single,4,Existing Customer,Silver,Less than $40K,56,4,2
821889858,50,F,1,Doctorate,Single,3,Attrited Customer,Blue,Unknown,46,6,4
822051858,26,F,0,Graduate,Single,3,Existing Customer,Blue,Less than $40K,22,3,1
822056583,44,F,4,Graduate,Single,3,Existing Customer,Blue,$40K - $60K,40,6,5
822061683,38,M,1,Graduate,Married,4,Existing Customer,Blue,$60K - $80K,34,5,3
822063408,43,M,4,Unknown,Married,2,Existing Customer,Blue,$40K - $60K,39,5,1
822068583,48,F,4,Uneducated,Single,0,Existing Customer,Blue,Unknown,44,4,3
822084333,51,M,3,High School,Married,3,Attrited Customer,Blue,$80K - $120K,47,2,4
822112383,52,M,3,College,Married,2,Existing Customer,Blue,$60K - $80K,48,5,1
822121608,46,M,2,High School,Unknown,2,Existing Customer,Blue,$60K - $80K,42,3,3
822125283,49,M,3,Uneducated,Married,1,Existing Customer,Blue,$80K - $120K,45,2,1
822127008,50,F,1,Post-Graduate,Married,1,Existing Customer,Blue,Unknown,46,2,2
822130683,61,M,0,Graduate,Married,4,Existing Customer,Blue,$80K - $120K,56,4,2
822132858,41,M,4,Uneducated,Married,2,Attrited Customer,Blue,$80K - $120K,37,1,2
822138333,61,F,0,Graduate,Single,5,Existing Customer,Blue,$40K - $60K,56,4,3
822170733,45,F,4,College,Married,2,Attrited Customer,Blue,Less than $40K,41,6,3
822885033,31,M,1,High School,Married,3,Existing Customer,Blue,$60K - $80K,24,2,1
822893133,56,F,1,Uneducated,Divorced,2,Existing Customer,Blue,Unknown,52,6,1
822898758,44,F,5,Post-Graduate,Married,4,Existing Customer,Blue,Less than $40K,40,3,3
822902508,41,F,3,College,Married,3,Attrited Customer,Blue,$40K - $60K,37,3,3
822905058,29,F,2,Graduate,Married,2,Existing Customer,Blue,Less than $40K,25,6,3
822948708,42,F,3,Uneducated,Divorced,2,Existing Customer,Blue,Less than $40K,38,5,2
822952158,53,F,2,Graduate,Married,4,Existing Customer,Blue,Less than $40K,49,4,2
822955008,63,M,1,Graduate,Single,2,Attrited Customer,Blue,$60K - $80K,56,3,3
822959133,32,F,3,Post-Graduate,Married,3,Existing Customer,Blue,$40K - $60K,26,4,3
822961533,65,F,0,College,Divorced,3,Existing Customer,Blue,Unknown,56,5,2
822964683,51,F,1,Graduate,Single,4,Existing Customer,Blue,Less than $40K,47,6,3
822969858,61,F,0,Graduate,Married,3,Existing Customer,Blue,Unknown,56,4,1
822984108,34,F,4,High School,Single,3,Existing Customer,Blue,Less than $40K,30,4,1
823149483,52,F,1,Post-Graduate,Single,3,Existing Customer,Blue,$40K - $60K,48,1,5
823507833,44,M,4,High School,Single,2,Attrited Customer,Blue,$60K - $80K,40,4,3
823519458,44,F,3,Graduate,Married,3,Existing Customer,Blue,Less than $40K,40,1,1
823528833,50,F,1,Unknown,Single,3,Existing Customer,Blue,Less than $40K,46,4,2
823535133,45,M,2,Uneducated,Unknown,2,Existing Customer,Blue,$80K - $120K,41,6,2
823539558,39,M,3,Uneducated,Married,3,Existing Customer,Silver,Unknown,35,2,2
823548858,53,F,4,Graduate,Married,4,Attrited Customer,Blue,Unknown,49,5,5
823554783,44,F,3,College,Single,3,Existing Customer,Blue,Unknown,40,2,1
823557333,43,F,2,Uneducated,Unknown,3,Existing Customer,Blue,Less than $40K,39,5,3
823566408,44,F,3,Graduate,Married,1,Attrited Customer,Blue,Less than $40K,40,2,2
823578483,44,M,4,High School,Single,2,Existing Customer,Blue,Less than $40K,40,2,1
823590483,62,F,0,Graduate,Divorced,1,Existing Customer,Blue,Less than $40K,56,3,1
823606983,39,M,2,College,Married,2,Attrited Customer,Blue,$60K - $80K,35,4,3
823609383,43,F,4,College,Unknown,3,Existing Customer,Blue,$40K - $60K,39,4,1
823615983,54,M,2,Uneducated,Single,3,Attrited Customer,Blue,$40K - $60K,50,2,1
823621083,46,M,3,Graduate,Married,4,Existing Customer,Blue,$120K +,42,3,3
823624158,53,F,2,Doctorate,Single,2,Existing Customer,Blue,Unknown,49,3,2
823629333,42,M,4,Uneducated,Married,1,Existing Customer,Blue,$40K - $60K,38,1,4
823635033,49,F,2,High School,Married,5,Existing Customer,Blue,Less than $40K,45,6,2
823648983,58,M,1,Uneducated,Single,1,Existing Customer,Blue,$80K - $120K,54,1,3
823833483,41,M,3,Graduate,Single,2,Existing Customer,Blue,$40K - $60K,37,3,3
823837158,44,M,3,Graduate,Single,1,Existing Customer,Blue,$40K - $60K,40,1,3
823840458,47,F,1,High School,Married,2,Existing Customer,Blue,Unknown,43,4,2
823845783,53,M,2,Unknown,Married,3,Existing Customer,Blue,$120K +,49,6,2
823848183,39,F,1,Unknown,Single,3,Existing Customer,Platinum,Less than $40K,35,1,2
823863033,52,M,2,Unknown,Married,1,Existing Customer,Silver,$80K - $120K,48,6,6
823878408,39,M,4,Graduate,Married,1,Existing Customer,Blue,$80K - $120K,35,6,2
823904133,53,F,2,College,Single,4,Attrited Customer,Blue,Unknown,49,2,2
823908858,51,M,4,Unknown,Married,2,Existing Customer,Blue,$80K - $120K,47,4,3
823912308,38,F,3,Graduate,Married,0,Existing Customer,Blue,Less than $40K,34,5,1
823922208,49,M,3,Unknown,Single,1,Existing Customer,Blue,$60K - $80K,45,1,1
823928058,52,F,2,Uneducated,Married,4,Existing Customer,Blue,Less than $40K,48,3,2
823948308,48,M,4,Post-Graduate,Unknown,4,Existing Customer,Blue,$40K - $60K,44,6,2
824140908,52,M,3,Uneducated,Single,4,Attrited Customer,Blue,$120K +,48,5,3
824150733,43,M,2,High School,Married,3,Existing Customer,Silver,$80K - $120K,39,3,1
824155458,48,M,2,High School,Married,2,Existing Customer,Blue,$80K - $120K,44,5,1
824157858,58,M,3,Graduate,Married,3,Existing Customer,Blue,$80K - $120K,54,4,3
824160333,56,M,2,High School,Unknown,2,Existing Customer,Blue,$120K +,52,6,2
824163333,43,F,5,Uneducated,Single,4,Existing Customer,Blue,Less than $40K,39,3,2
824165658,38,M,2,Unknown,Married,3,Attrited Customer,Blue,$80K - $120K,34,4,1
824168808,31,F,1,College,Divorced,3,Existing Customer,Blue,Unknown,27,4,6
824172258,34,F,2,Unknown,Divorced,2,Existing Customer,Blue,Less than $40K,30,3,1
824177733,53,F,2,High School,Single,3,Existing Customer,Blue,Less than $40K,49,1,2
824192658,58,F,3,Post-Graduate,Married,3,Existing Customer,Blue,Less than $40K,54,4,2
824560758,35,F,3,Graduate,Single,4,Attrited Customer,Blue,Less than $40K,31,1,3
824667708,32,F,1,Graduate,Single,3,Existing Customer,Blue,Less than $40K,28,6,3
824761458,54,M,2,High School,Married,3,Existing Customer,Blue,$80K - $120K,50,4,2
824763783,59,F,0,College,Single,3,Existing Customer,Blue,Less than $40K,55,2,2
824770683,51,F,0,Unknown,Divorced,3,Existing Customer,Blue,Less than $40K,47,6,4
824782008,42,M,3,High School,Unknown,2,Existing Customer,Blue,$60K - $80K,38,5,1
824789283,36,M,2,High School,Single,2,Existing Customer,Blue,$40K - $60K,32,3,5
824795358,49,F,3,High School,Married,0,Existing Customer,Blue,Less than $40K,45,3,3
824799108,46,F,3,High School,Married,1,Existing Customer,Blue,$40K - $60K,42,2,2
824805858,39,F,2,Uneducated,Single,3,Existing Customer,Blue,Less than $40K,35,5,3
824807658,45,M,3,Graduate,Married,3,Existing Customer,Blue,$60K - $80K,41,6,3
824812983,42,M,3,Unknown,Unknown,1,Existing Customer,Blue,$60K - $80K,38,5,1
824816358,36,F,1,Uneducated,Single,2,Existing Customer,Blue,Less than $40K,32,2,3
824915208,44,F,3,Doctorate,Married,1,Existing Customer,Blue,Unknown,40,2,1
825368658,40,F,4,High School,Single,3,Existing Customer,Blue,Less than $40K,36,5,5
825743583,39,F,2,Graduate,Single,3,Existing Customer,Silver,Unknown,35,1,3
825753258,47,F,4,Uneducated,Married,1,Existing Customer,Blue,$60K - $80K,43,4,3
825756333,55,F,0,Uneducated,Married,1,Existing Customer,Blue,Less than $40K,51,4,3
825767658,49,M,2,Graduate,Married,1,Existing Customer,Gold,$60K - $80K,45,2,3
825785508,49,M,3,High School,Single,2,Existing Customer,Blue,$120K +,45,3,2
825811158,51,M,2,High School,Single,3,Existing Customer,Blue,Less than $40K,47,5,2
825831933,52,F,3,High School,Married,2,Existing Customer,Blue,Less than $40K,48,4,2
825838908,39,F,1,Uneducated,Single,1,Existing Customer,Blue,Less than $40K,35,1,5
825850383,53,F,2,Graduate,Unknown,3,Existing Customer,Blue,Unknown,49,4,2
825856083,39,M,1,Post-Graduate,Single,1,Existing Customer,Blue,$40K - $60K,35,5,1
826061508,49,F,4,Uneducated,Unknown,1,Existing Customer,Blue,Less than $40K,45,1,3
826065258,35,F,2,Unknown,Divorced,2,Existing Customer,Blue,Unknown,31,2,2
826068183,36,M,1,Graduate,Married,3,Existing Customer,Blue,$80K - $120K,32,4,4
826069983,46,F,4,Graduate,Single,3,Existing Customer,Blue,Unknown,42,4,0
826077033,46,F,2,Unknown,Married,4,Attrited Customer,Blue,Less than $40K,42,1,0
826079508,48,F,2,Unknown,Unknown,3,Existing Customer,Blue,$60K - $80K,44,4,3
826130133,58,M,2,Graduate,Married,4,Attrited Customer,Blue,$120K +,54,6,2
826136283,38,F,3,High School,Married,2,Existing Customer,Blue,Less than $40K,34,3,3
826148883,45,M,2,Graduate,Married,1,Existing Customer,Blue,$120K +,41,4,3
826150608,44,M,4,Uneducated,Unknown,2,Existing Customer,Silver,$40K - $60K,40,1,1
826168083,49,F,4,Unknown,Divorced,3,Existing Customer,Blue,Less than $40K,45,3,3
826245858,50,M,2,Graduate,Single,6,Attrited Customer,Silver,$80K - $120K,40,3,4
826261008,48,F,3,Graduate,Unknown,2,Attrited Customer,Blue,Less than $40K,44,3,3
826266483,39,F,2,College,Single,2,Existing Customer,Blue,Unknown,35,6,2
826401858,36,F,0,Uneducated,Divorced,3,Attrited Customer,Blue,Less than $40K,32,3,2
826410708,40,F,4,Unknown,Married,3,Existing Customer,Blue,$60K - $80K,36,3,2
826414083,47,M,4,Unknown,Married,4,Existing Customer,Blue,$40K - $60K,43,4,3
826417233,35,F,4,College,Unknown,4,Existing Customer,Blue,Less than $40K,31,3,3
826421958,46,F,1,High School,Married,1,Attrited Customer,Blue,Less than $40K,42,5,4
826451433,42,M,4,Graduate,Single,3,Existing Customer,Silver,$80K - $120K,38,2,1
826467333,57,M,1,High School,Single,3,Existing Customer,Blue,$80K - $120K,53,4,1
826471458,42,M,3,Graduate,Married,3,Attrited Customer,Blue,Less than $40K,38,2,3
826473858,44,M,1,College,Single,2,Existing Customer,Blue,$40K - $60K,40,6,1
826477083,48,F,2,College,Married,3,Existing Customer,Blue,Less than $40K,44,5,1
826478958,52,M,1,College,Married,3,Existing Customer,Blue,$80K - $120K,48,4,3
826480308,53,M,3,Graduate,Unknown,1,Existing Customer,Blue,$80K - $120K,49,5,2
826490133,42,F,4,Uneducated,Divorced,2,Existing Customer,Blue,Unknown,38,6,3
826513233,54,F,3,Unknown,Married,2,Existing Customer,Blue,Less than $40K,50,6,2
826548708,50,M,2,Graduate,Single,2,Existing Customer,Blue,$80K - $120K,46,2,3
826706208,55,M,3,Graduate,Single,3,Existing Customer,Blue,$80K - $120K,51,6,2
826709658,45,F,3,Graduate,Divorced,3,Attrited Customer,Blue,$40K - $60K,41,1,3
826717533,42,M,3,Graduate,Unknown,1,Existing Customer,Blue,$80K - $120K,38,6,1
826723308,58,M,3,College,Married,4,Existing Customer,Blue,$120K +,54,5,1
826762908,52,M,3,High School,Married,0,Existing Customer,Blue,$80K - $120K,48,3,2
826775058,43,F,3,Uneducated,Married,2,Existing Customer,Blue,Less than $40K,39,4,1
826780683,NULL,M,3,Graduate,Married,2,Existing Customer,Blue,$60K - $80K,36,6,2
826783233,57,F,3,High School,Unknown,2,Existing Customer,Blue,Less than $40K,53,1,3
826808208,60,F,0,High School,Unknown,2,Existing Customer,Blue,$40K - $60K,56,3,5
827049558,47,M,2,Graduate,Unknown,2,Existing Customer,Blue,$80K - $120K,43,3,2
827051808,44,F,0,College,Married,2,Attrited Customer,Blue,Less than $40K,40,5,4
827055333,43,M,3,Graduate,Single,5,Existing Customer,Blue,$40K - $60K,39,5,3
827062158,58,M,2,High School,Single,2,Existing Customer,Blue,$80K - $120K,54,6,3
827074758,42,F,3,Uneducated,Single,4,Existing Customer,Blue,Less than $40K,38,4,1
827100333,49,F,3,High School,Married,2,Existing Customer,Blue,Less than $40K,45,3,3
827108583,55,M,3,High School,Single,3,Existing Customer,Blue,$120K +,51,3,1
827111283,45,M,3,Graduate,Unknown,2,Existing Customer,Blue,$80K - $120K,41,2,2
827114058,46,M,4,Post-Graduate,Married,1,Existing Customer,Blue,$60K - $80K,42,6,2
827117808,45,M,1,Graduate,Married,2,Attrited Customer,Blue,$60K - $80K,41,2,3
827123883,53,M,4,High School,Single,2,Existing Customer,Blue,$60K - $80K,49,5,1
827318958,49,F,4,Unknown,Married,2,Existing Customer,Blue,Less than $40K,45,5,3
827332983,46,M,3,High School,Single,2,Existing Customer,Gold,$80K - $120K,42,3,2
827341383,38,M,3,Graduate,Single,2,Existing Customer,Blue,Less than $40K,34,5,3
827360883,47,F,3,High School,Married,2,Existing Customer,Blue,Unknown,43,4,3
827408058,44,F,3,Graduate,Married,2,Existing Customer,Blue,Less than $40K,40,6,2
827423433,41,F,4,Graduate,Divorced,4,Existing Customer,Blue,Less than $40K,37,5,1
827436483,48,M,1,Graduate,Married,3,Existing Customer,Blue,$80K - $120K,44,6,1
827440458,48,F,4,College,Married,3,Attrited Customer,Blue,$80K - $120K,44,2,3
827442858,56,M,3,High School,Divorced,1,Attrited Customer,Blue,$80K - $120K,52,2,3
827451333,54,F,2,Uneducated,Married,3,Attrited Customer,Blue,Less than $40K,50,3,6
827476983,56,F,2,College,Single,1,Attrited Customer,Blue,Less than $40K,52,3,5
827619933,48,M,2,Uneducated,Single,2,Existing Customer,Blue,$40K - $60K,44,3,1
827628408,40,F,4,Graduate,Married,2,Existing Customer,Blue,$80K - $120K,36,3,3
827631483,57,M,1,High School,Married,4,Existing Customer,Blue,$80K - $120K,53,3,2
827635083,59,F,0,Graduate,Unknown,3,Attrited Customer,Blue,Unknown,55,4,3
827643858,45,F,2,Unknown,Unknown,2,Existing Customer,Blue,Less than $40K,41,6,2
827683383,48,F,3,Uneducated,Married,1,Existing Customer,Blue,Less than $40K,44,3,2
827691858,46,F,3,College,Single,4,Existing Customer,Blue,Less than $40K,42,3,2
827695683,40,M,3,Uneducated,Married,5,Existing Customer,Blue,$120K +,36,4,2
827703258,42,M,4,High School,Married,2,Existing Customer,Blue,$60K - $80K,38,2,2
827712108,42,F,5,Graduate,Married,2,Existing Customer,Blue,Less than $40K,38,5,1
827888433,43,M,4,Uneducated,Single,2,Existing Customer,Blue,$40K - $60K,39,5,2
827890758,39,F,1,Uneducated,Single,0,Existing Customer,Blue,Less than $40K,35,5,3
827898033,54,F,1,Uneducated,Married,3,Attrited Customer,Blue,Unknown,50,4,0
827901183,51,F,2,Graduate,Married,1,Existing Customer,Blue,Less than $40K,47,2,2
827904183,40,M,4,Uneducated,Married,2,Existing Customer,Blue,$120K +,36,2,2
827948133,47,M,3,Graduate,Single,4,Existing Customer,Blue,Less than $40K,43,4,2
827953683,41,M,2,Graduate,Married,1,Existing Customer,Blue,$60K - $80K,37,1,2
827964858,58,F,1,Uneducated,Divorced,3,Attrited Customer,Blue,Unknown,54,3,5
827968383,43,F,3,High School,Unknown,2,Existing Customer,Blue,Less than $40K,39,5,3
827970933,46,F,4,Graduate,Married,0,Existing Customer,Blue,Less than $40K,42,4,2
827984658,49,M,3,Post-Graduate,Married,4,Attrited Customer,Blue,$80K - $120K,45,3,0
828215508,55,F,2,Graduate,Unknown,3,Attrited Customer,Blue,Less than $40K,50,4,4
828227433,50,M,2,High School,Single,4,Existing Customer,Blue,$60K - $80K,46,6,2
828236133,49,M,2,Graduate,Married,0,Attrited Customer,Blue,$40K - $60K,45,4,2
828281733,43,M,4,Unknown,Married,3,Existing Customer,Blue,$120K +,39,3,3
828285858,41,F,3,College,Married,2,Existing Customer,Blue,Less than $40K,37,3,1
828288333,50,M,0,Uneducated,Married,3,Existing Customer,Blue,$60K - $80K,46,4,1
828291858,38,M,3,College,Single,4,Existing Customer,Blue,$60K - $80K,34,6,3
828294933,49,F,3,High School,Married,3,Attrited Customer,Blue,Less than $40K,45,3,2
828298908,54,M,4,Graduate,Married,0,Existing Customer,Blue,$120K +,50,4,2
828343083,43,F,4,High School,Unknown,3,Existing Customer,Blue,Less than $40K,39,3,3
708082083,45,F,3,High School,Married,3,Existing Customer,Blue,Less than $40K,36,4,3
708083283,58,M,0,Unknown,Single,3,Attrited Customer,Blue,$40K - $60K,45,3,1
708084558,46,M,3,Doctorate,Divorced,3,Attrited Customer,Blue,$80K - $120K,38,6,3
708085458,34,F,2,Uneducated,Single,2,Existing Customer,Blue,Less than $40K,24,6,2
708086958,49,F,2,Uneducated,Married,2,Existing Customer,Blue,Unknown,41,3,5
708095133,43,M,4,Unknown,Married,2,Existing Customer,Blue,$120K +,34,5,2
708098133,32,F,0,Graduate,Married,0,Existing Customer,Blue,Less than $40K,19,6,1
708099183,37,F,2,High School,Single,2,Existing Customer,Blue,Less than $40K,36,4,2
708100533,55,F,3,College,Single,3,Existing Customer,Blue,Less than $40K,36,3,3
708103608,52,M,1,High School,Single,1,Existing Customer,Blue,$60K - $80K,45,1,5
708104658,46,M,1,Graduate,Unknown,2,Attrited Customer,Blue,$40K - $60K,36,4,3
708108333,47,F,3,Graduate,Married,1,Attrited Customer,Blue,Unknown,36,3,3
708112008,56,M,2,Graduate,Married,3,Existing Customer,Blue,$80K - $120K,36,4,2
708113208,53,F,1,High School,Married,2,Existing Customer,Blue,Less than $40K,36,3,2
708117933,44,F,2,Graduate,Divorced,3,Attrited Customer,Blue,Less than $40K,36,3,2
708119658,49,F,4,Graduate,Married,1,Existing Customer,Blue,$40K - $60K,38,4,2
708121908,48,M,4,Unknown,Married,2,Attrited Customer,Blue,$80K - $120K,36,2,3
708123033,41,F,3,Graduate,Single,1,Existing Customer,Silver,Less than $40K,30,2,1
708125733,46,F,2,College,Divorced,1,Existing Customer,Blue,Less than $40K,36,4,3
708128733,50,F,3,Post-Graduate,Single,3,Existing Customer,Blue,Unknown,36,5,4
708129933,45,F,4,Graduate,Single,2,Existing Customer,Blue,Less than $40K,36,5,3
708132783,47,F,3,Uneducated,Married,2,Existing Customer,Blue,Unknown,42,6,2
708134283,35,M,2,Uneducated,Married,3,Existing Customer,Blue,Less than $40K,36,4,3
708136908,62,F,0,Graduate,Married,2,Existing Customer,Blue,Less than $40K,53,5,2
708139833,40,M,3,Graduate,Unknown,3,Attrited Customer,Blue,$60K - $80K,30,4,2
708145908,61,F,0,Graduate,Married,0,Existing Customer,Blue,$40K - $60K,50,3,3
708147108,26,M,0,Graduate,Divorced,3,Existing Customer,Blue,Unknown,36,6,1
708148158,39,F,4,Unknown,Married,2,Existing Customer,Blue,Unknown,21,2,3
708151008,49,F,4,Graduate,Married,2,Existing Customer,Blue,$40K - $60K,41,5,1
708152358,54,M,1,Post-Graduate,Unknown,2,Attrited Customer,Blue,$80K - $120K,36,1,3
708153558,46,M,5,Doctorate,Unknown,2,Existing Customer,Blue,$120K +,31,1,2
708154833,39,F,2,Graduate,Single,3,Existing Customer,Blue,Less than $40K,27,1,3
708155733,53,M,2,High School,Single,2,Existing Customer,Blue,$120K +,44,4,2
708158133,45,M,3,College,Married,2,Attrited Customer,Blue,$80K - $120K,36,3,2
708160008,44,M,1,Uneducated,Married,3,Existing Customer,Blue,$120K +,33,2,2
708161133,45,M,1,Graduate,Married,2,Existing Customer,Blue,$40K - $60K,32,5,1
708162558,64,M,0,Uneducated,Married,2,Existing Customer,Blue,Unknown,54,6,1
708163758,41,M,3,Unknown,Married,3,Existing Customer,Blue,$120K +,33,2,4
708170508,38,M,2,Graduate,Married,2,Attrited Customer,Blue,$60K - $80K,36,2,3
708171858,33,F,3,Post-Graduate,Married,3,Existing Customer,Blue,$40K - $60K,28,5,2
708173433,26,F,1,Unknown,Married,4,Existing Customer,Blue,$40K - $60K,14,4,2
708174708,38,M,4,Graduate,Married,4,Existing Customer,Blue,$40K - $60K,27,6,2
708176208,48,F,1,Graduate,Married,1,Existing Customer,Blue,$40K - $60K,36,4,4
708177333,51,F,2,High School,Married,0,Existing Customer,Silver,Less than $40K,36,5,3
708178608,31,F,0,Graduate,Married,2,Existing Customer,Blue,Unknown,36,4,2
708185208,27,M,0,Graduate,Single,2,Attrited Customer,Blue,$40K - $60K,16,4,1
708186933,33,M,1,Graduate,Single,2,Existing Customer,Blue,$60K - $80K,36,4,3
708190158,38,M,3,High School,Single,0,Attrited Customer,Blue,Less than $40K,26,2,3
708193008,41,M,4,Uneducated,Unknown,4,Existing Customer,Blue,$80K - $120K,30,3,3
708195633,40,M,2,High School,Unknown,3,Existing Customer,Silver,$80K - $120K,32,5,2
708197358,57,M,2,Uneducated,Unknown,3,Attrited Customer,Blue,$80K - $120K,48,4,1
708204033,36,F,5,Unknown,Single,1,Existing Customer,Blue,Less than $40K,24,3,1
708205083,38,F,1,High School,Married,3,Existing Customer,Blue,Less than $40K,28,6,4
708207783,50,F,3,High School,Married,2,Existing Customer,Blue,Less than $40K,42,1,3
708208758,53,F,1,Graduate,Single,2,Existing Customer,Blue,$80K - $120K,45,6,3
708211383,35,F,3,Graduate,Single,3,Existing Customer,Blue,Less than $40K,27,3,3
708212658,38,F,3,Graduate,Married,2,Attrited Customer,Blue,Less than $40K,18,6,3
708216108,56,F,1,College,Married,4,Existing Customer,Blue,$40K - $60K,44,5,1
708217758,63,M,2,Graduate,Married,3,Attrited Customer,Blue,$60K - $80K,49,5,2
708219108,49,M,3,College,Divorced,3,Existing Customer,Blue,$80K - $120K,38,2,3
708219858,39,M,2,Graduate,Single,2,Existing Customer,Blue,$40K - $60K,26,6,3
708222558,37,F,2,Post-Graduate,Married,3,Attrited Customer,Blue,Less than $40K,36,6,2
708223383,47,F,3,High School,Married,4,Attrited Customer,Blue,Unknown,39,6,3
708224133,61,M,0,Uneducated,Married,3,Existing Customer,Blue,$40K - $60K,49,1,2
708225483,47,M,4,Graduate,Married,4,Existing Customer,Blue,$80K - $120K,36,3,2
708226833,53,M,1,High School,Married,3,Existing Customer,Gold,$120K +,44,1,6
708229308,49,M,2,Unknown,Married,2,Attrited Customer,Blue,Less than $40K,41,5,2
708231183,30,M,1,Uneducated,Divorced,4,Existing Customer,Blue,Unknown,22,5,3
708234558,55,F,2,College,Divorced,1,Existing Customer,Blue,Less than $40K,43,5,2
708238833,57,F,3,High School,Married,3,Existing Customer,Blue,Less than $40K,36,6,2
708241233,52,F,3,Post-Graduate,Single,2,Attrited Customer,Blue,Less than $40K,47,3,3
708242283,29,M,1,College,Single,2,Existing Customer,Blue,$60K - $80K,36,5,3
708243483,53,M,3,College,Married,5,Existing Customer,Blue,$120K +,43,4,2
708244458,47,F,2,Unknown,Married,2,Existing Customer,Blue,Less than $40K,35,3,3
708245808,35,M,3,Graduate,Married,4,Existing Customer,Blue,$60K - $80K,36,4,1
708248358,42,M,4,Graduate,Unknown,3,Existing Customer,Silver,$60K - $80K,30,3,1
708249708,48,M,1,Doctorate,Married,3,Existing Customer,Blue,Less than $40K,39,3,3
708252108,64,M,0,College,Single,2,Existing Customer,Blue,$40K - $60K,53,6,3
708253458,59,F,1,Unknown,Single,3,Existing Customer,Blue,Unknown,48,4,2
708254733,41,F,4,Post-Graduate,Single,1,Existing Customer,Blue,Less than $40K,36,5,4
708255633,36,M,1,Graduate,Single,4,Existing Customer,Blue,$80K - $120K,27,3,2
708260208,43,F,5,Uneducated,Single,2,Attrited Customer,Blue,Less than $40K,36,4,3
708266883,34,F,2,Graduate,Single,3,Attrited Customer,Blue,Less than $40K,36,1,2
708267858,65,F,0,High School,Married,3,Existing Customer,Blue,$40K - $60K,36,5,2
708269583,42,F,3,Uneducated,Divorced,4,Existing Customer,Blue,Less than $40K,28,6,2
708271833,42,M,3,Graduate,Single,3,Existing Customer,Silver,$40K - $60K,36,3,2
708272808,45,M,5,Graduate,Single,1,Existing Customer,Blue,Less than $40K,36,4,2
708273858,40,M,3,Graduate,Divorced,1,Existing Customer,Blue,$120K +,30,3,2
708276183,52,F,3,Post-Graduate,Married,1,Attrited Customer,Blue,Less than $40K,45,2,4
708281433,57,F,2,Graduate,Married,3,Existing Customer,Blue,Less than $40K,36,5,1
708285108,42,M,4,Graduate,Single,2,Existing Customer,Blue,$40K - $60K,36,1,1
708286683,57,M,2,Uneducated,Unknown,1,Existing Customer,Blue,$80K - $120K,43,6,3
708288108,43,M,4,Post-Graduate,Unknown,3,Attrited Customer,Blue,$80K - $120K,30,2,5
708290208,43,F,3,High School,Married,4,Existing Customer,Silver,Less than $40K,31,3,3
708291633,33,M,2,Doctorate,Unknown,3,Existing Customer,Blue,Unknown,21,3,3
708292833,35,M,2,High School,Single,3,Existing Customer,Blue,$120K +,36,4,2
708295533,65,M,0,Post-Graduate,Married,2,Existing Customer,Blue,Less than $40K,56,5,3
708296883,44,F,3,Graduate,Single,0,Existing Customer,Blue,$40K - $60K,38,3,1
708298233,49,F,3,Graduate,Married,1,Attrited Customer,Blue,Less than $40K,37,4,2
708300483,66,M,0,Doctorate,Married,3,Attrited Customer,Blue,Unknown,56,5,4
708301683,40,M,2,Uneducated,Married,3,Existing Customer,Blue,$80K - $120K,30,6,2
708303108,50,F,2,Graduate,Married,0,Existing Customer,Blue,Less than $40K,42,5,3
708307533,42,M,2,Uneducated,Married,3,Existing Customer,Blue,$60K - $80K,30,1,2
708313608,53,M,3,Unknown,Unknown,0,Existing Customer,Blue,$80K - $120K,43,5,3
708314808,53,F,2,College,Married,3,Existing Customer,Blue,Unknown,41,5,1
708316008,59,M,1,Graduate,Single,3,Attrited Customer,Blue,Unknown,36,3,2
708319908,37,M,3,Graduate,Single,2,Attrited Customer,Blue,$80K - $120K,17,1,1
708323208,49,F,3,Uneducated,Married,4,Existing Customer,Blue,Less than $40K,36,4,2
708324483,47,M,4,Unknown,Unknown,4,Existing Customer,Blue,Less than $40K,39,3,3
708330858,57,M,3,Graduate,Married,3,Attrited Customer,Blue,$120K +,38,2,3
708331758,47,F,2,Uneducated,Divorced,4,Existing Customer,Silver,Unknown,35,3,1
708332808,47,M,2,Uneducated,Married,2,Attrited Customer,Blue,$40K - $60K,39,2,2
708334158,46,F,3,Graduate,Divorced,4,Existing Customer,Blue,Less than $40K,34,4,2
708337683,51,M,2,Uneducated,Single,2,Existing Customer,Blue,$60K - $80K,40,4,2
708338958,58,F,1,Graduate,Single,1,Existing Customer,Blue,Less than $40K,36,5,1
708340758,41,M,4,High School,Married,3,Attrited Customer,Blue,Less than $40K,32,2,3
708341958,31,F,1,College,Divorced,3,Existing Customer,Blue,Less than $40K,21,2,2
708344358,53,M,3,High School,Married,3,Existing Customer,Blue,Unknown,45,5,1
708347583,37,F,4,Uneducated,Married,4,Attrited Customer,Blue,Less than $40K,36,4,1
708354858,51,M,2,Unknown,Single,2,Existing Customer,Blue,$120K +,42,2,4
708355683,46,F,4,Graduate,Married,3,Existing Customer,Blue,Unknown,38,3,2
708357183,47,M,3,Unknown,Unknown,3,Existing Customer,Blue,Less than $40K,38,4,2
708358683,46,M,2,Graduate,Unknown,2,Existing Customer,Silver,$80K - $120K,35,6,3
708360108,50,M,1,College,Single,1,Existing Customer,Blue,$40K - $60K,41,3,1
708361833,44,M,4,Graduate,Unknown,3,Existing Customer,Blue,$80K - $120K,36,3,2
708367908,56,F,1,Uneducated,Married,2,Existing Customer,Blue,Less than $40K,47,6,1
708369633,34,F,3,Graduate,Married,2,Attrited Customer,Gold,Less than $40K,36,6,3
708371733,41,M,3,High School,Married,2,Existing Customer,Blue,Less than $40K,15,1,1
708373083,40,F,4,Unknown,Married,4,Attrited Customer,Blue,$40K - $60K,30,1,3
708375858,47,F,4,High School,Divorced,2,Existing Customer,Blue,Less than $40K,36,5,4
708376983,58,F,1,Unknown,Single,2,Attrited Customer,Blue,Unknown,50,5,2
708378108,39,F,1,Post-Graduate,Married,2,Existing Customer,Blue,$40K - $60K,36,5,3
708382083,49,F,5,High School,Married,2,Existing Customer,Blue,$80K - $120K,36,6,2
708384033,45,F,3,Uneducated,Married,3,Attrited Customer,Blue,Less than $40K,35,3,3
708385533,49,F,1,Graduate,Married,3,Attrited Customer,Silver,Less than $40K,36,2,3
708386958,47,F,3,Unknown,Married,2,Attrited Customer,Blue,Less than $40K,34,3,3
708387933,49,F,2,Post-Graduate,Married,2,Existing Customer,Blue,Less than $40K,37,2,1
708390633,52,F,3,Graduate,Married,3,Existing Customer,Blue,Less than $40K,44,5,5
708393633,41,F,0,High School,Married,4,Existing Customer,Blue,Less than $40K,31,4,2
708394908,44,M,0,High School,Single,3,Existing Customer,Blue,$40K - $60K,33,5,1
708396033,45,F,2,Uneducated,Married,2,Existing Customer,Blue,Less than $40K,27,1,2
708397008,54,F,4,Graduate,Married,3,Existing Customer,Blue,Unknown,43,3,2
708398283,37,F,1,Graduate,Married,2,Existing Customer,Blue,$40K - $60K,29,5,2
708399858,45,F,3,High School,Married,1,Existing Customer,Blue,Less than $40K,35,2,2
708402333,48,F,2,Doctorate,Married,0,Existing Customer,Blue,Unknown,37,6,2
708403308,37,M,3,Unknown,Single,3,Existing Customer,Silver,$40K - $60K,24,3,1
708404883,45,F,2,High School,Single,4,Existing Customer,Blue,Unknown,37,4,2
708406083,35,F,0,Unknown,Married,1,Existing Customer,Blue,Less than $40K,24,5,3
708412758,33,F,3,Graduate,Married,3,Attrited Customer,Blue,Less than $40K,36,5,2
708414033,50,M,4,Graduate,Married,3,Existing Customer,Blue,$40K - $60K,38,6,3
708416433,41,F,1,High School,Single,2,Attrited Customer,Blue,Less than $40K,36,4,3
708419733,47,M,3,College,Married,2,Attrited Customer,Blue,$60K - $80K,39,5,3
708421833,45,F,4,Graduate,Single,2,Existing Customer,Blue,Less than $40K,36,6,3
708423933,51,M,2,Doctorate,Single,0,Existing Customer,Blue,$40K - $60K,40,3,2
708426483,56,F,2,Graduate,Single,1,Existing Customer,Blue,Less than $40K,36,4,6
708427908,52,F,4,College,Unknown,1,Existing Customer,Blue,Less than $40K,39,6,3
708428958,39,M,2,Unknown,Single,2,Existing Customer,Gold,$80K - $120K,33,1,3
708431433,41,M,3,Graduate,Married,2,Existing Customer,Blue,$120K +,31,3,3
708433683,54,M,2,Graduate,Married,3,Existing Customer,Blue,$80K - $120K,37,3,2
708434733,56,M,1,Graduate,Married,3,Existing Customer,Blue,$60K - $80K,50,6,3
708438033,36,F,2,Unknown,Married,4,Attrited Customer,Blue,Less than $40K,27,3,3
708442158,51,F,1,College,Married,4,Existing Customer,Blue,Unknown,38,3,2
708445608,48,M,3,College,Married,3,Existing Customer,Blue,Less than $40K,37,4,3
708446808,33,M,1,Post-Graduate,Married,2,Existing Customer,Blue,$80K - $120K,36,4,3
708447858,59,F,2,Uneducated,Married,2,Existing Customer,Blue,Less than $40K,36,6,3
708450033,43,F,3,High School,Unknown,1,Existing Customer,Blue,Less than $40K,13,6,2
708451233,46,M,3,Graduate,Unknown,4,Existing Customer,Blue,Less than $40K,36,5,3
708453408,40,M,4,College,Divorced,3,Existing Customer,Blue,$80K - $120K,31,6,2
708455883,57,M,1,Graduate,Single,2,Attrited Customer,Blue,$80K - $120K,36,2,3
708459633,38,M,2,High School,Married,3,Existing Customer,Blue,$60K - $80K,26,4,1
708462258,51,F,1,High School,Married,2,Existing Customer,Blue,Less than $40K,38,1,1
708469533,42,F,3,Unknown,Married,2,Existing Customer,Blue,Unknown,34,6,3
708472008,44,F,3,Uneducated,Married,3,Existing Customer,Blue,Less than $40K,36,2,3
708473133,55,F,1,Graduate,Married,3,Existing Customer,Blue,Less than $40K,45,4,2
708474333,42,M,3,Graduate,Married,1,Existing Customer,Blue,$60K - $80K,29,3,3
708476808,54,M,4,Unknown,Divorced,2,Existing Customer,Blue,$120K +,36,6,3
708478233,48,F,3,Graduate,Married,2,Existing Customer,Blue,$40K - $60K,36,4,2
708480333,65,M,0,Unknown,Single,3,Existing Customer,Blue,$40K - $60K,36,5,2
708482658,41,M,3,Graduate,Married,2,Existing Customer,Blue,$80K - $120K,31,3,2
708483708,51,M,2,Unknown,Married,2,Existing Customer,Blue,$120K +,36,5,3
708486033,55,F,3,Post-Graduate,Married,3,Existing Customer,Blue,Unknown,36,3,2
708488208,57,F,3,Uneducated,Married,3,Existing Customer,Blue,Less than $40K,47,5,3
708489258,40,F,3,Graduate,Married,3,Existing Customer,Blue,Less than $40K,27,5,3
708491508,51,M,2,Unknown,Single,2,Existing Customer,Blue,$60K - $80K,42,3,3
708492558,42,M,3,Unknown,Married,3,Existing Customer,Blue,$60K - $80K,36,5,3
708494583,49,M,3,Uneducated,Married,3,Existing Customer,Blue,Less than $40K,36,4,1
708496833,60,M,1,High School,Single,5,Attrited Customer,Blue,Less than $40K,50,4,4
708498033,44,F,3,Unknown,Unknown,6,Existing Customer,Blue,Less than $40K,36,3,4
708499608,49,M,5,Post-Graduate,Single,2,Existing Customer,Silver,$40K - $60K,36,6,1
708500883,48,M,2,Uneducated,Single,2,Existing Customer,Silver,$40K - $60K,40,2,3
708501783,43,M,2,High School,Married,4,Attrited Customer,Blue,$120K +,36,6,2
708502908,61,M,2,High School,Married,3,Existing Customer,Silver,$60K - $80K,48,5,2
708504783,47,F,3,Uneducated,Unknown,3,Existing Customer,Blue,$40K - $60K,36,3,3
708506508,54,M,3,High School,Married,2,Existing Customer,Blue,$120K +,43,5,3
708507483,43,F,3,College,Divorced,3,Existing Customer,Blue,Less than $40K,31,6,4
708508758,62,F,0,Graduate,Married,3,Attrited Customer,Blue,Less than $40K,49,2,3
708510858,60,F,1,Uneducated,Single,2,Existing Customer,Blue,Less than $40K,47,1,3
708511983,37,F,3,Graduate,Married,2,Existing Customer,Blue,$80K - $120K,18,5,3
708513183,39,M,1,Uneducated,Married,2,Existing Customer,Blue,$40K - $60K,29,4,2
708514383,38,F,2,College,Married,0,Existing Customer,Blue,Unknown,29,2,1
708515358,40,F,1,High School,Married,2,Existing Customer,Blue,Less than $40K,36,6,3
708516558,37,F,2,High School,Married,1,Existing Customer,Blue,Less than $40K,36,3,2
708519108,46,M,1,Graduate,Married,2,Attrited Customer,Blue,Unknown,24,3,3
708522033,50,M,2,College,Married,1,Existing Customer,Blue,$60K - $80K,36,2,2
708525108,54,F,2,Graduate,Married,3,Existing Customer,Blue,Unknown,47,4,3
708528483,43,F,4,Graduate,Married,2,Existing Customer,Blue,Unknown,23,6,3
708532308,37,M,2,Uneducated,Single,2,Existing Customer,Blue,$60K - $80K,36,4,2
708534033,45,F,3,Graduate,Single,2,Existing Customer,Blue,$40K - $60K,36,5,2
708535158,39,M,2,Post-Graduate,Unknown,3,Existing Customer,Blue,$80K - $120K,29,1,1
708536283,35,M,1,Doctorate,Single,2,Attrited Customer,Blue,$80K - $120K,27,3,2
708538608,50,M,4,College,Married,3,Existing Customer,Blue,Unknown,36,6,4
708539583,44,M,3,Unknown,Married,3,Existing Customer,Blue,Unknown,25,6,1
708542283,58,F,1,Doctorate,Married,4,Existing Customer,Blue,Less than $40K,47,5,3
708543258,36,M,3,High School,Married,2,Existing Customer,Blue,$80K - $120K,36,5,3
708545058,45,F,2,Graduate,Single,3,Existing Customer,Blue,$40K - $60K,36,5,4
708549033,50,F,1,High School,Married,3,Existing Customer,Blue,Less than $40K,32,4,1
708551508,51,F,2,College,Single,2,Existing Customer,Blue,Less than $40K,37,4,4
708553008,38,F,1,High School,Single,3,Existing Customer,Blue,$40K - $60K,36,1,2
708555633,32,F,1,High School,Single,1,Existing Customer,Blue,Less than $40K,16,2,3
708557358,43,M,2,College,Married,3,Existing Customer,Blue,$60K - $80K,28,4,2
708558408,50,M,3,High School,Unknown,3,Existing Customer,Blue,$40K - $60K,31,5,3
708559533,40,M,1,Uneducated,Married,2,Existing Customer,Blue,$80K - $120K,36,6,3
708560733,42,F,3,Graduate,Divorced,3,Existing Customer,Blue,Less than $40K,36,5,2
708563433,65,F,0,High School,Single,3,Attrited Customer,Blue,Unknown,56,3,6
708564858,33,M,2,College,Married,4,Attrited Customer,Gold,$120K +,20,2,1
708568983,40,M,3,High School,Married,1,Existing Customer,Blue,$60K - $80K,28,2,3
708572658,49,M,5,Graduate,Married,2,Existing Customer,Silver,$60K - $80K,38,1,1
708573933,45,F,2,Unknown,Single,3,Attrited Customer,Silver,Less than $40K,36,2,2
708575058,46,F,3,Uneducated,Divorced,2,Attrited Customer,Blue,$40K - $60K,39,2,3
708577308,43,F,1,Unknown,Divorced,3,Existing Customer,Blue,Less than $40K,36,4,2
708579633,40,M,4,Unknown,Married,2,Existing Customer,Gold,$40K - $60K,28,4,2
708580908,56,M,3,High School,Married,3,Existing Customer,Blue,$60K - $80K,37,3,3
708582858,38,M,3,Graduate,Single,4,Existing Customer,Blue,$60K - $80K,25,3,3
708584208,36,F,2,Graduate,Unknown,4,Attrited Customer,Blue,Less than $40K,36,5,2
708585933,44,F,4,High School,Single,3,Existing Customer,Blue,Less than $40K,36,6,2
708588408,53,M,3,Uneducated,Single,2,Existing Customer,Blue,$60K - $80K,36,6,2
708590658,65,M,1,Unknown,Married,2,Existing Customer,Blue,Unknown,53,5,3
708593883,39,M,2,College,Married,4,Existing Customer,Blue,$60K - $80K,26,3,1
708595158,27,F,0,Graduate,Single,2,Existing Customer,Blue,Less than $40K,36,6,1
708596283,35,F,3,Uneducated,Single,2,Existing Customer,Blue,Less than $40K,23,3,2
708597558,42,M,3,High School,Single,3,Existing Customer,Blue,$60K - $80K,36,4,4
708600033,46,M,2,Graduate,Married,1,Existing Customer,Blue,$40K - $60K,39,4,3
708602283,40,F,4,Uneducated,Married,1,Existing Customer,Blue,Unknown,36,3,3
708606633,56,F,3,Graduate,Married,4,Attrited Customer,Blue,$40K - $60K,44,6,3
708611733,42,F,1,College,Married,3,Existing Customer,Blue,Unknown,33,4,4
708614058,56,F,2,Graduate,Divorced,4,Existing Customer,Blue,Less than $40K,45,4,2
708615183,44,M,2,Unknown,Married,4,Existing Customer,Blue,$60K - $80K,34,4,4
708618933,34,M,2,Uneducated,Single,2,Existing Customer,Blue,$120K +,13,6,3
708620283,35,M,1,Unknown,Single,2,Existing Customer,Blue,$60K - $80K,25,6,3
708621408,39,F,1,Unknown,Single,1,Existing Customer,Blue,Less than $40K,28,3,2
708623283,35,F,2,Uneducated,Single,2,Existing Customer,Blue,$60K - $80K,16,6,3
708626058,49,F,2,Uneducated,Married,4,Existing Customer,Blue,Less than $40K,34,6,2
708633783,43,M,3,Uneducated,Single,4,Attrited Customer,Blue,$80K - $120K,30,3,2
708635058,53,M,0,High School,Single,1,Existing Customer,Blue,Less than $40K,44,4,1
708637758,49,F,3,Graduate,Single,4,Existing Customer,Blue,Unknown,37,4,3
708642708,40,F,2,Uneducated,Married,3,Attrited Customer,Blue,Unknown,36,3,2
708644208,39,F,2,Graduate,Single,4,Existing Customer,Blue,$40K - $60K,34,5,2
708646233,44,F,1,Unknown,Divorced,1,Existing Customer,Blue,Unknown,36,3,2
708649683,51,M,2,High School,Single,2,Existing Customer,Blue,$60K - $80K,42,1,3
708651933,56,M,2,Graduate,Married,2,Existing Customer,Blue,$60K - $80K,44,3,1
708652908,47,F,5,Uneducated,Married,1,Existing Customer,Blue,Less than $40K,36,1,6
708653958,38,M,3,College,Married,2,Attrited Customer,Blue,$60K - $80K,36,5,2
708654933,51,F,2,Doctorate,Married,3,Attrited Customer,Platinum,Less than $40K,42,3,2
708655983,49,F,3,High School,Divorced,2,Existing Customer,Blue,Unknown,40,3,3
708657033,60,F,2,College,Single,2,Existing Customer,Blue,Less than $40K,54,5,3
708660408,40,F,1,College,Married,4,Attrited Customer,Blue,$40K - $60K,36,4,2
708662583,41,M,3,Unknown,Married,4,Attrited Customer,Silver,$60K - $80K,29,1,3
708664008,57,M,3,College,Married,4,Existing Customer,Blue,$80K - $120K,45,6,3
708665133,40,M,2,Graduate,Married,3,Existing Customer,Blue,$80K - $120K,28,6,2
708666258,43,M,4,Unknown,Married,0,Existing Customer,Blue,$40K - $60K,36,5,3
708668283,39,M,2,Graduate,Married,2,Existing Customer,Blue,$80K - $120K,22,5,4
708669408,54,M,5,College,Single,3,Existing Customer,Blue,$60K - $80K,45,6,1
708670608,48,F,5,Uneducated,Married,3,Existing Customer,Blue,Unknown,36,4,2
708671733,48,M,4,Graduate,Married,3,Existing Customer,Blue,$60K - $80K,36,2,3
708672708,49,M,4,High School,Unknown,3,Attrited Customer,Blue,$80K - $120K,31,2,3
708679383,44,F,2,Unknown,Unknown,3,Existing Customer,Blue,Less than $40K,32,5,1
708680583,53,F,1,Graduate,Married,2,Existing Customer,Blue,$40K - $60K,36,4,1
708681708,51,F,2,Unknown,Single,2,Attrited Customer,Blue,Less than $40K,43,5,3
708682908,43,F,4,Unknown,Single,1,Existing Customer,Blue,Unknown,28,2,2
708684108,46,F,4,Graduate,Married,1,Attrited Customer,Blue,$40K - $60K,34,5,3
708687483,54,F,4,Graduate,Single,3,Attrited Customer,Silver,Less than $40K,36,3,2
708688608,62,F,1,High School,Married,1,Existing Customer,Blue,Less than $40K,48,5,3
708689958,48,F,4,Unknown,Unknown,2,Existing Customer,Blue,Less than $40K,36,4,3
708692583,44,M,2,High School,Single,3,Attrited Customer,Blue,Less than $40K,31,3,3
708693558,50,F,3,High School,Married,2,Existing Customer,Silver,Less than $40K,38,3,2
708694983,55,F,1,Uneducated,Married,1,Existing Customer,Blue,Less than $40K,36,1,2
708697983,56,M,0,High School,Unknown,2,Existing Customer,Blue,$120K +,49,2,2
708699108,39,F,2,High School,Single,3,Existing Customer,Blue,Less than $40K,36,4,3
708701358,39,F,2,Uneducated,Married,3,Existing Customer,Blue,Less than $40K,36,3,2
708702258,40,F,3,Uneducated,Single,2,Attrited Customer,Blue,Unknown,36,3,2
708703308,35,F,1,Unknown,Married,4,Existing Customer,Blue,$40K - $60K,26,6,4
708704433,36,F,3,High School,Single,4,Existing Customer,Blue,Unknown,23,6,3
708705783,47,M,3,Doctorate,Married,1,Attrited Customer,Blue,$60K - $80K,36,6,3
708706833,39,F,3,Uneducated,Divorced,3,Attrited Customer,Blue,Unknown,36,4,3
708707808,57,M,2,Graduate,Unknown,2,Existing Customer,Blue,$60K - $80K,45,4,1
708708858,50,M,1,Graduate,Single,4,Attrited Customer,Blue,Less than $40K,36,1,3
708710283,45,M,5,Doctorate,Married,4,Existing Customer,Silver,$120K +,36,6,1
708711483,57,M,2,Unknown,Married,0,Existing Customer,Blue,$80K - $120K,46,2,3
708712833,45,F,5,Graduate,Married,2,Existing Customer,Blue,Less than $40K,36,4,1
708714108,42,F,3,High School,Single,3,Existing Customer,Silver,Less than $40K,31,5,2
708720558,44,M,3,College,Married,0,Existing Customer,Blue,$60K - $80K,30,5,2
708721533,56,F,1,Graduate,Married,2,Existing Customer,Blue,Less than $40K,36,2,1
708722583,39,F,4,Uneducated,Single,1,Existing Customer,Blue,Less than $40K,36,5,3
708723858,48,F,4,Graduate,Married,3,Existing Customer,Blue,Less than $40K,37,1,1
708724908,47,F,2,High School,Single,3,Existing Customer,Blue,Less than $40K,35,4,2
708726708,42,F,3,Graduate,Single,3,Attrited Customer,Blue,$40K - $60K,36,6,2
708727983,62,M,0,Uneducated,Unknown,3,Existing Customer,Blue,$60K - $80K,36,6,1
708731658,53,F,0,High School,Married,4,Attrited Customer,Blue,Less than $40K,41,3,3
708733983,50,F,1,Doctorate,Unknown,2,Attrited Customer,Blue,$40K - $60K,36,6,3
708735183,35,F,2,High School,Married,3,Existing Customer,Blue,Less than $40K,22,4,3
708736608,40,M,3,Graduate,Married,2,Attrited Customer,Blue,$120K +,27,5,3
708740808,45,M,4,Graduate,Married,4,Existing Customer,Blue,$40K - $60K,36,5,3
708741633,52,M,4,High School,Married,4,Existing Customer,Blue,$60K - $80K,44,6,3
708744933,35,M,2,High School,Married,4,Existing Customer,Blue,$60K - $80K,36,4,2
708745983,37,M,2,Unknown,Married,2,Existing Customer,Blue,$40K - $60K,36,4,2
708747708,43,M,3,Graduate,Married,2,Attrited Customer,Blue,$80K - $120K,33,4,1
708748833,37,F,3,Graduate,Single,3,Existing Customer,Blue,$40K - $60K,25,2,2
708753633,45,F,3,Doctorate,Married,1,Existing Customer,Blue,$40K - $60K,32,2,1
708754833,48,F,3,Uneducated,Single,4,Existing Customer,Blue,Unknown,40,3,4
708757233,44,F,2,High School,Married,3,Existing Customer,Blue,Less than $40K,32,4,2
708758658,49,M,4,Graduate,Married,1,Existing Customer,Blue,$80K - $120K,39,5,1
708759408,48,F,3,Uneducated,Married,2,Attrited Customer,Blue,$40K - $60K,39,6,3
708760458,47,M,1,High School,Single,4,Existing Customer,Blue,$80K - $120K,36,4,3
708761733,52,F,3,High School,Married,2,Existing Customer,Blue,Unknown,36,2,2
708765933,46,M,2,Post-Graduate,Married,2,Existing Customer,Blue,$60K - $80K,36,3,2
708768258,51,F,4,Doctorate,Married,2,Existing Customer,Blue,Less than $40K,43,6,1
708770883,43,M,2,Uneducated,Married,2,Existing Customer,Blue,$80K - $120K,24,2,2
708772308,41,M,3,Uneducated,Married,3,Attrited Customer,Blue,$80K - $120K,24,4,3
708773583,52,F,3,Graduate,Unknown,0,Existing Customer,Blue,$40K - $60K,45,5,2
708774708,47,F,4,Graduate,Unknown,3,Attrited Customer,Blue,$40K - $60K,29,6,1
708776658,54,M,2,Unknown,Married,2,Existing Customer,Blue,$80K - $120K,43,6,3
708780783,43,F,3,Graduate,Married,3,Existing Customer,Blue,$40K - $60K,33,4,3
708784083,47,M,3,Uneducated,Single,1,Existing Customer,Blue,Less than $40K,36,5,2
708784908,47,F,3,Graduate,Unknown,4,Existing Customer,Blue,Unknown,34,5,1
708788583,64,F,1,College,Unknown,2,Attrited Customer,Blue,Less than $40K,56,3,1
708790833,42,M,5,Uneducated,Unknown,2,Existing Customer,Blue,$120K +,31,5,3
708793008,46,M,3,Doctorate,Divorced,3,Attrited Customer,Blue,$80K - $120K,35,5,3
708794133,46,M,4,High School,Unknown,4,Existing Customer,Blue,Less than $40K,37,3,1
708796458,30,F,2,Graduate,Single,4,Existing Customer,Blue,Less than $40K,18,3,1
708797583,49,F,4,Unknown,Single,3,Attrited Customer,Blue,Unknown,31,6,3
708798483,37,M,3,Unknown,Single,2,Attrited Customer,Blue,Unknown,24,2,3
708799983,40,M,1,Post-Graduate,Married,4,Existing Customer,Blue,$60K - $80K,36,6,3
708801108,57,F,3,Uneducated,Unknown,3,Attrited Customer,Blue,Less than $40K,51,3,0
708804633,44,F,2,Doctorate,Divorced,2,Attrited Customer,Blue,Less than $40K,36,1,2
708805908,30,M,2,Graduate,Unknown,3,Attrited Customer,Silver,Less than $40K,18,1,1
708807483,51,F,3,Graduate,Married,3,Existing Customer,Blue,$40K - $60K,45,5,2
708809283,41,F,4,Graduate,Divorced,1,Attrited Customer,Blue,$40K - $60K,33,1,3
708811233,37,M,2,Graduate,Married,1,Existing Customer,Blue,$80K - $120K,27,4,2
708812133,49,F,3,Graduate,Married,0,Existing Customer,Blue,Unknown,39,5,3
708813033,47,M,1,Graduate,Single,0,Existing Customer,Blue,$40K - $60K,36,5,3
708816408,41,M,4,Uneducated,Unknown,3,Existing Customer,Blue,$80K - $120K,32,4,6
708817608,41,F,3,High School,Married,1,Existing Customer,Blue,Unknown,24,3,1
708818508,36,M,1,Unknown,Married,2,Existing Customer,Blue,Less than $40K,26,5,2
708820308,47,M,3,Post-Graduate,Unknown,2,Existing Customer,Blue,$80K - $120K,36,6,2
708821733,43,F,3,Unknown,Single,4,Attrited Customer,Silver,$40K - $60K,36,2,3
708822783,53,M,2,High School,Single,1,Existing Customer,Blue,Less than $40K,36,4,3
708823908,41,M,3,Graduate,Single,3,Existing Customer,Blue,$60K - $80K,28,4,1
708824958,50,F,4,High School,Single,2,Existing Customer,Blue,Less than $40K,42,2,1
708826158,45,F,4,Uneducated,Divorced,1,Existing Customer,Blue,$40K - $60K,27,2,2
708828258,55,M,2,College,Married,3,Existing Customer,Blue,$120K +,37,5,2
708829758,41,M,2,High School,Married,2,Existing Customer,Blue,$60K - $80K,36,4,3
708831858,43,F,3,Uneducated,Married,4,Attrited Customer,Blue,Less than $40K,30,1,3
708833133,40,F,3,Graduate,Divorced,2,Existing Customer,Blue,Less than $40K,29,5,2
708834483,46,M,2,Doctorate,Married,5,Attrited Customer,Blue,$80K - $120K,29,1,2
708837858,44,F,4,Doctorate,Unknown,2,Existing Customer,Blue,Less than $40K,34,5,2
708838908,49,F,3,Unknown,Single,4,Existing Customer,Blue,$40K - $60K,42,4,3
708841233,41,M,2,College,Married,3,Attrited Customer,Blue,$80K - $120K,33,2,3
708846183,48,M,4,College,Single,2,Existing Customer,Blue,$60K - $80K,30,4,2
708848208,52,M,3,Uneducated,Single,2,Existing Customer,Blue,$80K - $120K,40,6,3
708849858,44,M,3,Doctorate,Single,5,Existing Customer,Blue,$120K +,35,4,1
708856983,36,M,3,Post-Graduate,Married,2,Attrited Customer,Blue,$120K +,27,2,1
708859158,47,F,4,Graduate,Single,1,Existing Customer,Blue,$40K - $60K,37,4,1
708860358,38,M,3,High School,Married,3,Existing Customer,Blue,$80K - $120K,22,4,2
708862233,44,F,4,Graduate,Married,3,Existing Customer,Blue,$40K - $60K,30,3,3
708863733,35,F,3,Unknown,Single,3,Existing Customer,Gold,$40K - $60K,19,1,1
708864708,46,M,3,College,Unknown,2,Existing Customer,Blue,$80K - $120K,36,4,2
708866133,43,M,3,Graduate,Married,2,Attrited Customer,Blue,$80K - $120K,32,2,1
708867408,52,M,2,High School,Married,2,Attrited Customer,Blue,$60K - $80K,40,3,4
708868233,68,M,0,High School,Married,2,Attrited Customer,Blue,Less than $40K,52,1,3
708869283,50,M,4,High School,Married,3,Existing Customer,Blue,$80K - $120K,41,6,3
708870408,53,M,4,Unknown,Single,1,Existing Customer,Blue,Less than $40K,43,6,3
708871158,60,M,1,Graduate,Single,4,Existing Customer,Silver,$60K - $80K,42,4,3
708873183,47,F,2,Post-Graduate,Married,2,Existing Customer,Blue,$60K - $80K,39,1,3
708874533,45,F,2,College,Married,2,Attrited Customer,Blue,Less than $40K,36,1,3
708876183,51,M,1,High School,Single,2,Existing Customer,Silver,$60K - $80K,43,2,3
708877458,50,F,3,Uneducated,Married,3,Existing Customer,Blue,Unknown,34,2,3
708878508,45,F,3,High School,Married,3,Existing Customer,Blue,Less than $40K,37,4,1
708879483,48,F,1,College,Divorced,0,Existing Customer,Blue,Less than $40K,36,6,3
708880683,49,M,5,College,Married,4,Existing Customer,Blue,$40K - $60K,40,4,3
708881583,50,M,2,Uneducated,Married,1,Existing Customer,Blue,$40K - $60K,43,1,3
708884658,48,F,2,Graduate,Married,1,Existing Customer,Blue,Less than $40K,31,5,1
708885558,56,F,1,High School,Unknown,2,Attrited Customer,Blue,Less than $40K,48,1,5
708886533,50,M,1,Graduate,Single,3,Existing Customer,Blue,$120K +,41,4,1
708887433,65,M,0,Graduate,Single,3,Existing Customer,Blue,Less than $40K,56,6,1
708888633,52,M,3,Doctorate,Married,3,Attrited Customer,Blue,$80K - $120K,36,2,3
708890133,46,F,4,College,Married,2,Existing Customer,Blue,Unknown,35,2,2
708890958,55,M,3,Graduate,Single,2,Existing Customer,Blue,$120K +,42,3,3
708892833,37,M,2,Graduate,Married,4,Attrited Customer,Blue,$120K +,30,2,4
708894183,53,M,3,College,Single,2,Existing Customer,Silver,$120K +,44,4,4
708895158,46,M,2,Unknown,Married,3,Existing Customer,Blue,$80K - $120K,34,3,3
708897408,46,M,3,College,Married,3,Existing Customer,Blue,$60K - $80K,36,4,2
708899283,40,F,3,Uneducated,Single,3,Existing Customer,Blue,Unknown,28,3,3
708900408,52,F,1,Graduate,Divorced,4,Existing Customer,Blue,Unknown,35,3,2
708902883,55,M,2,Graduate,Single,2,Existing Customer,Blue,$120K +,36,5,2
708905733,45,M,5,Uneducated,Single,1,Existing Customer,Blue,$60K - $80K,32,1,2
708907833,38,F,1,High School,Married,2,Existing Customer,Blue,Unknown,27,2,2
708908883,37,F,2,Graduate,Divorced,2,Existing Customer,Silver,Less than $40K,32,1,3
708911508,50,F,2,Unknown,Married,2,Existing Customer,Blue,Less than $40K,39,3,3
708913233,37,M,1,High School,Married,2,Existing Customer,Blue,$40K - $60K,28,3,4
708916083,49,F,0,Doctorate,Unknown,3,Attrited Customer,Blue,Less than $40K,37,5,2
708917133,48,M,3,High School,Single,4,Existing Customer,Blue,$80K - $120K,35,3,3
708918558,37,F,2,Graduate,Married,2,Attrited Customer,Blue,$40K - $60K,36,5,3
708923658,41,F,3,Unknown,Unknown,2,Existing Customer,Blue,Less than $40K,28,3,2
708924783,43,M,3,Graduate,Married,0,Existing Customer,Blue,$80K - $120K,36,4,1
708927108,53,M,2,Graduate,Married,2,Attrited Customer,Blue,$120K +,36,1,3
708928008,34,F,2,High School,Single,1,Existing Customer,Blue,$40K - $60K,36,2,3
708928908,39,F,1,Graduate,Single,3,Existing Customer,Blue,Less than $40K,23,4,3
708931908,48,M,3,High School,Single,3,Existing Customer,Blue,$40K - $60K,36,3,2
708937608,37,M,4,High School,Married,2,Existing Customer,Blue,Less than $40K,18,4,1
708938508,63,M,1,High School,Married,2,Existing Customer,Blue,$40K - $60K,36,5,3
708942408,46,F,3,Uneducated,Single,2,Existing Customer,Blue,$40K - $60K,36,3,2
708944958,47,M,2,Uneducated,Single,4,Existing Customer,Blue,$60K - $80K,40,5,2
708946008,46,F,3,College,Married,2,Attrited Customer,Blue,Less than $40K,36,5,2
708947208,36,M,2,Graduate,Single,1,Existing Customer,Blue,$80K - $120K,17,4,3
708948483,54,M,3,Graduate,Married,1,Attrited Customer,Silver,$80K - $120K,36,2,3
708949908,50,M,1,Graduate,Divorced,2,Attrited Customer,Blue,$120K +,42,1,3
708952758,41,F,3,College,Married,2,Existing Customer,Blue,Less than $40K,35,2,1
708953883,53,M,2,Unknown,Married,1,Attrited Customer,Blue,$80K - $120K,36,2,2
708957183,48,M,0,Unknown,Divorced,0,Existing Customer,Blue,$40K - $60K,36,3,1
708959583,47,M,2,High School,Married,2,Existing Customer,Blue,$60K - $80K,39,1,2
708960858,40,F,4,High School,Married,3,Existing Customer,Blue,$80K - $120K,21,3,2
708963258,46,M,3,College,Married,2,Attrited Customer,Blue,$60K - $80K,39,3,3
708964683,48,F,4,College,Unknown,1,Attrited Customer,Blue,Unknown,36,3,2
708967608,NULL,F,1,Graduate,Single,2,Existing Customer,Blue,Less than $40K,45,3,1
708968733,47,M,3,Uneducated,Married,2,Existing Customer,Blue,$80K - $120K,38,1,3
708969633,42,M,4,Uneducated,Unknown,1,Existing Customer,Blue,$80K - $120K,36,6,5
708971583,38,F,2,Uneducated,Single,2,Existing Customer,Blue,Less than $40K,29,3,3
708972783,48,F,4,College,Married,3,Attrited Customer,Blue,Less than $40K,37,3,2
708974283,50,M,4,Graduate,Married,1,Existing Customer,Blue,$60K - $80K,34,5,1
708976908,40,M,3,Post-Graduate,Single,3,Attrited Customer,Blue,$80K - $120K,36,4,4
708980283,34,M,3,High School,Married,4,Existing Customer,Blue,$80K - $120K,23,5,1
708982158,48,F,2,Graduate,Single,3,Existing Customer,Blue,Less than $40K,36,2,2
708983658,51,M,2,Uneducated,Single,1,Attrited Customer,Blue,$120K +,39,3,3
708989358,37,F,2,Unknown,Married,1,Existing Customer,Blue,Less than $40K,18,3,3
708992733,50,F,0,High School,Married,2,Existing Customer,Blue,Less than $40K,36,4,3
708995283,50,F,1,Graduate,Unknown,3,Existing Customer,Blue,Unknown,36,1,1
708996708,55,M,1,Graduate,Single,1,Existing Customer,Blue,$80K - $120K,46,3,1
708997833,49,M,4,Doctorate,Single,1,Existing Customer,Blue,$40K - $60K,39,5,3
708998583,47,M,4,Post-Graduate,Unknown,2,Existing Customer,Blue,Less than $40K,39,6,2
709000008,45,M,3,Unknown,Single,2,Existing Customer,Blue,$80K - $120K,37,6,2
709005633,62,M,0,High School,Single,4,Attrited Customer,Blue,$60K - $80K,51,3,2
709007883,37,M,2,Graduate,Married,3,Existing Customer,Blue,Less than $40K,28,2,2
709008708,47,M,3,College,Married,2,Existing Customer,Blue,Less than $40K,34,2,1
709009833,54,M,3,Graduate,Unknown,3,Existing Customer,Blue,$40K - $60K,44,3,3
709012083,39,M,1,Uneducated,Married,4,Existing Customer,Blue,Less than $40K,28,3,3
709013208,40,F,2,Uneducated,Single,1,Existing Customer,Blue,$80K - $120K,36,2,2
709014558,49,M,2,Uneducated,Married,2,Existing Customer,Blue,$60K - $80K,42,3,3
709015833,42,M,2,Graduate,Single,2,Attrited Customer,Silver,$60K - $80K,36,3,3
709017258,51,F,2,Unknown,Married,2,Attrited Customer,Blue,Less than $40K,36,1,2
709019283,47,M,1,College,Married,1,Existing Customer,Blue,$80K - $120K,39,2,3
709022883,44,F,4,College,Married,2,Existing Customer,Blue,Less than $40K,36,6,3
709025583,53,M,3,High School,Married,3,Attrited Customer,Blue,$80K - $120K,36,3,3
709028208,44,F,2,Graduate,Married,2,Attrited Customer,Blue,Unknown,37,6,3
709029408,NULL,M,4,Graduate,Married,2,Existing Customer,Blue,$60K - $80K,36,4,1
709035708,38,F,0,Unknown,Married,3,Existing Customer,Blue,Less than $40K,36,4,2
709039533,43,F,3,Unknown,Unknown,4,Existing Customer,Blue,Less than $40K,24,6,1
709040508,57,M,4,Uneducated,Married,2,Existing Customer,Blue,$120K +,38,6,6
709042908,51,F,1,College,Married,1,Existing Customer,Blue,$40K - $60K,44,4,2
709044183,47,F,3,Unknown,Married,3,Existing Customer,Blue,Unknown,27,1,3
709045683,42,F,3,Uneducated,Married,1,Existing Customer,Blue,Unknown,30,3,2
709046958,46,M,2,Unknown,Married,1,Existing Customer,Silver,$60K - $80K,39,2,1
709051533,46,F,1,Graduate,Married,0,Existing Customer,Blue,$40K - $60K,26,6,3
709052883,47,F,4,High School,Single,1,Existing Customer,Blue,$40K - $60K,36,3,1
709054083,50,F,1,Graduate,Unknown,3,Existing Customer,Blue,Less than $40K,32,6,1
709056558,43,F,3,College,Married,2,Existing Customer,Blue,$40K - $60K,31,5,3
709058808,56,F,2,College,Married,2,Existing Customer,Blue,Less than $40K,36,6,1
709061658,44,F,1,Graduate,Single,3,Existing Customer,Blue,Less than $40K,31,2,2
709064208,43,F,2,Uneducated,Single,6,Attrited Customer,Blue,Less than $40K,32,4,3
709065483,40,F,3,College,Divorced,3,Existing Customer,Blue,$40K - $60K,28,2,2
709066983,50,M,4,High School,Married,2,Existing Customer,Blue,$120K +,41,2,2
709068183,53,M,4,College,Married,3,Existing Customer,Blue,$60K - $80K,42,3,3
709071408,56,F,5,Graduate,Single,1,Existing Customer,Blue,$40K - $60K,37,4,2
709074108,36,M,2,College,Married,5,Existing Customer,Blue,$60K - $80K,24,5,2
709075533,41,M,5,Uneducated,Single,3,Attrited Customer,Blue,$80K - $120K,32,4,3
709077933,26,F,0,High School,Married,2,Existing Customer,Blue,Less than $40K,18,5,3
709078908,48,F,3,High School,Single,3,Existing Customer,Blue,Less than $40K,32,1,2
709079883,45,M,4,Doctorate,Married,3,Attrited Customer,Blue,Less than $40K,36,5,3
709080783,56,F,1,Graduate,Unknown,3,Existing Customer,Blue,Less than $40K,38,4,1
709081683,65,M,1,High School,Single,3,Existing Customer,Blue,Less than $40K,54,3,1
709082808,53,F,2,High School,Married,2,Existing Customer,Blue,Less than $40K,36,2,3
709085358,36,M,1,Graduate,Single,4,Attrited Customer,Blue,$60K - $80K,36,3,3
709086933,40,F,3,College,Single,4,Existing Customer,Blue,Less than $40K,22,4,2
709087983,35,F,3,Doctorate,Single,3,Existing Customer,Blue,Less than $40K,27,2,2
709094358,51,M,1,Graduate,Single,3,Existing Customer,Blue,Less than $40K,41,4,2
709096908,57,M,2,Graduate,Married,1,Existing Customer,Blue,$120K +,49,6,3
709098108,45,M,4,Graduate,Married,2,Existing Customer,Blue,Unknown,35,4,2
709100283,36,F,2,High School,Single,2,Attrited Customer,Blue,Unknown,26,3,2
709101258,41,F,2,High School,Divorced,2,Attrited Customer,Blue,Less than $40K,28,4,2
709102458,47,M,2,High School,Single,5,Attrited Customer,Blue,$80K - $120K,36,4,3
709103358,39,F,2,College,Single,3,Existing Customer,Blue,Less than $40K,36,6,3
709104333,50,M,5,Post-Graduate,Married,4,Existing Customer,Silver,$120K +,36,5,2
709106358,40,M,3,Uneducated,Married,0,Attrited Customer,Blue,$60K - $80K,21,5,1
709108533,49,M,4,Graduate,Married,3,Existing Customer,Blue,$80K - $120K,29,2,2
709110633,41,M,1,Graduate,Married,3,Existing Customer,Blue,$80K - $120K,29,5,1
709112508,42,F,3,College,Single,4,Attrited Customer,Blue,Less than $40K,36,3,3
709117533,42,M,3,High School,Single,1,Existing Customer,Blue,$80K - $120K,36,4,3
709120008,43,M,2,High School,Unknown,2,Existing Customer,Blue,$60K - $80K,36,4,3
709121283,54,M,3,Uneducated,Married,2,Existing Customer,Blue,Less than $40K,36,3,3
709122483,56,F,3,Graduate,Married,0,Existing Customer,Blue,$60K - $80K,37,3,3
709123908,43,F,2,Graduate,Married,2,Existing Customer,Blue,$40K - $60K,36,2,3
709124883,49,M,3,College,Married,2,Existing Customer,Blue,$80K - $120K,37,5,1
709126833,42,M,3,College,Unknown,1,Existing Customer,Blue,$120K +,36,3,2
709127808,48,M,3,Post-Graduate,Divorced,1,Existing Customer,Blue,$60K - $80K,35,5,2
709131033,65,F,0,Graduate,Unknown,4,Attrited Customer,Blue,Unknown,36,3,3
709134333,45,F,2,Graduate,Unknown,3,Attrited Customer,Blue,Less than $40K,28,6,2
709137558,52,M,0,Uneducated,Unknown,4,Existing Customer,Blue,$80K - $120K,36,6,4
709140858,57,F,2,College,Single,1,Existing Customer,Blue,Less than $40K,47,1,3
709141908,53,M,2,Graduate,Married,1,Existing Customer,Blue,$80K - $120K,41,2,3
709143183,52,M,2,Doctorate,Married,4,Attrited Customer,Blue,$40K - $60K,43,3,2
709145958,43,F,3,Unknown,Married,2,Attrited Customer,Blue,Less than $40K,36,2,2
709149408,36,M,2,Uneducated,Married,4,Existing Customer,Blue,$60K - $80K,36,5,3
709150608,30,F,0,Unknown,Married,4,Existing Customer,Blue,Less than $40K,19,5,1
709153008,37,M,3,High School,Married,3,Existing Customer,Blue,$40K - $60K,36,3,3
709157133,39,M,1,Unknown,Divorced,3,Existing Customer,Blue,$80K - $120K,34,6,1
709158333,44,M,4,Graduate,Unknown,1,Existing Customer,Blue,$60K - $80K,28,2,2
709159308,42,F,4,High School,Single,3,Existing Customer,Blue,Less than $40K,30,3,1
709161108,NULL,M,1,Unknown,Married,4,Attrited Customer,Blue,$60K - $80K,33,3,2
709163358,41,M,5,Unknown,Single,4,Attrited Customer,Gold,$60K - $80K,32,2,3
709164408,32,M,1,Uneducated,Married,3,Attrited Customer,Blue,Less than $40K,23,1,3
709165533,47,M,3,Doctorate,Unknown,2,Existing Customer,Blue,$120K +,41,6,2
709166883,39,F,3,Uneducated,Single,1,Existing Customer,Blue,Unknown,27,6,2
709169133,35,F,1,High School,Married,1,Existing Customer,Blue,Unknown,23,3,3
709170108,60,F,1,Unknown,Single,4,Attrited Customer,Blue,$40K - $60K,41,3,2
709171308,30,M,1,High School,Married,3,Existing Customer,Blue,$60K - $80K,16,1,3
709173108,54,F,4,Graduate,Married,2,Attrited Customer,Blue,Unknown,40,6,2
709175208,50,F,4,Uneducated,Single,2,Existing Customer,Blue,Less than $40K,43,4,3
709176108,56,F,4,Post-Graduate,Unknown,3,Existing Customer,Blue,Less than $40K,49,5,3
709178733,50,F,2,Post-Graduate,Married,3,Attrited Customer,Blue,$40K - $60K,36,3,2
709179708,40,M,2,Graduate,Divorced,2,Existing Customer,Blue,$60K - $80K,36,3,1
709183683,31,F,0,Uneducated,Single,0,Existing Customer,Blue,Less than $40K,36,4,2
709185108,38,M,3,High School,Married,2,Attrited Customer,Blue,$60K - $80K,26,5,4
709186983,49,M,4,Uneducated,Married,1,Existing Customer,Blue,$80K - $120K,40,3,1
709188108,45,M,2,Graduate,Single,2,Existing Customer,Silver,$60K - $80K,33,4,2
709192233,50,F,2,Unknown,Married,1,Attrited Customer,Blue,Unknown,39,3,2
709198158,50,F,4,Graduate,Single,0,Existing Customer,Blue,Less than $40K,36,6,2
709199358,60,M,1,Uneducated,Married,4,Attrited Customer,Blue,Less than $40K,36,1,3
709200633,55,F,1,Graduate,Single,3,Existing Customer,Blue,Unknown,49,1,4
709204158,36,F,2,Post-Graduate,Single,4,Existing Customer,Blue,Less than $40K,24,5,2
709206333,44,F,4,Graduate,Single,4,Attrited Customer,Blue,$40K - $60K,30,3,4
709207458,44,F,3,Graduate,Married,3,Existing Customer,Blue,$40K - $60K,27,4,2
709208808,50,F,1,Uneducated,Married,1,Existing Customer,Blue,Less than $40K,36,5,2
709210833,48,F,2,Doctorate,Married,2,Existing Customer,Blue,$40K - $60K,36,1,2
709212183,53,F,2,Graduate,Married,3,Existing Customer,Blue,Less than $40K,36,6,1
709213458,42,M,3,High School,Married,2,Attrited Customer,Blue,$80K - $120K,36,1,3
709214358,39,F,3,Graduate,Unknown,2,Existing Customer,Blue,Unknown,30,3,3
709215708,49,M,2,Post-Graduate,Unknown,5,Existing Customer,Blue,$60K - $80K,36,4,2
709216533,52,M,2,College,Married,4,Existing Customer,Blue,$80K - $120K,36,6,3
709217358,40,M,3,Post-Graduate,Married,2,Existing Customer,Blue,$80K - $120K,36,5,3
709219533,53,M,3,High School,Married,0,Existing Customer,Blue,$60K - $80K,41,3,1
709220583,34,M,3,Graduate,Divorced,2,Existing Customer,Blue,$80K - $120K,21,6,4
709222008,41,M,3,Unknown,Married,4,Attrited Customer,Blue,$80K - $120K,32,1,3
709224033,53,M,4,Uneducated,Single,2,Attrited Customer,Blue,$60K - $80K,43,1,3
709224858,53,M,2,Post-Graduate,Married,2,Existing Customer,Blue,$80K - $120K,36,5,1
709225758,48,M,3,Post-Graduate,Married,3,Existing Customer,Blue,Unknown,37,2,1
709227033,53,M,3,Graduate,Single,3,Existing Customer,Blue,$80K - $120K,46,5,2
709229358,46,F,5,Uneducated,Single,4,Existing Customer,Blue,Less than $40K,38,6,1
709230708,56,M,4,Uneducated,Unknown,2,Existing Customer,Blue,Less than $40K,36,3,2
709231683,36,F,2,Graduate,Unknown,3,Existing Customer,Blue,$40K - $60K,23,6,2
709232808,44,F,3,Unknown,Divorced,2,Attrited Customer,Blue,$40K - $60K,34,2,3
709235058,46,M,4,College,Married,2,Existing Customer,Silver,$40K - $60K,36,3,2
709236633,40,F,3,Uneducated,Divorced,3,Existing Customer,Blue,$40K - $60K,28,3,1
709238358,51,F,0,Uneducated,Married,2,Existing Customer,Blue,Unknown,39,1,3
709239483,49,F,1,Graduate,Married,1,Existing Customer,Blue,$40K - $60K,36,5,3
709243533,49,F,2,Unknown,Single,2,Existing Customer,Blue,Less than $40K,41,5,3
709245783,44,F,3,Graduate,Married,1,Existing Customer,Blue,Unknown,27,5,1
709246683,62,M,1,Unknown,Single,1,Existing Customer,Blue,Unknown,36,5,1
709247808,53,F,1,Unknown,Unknown,2,Existing Customer,Blue,Less than $40K,43,2,2
709249083,40,M,2,Unknown,Married,4,Attrited Customer,Blue,$60K - $80K,20,4,2
709250508,63,M,1,Uneducated,Single,2,Existing Customer,Blue,Less than $40K,56,3,1
709253433,50,F,2,Uneducated,Married,2,Existing Customer,Blue,$40K - $60K,41,2,1
709257708,47,F,2,High School,Single,2,Existing Customer,Blue,Less than $40K,41,1,1
709259958,53,F,1,Graduate,Married,2,Existing Customer,Blue,Less than $40K,44,1,3
709261383,56,F,3,Graduate,Married,2,Existing Customer,Blue,$40K - $60K,36,2,3
709265208,47,F,4,Graduate,Single,2,Existing Customer,Blue,Less than $40K,37,4,3
709267308,62,M,1,Graduate,Married,2,Existing Customer,Blue,$80K - $120K,49,3,1
709269708,45,M,4,Graduate,Single,1,Existing Customer,Platinum,$120K +,34,2,2
709272333,59,M,1,Uneducated,Unknown,3,Existing Customer,Blue,Less than $40K,45,6,3
709273383,54,F,0,Unknown,Married,2,Existing Customer,Blue,Unknown,36,3,1
709274583,40,M,2,High School,Married,1,Existing Customer,Blue,$120K +,27,5,3
709275558,54,M,2,Graduate,Single,2,Existing Customer,Blue,$60K - $80K,44,6,3
709276908,38,F,2,High School,Married,3,Existing Customer,Blue,$40K - $60K,25,6,2
709278258,54,M,2,Unknown,Married,2,Attrited Customer,Blue,$40K - $60K,44,4,3
709279608,45,M,4,High School,Married,3,Attrited Customer,Blue,$80K - $120K,35,5,2
709283358,43,M,4,Unknown,Married,3,Attrited Customer,Blue,Less than $40K,29,6,2
709284333,36,M,1,Uneducated,Divorced,2,Existing Customer,Blue,$120K +,28,6,3
709285683,48,M,4,Unknown,Divorced,1,Existing Customer,Blue,$60K - $80K,31,4,1
709288383,32,M,2,Graduate,Unknown,3,Existing Customer,Blue,$80K - $120K,26,5,1
709289358,46,M,3,Graduate,Unknown,2,Existing Customer,Blue,$80K - $120K,38,4,1
709296558,53,M,2,Graduate,Single,2,Existing Customer,Blue,$120K +,36,3,2
709297608,38,M,3,College,Unknown,2,Attrited Customer,Blue,$80K - $120K,26,3,3
709300458,48,M,1,Graduate,Married,3,Existing Customer,Blue,Less than $40K,43,5,3
709306983,44,F,2,Post-Graduate,Married,2,Existing Customer,Silver,Less than $40K,36,6,3
709307808,59,F,2,High School,Married,3,Attrited Customer,Blue,$40K - $60K,36,3,3
709309308,50,M,3,College,Unknown,2,Attrited Customer,Blue,$80K - $120K,37,1,3
709310433,65,M,0,Unknown,Single,2,Existing Customer,Blue,Less than $40K,56,3,2
709311633,41,M,2,Graduate,Unknown,0,Existing Customer,Silver,$60K - $80K,36,6,2
709314408,39,F,2,College,Single,1,Existing Customer,Blue,$40K - $60K,29,5,3
709315383,31,F,0,Post-Graduate,Single,1,Existing Customer,Blue,Unknown,36,3,3
709316433,52,M,2,High School,Single,4,Existing Customer,Silver,$60K - $80K,33,6,1
709319658,48,F,4,Graduate,Single,4,Attrited Customer,Platinum,Less than $40K,37,5,3
709321908,47,M,3,High School,Single,3,Attrited Customer,Blue,$80K - $120K,29,2,2
709326183,50,M,2,High School,Single,2,Existing Customer,Blue,$60K - $80K,40,6,2
709327383,45,F,2,Graduate,Unknown,2,Existing Customer,Blue,Unknown,37,6,1
709328733,49,F,2,Uneducated,Married,3,Existing Customer,Blue,Less than $40K,37,6,3
709329558,49,F,4,High School,Single,2,Attrited Customer,Gold,Less than $40K,34,4,3
709330383,37,F,1,Graduate,Single,3,Existing Customer,Silver,Less than $40K,19,4,3
709332408,44,F,1,High School,Single,3,Existing Customer,Blue,Less than $40K,36,3,3
709333608,58,F,2,High School,Unknown,2,Existing Customer,Blue,Unknown,46,6,2
709334658,39,F,2,Uneducated,Married,5,Existing Customer,Blue,Less than $40K,26,4,2
709335558,49,M,3,Uneducated,Married,3,Existing Customer,Blue,$120K +,37,6,3
709338633,56,F,1,Graduate,Single,3,Attrited Customer,Blue,$40K - $60K,37,2,4
709339758,43,M,3,Unknown,Single,3,Existing Customer,Blue,$120K +,30,4,2
709343433,39,M,2,Graduate,Single,3,Existing Customer,Blue,Less than $40K,26,5,3
709345008,53,F,2,Doctorate,Married,3,Attrited Customer,Blue,Unknown,39,1,2
709346133,55,F,2,Uneducated,Unknown,0,Existing Customer,Blue,Unknown,35,3,3
709350783,63,F,0,Unknown,Single,1,Existing Customer,Blue,Less than $40K,36,6,1
709361058,35,M,2,Graduate,Married,3,Existing Customer,Blue,$60K - $80K,24,5,1
709362033,52,F,1,Graduate,Married,3,Attrited Customer,Blue,Less than $40K,42,1,5
709363383,34,M,2,High School,Single,2,Existing Customer,Blue,Unknown,36,3,4
709364433,36,F,3,High School,Married,2,Existing Customer,Blue,Unknown,30,6,2
709365483,45,F,2,Doctorate,Divorced,3,Existing Customer,Blue,$40K - $60K,36,5,3
709366458,43,F,3,College,Married,4,Existing Customer,Blue,Less than $40K,36,3,2
709367433,28,M,1,Unknown,Single,1,Existing Customer,Blue,$40K - $60K,15,3,3
709368483,56,M,2,Graduate,Married,1,Existing Customer,Blue,$40K - $60K,45,5,2
709372608,43,M,4,Uneducated,Married,2,Existing Customer,Blue,$60K - $80K,31,1,1
709373883,37,F,5,Unknown,Married,2,Existing Customer,Silver,$40K - $60K,36,1,1
709375158,29,F,1,Unknown,Unknown,2,Existing Customer,Blue,Unknown,36,6,3
709376508,58,F,1,College,Married,2,Attrited Customer,Blue,Less than $40K,49,3,3
709379283,39,M,2,Graduate,Married,4,Existing Customer,Blue,$60K - $80K,27,3,1
709380333,57,F,1,Uneducated,Unknown,3,Existing Customer,Blue,$120K +,36,6,2
709381383,49,M,4,Graduate,Married,2,Existing Customer,Blue,$60K - $80K,36,4,6
709382958,55,M,2,Graduate,Married,4,Existing Customer,Blue,$40K - $60K,46,6,1
709383933,NULL,M,2,Unknown,Unknown,3,Attrited Customer,Blue,$80K - $120K,18,2,1
709385133,42,M,2,Doctorate,Married,5,Existing Customer,Blue,Unknown,30,4,3
709388058,43,M,4,Graduate,Single,2,Existing Customer,Blue,Less than $40K,34,2,3
709389558,33,F,4,College,Married,0,Existing Customer,Blue,Less than $40K,36,1,3
709397508,48,M,1,Uneducated,Married,1,Existing Customer,Blue,$60K - $80K,39,2,3
709398708,40,M,3,High School,Divorced,2,Existing Customer,Blue,$60K - $80K,36,3,1
709399908,34,F,2,Graduate,Single,2,Existing Customer,Blue,$40K - $60K,23,4,2
709405758,36,M,2,Graduate,Married,2,Existing Customer,Blue,$60K - $80K,28,4,3
709406733,46,M,3,Graduate,Divorced,1,Existing Customer,Blue,$80K - $120K,36,2,2
709407933,51,M,3,High School,Single,4,Existing Customer,Silver,$80K - $120K,38,5,3
709408983,54,M,2,High School,Married,3,Existing Customer,Blue,$120K +,42,3,2
709410033,56,M,2,High School,Unknown,1,Existing Customer,Blue,$80K - $120K,36,1,1
709411383,45,M,2,Uneducated,Unknown,1,Existing Customer,Blue,$40K - $60K,37,6,4
709413933,56,M,2,High School,Single,4,Attrited Customer,Blue,$40K - $60K,40,2,6
709415583,37,F,2,Unknown,Single,1,Existing Customer,Blue,Less than $40K,21,1,1
709418508,45,M,2,Graduate,Married,3,Existing Customer,Blue,$60K - $80K,35,1,2
709422183,58,F,1,Graduate,Married,2,Existing Customer,Blue,Less than $40K,46,4,2
709423158,46,M,4,Graduate,Single,0,Existing Customer,Blue,$80K - $120K,26,4,3
709426608,56,M,1,Doctorate,Married,4,Attrited Customer,Blue,$60K - $80K,46,5,2
709429533,49,F,5,Graduate,Divorced,4,Existing Customer,Blue,Unknown,35,6,3
709430508,40,M,4,High School,Unknown,3,Attrited Customer,Blue,$40K - $60K,32,1,2
709432833,53,F,1,Unknown,Married,3,Existing Customer,Blue,Less than $40K,36,2,2
709434408,42,M,3,Unknown,Married,2,Existing Customer,Blue,$40K - $60K,26,2,1
709435533,53,F,1,Unknown,Single,2,Attrited Customer,Blue,Less than $40K,41,2,3
709436883,56,F,2,Uneducated,Single,2,Existing Customer,Blue,$40K - $60K,48,6,2
709443633,38,F,1,Uneducated,Married,1,Existing Customer,Blue,Less than $40K,26,5,1
709444983,38,F,3,Uneducated,Single,3,Attrited Customer,Blue,$40K - $60K,30,3,2
709446783,46,M,4,Graduate,Single,2,Existing Customer,Blue,$60K - $80K,38,3,3
709447908,45,M,2,Graduate,Married,4,Existing Customer,Blue,$60K - $80K,33,4,3
709449333,49,M,1,High School,Single,2,Existing Customer,Blue,$60K - $80K,40,6,2
709451508,63,F,1,High School,Married,3,Attrited Customer,Blue,Unknown,50,6,1
709452633,56,F,4,High School,Single,3,Existing Customer,Blue,Less than $40K,36,3,1
709453833,48,F,4,Graduate,Married,2,Existing Customer,Blue,Unknown,40,3,2
709455108,49,F,4,Unknown,Married,1,Existing Customer,Blue,Less than $40K,33,3,2
709459608,47,F,2,Unknown,Unknown,3,Existing Customer,Blue,$40K - $60K,36,1,3
709460883,38,M,2,Doctorate,Married,4,Attrited Customer,Blue,Less than $40K,28,5,2
709465758,62,F,1,Post-Graduate,Married,3,Existing Customer,Blue,Less than $40K,53,3,1
709467183,56,M,3,Graduate,Married,2,Attrited Customer,Blue,$60K - $80K,40,3,3
709468683,64,F,0,High School,Married,2,Existing Customer,Blue,Less than $40K,56,6,2
709469658,47,M,3,Unknown,Unknown,2,Existing Customer,Blue,$80K - $120K,36,3,1
709470858,51,M,4,College,Married,1,Existing Customer,Silver,$120K +,31,5,2
709473708,39,M,3,Graduate,Married,3,Existing Customer,Blue,$80K - $120K,31,4,2
709474683,42,F,3,College,Married,3,Existing Customer,Blue,Less than $40K,13,3,2
709476033,55,M,2,Uneducated,Unknown,2,Existing Customer,Blue,$120K +,48,2,1
709477233,37,F,2,High School,Single,1,Existing Customer,Blue,Unknown,36,3,2
709479558,36,F,4,College,Single,1,Existing Customer,Blue,Less than $40K,36,3,2
709482633,43,F,4,Uneducated,Married,3,Existing Customer,Blue,$40K - $60K,31,4,1
709485033,55,F,2,High School,Married,3,Existing Customer,Blue,Less than $40K,36,4,3
709486158,33,F,3,Graduate,Married,3,Existing Customer,Blue,Less than $40K,20,5,1
709487058,51,F,2,Unknown,Unknown,3,Existing Customer,Silver,Less than $40K,36,6,2
709488108,42,M,4,College,Single,3,Attrited Customer,Blue,$40K - $60K,36,5,2
709493283,42,M,2,Unknown,Single,4,Existing Customer,Blue,$120K +,32,5,2
709494483,63,F,0,Unknown,Married,1,Existing Customer,Blue,Less than $40K,54,4,2
709495833,44,F,2,Graduate,Single,4,Attrited Customer,Blue,Less than $40K,36,5,2
709497108,44,F,2,High School,Married,0,Existing Customer,Blue,Less than $40K,36,2,1
709500183,46,F,3,College,Married,4,Attrited Customer,Blue,Less than $40K,36,2,3
709501683,33,F,1,Graduate,Single,2,Existing Customer,Blue,$40K - $60K,24,5,1
709505808,45,F,3,College,Single,4,Attrited Customer,Blue,Unknown,33,5,3
709513458,49,M,3,High School,Unknown,2,Existing Customer,Blue,$60K - $80K,36,3,2
709514433,41,M,3,High School,Married,1,Existing Customer,Blue,$80K - $120K,33,2,1
709516458,30,M,0,Graduate,Divorced,3,Existing Customer,Blue,$60K - $80K,22,3,3
709518858,50,F,2,Graduate,Married,1,Existing Customer,Blue,Less than $40K,38,1,1
709520058,53,M,5,Uneducated,Married,2,Attrited Customer,Blue,$120K +,38,4,2
709523508,65,F,0,Uneducated,Unknown,2,Existing Customer,Silver,Less than $40K,53,5,1
709528308,53,M,4,High School,Married,3,Existing Customer,Blue,$80K - $120K,46,4,2
709530408,45,M,4,Doctorate,Single,1,Existing Customer,Gold,$120K +,36,1,3
709531908,53,M,3,High School,Married,2,Existing Customer,Blue,$60K - $80K,47,5,2
709534083,58,F,0,Uneducated,Divorced,6,Existing Customer,Blue,Less than $40K,36,3,2
709536483,57,M,3,Graduate,Married,3,Attrited Customer,Blue,$60K - $80K,49,5,0
709537683,37,M,3,College,Married,3,Attrited Customer,Blue,$80K - $120K,30,3,4
709541433,37,M,2,Graduate,Married,4,Existing Customer,Blue,Less than $40K,36,3,3
709545333,33,F,4,High School,Single,3,Existing Customer,Blue,Unknown,29,6,2
709546608,37,F,2,Uneducated,Unknown,4,Existing Customer,Blue,Less than $40K,36,6,5
709547658,39,M,2,Uneducated,Single,3,Attrited Customer,Blue,$60K - $80K,36,5,3
709548783,44,M,2,Doctorate,Unknown,4,Existing Customer,Blue,$40K - $60K,36,5,3
709550958,51,M,3,Graduate,Married,4,Existing Customer,Blue,$60K - $80K,32,3,1
709554483,53,F,1,Graduate,Married,3,Existing Customer,Blue,Less than $40K,36,5,1
709556208,40,F,3,College,Single,2,Existing Customer,Silver,$40K - $60K,28,2,1
709558608,39,M,3,Uneducated,Single,3,Existing Customer,Blue,$80K - $120K,31,2,2
709560258,49,F,3,Graduate,Single,4,Attrited Customer,Blue,Unknown,31,2,3
709562358,55,F,2,Unknown,Single,5,Existing Customer,Blue,Less than $40K,43,6,1
709563258,50,F,2,Uneducated,Single,2,Attrited Customer,Blue,Unknown,41,2,3
709564683,32,M,2,Graduate,Married,5,Attrited Customer,Blue,$40K - $60K,22,3,3
709566408,40,F,2,Graduate,Single,6,Attrited Customer,Blue,Less than $40K,30,5,3
709567758,40,F,3,Uneducated,Married,2,Existing Customer,Blue,Less than $40K,29,4,1
709571958,58,F,2,Graduate,Unknown,2,Existing Customer,Blue,Less than $40K,47,1,1
709573533,48,M,3,Uneducated,Married,2,Existing Customer,Blue,$40K - $60K,34,5,1
709575858,53,M,4,Graduate,Single,3,Existing Customer,Blue,$40K - $60K,36,4,5
709578258,40,F,3,Uneducated,Single,2,Attrited Customer,Blue,Less than $40K,33,4,3
709579383,58,M,1,Uneducated,Married,2,Existing Customer,Blue,$80K - $120K,50,5,3
709581483,40,F,4,Doctorate,Married,1,Attrited Customer,Blue,Less than $40K,21,1,2
709583133,53,M,3,Uneducated,Married,3,Existing Customer,Blue,$40K - $60K,40,6,3
709584483,33,F,3,Graduate,Married,4,Existing Customer,Blue,Less than $40K,25,4,1
709585758,41,M,4,High School,Single,4,Existing Customer,Blue,$120K +,28,5,1
709587783,39,M,4,Post-Graduate,Single,3,Attrited Customer,Silver,$60K - $80K,36,6,3
709589208,53,M,0,Graduate,Single,3,Existing Customer,Blue,$60K - $80K,35,3,1
709591533,46,F,3,College,Divorced,3,Existing Customer,Blue,Less than $40K,38,1,1
709592808,38,F,2,Graduate,Single,4,Existing Customer,Blue,Less than $40K,28,5,3
709596783,46,F,3,College,Married,2,Existing Customer,Blue,$40K - $60K,34,5,1
709597983,65,M,0,Doctorate,Divorced,3,Existing Customer,Blue,Less than $40K,56,6,1
709603608,34,M,3,Uneducated,Married,1,Existing Customer,Blue,$60K - $80K,25,6,1
709604958,51,F,3,Graduate,Single,4,Existing Customer,Blue,$40K - $60K,36,3,3
709606158,37,F,2,Graduate,Married,3,Existing Customer,Blue,Less than $40K,31,1,3
709607733,40,F,3,College,Married,4,Existing Customer,Blue,Unknown,36,4,2
709608708,29,M,1,Graduate,Married,4,Attrited Customer,Blue,$60K - $80K,17,5,1
709610283,42,F,4,Graduate,Single,3,Existing Customer,Blue,Less than $40K,34,3,2
709611183,41,F,3,High School,Married,3,Attrited Customer,Blue,Less than $40K,31,3,3
709612983,41,F,2,Graduate,Married,4,Attrited Customer,Blue,$40K - $60K,36,5,2
709614333,59,F,0,High School,Single,1,Existing Customer,Blue,Unknown,36,4,3
709615458,54,F,3,Graduate,Married,3,Existing Customer,Blue,$120K +,44,2,1
709616958,38,M,2,High School,Married,4,Existing Customer,Silver,$60K - $80K,30,4,3
709618308,46,F,3,High School,Single,1,Existing Customer,Silver,$40K - $60K,40,4,3
709619433,52,M,2,Doctorate,Married,2,Existing Customer,Blue,$120K +,44,1,2
709621008,48,M,5,Post-Graduate,Single,2,Existing Customer,Blue,$60K - $80K,30,6,3
709623483,56,M,2,High School,Married,3,Existing Customer,Blue,$120K +,41,4,1
709624533,55,F,2,High School,Married,0,Existing Customer,Blue,Less than $40K,45,5,2
709625733,50,M,2,High School,Single,3,Existing Customer,Blue,$60K - $80K,40,5,2
709626858,44,F,3,High School,Married,4,Existing Customer,Blue,Less than $40K,31,3,3
709627983,56,F,3,Post-Graduate,Single,0,Existing Customer,Blue,Less than $40K,36,4,3
709632483,49,F,2,High School,Single,2,Existing Customer,Blue,Less than $40K,40,3,2
709633533,31,M,2,Uneducated,Married,4,Existing Customer,Blue,Less than $40K,18,3,2
709635858,56,F,3,Graduate,Married,3,Existing Customer,Blue,Less than $40K,45,6,2
709638783,50,F,1,High School,Married,4,Existing Customer,Blue,$40K - $60K,43,4,3
709641933,42,F,3,Graduate,Married,2,Existing Customer,Blue,$40K - $60K,36,3,1
709646433,59,F,1,High School,Married,3,Existing Customer,Blue,Less than $40K,50,1,4
709649958,62,M,0,Post-Graduate,Married,6,Attrited Customer,Silver,$60K - $80K,46,4,5
709657533,44,M,3,High School,Unknown,2,Existing Customer,Blue,$120K +,36,2,3
709660233,52,M,3,Unknown,Single,4,Attrited Customer,Blue,$80K - $120K,44,1,2
709662708,65,F,1,High School,Married,3,Existing Customer,Blue,$40K - $60K,53,3,3
709663608,43,F,1,Graduate,Married,4,Attrited Customer,Blue,Less than $40K,36,4,2
709664658,40,M,4,Unknown,Married,2,Existing Customer,Blue,$80K - $120K,27,4,3
709665783,39,M,1,Unknown,Married,1,Existing Customer,Blue,$40K - $60K,36,3,1
709666908,42,F,4,Graduate,Divorced,1,Existing Customer,Blue,Unknown,36,3,3
709668408,56,F,1,Graduate,Unknown,1,Existing Customer,Blue,$40K - $60K,36,5,4
709669533,38,F,1,High School,Divorced,2,Existing Customer,Blue,Less than $40K,30,2,3
709671708,61,M,0,Uneducated,Single,1,Existing Customer,Blue,$80K - $120K,36,4,2
709674333,33,M,2,High School,Single,1,Existing Customer,Blue,$60K - $80K,23,4,2
709678608,49,M,4,High School,Married,3,Existing Customer,Blue,$80K - $120K,36,2,3
709679658,58,F,2,Graduate,Single,3,Existing Customer,Blue,$40K - $60K,50,4,3
709682658,37,M,4,High School,Single,1,Existing Customer,Blue,$40K - $60K,36,5,3
709683633,32,F,1,High School,Single,2,Existing Customer,Silver,Less than $40K,13,4,1
709688883,45,M,3,High School,Unknown,2,Attrited Customer,Blue,$80K - $120K,36,4,3
709690158,52,F,4,Graduate,Married,2,Existing Customer,Blue,Less than $40K,36,6,1
709693833,47,M,4,Graduate,Married,0,Existing Customer,Blue,$60K - $80K,34,6,3
709695333,48,M,2,High School,Single,4,Existing Customer,Blue,$80K - $120K,36,3,2
709700058,52,F,2,Graduate,Single,2,Existing Customer,Blue,$40K - $60K,33,5,2
709701558,47,M,3,Graduate,Married,2,Existing Customer,Blue,$60K - $80K,36,2,1
709703433,47,M,3,Graduate,Married,2,Attrited Customer,Blue,$60K - $80K,38,4,1
709707033,45,M,3,Graduate,Married,2,Attrited Customer,Blue,$60K - $80K,32,2,3
709708233,49,F,3,Doctorate,Married,2,Attrited Customer,Blue,Less than $40K,29,3,4
709709283,38,M,3,College,Single,4,Attrited Customer,Blue,$40K - $60K,19,1,2
709710783,35,F,0,High School,Single,4,Existing Customer,Blue,Less than $40K,36,4,3
709711758,45,F,3,Uneducated,Divorced,2,Attrited Customer,Blue,Less than $40K,32,3,2
709713033,55,M,1,College,Single,3,Attrited Customer,Blue,$80K - $120K,48,3,3
709714008,50,F,1,Unknown,Single,3,Attrited Customer,Blue,Unknown,39,6,3
709716258,48,M,3,High School,Unknown,3,Existing Customer,Blue,$80K - $120K,36,3,1
709718058,52,F,4,Uneducated,Single,4,Existing Customer,Blue,Less than $40K,36,5,1
709719333,41,M,2,High School,Single,4,Existing Customer,Blue,$80K - $120K,29,6,3
709722858,50,M,1,Graduate,Married,2,Existing Customer,Blue,$60K - $80K,37,2,2
709726158,40,F,4,Graduate,Married,0,Existing Customer,Blue,Less than $40K,26,5,3
709728183,46,F,3,College,Married,3,Existing Customer,Blue,Less than $40K,39,3,2
709729533,47,M,3,Uneducated,Single,1,Attrited Customer,Blue,$40K - $60K,39,4,3
709730508,39,M,0,High School,Single,3,Existing Customer,Blue,Unknown,27,6,3
709732608,41,F,3,Graduate,Married,3,Existing Customer,Blue,Less than $40K,36,4,3
709735008,35,M,2,High School,Married,4,Existing Customer,Blue,$80K - $120K,22,3,1
709736658,37,M,4,Uneducated,Married,2,Existing Customer,Blue,$40K - $60K,27,6,3
709738008,48,F,3,Unknown,Married,2,Existing Customer,Blue,$40K - $60K,36,1,6
709739283,62,M,0,High School,Single,3,Existing Customer,Blue,Unknown,36,3,3
709741608,51,M,2,Unknown,Single,2,Existing Customer,Blue,$80K - $120K,36,3,1
709742958,45,M,5,High School,Married,3,Existing Customer,Blue,$60K - $80K,37,3,1
709745508,58,F,2,Unknown,Unknown,3,Attrited Customer,Blue,$40K - $60K,47,1,4
709747308,41,M,5,Graduate,Married,3,Existing Customer,Blue,$60K - $80K,36,4,4
709749483,40,F,2,Graduate,Married,2,Existing Customer,Blue,Less than $40K,29,5,1
709752183,48,M,3,High School,Single,2,Existing Customer,Blue,$60K - $80K,36,4,2
709757583,35,M,0,Unknown,Married,1,Existing Customer,Blue,$120K +,36,5,2
709759908,46,M,2,Graduate,Married,2,Existing Customer,Blue,$60K - $80K,36,4,2
709762008,48,F,4,High School,Married,1,Existing Customer,Blue,Less than $40K,38,5,1
709762908,52,F,1,Uneducated,Unknown,1,Existing Customer,Blue,Unknown,40,2,2
709764483,61,M,1,Graduate,Unknown,2,Attrited Customer,Blue,$60K - $80K,53,1,1
709766808,49,F,2,Uneducated,Married,2,Existing Customer,Blue,Unknown,36,4,3
709769283,36,M,4,Unknown,Married,3,Existing Customer,Blue,Unknown,16,6,3
709770408,51,M,2,Graduate,Married,2,Existing Customer,Silver,$120K +,36,1,1
709774608,51,M,3,Unknown,Married,4,Existing Customer,Blue,$60K - $80K,36,4,3
709779258,53,F,3,Post-Graduate,Married,4,Existing Customer,Blue,Less than $40K,43,4,3
709780158,52,F,1,Graduate,Single,2,Existing Customer,Blue,Unknown,35,4,4
709781208,34,F,0,Unknown,Married,1,Existing Customer,Blue,Less than $40K,26,5,3
709783908,52,F,3,Unknown,Married,2,Attrited Customer,Blue,Less than $40K,47,6,3
709785783,35,F,0,Graduate,Single,4,Attrited Customer,Blue,Less than $40K,25,5,3
709787733,54,F,4,College,Single,2,Existing Customer,Blue,Unknown,48,3,2
709788783,47,M,4,Unknown,Divorced,1,Existing Customer,Blue,$40K - $60K,35,3,2
709790058,53,M,4,Graduate,Married,3,Existing Customer,Blue,$120K +,40,1,1
709791333,40,F,3,Uneducated,Single,3,Existing Customer,Blue,Less than $40K,36,6,1
709793133,43,F,2,Unknown,Single,4,Existing Customer,Blue,$40K - $60K,36,6,1
709794333,29,M,0,Graduate,Married,4,Existing Customer,Blue,Less than $40K,19,6,2
709798908,45,F,4,Unknown,Single,4,Attrited Customer,Blue,Less than $40K,32,3,3
709802208,37,M,1,Graduate,Married,4,Existing Customer,Blue,$40K - $60K,17,3,1
709803258,48,M,2,Unknown,Married,3,Attrited Customer,Blue,$80K - $120K,28,5,2
709804533,40,M,4,Uneducated,Single,3,Existing Customer,Blue,$120K +,34,3,1
709807383,35,F,2,Unknown,Married,1,Existing Customer,Blue,Less than $40K,22,1,1
709810458,56,F,0,Unknown,Single,0,Existing Customer,Blue,Less than $40K,44,3,2
709813008,44,F,3,High School,Unknown,0,Existing Customer,Blue,Less than $40K,35,5,3
709814883,45,F,2,High School,Single,1,Existing Customer,Platinum,Less than $40K,36,1,3
709816158,31,M,1,Unknown,Single,2,Existing Customer,Silver,Unknown,36,4,3
709820658,45,M,4,High School,Married,3,Existing Customer,Blue,$80K - $120K,36,3,2
709822008,42,F,3,Unknown,Divorced,2,Existing Customer,Blue,Unknown,31,5,3
709823733,44,F,2,Graduate,Unknown,3,Attrited Customer,Blue,$40K - $60K,34,2,3
709824633,44,F,4,High School,Single,3,Existing Customer,Blue,Less than $40K,35,2,5
709826058,49,M,2,Unknown,Married,1,Existing Customer,Blue,$80K - $120K,36,3,1
709827933,44,M,2,Graduate,Married,2,Existing Customer,Blue,$80K - $120K,36,3,3
709830783,47,M,5,Unknown,Single,2,Existing Customer,Silver,$120K +,36,5,2
709831983,57,M,2,Uneducated,Single,3,Existing Customer,Blue,$120K +,46,3,2
709836258,45,F,4,Graduate,Married,2,Existing Customer,Blue,Less than $40K,41,5,1
709837308,34,F,3,Graduate,Single,2,Existing Customer,Blue,Unknown,19,6,1
709838508,45,M,3,Graduate,Divorced,3,Existing Customer,Silver,$60K - $80K,31,2,1
709839858,58,M,2,Graduate,Married,3,Existing Customer,Blue,Less than $40K,39,3,4
709841433,45,F,2,Graduate,Married,3,Existing Customer,Blue,Less than $40K,33,6,3
709850508,33,F,2,Graduate,Married,5,Attrited Customer,Blue,Less than $40K,20,3,2
709852908,44,F,3,Uneducated,Single,3,Existing Customer,Blue,Less than $40K,36,5,3
709854483,35,F,1,High School,Married,3,Existing Customer,Blue,Unknown,17,5,3
709855608,46,F,4,High School,Married,4,Existing Customer,Blue,Less than $40K,36,3,3
709857033,60,F,1,College,Single,3,Existing Customer,Blue,$40K - $60K,50,5,1
709858533,29,M,2,Graduate,Divorced,2,Attrited Customer,Blue,Less than $40K,20,4,1
709861008,47,F,4,Post-Graduate,Married,1,Existing Customer,Blue,$80K - $120K,30,3,3
709864833,49,M,2,Post-Graduate,Married,0,Existing Customer,Blue,$60K - $80K,38,3,2
709865883,38,M,2,High School,Divorced,3,Attrited Customer,Silver,$60K - $80K,25,1,2
709868433,43,F,4,Unknown,Single,1,Existing Customer,Blue,Less than $40K,33,3,3
709869708,54,F,3,College,Single,4,Existing Customer,Blue,Less than $40K,45,5,1
709871658,47,F,1,Unknown,Single,3,Existing Customer,Blue,Less than $40K,36,2,3
709873683,60,M,0,Doctorate,Unknown,1,Existing Customer,Silver,$40K - $60K,53,4,2
709876008,49,F,2,Post-Graduate,Single,3,Existing Customer,Blue,Less than $40K,36,3,1
709879458,54,F,3,Doctorate,Married,3,Existing Customer,Blue,Unknown,46,2,2
709883883,46,F,4,Uneducated,Divorced,1,Existing Customer,Blue,Unknown,34,2,3
709886583,37,F,2,High School,Single,1,Existing Customer,Blue,Less than $40K,28,5,2
709887483,56,M,2,Uneducated,Divorced,3,Attrited Customer,Blue,$40K - $60K,45,3,1
709888383,47,F,3,Graduate,Married,2,Existing Customer,Blue,Less than $40K,36,3,1
709891608,41,M,2,High School,Married,3,Attrited Customer,Blue,$120K +,24,5,2
709892658,48,F,5,Graduate,Single,2,Existing Customer,Blue,Less than $40K,38,5,3
709893858,43,M,3,Post-Graduate,Married,2,Existing Customer,Blue,$40K - $60K,36,6,2
709895508,42,M,3,Graduate,Married,1,Existing Customer,Blue,Less than $40K,36,2,2
709897983,35,F,2,Doctorate,Married,3,Existing Customer,Blue,$40K - $60K,24,5,2
709901058,38,M,1,High School,Unknown,1,Existing Customer,Blue,$40K - $60K,30,2,2
709902108,51,M,2,High School,Married,2,Attrited Customer,Blue,$80K - $120K,40,4,3
709904508,59,F,0,Post-Graduate,Single,3,Existing Customer,Blue,$40K - $60K,40,5,3
709910733,49,F,4,High School,Single,2,Existing Customer,Silver,Unknown,30,2,3
709912683,53,M,4,Graduate,Single,2,Existing Customer,Gold,Unknown,41,5,1
709913733,39,F,3,College,Married,0,Existing Customer,Blue,Less than $40K,36,4,2
709914858,48,F,2,Graduate,Married,2,Existing Customer,Blue,Less than $40K,36,4,1
709916058,58,M,1,Unknown,Married,3,Existing Customer,Blue,$60K - $80K,36,3,1
709918158,43,M,3,High School,Married,1,Existing Customer,Blue,$80K - $120K,23,5,6
709919283,54,M,4,Graduate,Married,2,Existing Customer,Blue,$80K - $120K,34,2,3
709920258,41,F,3,Graduate,Divorced,3,Existing Customer,Blue,$40K - $60K,28,1,1
709921158,51,M,1,High School,Single,4,Existing Customer,Blue,$60K - $80K,36,6,4
709922508,40,F,4,Unknown,Married,1,Existing Customer,Blue,Less than $40K,28,4,1
709925733,32,F,0,Unknown,Single,2,Existing Customer,Blue,Less than $40K,22,1,3
709927458,38,M,3,Graduate,Single,3,Existing Customer,Blue,$40K - $60K,20,1,3
709928358,40,M,3,Graduate,Single,2,Attrited Customer,Blue,$80K - $120K,20,1,2
709930758,41,M,2,Uneducated,Married,3,Existing Customer,Blue,$40K - $60K,30,5,3
709932558,39,F,2,Uneducated,Married,2,Existing Customer,Blue,Less than $40K,26,5,3
709934808,59,M,1,Unknown,Unknown,1,Existing Customer,Silver,$40K - $60K,51,2,2
709935708,55,F,1,Unknown,Married,2,Existing Customer,Blue,$40K - $60K,43,2,1
709937583,45,F,2,High School,Single,2,Existing Customer,Blue,Unknown,34,4,3
709938708,56,F,3,Uneducated,Married,2,Existing Customer,Blue,Unknown,47,4,1
709942383,34,M,1,Graduate,Unknown,2,Existing Customer,Blue,$80K - $120K,36,5,3
709945458,52,M,3,Uneducated,Single,1,Existing Customer,Blue,$60K - $80K,40,3,1
709946658,49,F,4,College,Single,3,Existing Customer,Blue,$40K - $60K,30,5,3
709948233,47,F,3,Uneducated,Single,3,Existing Customer,Blue,Unknown,35,1,4
709950858,45,M,5,College,Unknown,1,Existing Customer,Blue,$80K - $120K,35,4,2
709952658,46,F,3,Graduate,Unknown,2,Existing Customer,Blue,Less than $40K,33,6,3
709955958,41,F,1,High School,Single,0,Existing Customer,Blue,Less than $40K,33,4,2
709957158,48,M,4,High School,Married,2,Existing Customer,Blue,$40K - $60K,40,5,1
709959858,43,F,4,Graduate,Single,4,Existing Customer,Blue,Less than $40K,32,6,3
709961958,58,M,4,High School,Divorced,1,Attrited Customer,Blue,Unknown,45,4,1
709965858,46,F,1,High School,Married,3,Existing Customer,Blue,$120K +,28,4,3
709967358,48,M,4,Post-Graduate,Single,3,Existing Customer,Blue,$80K - $120K,36,6,2
709969758,43,M,3,Graduate,Single,3,Existing Customer,Platinum,$60K - $80K,35,4,3
709971708,51,M,1,High School,Single,2,Attrited Customer,Blue,Unknown,41,3,3
709972908,38,F,2,Graduate,Single,2,Existing Customer,Blue,Less than $40K,25,5,1
709974108,35,F,1,Graduate,Single,3,Existing Customer,Blue,Less than $40K,23,4,3
709976358,51,F,1,Unknown,Single,3,Existing Customer,Blue,Less than $40K,42,4,3
709977933,52,M,5,Uneducated,Married,4,Attrited Customer,Blue,$80K - $120K,44,2,3
709979583,54,M,3,Graduate,Married,3,Existing Customer,Blue,$120K +,46,3,1
709980783,51,F,3,High School,Divorced,0,Existing Customer,Blue,Less than $40K,36,4,3
709982658,41,F,2,College,Unknown,3,Existing Customer,Blue,Less than $40K,31,4,2
709984083,43,F,3,Unknown,Married,2,Existing Customer,Blue,Less than $40K,36,2,2
709985133,33,F,2,Graduate,Divorced,2,Existing Customer,Blue,Less than $40K,24,3,1
709986633,29,M,1,High School,Married,3,Existing Customer,Blue,$40K - $60K,36,3,1
709987683,46,F,4,Graduate,Married,4,Attrited Customer,Blue,Unknown,36,4,3
709990983,49,F,3,Post-Graduate,Married,2,Existing Customer,Blue,$40K - $60K,36,6,2
709991883,53,M,1,Graduate,Married,2,Attrited Customer,Blue,$80K - $120K,42,2,1
709993158,46,F,2,Graduate,Married,0,Existing Customer,Blue,Less than $40K,31,5,2
709996833,31,M,1,Post-Graduate,Single,5,Attrited Customer,Silver,Less than $40K,36,6,3
709997958,39,M,3,Graduate,Married,4,Existing Customer,Blue,$40K - $60K,28,4,3
709999308,51,M,3,Uneducated,Married,2,Existing Customer,Blue,$80K - $120K,40,3,2
710002833,32,F,1,High School,Married,3,Existing Customer,Blue,Unknown,22,3,2
710003958,48,F,5,Post-Graduate,Married,3,Existing Customer,Blue,Less than $40K,40,3,3
710004933,44,M,5,Uneducated,Married,2,Existing Customer,Blue,$60K - $80K,36,3,3
710005683,56,M,2,College,Single,5,Existing Customer,Blue,$80K - $120K,46,3,3
710006958,53,F,1,High School,Unknown,2,Existing Customer,Blue,Less than $40K,41,6,2
710013258,44,F,3,High School,Single,2,Existing Customer,Blue,Less than $40K,31,3,2
710014683,31,F,0,Graduate,Single,2,Existing Customer,Blue,Less than $40K,20,3,3
710015733,41,F,1,Doctorate,Divorced,1,Attrited Customer,Blue,Less than $40K,30,3,3
710016708,44,F,3,Graduate,Married,1,Existing Customer,Silver,Less than $40K,26,1,3
710017758,44,M,4,Graduate,Single,3,Existing Customer,Blue,$40K - $60K,36,5,2
710019933,29,M,1,Uneducated,Single,3,Existing Customer,Blue,$40K - $60K,22,2,3
710023233,36,M,3,Graduate,Single,4,Existing Customer,Blue,$120K +,36,6,2
710026458,34,F,1,Unknown,Married,2,Existing Customer,Blue,$40K - $60K,36,2,2
710027508,61,M,0,Graduate,Married,0,Existing Customer,Blue,$60K - $80K,54,3,2
710032608,52,F,1,Graduate,Married,3,Existing Customer,Blue,Less than $40K,32,3,1
710035008,31,F,0,Uneducated,Single,4,Existing Customer,Blue,Less than $40K,24,3,2
710036508,42,M,5,Uneducated,Married,2,Existing Customer,Blue,$40K - $60K,34,5,3
710038008,56,F,1,Graduate,Single,1,Existing Customer,Blue,$40K - $60K,47,3,2
710039208,57,F,3,Unknown,Married,1,Existing Customer,Blue,Unknown,40,3,3
710040483,37,M,3,Uneducated,Unknown,1,Existing Customer,Blue,$60K - $80K,26,6,2
710043408,49,M,3,Graduate,Unknown,4,Existing Customer,Blue,$80K - $120K,37,4,1
710044308,40,M,4,Graduate,Single,2,Existing Customer,Blue,$40K - $60K,27,2,2
710045058,46,M,5,High School,Married,3,Existing Customer,Silver,$40K - $60K,28,5,1
710047533,51,M,3,Graduate,Single,3,Attrited Customer,Gold,$80K - $120K,36,4,3
710051658,46,M,3,Graduate,Married,3,Existing Customer,Blue,$60K - $80K,37,6,3
710056758,51,M,4,High School,Single,4,Existing Customer,Blue,$40K - $60K,36,2,2
710058033,51,M,0,Uneducated,Divorced,0,Existing Customer,Blue,$120K +,41,4,1
710061783,49,M,1,Graduate,Married,4,Attrited Customer,Blue,$40K - $60K,40,6,1
710064033,45,M,3,Uneducated,Married,5,Attrited Customer,Blue,$40K - $60K,28,2,2
710066133,30,M,0,Graduate,Married,3,Attrited Customer,Silver,Less than $40K,36,4,3
710067183,28,M,1,High School,Married,3,Existing Customer,Blue,Less than $40K,36,5,2
710070183,53,F,1,High School,Single,2,Existing Customer,Blue,Less than $40K,36,3,2
710074458,41,M,5,High School,Divorced,3,Existing Customer,Blue,Less than $40K,34,3,1
710077008,43,M,2,Uneducated,Single,1,Existing Customer,Blue,$120K +,33,5,3
710078358,36,M,4,Post-Graduate,Married,1,Existing Customer,Blue,Less than $40K,26,5,1
710080383,38,F,2,Graduate,Single,3,Existing Customer,Blue,$40K - $60K,36,6,2
710081208,52,M,2,College,Single,1,Attrited Customer,Blue,$120K +,32,4,3
710082708,44,M,4,Post-Graduate,Single,2,Existing Customer,Blue,$120K +,32,2,4
710084883,34,M,2,College,Married,4,Existing Customer,Blue,$80K - $120K,22,4,2
710086308,46,M,4,High School,Unknown,0,Existing Customer,Blue,$40K - $60K,38,6,2
710088483,52,M,3,Uneducated,Married,3,Attrited Customer,Blue,$80K - $120K,40,4,1
710090133,62,F,1,College,Divorced,3,Attrited Customer,Blue,Less than $40K,51,1,3
710090958,51,M,3,College,Married,3,Existing Customer,Blue,$80K - $120K,40,6,3
710092683,NULL,M,2,College,Married,2,Existing Customer,Blue,$80K - $120K,30,2,3
710094108,33,M,3,Graduate,Single,3,Existing Customer,Blue,$60K - $80K,27,6,2
710096658,45,F,3,Unknown,Married,3,Existing Customer,Blue,Less than $40K,39,4,3
710098233,28,F,0,Unknown,Married,2,Existing Customer,Blue,Less than $40K,13,3,2
710099358,60,F,1,Unknown,Single,1,Existing Customer,Blue,$40K - $60K,36,2,3
710102208,56,M,2,Graduate,Single,2,Existing Customer,Blue,$60K - $80K,36,3,2
710103558,50,M,3,Post-Graduate,Single,2,Existing Customer,Blue,$120K +,31,4,1
710104908,56,F,5,College,Single,0,Existing Customer,Blue,Less than $40K,43,4,1
710106933,32,M,2,Uneducated,Single,3,Existing Customer,Silver,$80K - $120K,20,2,3
710108133,54,F,2,Graduate,Married,0,Existing Customer,Blue,$40K - $60K,36,5,3
710109633,39,M,2,College,Married,2,Existing Customer,Blue,$60K - $80K,31,6,3
710110683,52,M,2,College,Married,3,Existing Customer,Blue,$60K - $80K,36,1,1
710111733,48,M,2,High School,Unknown,3,Existing Customer,Blue,$80K - $120K,39,5,1
710112933,28,M,1,Uneducated,Married,2,Existing Customer,Blue,$60K - $80K,18,6,3
710115108,45,F,2,Graduate,Unknown,3,Existing Customer,Blue,$40K - $60K,37,5,2
710116833,59,F,1,High School,Single,3,Attrited Customer,Blue,$40K - $60K,36,5,3
710119233,37,M,1,High School,Married,1,Existing Customer,Blue,$120K +,26,5,2
710120358,40,M,3,Unknown,Married,4,Existing Customer,Blue,$60K - $80K,27,6,2
710122458,38,M,2,High School,Single,2,Existing Customer,Silver,$60K - $80K,36,5,3
710125608,45,F,5,Unknown,Single,0,Existing Customer,Blue,Less than $40K,36,4,2
710129283,45,F,4,Uneducated,Married,1,Existing Customer,Blue,Unknown,26,4,3
710133858,40,F,1,Graduate,Unknown,1,Existing Customer,Blue,Less than $40K,30,5,1
710135058,56,M,1,Graduate,Married,0,Existing Customer,Blue,$80K - $120K,44,3,1
710136258,33,F,2,Graduate,Single,3,Attrited Customer,Blue,Less than $40K,24,6,2
710138883,47,M,3,Graduate,Unknown,2,Attrited Customer,Blue,Less than $40K,36,5,2
710141208,45,F,4,Uneducated,Married,1,Existing Customer,Blue,Less than $40K,37,3,3
710142258,53,F,2,Unknown,Single,2,Existing Customer,Blue,Less than $40K,36,5,2
710147958,47,M,3,High School,Married,2,Existing Customer,Silver,$40K - $60K,36,3,2
710149008,59,M,0,High School,Married,4,Existing Customer,Blue,Less than $40K,47,6,3
710150208,44,F,4,Post-Graduate,Divorced,3,Existing Customer,Blue,Less than $40K,26,4,1
710153583,30,F,0,Uneducated,Married,3,Attrited Customer,Blue,Less than $40K,13,3,1
710155158,37,M,2,Uneducated,Unknown,2,Attrited Customer,Blue,$80K - $120K,18,1,1
710155983,52,M,1,Unknown,Single,4,Attrited Customer,Blue,$40K - $60K,36,3,3
710157108,42,F,3,Graduate,Single,3,Existing Customer,Blue,$40K - $60K,33,6,2
710159658,46,M,5,High School,Married,2,Existing Customer,Blue,$120K +,32,5,2
710161083,62,F,0,Uneducated,Single,3,Existing Customer,Blue,Less than $40K,36,6,3
710162133,41,M,4,Graduate,Married,6,Attrited Customer,Blue,$80K - $120K,36,1,3
710163633,41,F,4,Graduate,Divorced,2,Existing Customer,Blue,$40K - $60K,36,3,3
710164683,33,M,1,Graduate,Married,3,Existing Customer,Blue,$60K - $80K,22,3,1
710166783,49,F,1,Graduate,Married,0,Existing Customer,Blue,Less than $40K,36,3,3
710170758,32,M,0,Post-Graduate,Unknown,2,Attrited Customer,Blue,$60K - $80K,25,6,2
710175783,45,F,3,High School,Single,1,Existing Customer,Blue,Unknown,25,4,2
710178558,46,M,2,High School,Married,6,Attrited Customer,Gold,$60K - $80K,38,5,3
710180958,43,M,3,High School,Single,3,Existing Customer,Blue,$40K - $60K,33,5,2
710182383,44,M,3,Uneducated,Divorced,3,Existing Customer,Blue,$80K - $120K,13,4,2
710183283,55,F,1,High School,Married,1,Existing Customer,Blue,Less than $40K,36,5,1
710186958,45,F,3,Unknown,Single,4,Existing Customer,Blue,Unknown,32,6,3
710188308,51,F,3,Graduate,Single,3,Existing Customer,Blue,Less than $40K,41,6,2
710190858,28,F,1,Unknown,Unknown,4,Attrited Customer,Blue,$40K - $60K,15,5,2
710192283,46,M,4,Post-Graduate,Married,2,Existing Customer,Blue,$40K - $60K,36,1,2
710194683,43,M,3,Graduate,Unknown,4,Existing Customer,Blue,$80K - $120K,30,3,1
710197308,39,F,2,Graduate,Married,0,Existing Customer,Blue,Less than $40K,28,4,3
710201058,46,F,4,Graduate,Married,2,Existing Customer,Blue,Less than $40K,38,3,3
710202783,33,M,2,Graduate,Married,3,Existing Customer,Blue,$60K - $80K,13,3,3
710207208,31,F,1,Unknown,Single,3,Existing Customer,Blue,Less than $40K,18,3,1
710208633,37,F,1,Graduate,Married,2,Existing Customer,Blue,Less than $40K,31,5,2
710211783,38,F,4,Unknown,Married,2,Attrited Customer,Blue,Less than $40K,26,3,2
710213508,63,M,1,High School,Married,3,Existing Customer,Blue,$60K - $80K,54,2,3
710218233,43,F,3,High School,Single,3,Existing Customer,Blue,$40K - $60K,35,4,3
710219658,48,M,3,Doctorate,Married,3,Existing Customer,Blue,Unknown,44,4,3
710226708,55,F,2,Uneducated,Divorced,1,Existing Customer,Blue,Less than $40K,49,5,2
710227908,37,F,3,Graduate,Single,3,Existing Customer,Blue,Less than $40K,36,3,2
710229333,38,M,2,College,Single,3,Existing Customer,Blue,$40K - $60K,20,6,1
710231433,56,M,1,Uneducated,Unknown,4,Existing Customer,Blue,$60K - $80K,43,5,1
710232483,49,F,1,Uneducated,Married,2,Existing Customer,Blue,Unknown,36,2,3
710233683,55,M,3,Graduate,Married,4,Existing Customer,Blue,$80K - $120K,36,4,3
710237283,50,M,2,Graduate,Married,1,Existing Customer,Blue,Less than $40K,38,2,1
710241858,39,F,4,Unknown,Married,4,Existing Customer,Blue,Less than $40K,31,6,1
710243208,56,M,4,Unknown,Married,2,Existing Customer,Blue,Less than $40K,44,3,3
710244108,44,M,3,College,Married,3,Existing Customer,Gold,$60K - $80K,34,3,1
710248233,37,M,3,College,Single,3,Existing Customer,Blue,$40K - $60K,28,5,2
710251608,62,F,1,High School,Married,4,Existing Customer,Blue,Less than $40K,54,3,3
710255208,60,M,0,Uneducated,Married,4,Existing Customer,Blue,Less than $40K,49,4,2
710256708,30,M,1,Unknown,Single,0,Existing Customer,Blue,Less than $40K,19,5,2
710257683,50,M,3,Graduate,Unknown,2,Existing Customer,Blue,$120K +,33,1,2
710260983,51,F,4,Graduate,Divorced,2,Existing Customer,Blue,Less than $40K,36,2,3
710262408,29,M,1,Graduate,Married,1,Existing Customer,Silver,$80K - $120K,36,1,2
710263608,53,F,3,High School,Married,4,Existing Customer,Blue,Unknown,36,4,2
710267583,45,F,3,Doctorate,Divorced,2,Existing Customer,Blue,Unknown,33,6,3
710268858,33,F,4,Graduate,Single,2,Existing Customer,Blue,Less than $40K,22,5,1
710273658,36,M,2,Graduate,Married,3,Existing Customer,Blue,$60K - $80K,17,5,2
710277183,34,F,3,Uneducated,Single,4,Existing Customer,Blue,$40K - $60K,27,3,2
710278458,52,M,2,High School,Single,3,Attrited Customer,Blue,$80K - $120K,43,4,3
710279508,52,M,2,Graduate,Married,2,Existing Customer,Blue,$80K - $120K,42,5,3
710280558,51,M,1,Graduate,Single,2,Existing Customer,Blue,$60K - $80K,39,3,3
710284233,33,M,4,Uneducated,Married,4,Attrited Customer,Blue,$80K - $120K,36,5,3
710287533,31,M,2,Graduate,Married,4,Existing Customer,Blue,$40K - $60K,36,3,2
710288883,40,F,1,Graduate,Married,5,Existing Customer,Blue,Less than $40K,32,4,1
710289783,43,F,2,Uneducated,Divorced,4,Existing Customer,Blue,Less than $40K,25,5,2
710292333,44,F,3,High School,Unknown,4,Attrited Customer,Blue,Unknown,36,3,3
710294808,44,M,3,High School,Married,2,Existing Customer,Blue,$60K - $80K,36,4,1
710295858,43,M,4,Graduate,Divorced,2,Existing Customer,Blue,$80K - $120K,32,2,1
710297133,47,M,3,High School,Married,3,Existing Customer,Blue,$80K - $120K,36,6,3
710299608,53,F,2,Unknown,Married,3,Attrited Customer,Blue,Less than $40K,33,2,3
710300733,38,M,3,High School,Single,1,Existing Customer,Blue,$120K +,27,2,4
710301858,49,F,5,High School,Married,2,Existing Customer,Silver,Unknown,36,6,2
710303208,52,F,1,High School,Single,1,Existing Customer,Blue,Less than $40K,40,2,1
710306358,38,M,1,Unknown,Married,2,Attrited Customer,Blue,$40K - $60K,18,1,1
710307933,32,F,0,College,Single,4,Existing Customer,Blue,Less than $40K,24,3,3
710308983,50,F,3,Graduate,Unknown,3,Existing Customer,Blue,Less than $40K,39,1,1
710310108,46,F,1,Doctorate,Married,2,Existing Customer,Blue,Less than $40K,29,3,3
710311233,44,F,4,High School,Single,3,Existing Customer,Blue,Unknown,37,3,3
710312658,54,F,2,Unknown,Married,3,Existing Customer,Blue,Less than $40K,43,4,3
710317758,38,F,3,High School,Married,2,Existing Customer,Blue,Unknown,29,4,2
710319108,54,F,2,High School,Married,3,Existing Customer,Blue,Less than $40K,47,4,2
710322033,52,F,1,High School,Married,1,Existing Customer,Blue,Less than $40K,44,1,1
710325258,52,M,1,Unknown,Married,0,Existing Customer,Silver,$80K - $120K,36,6,1
710327508,44,F,4,Uneducated,Married,4,Existing Customer,Blue,Less than $40K,36,5,2
710333883,48,M,3,Graduate,Married,2,Attrited Customer,Blue,$60K - $80K,37,5,2
710335983,57,F,0,High School,Divorced,3,Existing Customer,Blue,Less than $40K,36,5,1
710342508,48,F,2,Uneducated,Married,4,Existing Customer,Blue,$40K - $60K,36,3,3
710343783,37,F,5,Unknown,Married,2,Existing Customer,Blue,Less than $40K,29,6,1
710345808,41,M,4,Uneducated,Married,2,Existing Customer,Blue,$80K - $120K,36,6,2
710349258,45,F,3,High School,Single,2,Existing Customer,Blue,Less than $40K,36,3,2
710353233,48,M,3,College,Divorced,2,Existing Customer,Blue,$60K - $80K,39,4,3
710357208,49,M,4,Uneducated,Married,2,Existing Customer,Blue,$80K - $120K,39,2,3
710359458,50,M,1,Graduate,Married,3,Existing Customer,Blue,$40K - $60K,36,5,1
710360583,46,M,2,Uneducated,Single,0,Existing Customer,Blue,$60K - $80K,35,1,1
710362233,48,M,3,Unknown,Unknown,3,Existing Customer,Platinum,$80K - $120K,40,1,2
710363433,26,M,0,High School,Married,3,Existing Customer,Blue,Less than $40K,36,6,3
710364258,53,F,2,Uneducated,Married,2,Existing Customer,Blue,Unknown,41,4,2
710369658,50,M,3,Unknown,Married,2,Existing Customer,Blue,$60K - $80K,36,4,3
710370483,39,F,4,College,Married,3,Existing Customer,Blue,Less than $40K,31,4,3
710371683,51,M,4,Doctorate,Married,2,Existing Customer,Blue,$60K - $80K,36,2,1
710374008,53,M,1,Graduate,Single,2,Existing Customer,Blue,$80K - $120K,47,1,1
710375283,26,F,0,Uneducated,Single,2,Existing Customer,Blue,$40K - $60K,18,4,3
710376708,50,F,5,Uneducated,Single,3,Existing Customer,Blue,Less than $40K,33,4,3
710382108,39,F,3,Post-Graduate,Married,2,Existing Customer,Blue,Less than $40K,19,5,1
710383158,49,M,3,Uneducated,Single,2,Existing Customer,Silver,$80K - $120K,41,4,1
710387583,55,M,0,High School,Married,4,Existing Customer,Blue,$80K - $120K,35,5,1
710391258,27,M,0,Graduate,Married,4,Existing Customer,Blue,$40K - $60K,36,3,2
710395233,42,F,2,Graduate,Single,3,Existing Customer,Silver,Unknown,36,2,2
710401458,53,M,3,Unknown,Married,3,Existing Customer,Blue,$80K - $120K,40,2,2
710402508,52,M,0,Unknown,Married,4,Existing Customer,Blue,$80K - $120K,36,4,3
710404533,50,M,2,Graduate,Married,1,Attrited Customer,Blue,$80K - $120K,37,6,2
710405808,48,M,2,Graduate,Divorced,2,Existing Customer,Blue,Less than $40K,36,1,3
710406633,51,F,3,Uneducated,Married,2,Attrited Customer,Blue,Unknown,36,3,3
710410158,49,M,2,Graduate,Married,3,Attrited Customer,Blue,$80K - $120K,38,3,4
710411358,39,F,4,College,Married,4,Attrited Customer,Blue,$40K - $60K,28,4,2
710413533,56,M,2,Graduate,Married,3,Existing Customer,Blue,$80K - $120K,51,3,3
710416533,58,F,3,Unknown,Single,1,Existing Customer,Blue,$40K - $60K,52,4,1
710420133,47,F,2,Graduate,Married,2,Existing Customer,Blue,Less than $40K,34,6,2
710423358,35,F,1,College,Unknown,3,Existing Customer,Blue,Unknown,29,4,3
710424408,63,M,2,Graduate,Married,4,Existing Customer,Blue,Less than $40K,36,5,2
710428308,55,M,4,High School,Single,4,Existing Customer,Blue,$60K - $80K,51,4,1
710429358,57,M,1,High School,Married,3,Existing Customer,Blue,$40K - $60K,48,5,1
710431158,52,M,3,Unknown,Single,2,Existing Customer,Blue,Unknown,36,3,1
710436108,41,M,4,High School,Unknown,2,Existing Customer,Blue,$40K - $60K,29,5,4
710438358,42,F,1,Uneducated,Single,3,Attrited Customer,Blue,Less than $40K,35,4,3
710439483,51,F,2,Graduate,Single,2,Existing Customer,Blue,Less than $40K,39,3,4
710443833,50,M,2,Unknown,Single,2,Existing Customer,Blue,$120K +,38,4,4
710445183,44,M,5,Doctorate,Single,2,Existing Customer,Blue,$120K +,31,5,1
710449983,38,M,2,High School,Unknown,2,Existing Customer,Blue,$120K +,29,4,1
710451708,32,M,1,Graduate,Married,2,Existing Customer,Blue,$40K - $60K,24,1,1
710453283,40,F,3,Uneducated,Single,2,Existing Customer,Blue,Less than $40K,27,5,4
710455608,40,M,3,High School,Married,2,Attrited Customer,Blue,$80K - $120K,36,2,3
710456658,50,F,4,Graduate,Married,1,Existing Customer,Blue,Less than $40K,31,4,2
710458758,65,F,0,Graduate,Married,5,Existing Customer,Blue,Less than $40K,53,5,3
710461083,56,F,2,Graduate,Single,3,Existing Customer,Blue,Less than $40K,46,4,1
710462433,45,M,4,Graduate,Single,2,Existing Customer,Blue,$60K - $80K,30,6,2
710463408,47,M,3,Unknown,Married,3,Existing Customer,Blue,$80K - $120K,36,3,2
710464683,45,M,3,Post-Graduate,Married,2,Existing Customer,Blue,Less than $40K,32,2,3
710466633,55,F,3,High School,Married,1,Existing Customer,Blue,Less than $40K,44,5,1
710475408,33,M,3,High School,Married,2,Existing Customer,Blue,$60K - $80K,25,5,2
710476908,39,F,3,Graduate,Married,3,Existing Customer,Blue,Unknown,28,3,3
710481333,50,F,4,High School,Married,5,Attrited Customer,Blue,Less than $40K,36,5,3
710482533,26,M,0,Unknown,Married,1,Existing Customer,Blue,$120K +,17,4,2
710484408,39,M,4,Post-Graduate,Married,3,Attrited Customer,Blue,$120K +,29,6,3
710487033,44,F,2,High School,Married,3,Existing Customer,Blue,$40K - $60K,28,2,3
710489583,41,F,3,Graduate,Unknown,1,Existing Customer,Blue,Less than $40K,36,1,1
710490708,54,M,3,High School,Single,3,Existing Customer,Blue,$80K - $120K,36,4,1
710492733,29,M,0,Post-Graduate,Married,2,Existing Customer,Blue,$40K - $60K,19,4,1
710493558,46,F,1,Post-Graduate,Married,2,Attrited Customer,Blue,$40K - $60K,38,3,2
710496708,41,M,2,College,Single,2,Existing Customer,Blue,$120K +,32,6,3
710497608,38,M,2,Uneducated,Single,2,Existing Customer,Blue,$40K - $60K,36,5,1
710500983,43,M,2,College,Unknown,3,Attrited Customer,Blue,$80K - $120K,34,2,4
710502258,39,M,3,Graduate,Unknown,4,Existing Customer,Blue,$60K - $80K,36,5,3
710503308,48,F,2,Graduate,Single,2,Existing Customer,Blue,Unknown,29,6,1
710504283,50,M,1,Uneducated,Married,4,Existing Customer,Blue,$80K - $120K,39,6,3
710505483,46,M,3,Uneducated,Married,3,Existing Customer,Blue,$60K - $80K,36,4,3
710506683,47,F,4,High School,Single,0,Existing Customer,Blue,$40K - $60K,39,3,1
710507733,42,F,4,Graduate,Single,1,Existing Customer,Blue,$60K - $80K,35,3,3
710508858,44,F,2,High School,Unknown,3,Existing Customer,Blue,Less than $40K,34,5,1
710509758,36,M,4,College,Single,3,Existing Customer,Blue,$120K +,36,5,3
710511858,58,M,0,Unknown,Married,3,Existing Customer,Blue,Less than $40K,36,3,3
710512833,38,F,2,Graduate,Married,1,Existing Customer,Blue,Less than $40K,29,6,1
710515308,42,F,1,Graduate,Single,1,Existing Customer,Blue,Less than $40K,36,4,3
710516283,50,M,1,High School,Single,4,Existing Customer,Blue,$120K +,37,4,1
710518308,54,F,2,Doctorate,Married,2,Existing Customer,Blue,Less than $40K,35,1,4
710519433,48,M,1,Unknown,Divorced,0,Existing Customer,Blue,$80K - $120K,36,3,1
710520408,52,M,4,High School,Single,3,Existing Customer,Blue,Unknown,36,5,3
710521383,50,M,3,Uneducated,Married,0,Attrited Customer,Blue,$80K - $120K,38,6,2
710522433,65,M,0,Graduate,Married,2,Existing Customer,Blue,Less than $40K,46,3,2
710523333,65,M,0,Graduate,Married,2,Existing Customer,Blue,Less than $40K,56,6,3
710524533,38,F,4,College,Married,4,Attrited Customer,Blue,$40K - $60K,36,4,4
710525508,48,F,2,High School,Married,3,Attrited Customer,Blue,Less than $40K,36,6,3
710526633,47,M,2,Unknown,Married,2,Existing Customer,Blue,$60K - $80K,34,3,3
710527533,45,M,5,College,Single,3,Attrited Customer,Blue,$40K - $60K,36,4,3
710528583,26,F,0,Unknown,Single,4,Existing Customer,Blue,$40K - $60K,16,6,2
710529708,41,M,3,College,Single,1,Existing Customer,Blue,$60K - $80K,36,3,3
710532258,48,F,3,High School,Divorced,1,Existing Customer,Blue,Less than $40K,36,1,1
710533233,38,F,1,Graduate,Married,4,Existing Customer,Blue,Less than $40K,29,3,3
710535708,49,M,2,Uneducated,Married,1,Existing Customer,Blue,$80K - $120K,39,2,3
710536983,49,F,0,Post-Graduate,Married,3,Existing Customer,Blue,Less than $40K,36,6,3
710538183,53,F,3,Graduate,Divorced,4,Existing Customer,Blue,Less than $40K,42,3,2
710540883,37,M,3,High School,Single,2,Existing Customer,Blue,$80K - $120K,24,5,3
710541858,45,M,3,High School,Married,0,Existing Customer,Blue,Less than $40K,33,6,5
710542983,48,F,4,Graduate,Married,0,Existing Customer,Blue,Less than $40K,21,4,6
710544033,47,M,2,Unknown,Married,3,Existing Customer,Blue,$80K - $120K,36,3,1
710545158,42,M,3,Unknown,Single,2,Existing Customer,Blue,$120K +,36,6,3
710547783,57,F,2,Post-Graduate,Single,2,Existing Customer,Blue,$40K - $60K,36,3,4
710552733,42,M,5,Unknown,Married,2,Attrited Customer,Blue,$60K - $80K,36,2,3
710555433,42,F,4,Graduate,Married,2,Attrited Customer,Blue,Less than $40K,36,6,2
710558058,46,F,3,Unknown,Married,3,Existing Customer,Blue,Less than $40K,38,4,3
710558883,41,M,3,Uneducated,Married,2,Existing Customer,Blue,$60K - $80K,36,5,3
710560008,46,F,4,High School,Married,0,Existing Customer,Blue,Less than $40K,33,1,3
710562258,44,M,1,Graduate,Married,3,Existing Customer,Blue,$80K - $120K,33,5,4
710563458,43,F,1,Graduate,Divorced,3,Existing Customer,Blue,Unknown,30,5,3
710565408,59,M,0,Unknown,Unknown,3,Existing Customer,Silver,$80K - $120K,40,3,2
710566533,40,M,1,Unknown,Married,3,Existing Customer,Blue,$60K - $80K,27,1,3
710567508,53,M,3,High School,Married,3,Existing Customer,Blue,$80K - $120K,44,4,2
710568333,47,M,4,College,Unknown,3,Existing Customer,Blue,$60K - $80K,35,4,2
710569233,46,M,3,Unknown,Single,1,Existing Customer,Blue,$80K - $120K,35,2,1
710570058,44,F,1,Graduate,Single,4,Attrited Customer,Blue,Less than $40K,25,3,2
710572458,36,F,3,High School,Married,1,Existing Customer,Blue,Unknown,24,4,1
710573808,55,M,2,Unknown,Single,3,Existing Customer,Blue,$60K - $80K,36,6,3
710574558,47,M,4,Graduate,Single,2,Existing Customer,Blue,$80K - $120K,41,5,3
710577708,35,M,1,Unknown,Single,3,Existing Customer,Blue,$40K - $60K,25,5,3
710579583,57,F,1,Graduate,Married,3,Existing Customer,Blue,Less than $40K,50,3,2
710581758,52,F,2,Graduate,Unknown,3,Existing Customer,Blue,$40K - $60K,44,6,2
710586483,26,M,0,High School,Single,4,Attrited Customer,Blue,Unknown,13,1,2
710587458,34,M,2,High School,Unknown,2,Existing Customer,Blue,$80K - $120K,22,4,3
710590683,33,M,2,Unknown,Married,5,Attrited Customer,Blue,$120K +,36,3,3
710592933,44,M,2,Graduate,Married,3,Existing Customer,Blue,Less than $40K,30,3,2
710594358,28,F,0,Unknown,Single,4,Existing Customer,Silver,Less than $40K,36,4,3
710595783,46,M,3,Graduate,Unknown,2,Existing Customer,Blue,Unknown,39,4,1
710596983,51,M,1,Uneducated,Single,2,Existing Customer,Blue,$80K - $120K,37,1,3
710598408,55,F,0,Graduate,Single,1,Existing Customer,Blue,Less than $40K,36,6,1
710599683,56,M,1,College,Single,0,Existing Customer,Blue,$80K - $120K,36,3,6
710603958,49,M,2,Uneducated,Married,3,Existing Customer,Blue,$80K - $120K,36,2,1
710605458,49,M,2,High School,Married,2,Existing Customer,Blue,$60K - $80K,39,6,3
710607408,NULL,F,3,High School,Single,4,Existing Customer,Blue,Unknown,28,3,1
710611683,43,F,2,Post-Graduate,Unknown,1,Existing Customer,Blue,Less than $40K,31,6,1
710612583,52,M,4,High School,Unknown,2,Existing Customer,Blue,$60K - $80K,36,6,3
710616183,46,M,3,Uneducated,Single,4,Existing Customer,Blue,Unknown,33,5,3
710620383,43,M,4,Unknown,Married,2,Existing Customer,Blue,$60K - $80K,35,6,3
710621283,50,M,2,High School,Married,3,Existing Customer,Blue,$60K - $80K,32,3,1
710622333,39,F,2,High School,Single,2,Existing Customer,Blue,$40K - $60K,28,3,2
710624658,36,M,2,Uneducated,Married,2,Existing Customer,Blue,Less than $40K,36,4,2
710626758,44,M,4,Uneducated,Married,3,Existing Customer,Blue,$60K - $80K,36,6,1
710628783,NULL,M,4,High School,Single,3,Existing Customer,Gold,$80K - $120K,36,6,1
710630583,47,M,3,High School,Unknown,1,Existing Customer,Blue,$60K - $80K,39,2,1
710632683,31,M,1,Uneducated,Married,3,Existing Customer,Blue,$40K - $60K,24,5,2
710633808,26,M,0,Graduate,Single,3,Existing Customer,Blue,$60K - $80K,13,3,3
710635083,46,M,4,High School,Married,2,Existing Customer,Blue,$80K - $120K,38,5,1
710636208,51,M,3,Uneducated,Married,3,Existing Customer,Blue,$120K +,40,3,5
710637183,48,F,4,Graduate,Single,3,Existing Customer,Blue,Unknown,40,3,3
710638233,41,M,2,Unknown,Unknown,3,Attrited Customer,Blue,$40K - $60K,25,4,2
710639658,29,M,1,High School,Married,3,Attrited Customer,Blue,$60K - $80K,17,6,1
710641008,44,F,2,High School,Married,4,Existing Customer,Blue,Less than $40K,36,5,3
710643183,42,F,2,High School,Unknown,3,Existing Customer,Blue,Less than $40K,23,2,2
710644158,45,M,3,Graduate,Unknown,1,Existing Customer,Blue,$80K - $120K,28,5,3
710645583,44,F,2,Uneducated,Single,2,Existing Customer,Blue,Unknown,37,5,1
710650608,51,M,2,Graduate,Married,2,Existing Customer,Blue,$80K - $120K,36,4,3
710653158,39,F,4,Graduate,Married,4,Existing Customer,Blue,Unknown,21,6,1
710654808,46,M,4,Graduate,Unknown,4,Attrited Customer,Blue,$80K - $120K,36,3,1
710656683,50,F,3,High School,Single,1,Existing Customer,Blue,Less than $40K,36,4,3
710657508,32,M,0,College,Unknown,4,Existing Customer,Blue,Less than $40K,36,3,3
710658483,47,M,4,Graduate,Unknown,6,Attrited Customer,Blue,$40K - $60K,34,2,3
710661333,55,F,2,Unknown,Single,2,Attrited Customer,Blue,Unknown,36,4,3
710662158,41,M,4,Unknown,Married,3,Existing Customer,Blue,$120K +,34,1,3
710663508,42,M,4,Uneducated,Married,2,Existing Customer,Blue,$40K - $60K,33,1,2
710664558,40,F,3,High School,Married,4,Existing Customer,Blue,Less than $40K,31,5,2
710665533,42,F,5,Doctorate,Married,2,Attrited Customer,Blue,Unknown,23,4,2
710666583,29,F,1,Uneducated,Married,4,Attrited Customer,Blue,Less than $40K,36,3,2
710667708,47,M,2,Uneducated,Single,2,Existing Customer,Blue,$60K - $80K,36,3,3
710668458,48,F,4,Graduate,Married,0,Existing Customer,Blue,Less than $40K,36,5,3
710669733,38,F,1,Graduate,Single,2,Existing Customer,Blue,$40K - $60K,36,4,2
710670633,40,M,4,High School,Married,3,Existing Customer,Blue,$60K - $80K,36,6,3
710671608,39,F,2,Graduate,Divorced,4,Existing Customer,Blue,Less than $40K,31,5,3
710673558,37,M,1,High School,Single,2,Existing Customer,Blue,$60K - $80K,21,3,2
710674533,46,M,1,Uneducated,Married,4,Attrited Customer,Blue,$60K - $80K,34,3,3
710675508,40,F,3,College,Unknown,1,Existing Customer,Blue,Unknown,28,2,3
710676483,38,F,2,Unknown,Married,2,Existing Customer,Blue,Less than $40K,36,4,2
710677608,53,M,2,Post-Graduate,Unknown,0,Existing Customer,Blue,$80K - $120K,36,4,2
710678658,47,F,4,Unknown,Married,2,Existing Customer,Blue,Less than $40K,36,5,3
710679933,59,M,1,Graduate,Single,4,Attrited Customer,Blue,$80K - $120K,54,2,5
710681808,53,M,3,High School,Single,3,Existing Customer,Blue,$80K - $120K,42,6,3
710687508,65,M,0,High School,Married,1,Existing Customer,Blue,Less than $40K,56,6,3
710690733,47,F,3,Graduate,Married,2,Attrited Customer,Blue,Less than $40K,35,4,3
710691633,58,F,1,High School,Married,4,Existing Customer,Blue,Less than $40K,43,4,1
710694033,32,M,0,Graduate,Married,1,Existing Customer,Blue,$40K - $60K,36,2,1
710695083,44,M,3,College,Single,3,Existing Customer,Silver,$60K - $80K,32,4,1
710697408,41,F,5,Unknown,Married,3,Existing Customer,Blue,Less than $40K,22,2,1
710698233,37,M,4,Graduate,Married,2,Existing Customer,Blue,$80K - $120K,28,4,1
710699283,46,M,2,Graduate,Single,1,Existing Customer,Blue,$120K +,28,1,1
710701233,44,F,5,Graduate,Single,1,Existing Customer,Blue,Unknown,37,3,1
710702733,46,M,4,Graduate,Single,3,Existing Customer,Blue,$80K - $120K,35,6,3
710703708,46,M,4,Unknown,Married,2,Existing Customer,Silver,$40K - $60K,35,6,3
710706558,51,F,4,Graduate,Single,3,Existing Customer,Blue,Less than $40K,42,3,1
710710233,58,M,4,Graduate,Married,3,Existing Customer,Silver,$120K +,45,4,2
710712783,52,F,4,Unknown,Married,3,Existing Customer,Blue,Less than $40K,41,3,3
710713608,60,M,0,Uneducated,Single,2,Existing Customer,Blue,$80K - $120K,36,6,3
710715783,52,F,1,Uneducated,Single,3,Existing Customer,Blue,Less than $40K,45,5,2
710719683,49,F,1,High School,Divorced,2,Existing Customer,Blue,$40K - $60K,43,3,3
710721858,46,F,3,Unknown,Married,4,Attrited Customer,Blue,$40K - $60K,37,2,3
710722908,53,M,3,Doctorate,Single,0,Existing Customer,Blue,$120K +,36,3,1
710723958,43,F,3,Uneducated,Single,1,Existing Customer,Blue,Unknown,32,5,1
710725383,42,M,3,Doctorate,Divorced,1,Existing Customer,Blue,$40K - $60K,36,3,2
710727333,49,F,3,High School,Married,2,Attrited Customer,Blue,Less than $40K,36,4,2
710728458,62,F,1,Unknown,Single,2,Existing Customer,Blue,Less than $40K,36,3,3
710729358,40,F,2,High School,Single,4,Attrited Customer,Blue,Unknown,30,6,3
710733183,46,M,3,Post-Graduate,Unknown,2,Existing Customer,Blue,$120K +,36,6,1
710734308,49,M,1,Graduate,Single,3,Existing Customer,Blue,$60K - $80K,40,6,3
710736558,39,F,2,Unknown,Married,4,Existing Customer,Blue,Unknown,36,4,3
710738883,52,F,3,High School,Married,3,Existing Customer,Blue,Less than $40K,36,4,2
710740008,57,M,1,Graduate,Unknown,1,Existing Customer,Blue,$80K - $120K,39,3,1
710741208,39,M,2,High School,Single,2,Existing Customer,Blue,$80K - $120K,36,4,2
710742408,53,F,2,College,Married,3,Existing Customer,Blue,Less than $40K,43,2,1
710744433,48,F,1,Uneducated,Unknown,0,Existing Customer,Blue,Less than $40K,38,5,2
710745633,53,M,1,Unknown,Married,3,Existing Customer,Blue,$120K +,36,2,3
710748483,56,M,1,High School,Single,2,Existing Customer,Blue,Less than $40K,43,3,2
710749458,64,F,0,Doctorate,Married,3,Existing Customer,Blue,Less than $40K,53,4,1
710751033,31,F,1,Graduate,Single,3,Attrited Customer,Blue,Less than $40K,13,1,1
710752233,43,F,5,High School,Unknown,2,Attrited Customer,Blue,$40K - $60K,24,3,2
710754933,61,M,0,Graduate,Married,3,Attrited Customer,Blue,Less than $40K,49,6,2
710756133,40,F,3,Unknown,Married,1,Existing Customer,Blue,Less than $40K,31,5,6
710758683,61,F,1,Graduate,Unknown,3,Existing Customer,Silver,$40K - $60K,48,2,3
710760258,50,F,3,High School,Married,4,Existing Customer,Blue,Less than $40K,38,4,3
710761533,44,M,2,Graduate,Married,3,Existing Customer,Blue,$80K - $120K,33,3,2
710763783,49,M,2,High School,Married,3,Existing Customer,Blue,$80K - $120K,32,4,1
710769258,40,F,2,Graduate,Married,3,Existing Customer,Blue,Unknown,27,4,2
710770383,53,F,2,Graduate,Married,1,Existing Customer,Blue,$40K - $60K,36,4,3
710771433,48,M,1,Graduate,Single,1,Existing Customer,Blue,$80K - $120K,36,1,3
710773533,43,F,3,Post-Graduate,Married,3,Existing Customer,Blue,Less than $40K,35,5,3
710775483,53,M,1,High School,Unknown,3,Existing Customer,Blue,$40K - $60K,43,2,1
710779083,59,F,0,Graduate,Married,4,Existing Customer,Blue,Less than $40K,48,3,3
710780883,48,F,5,Uneducated,Single,3,Existing Customer,Blue,$40K - $60K,38,1,2
710782458,31,F,1,Graduate,Married,5,Existing Customer,Blue,$40K - $60K,20,6,2
710783358,46,M,3,High School,Unknown,2,Existing Customer,Blue,$80K - $120K,35,5,3
710784333,57,M,2,Unknown,Married,2,Existing Customer,Blue,$120K +,36,3,2
710785383,49,F,2,Graduate,Married,1,Attrited Customer,Blue,Less than $40K,39,3,3
710787708,56,F,1,Uneducated,Married,5,Existing Customer,Blue,$40K - $60K,40,4,2
710789058,55,M,1,Graduate,Single,3,Existing Customer,Blue,$120K +,42,4,2
710790258,47,M,2,Graduate,Married,2,Existing Customer,Blue,$80K - $120K,38,6,3
710792733,47,F,3,Post-Graduate,Married,2,Existing Customer,Blue,Less than $40K,29,4,2
710793783,53,F,3,Graduate,Married,1,Existing Customer,Blue,Unknown,40,6,3
710794983,41,F,3,High School,Single,1,Existing Customer,Blue,Unknown,32,2,1
710795883,33,F,3,Uneducated,Married,4,Existing Customer,Blue,Less than $40K,16,6,1
710797833,50,F,5,Graduate,Married,2,Existing Customer,Blue,Less than $40K,30,1,3
710798883,52,M,3,Graduate,Single,4,Existing Customer,Blue,$60K - $80K,44,4,2
710799783,35,M,2,Unknown,Married,4,Existing Customer,Blue,$120K +,36,4,3
710801133,34,M,2,Uneducated,Married,2,Existing Customer,Blue,$60K - $80K,36,6,1
710802258,46,F,2,Graduate,Married,0,Existing Customer,Blue,Less than $40K,38,4,3
710803008,40,F,3,Doctorate,Married,2,Existing Customer,Blue,Less than $40K,30,6,3
710803983,44,F,1,Unknown,Married,1,Existing Customer,Blue,$80K - $120K,33,2,3
710806083,50,F,1,Uneducated,Unknown,2,Existing Customer,Silver,Less than $40K,36,4,2
710808108,34,F,3,College,Divorced,2,Existing Customer,Blue,Less than $40K,27,3,3
710809083,37,F,4,College,Married,1,Existing Customer,Blue,Less than $40K,36,6,3
710809833,40,M,3,Graduate,Unknown,2,Existing Customer,Silver,$80K - $120K,27,3,1
710810883,39,M,1,College,Single,3,Existing Customer,Blue,$80K - $120K,36,3,1
710812533,46,F,3,High School,Single,3,Existing Customer,Silver,Unknown,36,4,2
710813733,48,M,4,Uneducated,Married,4,Existing Customer,Silver,$60K - $80K,35,5,3
710814633,49,M,2,Uneducated,Married,3,Existing Customer,Blue,$80K - $120K,31,1,5
710815608,43,M,2,High School,Married,3,Existing Customer,Blue,$60K - $80K,25,3,2
710816358,29,F,1,Post-Graduate,Married,2,Existing Customer,Blue,Less than $40K,18,4,3
710819733,56,M,3,Graduate,Married,1,Attrited Customer,Blue,$120K +,36,5,1
710820783,45,F,4,Graduate,Married,2,Existing Customer,Blue,Unknown,36,6,1
710821833,65,M,1,Unknown,Married,3,Existing Customer,Blue,$40K - $60K,54,6,2
710822808,51,M,0,College,Single,1,Existing Customer,Blue,$80K - $120K,33,1,3
710825658,37,F,3,Uneducated,Single,2,Existing Customer,Blue,Less than $40K,29,5,3
710829108,59,F,1,Uneducated,Married,3,Existing Customer,Blue,$40K - $60K,36,4,2
710831133,42,M,3,Unknown,Married,2,Existing Customer,Blue,$80K - $120K,36,5,2
710832108,52,F,2,Unknown,Single,3,Existing Customer,Blue,$40K - $60K,44,2,3
710833908,45,M,5,High School,Married,3,Existing Customer,Blue,$80K - $120K,25,1,3
710838108,45,M,2,Graduate,Married,1,Existing Customer,Blue,$80K - $120K,36,1,4
710839308,34,F,2,High School,Single,3,Existing Customer,Blue,Less than $40K,21,6,1
710840433,34,M,1,College,Married,3,Existing Customer,Blue,$40K - $60K,20,2,1
710841183,54,M,1,High School,Single,0,Existing Customer,Blue,$60K - $80K,34,5,2
710842308,41,F,5,Uneducated,Single,4,Existing Customer,Blue,$40K - $60K,26,4,3
710844408,38,M,3,Post-Graduate,Married,2,Existing Customer,Blue,$60K - $80K,36,4,3
710845308,46,M,4,High School,Married,1,Existing Customer,Blue,$80K - $120K,36,2,2
710849208,47,M,2,Post-Graduate,Single,4,Existing Customer,Silver,$120K +,35,3,3
710850633,65,M,0,High School,Single,2,Existing Customer,Blue,$40K - $60K,53,3,2
710853033,36,F,1,Doctorate,Unknown,2,Existing Customer,Blue,Less than $40K,36,3,2
710854008,48,M,3,Unknown,Unknown,4,Existing Customer,Blue,$40K - $60K,37,3,2
710855508,45,F,3,Uneducated,Married,1,Existing Customer,Blue,Less than $40K,33,4,3
710856558,45,M,2,Graduate,Unknown,1,Existing Customer,Blue,Less than $40K,36,2,3
710858658,48,F,4,Doctorate,Divorced,2,Attrited Customer,Silver,Less than $40K,38,2,1
710862258,41,M,2,Uneducated,Married,2,Existing Customer,Blue,Less than $40K,36,3,2
710863308,48,M,4,Post-Graduate,Married,2,Existing Customer,Blue,$40K - $60K,29,6,1
710864358,51,F,2,Doctorate,Married,2,Existing Customer,Blue,Unknown,45,6,6
710865633,41,F,2,Graduate,Married,0,Existing Customer,Silver,Less than $40K,33,4,2
710866758,42,F,4,High School,Married,2,Existing Customer,Blue,Less than $40K,31,5,1
710869008,47,F,3,Graduate,Single,2,Existing Customer,Blue,Unknown,36,5,1
710871108,45,M,5,Uneducated,Divorced,4,Existing Customer,Silver,$60K - $80K,36,4,2
710872233,27,M,0,Unknown,Single,2,Existing Customer,Blue,$40K - $60K,17,5,1
710873583,58,F,1,Graduate,Married,2,Existing Customer,Blue,$60K - $80K,48,2,3
710874933,41,M,1,Graduate,Married,4,Existing Customer,Blue,$80K - $120K,31,5,3
710877108,44,F,1,High School,Divorced,2,Existing Customer,Blue,Less than $40K,32,1,1
710878308,50,F,4,Graduate,Single,3,Attrited Customer,Blue,Less than $40K,37,1,2
710879283,51,M,1,High School,Married,3,Existing Customer,Blue,Less than $40K,41,3,4
710881008,42,M,3,High School,Unknown,1,Existing Customer,Blue,$80K - $120K,29,3,1
710883483,52,F,1,Graduate,Married,3,Existing Customer,Blue,$40K - $60K,34,3,3
710884683,48,M,4,Graduate,Married,5,Attrited Customer,Silver,$80K - $120K,40,6,2
710888883,37,F,3,High School,Unknown,2,Existing Customer,Blue,Less than $40K,36,6,4
710892408,57,M,1,High School,Married,2,Existing Customer,Blue,Less than $40K,36,6,2
710893533,53,M,1,Unknown,Married,4,Existing Customer,Blue,$120K +,42,4,1
710895708,35,F,0,Doctorate,Married,2,Attrited Customer,Blue,Less than $40K,27,2,3
710897133,51,F,3,Unknown,Unknown,2,Existing Customer,Blue,Less than $40K,36,5,2
710899833,36,M,2,Graduate,Married,3,Attrited Customer,Blue,$40K - $60K,18,3,1
710903358,65,F,0,Unknown,Single,1,Existing Customer,Blue,Less than $40K,55,5,2
710904708,56,F,1,High School,Married,1,Existing Customer,Blue,Less than $40K,43,3,1
710905908,43,M,4,High School,Single,3,Existing Customer,Blue,$60K - $80K,36,4,3
710912733,NULL,F,1,Uneducated,Unknown,4,Existing Customer,Blue,Less than $40K,36,3,2
710914158,45,F,4,College,Married,2,Existing Customer,Blue,Less than $40K,36,5,1
710915358,63,F,0,College,Single,2,Existing Customer,Blue,Unknown,55,5,1
710916408,57,M,4,Graduate,Married,0,Existing Customer,Blue,$60K - $80K,39,4,3
710923533,38,M,4,Unknown,Single,3,Existing Customer,Blue,$120K +,31,3,2
710924658,52,M,2,High School,Single,2,Existing Customer,Blue,$40K - $60K,36,1,2
710926383,32,F,2,Post-Graduate,Married,1,Existing Customer,Blue,$40K - $60K,24,5,3
710927733,39,M,1,Unknown,Married,3,Existing Customer,Blue,$80K - $120K,36,6,2
710929233,33,F,2,Doctorate,Single,3,Existing Customer,Blue,Less than $40K,36,5,2
710930508,37,M,3,Uneducated,Single,0,Existing Customer,Blue,$60K - $80K,36,5,2
710932683,55,F,2,High School,Single,2,Existing Customer,Blue,Less than $40K,36,2,1
710934033,26,M,0,High School,Single,4,Existing Customer,Blue,Less than $40K,13,6,1
710937783,53,M,0,Uneducated,Married,3,Existing Customer,Blue,$40K - $60K,40,1,3
710939283,45,F,3,Uneducated,Married,4,Existing Customer,Blue,$40K - $60K,36,3,2
710940183,49,F,3,Graduate,Married,2,Attrited Customer,Blue,Less than $40K,38,6,3
710942358,47,M,4,Unknown,Married,3,Attrited Customer,Blue,$40K - $60K,36,3,3
710944608,39,M,3,Graduate,Unknown,4,Existing Customer,Blue,$80K - $120K,31,6,2
710947683,64,F,0,Graduate,Married,1,Existing Customer,Blue,Less than $40K,51,6,3
710951808,32,M,1,Unknown,Married,3,Existing Customer,Blue,Less than $40K,36,5,3
710952933,43,F,1,Uneducated,Divorced,3,Existing Customer,Blue,Less than $40K,36,5,2
710955633,54,M,3,Doctorate,Single,0,Existing Customer,Blue,Less than $40K,42,6,1
710958033,49,F,5,Uneducated,Single,2,Existing Customer,Blue,Less than $40K,39,3,2
710958933,43,M,3,Graduate,Married,2,Attrited Customer,Blue,$40K - $60K,35,5,3
710962308,57,F,4,High School,Single,3,Existing Customer,Blue,Unknown,36,3,6
710966433,50,F,3,Uneducated,Unknown,2,Existing Customer,Blue,Less than $40K,36,3,2
710968008,37,F,4,Uneducated,Married,2,Existing Customer,Blue,Less than $40K,26,2,1
710969433,41,F,1,Uneducated,Married,2,Existing Customer,Blue,Less than $40K,31,2,2
710971908,43,M,1,High School,Married,3,Existing Customer,Blue,$60K - $80K,31,2,3
710974308,38,M,1,Graduate,Unknown,4,Existing Customer,Blue,$80K - $120K,36,3,3
710975883,51,M,3,Uneducated,Married,2,Existing Customer,Blue,Less than $40K,43,3,1
710978058,50,F,0,Uneducated,Single,3,Existing Customer,Blue,$40K - $60K,41,6,2
710979033,30,M,0,Unknown,Single,3,Existing Customer,Blue,$40K - $60K,20,3,1
710980383,53,M,3,High School,Single,3,Attrited Customer,Silver,$80K - $120K,33,2,2
710981583,44,F,5,Unknown,Single,2,Existing Customer,Blue,$40K - $60K,36,2,1
710982858,33,F,3,Graduate,Single,2,Existing Customer,Blue,$40K - $60K,36,6,1
710984133,50,M,3,Uneducated,Single,4,Existing Customer,Blue,$120K +,36,5,3
710986758,43,M,3,High School,Single,4,Existing Customer,Blue,$60K - $80K,30,6,2
710989008,38,M,1,Graduate,Married,0,Existing Customer,Blue,$40K - $60K,27,5,6
710990283,56,M,1,High School,Married,2,Existing Customer,Blue,$80K - $120K,36,4,1
710997183,46,M,0,Unknown,Married,2,Existing Customer,Gold,$60K - $80K,36,3,3
711000933,50,F,2,Graduate,Single,4,Existing Customer,Blue,Unknown,41,5,2
711002058,42,M,4,Unknown,Single,1,Existing Customer,Blue,$40K - $60K,33,1,3
711003483,40,M,3,Unknown,Divorced,3,Existing Customer,Blue,$60K - $80K,24,2,3
711004533,44,F,2,Graduate,Single,1,Existing Customer,Blue,Less than $40K,26,6,3
711005583,37,M,3,High School,Single,3,Existing Customer,Blue,$80K - $120K,24,1,2
711006783,38,F,1,Graduate,Single,3,Existing Customer,Blue,Less than $40K,22,3,3
711008508,59,M,2,Graduate,Single,2,Existing Customer,Blue,$40K - $60K,50,2,1
711009708,40,M,3,High School,Single,0,Existing Customer,Blue,$80K - $120K,28,5,1
711010683,35,M,3,High School,Married,3,Existing Customer,Blue,$40K - $60K,27,1,2
711011508,43,F,3,Graduate,Single,2,Existing Customer,Blue,Less than $40K,35,1,3
711012783,43,M,4,Graduate,Single,4,Attrited Customer,Blue,$120K +,36,1,3
711013983,55,F,4,Unknown,Married,3,Attrited Customer,Blue,$40K - $60K,45,2,4
711017433,41,M,3,Graduate,Divorced,4,Existing Customer,Blue,Less than $40K,23,5,2
711019308,58,F,2,High School,Single,0,Existing Customer,Blue,$60K - $80K,45,3,2
711020358,52,F,3,Uneducated,Unknown,2,Existing Customer,Blue,$40K - $60K,36,5,2
711023508,55,F,1,Graduate,Married,2,Existing Customer,Blue,Unknown,43,5,4
711027183,50,M,4,College,Single,1,Existing Customer,Blue,$40K - $60K,45,4,3
711028308,44,F,4,Graduate,Married,0,Existing Customer,Blue,Less than $40K,36,4,1
711029358,41,F,4,Unknown,Unknown,2,Existing Customer,Blue,Less than $40K,36,2,3
711032058,34,M,3,High School,Single,3,Existing Customer,Silver,$80K - $120K,21,6,4
711033408,50,F,2,High School,Married,2,Existing Customer,Blue,Less than $40K,36,5,1
711039633,52,F,4,Post-Graduate,Married,3,Existing Customer,Blue,Less than $40K,36,5,3
711040758,32,M,0,Uneducated,Single,3,Existing Customer,Blue,$40K - $60K,36,4,3
711041508,37,F,1,High School,Married,4,Existing Customer,Blue,$40K - $60K,25,4,3
711043983,44,M,3,High School,Married,1,Existing Customer,Blue,$80K - $120K,29,6,3
711046383,55,M,2,Graduate,Single,1,Existing Customer,Silver,$80K - $120K,36,5,1
711047658,46,F,3,High School,Married,2,Existing Customer,Blue,Less than $40K,38,4,2
711048783,41,M,4,Doctorate,Married,3,Existing Customer,Blue,$80K - $120K,29,3,3
711050058,33,M,2,Uneducated,Married,4,Existing Customer,Blue,$40K - $60K,23,4,2
711052308,45,M,3,Post-Graduate,Divorced,3,Existing Customer,Blue,$60K - $80K,37,6,3
711061908,48,F,1,Graduate,Married,3,Existing Customer,Blue,Less than $40K,38,6,2
711062958,43,F,3,Graduate,Single,2,Existing Customer,Blue,$120K +,23,5,2
711064008,48,F,2,Unknown,Single,2,Existing Customer,Blue,Less than $40K,36,4,3
711065133,26,M,1,High School,Single,4,Existing Customer,Blue,$40K - $60K,13,6,2
711067383,53,M,1,Unknown,Single,3,Existing Customer,Blue,$120K +,45,6,2
711069483,40,F,2,Graduate,Unknown,2,Existing Customer,Blue,Less than $40K,36,6,2
711070683,48,F,3,Post-Graduate,Married,2,Existing Customer,Blue,$40K - $60K,37,4,1
711076533,65,M,0,College,Divorced,2,Existing Customer,Blue,Less than $40K,42,5,3
711079308,40,M,3,Graduate,Married,3,Attrited Customer,Blue,$60K - $80K,27,4,2
711080358,55,M,1,Unknown,Unknown,2,Existing Customer,Blue,$120K +,46,4,1
711082908,44,M,4,Uneducated,Single,3,Existing Customer,Blue,$80K - $120K,31,3,2
711084183,47,F,5,Uneducated,Unknown,3,Existing Customer,Blue,$40K - $60K,42,2,2
711089733,50,F,2,College,Divorced,0,Existing Customer,Blue,Less than $40K,36,3,3
711092658,39,F,3,Graduate,Married,3,Attrited Customer,Blue,Unknown,26,2,2
711093408,46,F,2,Doctorate,Married,1,Existing Customer,Blue,Less than $40K,33,2,3
711096633,37,F,2,Uneducated,Unknown,6,Attrited Customer,Silver,Less than $40K,29,5,2
711099408,35,F,4,High School,Single,3,Existing Customer,Blue,Less than $40K,25,5,2
711100608,55,M,1,Uneducated,Single,2,Attrited Customer,Blue,$60K - $80K,48,5,2
711102858,48,F,2,Doctorate,Single,3,Attrited Customer,Blue,Unknown,36,4,2
711108408,55,M,2,Uneducated,Single,1,Existing Customer,Blue,$60K - $80K,36,2,1
711109908,43,F,4,Uneducated,Married,1,Existing Customer,Blue,Less than $40K,36,2,1
711110733,45,M,3,High School,Married,1,Existing Customer,Silver,$40K - $60K,33,3,2
711111633,60,M,1,High School,Single,2,Existing Customer,Silver,$40K - $60K,49,5,2
711112683,63,F,1,College,Married,3,Existing Customer,Blue,Unknown,36,6,2
711113958,37,F,3,Unknown,Married,1,Existing Customer,Blue,Less than $40K,25,6,2
711116133,50,F,1,Uneducated,Married,4,Attrited Customer,Blue,Less than $40K,37,3,2
711117108,48,F,3,High School,Married,3,Existing Customer,Silver,Unknown,36,4,2
711118083,54,F,4,Graduate,Married,1,Existing Customer,Blue,Less than $40K,43,1,2
711119358,38,M,3,Unknown,Married,2,Existing Customer,Blue,$60K - $80K,31,6,1
711120333,43,M,5,Unknown,Married,1,Existing Customer,Blue,$60K - $80K,36,3,5
711122958,41,F,3,Graduate,Married,3,Attrited Customer,Blue,Less than $40K,33,5,3
711125358,45,F,3,Graduate,Single,0,Existing Customer,Blue,$40K - $60K,39,4,4
711126483,37,F,1,Graduate,Single,3,Existing Customer,Blue,Less than $40K,28,4,3
711128433,55,M,3,Uneducated,Single,3,Existing Customer,Blue,$40K - $60K,36,1,3
711129483,45,M,3,Graduate,Married,3,Existing Customer,Blue,$60K - $80K,36,3,1
711131958,50,F,3,Doctorate,Single,3,Existing Customer,Blue,$40K - $60K,42,4,3
711136008,41,M,4,Graduate,Single,3,Existing Customer,Blue,$80K - $120K,33,1,1
711142308,37,M,0,High School,Divorced,5,Existing Customer,Blue,$40K - $60K,36,3,1
711144183,55,M,3,Graduate,Married,1,Attrited Customer,Blue,Unknown,45,1,3
711145008,60,F,1,Graduate,Unknown,2,Existing Customer,Blue,$40K - $60K,47,4,3
711146358,39,F,1,Graduate,Married,2,Existing Customer,Blue,Unknown,29,4,3
711147483,46,F,3,Graduate,Single,3,Attrited Customer,Blue,Less than $40K,28,2,2
711148308,52,M,3,Graduate,Single,2,Existing Customer,Blue,$60K - $80K,46,4,2
711149133,30,F,1,Graduate,Unknown,4,Attrited Customer,Blue,Unknown,18,4,1
711150333,40,F,3,Graduate,Single,2,Attrited Customer,Blue,Less than $40K,31,5,3
711151383,34,F,1,Post-Graduate,Single,5,Attrited Customer,Blue,Less than $40K,26,3,2
711152658,44,M,4,Graduate,Single,1,Existing Customer,Silver,$120K +,36,2,2
711153783,44,M,3,Uneducated,Single,1,Existing Customer,Blue,Less than $40K,36,5,3
711154908,59,F,0,Unknown,Single,2,Attrited Customer,Blue,Less than $40K,40,5,2
711156858,48,M,5,High School,Single,3,Attrited Customer,Blue,Less than $40K,40,1,4
711157833,56,F,3,Graduate,Single,0,Existing Customer,Blue,$40K - $60K,36,4,1
711159108,58,F,0,High School,Married,2,Attrited Customer,Blue,Less than $40K,36,3,2
711160233,32,M,1,High School,Married,1,Existing Customer,Blue,$40K - $60K,19,2,3
711161133,36,M,2,Unknown,Single,3,Attrited Customer,Blue,Less than $40K,36,2,3
711164508,49,F,1,Graduate,Divorced,1,Existing Customer,Silver,Unknown,43,1,3
711167808,40,M,4,Unknown,Single,6,Attrited Customer,Blue,$60K - $80K,30,4,3
711173058,56,F,2,Unknown,Married,0,Existing Customer,Blue,Unknown,45,4,3
711173883,36,M,4,Graduate,Divorced,2,Attrited Customer,Blue,$120K +,29,3,2
711175083,54,M,3,Doctorate,Single,3,Existing Customer,Blue,$60K - $80K,41,4,2
711176133,28,M,0,High School,Single,4,Existing Customer,Blue,Less than $40K,36,6,3
711178383,47,M,2,Post-Graduate,Married,1,Existing Customer,Blue,$80K - $120K,35,1,3
711181608,50,F,2,Graduate,Married,3,Existing Customer,Blue,Less than $40K,40,3,2
711183558,49,M,0,High School,Married,3,Existing Customer,Blue,$80K - $120K,39,2,1
711184983,41,M,5,Unknown,Unknown,1,Existing Customer,Blue,$80K - $120K,29,6,2
711190233,34,M,3,Graduate,Married,1,Existing Customer,Blue,$40K - $60K,36,3,2
711191808,39,M,0,Graduate,Single,4,Existing Customer,Gold,$80K - $120K,32,3,1
711195558,59,M,1,College,Single,3,Existing Customer,Blue,$40K - $60K,48,6,3
711196458,38,M,1,Unknown,Married,3,Attrited Customer,Blue,Less than $40K,20,2,2
711197658,53,F,1,Post-Graduate,Married,0,Existing Customer,Blue,$40K - $60K,43,5,1
711199008,38,M,2,Unknown,Married,2,Existing Customer,Blue,$40K - $60K,31,3,2
711199908,41,M,2,Graduate,Single,2,Existing Customer,Blue,$60K - $80K,30,3,1
711201108,37,F,3,High School,Single,3,Attrited Customer,Blue,Less than $40K,29,3,3
711203658,46,M,3,Graduate,Unknown,1,Existing Customer,Blue,$40K - $60K,34,3,6
711204483,56,M,4,High School,Married,3,Attrited Customer,Blue,$60K - $80K,46,3,3
711205758,45,M,3,College,Single,3,Attrited Customer,Silver,$80K - $120K,33,1,3
711206958,41,F,3,High School,Married,2,Existing Customer,Blue,Unknown,31,3,1
711208083,40,F,4,Unknown,Unknown,2,Existing Customer,Blue,Less than $40K,30,6,3
711210633,51,M,3,Uneducated,Single,1,Existing Customer,Blue,$60K - $80K,42,2,4
711213108,32,M,1,College,Divorced,4,Existing Customer,Blue,$80K - $120K,36,5,3
711216933,42,F,1,High School,Married,1,Existing Customer,Blue,Less than $40K,36,4,3
711219333,33,M,1,Post-Graduate,Married,0,Existing Customer,Blue,$120K +,14,6,1
711220683,48,M,1,Unknown,Married,3,Existing Customer,Blue,$60K - $80K,36,4,1
711221958,43,F,3,Graduate,Single,2,Attrited Customer,Blue,$40K - $60K,26,3,2
711224733,32,M,0,High School,Married,4,Attrited Customer,Blue,$120K +,27,3,3
711225933,28,F,1,High School,Unknown,4,Existing Customer,Blue,Less than $40K,36,5,3
711226758,51,F,1,College,Divorced,3,Existing Customer,Blue,Less than $40K,42,3,2
711227883,41,F,2,Graduate,Single,3,Existing Customer,Blue,Less than $40K,21,2,3
711231558,58,M,3,High School,Married,3,Existing Customer,Blue,$60K - $80K,40,6,1
711232608,47,F,5,High School,Single,2,Attrited Customer,Blue,Less than $40K,36,2,3
711234783,44,F,4,Unknown,Married,3,Attrited Customer,Blue,Less than $40K,28,5,2
711237633,49,F,0,Graduate,Married,3,Attrited Customer,Blue,$60K - $80K,29,3,3
711238908,65,F,0,Uneducated,Single,2,Existing Customer,Blue,Less than $40K,54,6,5
711240108,41,M,2,Graduate,Married,2,Existing Customer,Blue,$60K - $80K,31,3,2
711242058,48,M,4,Unknown,Single,1,Attrited Customer,Blue,$80K - $120K,36,1,3
711243108,50,M,1,Doctorate,Married,3,Existing Customer,Blue,$80K - $120K,36,5,3
711245433,50,F,4,Graduate,Single,3,Attrited Customer,Blue,Unknown,41,5,3
711249858,49,M,4,Unknown,Married,2,Attrited Customer,Blue,$80K - $120K,38,2,3
711251133,37,M,0,Post-Graduate,Single,3,Existing Customer,Blue,$80K - $120K,27,5,2
711252258,54,F,1,High School,Single,2,Existing Customer,Blue,Less than $40K,36,1,3
711253383,48,F,2,Unknown,Married,3,Attrited Customer,Blue,Unknown,38,6,2
711255858,42,F,4,Unknown,Married,3,Existing Customer,Blue,Less than $40K,30,4,2
711256908,39,M,2,High School,Married,3,Existing Customer,Blue,$60K - $80K,28,6,3
711258108,54,M,1,College,Married,2,Existing Customer,Blue,$120K +,44,4,3
711263058,29,F,1,Unknown,Single,2,Existing Customer,Blue,Less than $40K,36,1,1
711264033,47,M,3,Doctorate,Divorced,3,Existing Customer,Blue,$40K - $60K,36,4,2
711267633,50,F,3,Graduate,Divorced,4,Attrited Customer,Blue,Less than $40K,40,5,4
711272058,40,F,4,Graduate,Married,3,Existing Customer,Blue,Unknown,28,1,3
711274458,38,F,3,High School,Married,3,Attrited Customer,Blue,Less than $40K,27,4,3
711275433,47,M,4,Uneducated,Unknown,3,Attrited Customer,Blue,Unknown,36,3,3
711276933,56,M,3,Graduate,Married,2,Existing Customer,Blue,Less than $40K,44,6,4
711278283,61,F,1,High School,Unknown,2,Existing Customer,Blue,Less than $40K,50,5,1
711283008,50,M,1,High School,Single,3,Existing Customer,Silver,$80K - $120K,36,4,5
711285633,33,F,0,Unknown,Single,3,Existing Customer,Blue,Unknown,36,6,1
711286533,43,M,3,Graduate,Unknown,2,Existing Customer,Blue,$60K - $80K,31,5,1
711287733,45,M,4,Unknown,Married,1,Existing Customer,Blue,$40K - $60K,36,3,2
711288558,45,F,3,Graduate,Single,2,Existing Customer,Blue,Less than $40K,28,5,2
711289533,39,M,4,Post-Graduate,Single,2,Existing Customer,Blue,$80K - $120K,32,5,3
711291558,27,M,0,Uneducated,Single,3,Existing Customer,Blue,$60K - $80K,36,4,3
711294258,43,F,1,Graduate,Single,3,Existing Customer,Blue,Less than $40K,38,3,3
711296508,NULL,F,3,Graduate,Single,3,Existing Customer,Blue,Less than $40K,42,5,2
711297483,47,F,2,Uneducated,Divorced,2,Existing Customer,Silver,Less than $40K,34,6,4
711298458,39,F,3,Unknown,Married,5,Attrited Customer,Blue,Less than $40K,26,5,2
711302883,50,F,0,Graduate,Single,2,Existing Customer,Blue,Less than $40K,46,3,2
711305208,52,M,2,Unknown,Married,4,Existing Customer,Blue,$60K - $80K,36,6,3
711309033,41,M,2,Unknown,Single,2,Existing Customer,Blue,$60K - $80K,24,6,2
711310908,53,F,4,College,Married,3,Existing Customer,Blue,Less than $40K,36,4,1
711311883,48,M,2,Graduate,Married,2,Existing Customer,Silver,Less than $40K,35,5,2
711313158,50,F,4,Unknown,Single,1,Attrited Customer,Blue,Unknown,44,5,1
711314058,49,M,2,Graduate,Married,2,Existing Customer,Blue,$60K - $80K,32,2,2
711315783,53,M,3,Graduate,Married,2,Existing Customer,Blue,$40K - $60K,43,6,4
711318033,47,M,3,Graduate,Single,2,Existing Customer,Blue,$60K - $80K,36,4,2
711320508,57,M,4,Graduate,Married,4,Existing Customer,Blue,$80K - $120K,49,4,2
711323283,57,M,2,Uneducated,Married,2,Attrited Customer,Blue,$60K - $80K,41,3,3
711325308,46,M,3,Unknown,Single,3,Attrited Customer,Blue,$80K - $120K,34,4,3
711326583,62,F,0,High School,Single,3,Existing Customer,Blue,Less than $40K,50,3,3
711327558,38,M,2,High School,Married,1,Existing Customer,Blue,$40K - $60K,36,3,3
711328458,58,M,1,High School,Married,3,Existing Customer,Blue,$80K - $120K,50,1,1
711329658,30,M,0,High School,Married,4,Existing Customer,Blue,$120K +,13,3,1
711330408,35,F,2,College,Married,3,Existing Customer,Blue,$40K - $60K,24,4,1
711332883,62,M,1,High School,Single,3,Attrited Customer,Blue,$60K - $80K,46,2,3
711333933,56,F,3,Post-Graduate,Single,1,Existing Customer,Blue,$40K - $60K,36,2,1
711334983,41,F,3,High School,Married,4,Attrited Customer,Blue,Unknown,32,1,2
711336033,26,F,0,Unknown,Single,2,Existing Customer,Blue,Unknown,36,3,3
711337158,56,M,2,Graduate,Married,3,Existing Customer,Blue,$40K - $60K,49,3,5
711338058,45,F,1,Unknown,Married,2,Existing Customer,Blue,Less than $40K,33,6,3
711339258,49,F,3,Graduate,Single,1,Existing Customer,Silver,$40K - $60K,36,1,3
711340233,46,F,0,Graduate,Single,2,Existing Customer,Blue,Unknown,34,6,1
711341433,34,F,2,Graduate,Married,3,Existing Customer,Blue,Unknown,24,6,3
711342483,50,M,1,College,Married,3,Existing Customer,Blue,$80K - $120K,36,5,2
711343233,53,F,3,Uneducated,Married,3,Existing Customer,Blue,Less than $40K,36,3,1
711345258,52,M,2,High School,Married,1,Existing Customer,Blue,$40K - $60K,44,3,3
711346383,33,M,1,High School,Single,3,Existing Customer,Blue,$80K - $120K,28,4,3
711348033,50,M,2,Graduate,Married,2,Existing Customer,Blue,$40K - $60K,40,4,3
711349083,47,F,4,Doctorate,Married,4,Existing Customer,Blue,Less than $40K,28,3,2
711350133,51,M,2,Graduate,Married,1,Existing Customer,Blue,$80K - $120K,34,5,4
711351108,44,F,3,High School,Unknown,2,Existing Customer,Blue,Less than $40K,36,3,3
711355908,44,F,3,Graduate,Unknown,3,Existing Customer,Silver,Unknown,36,2,3
711356733,45,F,5,Unknown,Single,3,Attrited Customer,Blue,Less than $40K,36,2,2
711357858,47,M,3,Graduate,Single,4,Existing Customer,Blue,Less than $40K,36,5,3
711359058,46,F,4,High School,Single,2,Existing Customer,Blue,Less than $40K,33,3,2
711360783,39,M,0,College,Single,2,Existing Customer,Blue,Less than $40K,36,1,2
711363258,49,F,1,Post-Graduate,Married,1,Existing Customer,Blue,Unknown,39,6,3
711364233,41,M,4,Unknown,Married,2,Existing Customer,Platinum,$60K - $80K,26,1,1
711365133,43,M,1,Unknown,Single,1,Existing Customer,Blue,$60K - $80K,31,4,3
711367308,37,M,3,Uneducated,Single,4,Existing Customer,Blue,$40K - $60K,19,3,3
711368283,39,M,2,Unknown,Married,2,Existing Customer,Blue,$80K - $120K,27,3,3
711370458,49,F,5,Graduate,Married,2,Existing Customer,Gold,Less than $40K,38,1,2
711371208,50,F,4,College,Married,2,Existing Customer,Blue,Unknown,36,4,2
711372258,59,M,1,College,Single,2,Existing Customer,Blue,$40K - $60K,51,4,2
711374283,47,M,3,High School,Single,0,Existing Customer,Blue,$80K - $120K,42,4,1
711375558,48,F,2,Uneducated,Single,1,Existing Customer,Blue,$40K - $60K,34,2,3
711377808,47,M,3,Graduate,Unknown,2,Existing Customer,Blue,$60K - $80K,36,4,3
711379083,60,F,0,Doctorate,Single,3,Attrited Customer,Blue,Less than $40K,42,5,3
711381183,51,F,2,Unknown,Married,2,Existing Customer,Blue,$40K - $60K,36,2,3
711382458,43,M,5,Graduate,Married,5,Attrited Customer,Blue,$60K - $80K,38,2,3
711388458,45,M,3,High School,Married,1,Existing Customer,Blue,$60K - $80K,36,2,5
711389358,42,M,3,Graduate,Married,2,Attrited Customer,Blue,$40K - $60K,23,5,3
711390333,59,M,0,Post-Graduate,Married,2,Existing Customer,Blue,$80K - $120K,46,5,4
711391308,46,F,4,Uneducated,Married,3,Existing Customer,Blue,$40K - $60K,34,6,3
711392508,37,F,2,Graduate,Married,1,Existing Customer,Blue,Less than $40K,25,4,2
711393483,49,F,4,Unknown,Divorced,1,Existing Customer,Blue,Less than $40K,36,4,3
711396483,40,M,2,Graduate,Single,3,Existing Customer,Blue,$40K - $60K,36,3,2
711397533,52,F,2,High School,Married,2,Existing Customer,Blue,Less than $40K,41,4,2
711398433,38,M,0,High School,Married,3,Existing Customer,Blue,$60K - $80K,31,4,3
711399408,34,F,2,Graduate,Divorced,4,Existing Customer,Blue,Unknown,25,2,3
711402333,47,M,2,Doctorate,Married,3,Existing Customer,Blue,Less than $40K,37,2,1
711403383,33,F,3,College,Single,1,Existing Customer,Blue,Less than $40K,23,6,4
711405333,52,M,3,Post-Graduate,Married,2,Attrited Customer,Blue,$80K - $120K,43,5,2
711406758,48,F,3,Graduate,Married,2,Existing Customer,Blue,Less than $40K,36,3,2
711409833,45,F,5,Uneducated,Married,3,Existing Customer,Blue,Less than $40K,33,3,1
711410958,40,M,3,High School,Married,3,Existing Customer,Blue,$60K - $80K,28,2,2
711412533,40,M,3,High School,Single,5,Attrited Customer,Blue,Less than $40K,35,6,3
711416958,33,F,2,Graduate,Single,2,Existing Customer,Blue,Unknown,21,3,3
711419133,56,M,4,Graduate,Single,3,Existing Customer,Blue,Less than $40K,36,3,2
711420258,43,F,4,Unknown,Married,2,Existing Customer,Blue,Less than $40K,36,5,3
711421233,51,M,3,High School,Single,3,Existing Customer,Blue,$60K - $80K,43,5,3
711422358,42,M,5,Post-Graduate,Unknown,2,Existing Customer,Blue,$40K - $60K,36,1,2
711423558,60,F,1,Post-Graduate,Single,2,Existing Customer,Blue,$40K - $60K,50,4,1
711426033,49,M,2,Graduate,Married,2,Existing Customer,Blue,$80K - $120K,39,3,2
711427458,44,F,5,Graduate,Married,2,Existing Customer,Blue,Unknown,35,4,1
711428733,50,M,3,Post-Graduate,Unknown,2,Existing Customer,Blue,$40K - $60K,39,3,2
711430908,45,F,4,Graduate,Married,1,Attrited Customer,Blue,Less than $40K,34,3,2
711432258,55,M,3,Graduate,Single,2,Attrited Customer,Blue,$60K - $80K,46,2,4
711433908,41,F,3,Uneducated,Married,3,Attrited Customer,Blue,Less than $40K,30,1,2
711436083,36,M,1,Graduate,Married,3,Existing Customer,Blue,Less than $40K,18,6,3
711436983,57,M,3,Unknown,Single,1,Existing Customer,Silver,$120K +,49,1,2
711438033,57,F,1,Graduate,Married,2,Existing Customer,Blue,Less than $40K,45,1,3
711441333,43,F,1,High School,Divorced,2,Existing Customer,Silver,Less than $40K,35,3,2
711443808,46,M,2,Unknown,Divorced,1,Existing Customer,Blue,$60K - $80K,37,6,1
711445233,42,F,5,Uneducated,Single,1,Existing Customer,Blue,Less than $40K,36,6,3
711447783,53,F,2,Graduate,Single,3,Existing Customer,Blue,Less than $40K,38,4,2
711448983,47,M,2,Graduate,Unknown,2,Attrited Customer,Blue,Less than $40K,34,2,2
711452583,43,M,4,Graduate,Unknown,1,Existing Customer,Blue,Unknown,36,6,5
711453783,41,F,3,Unknown,Single,3,Existing Customer,Blue,Less than $40K,29,4,2
711455133,55,M,3,College,Single,3,Existing Customer,Blue,$120K +,36,5,3
711456108,46,F,4,Unknown,Married,3,Attrited Customer,Blue,$40K - $60K,39,5,3
711458583,47,M,2,College,Married,1,Existing Customer,Silver,$60K - $80K,35,2,1
711459483,43,F,3,High School,Unknown,3,Existing Customer,Blue,Less than $40K,36,6,2
711460458,44,M,1,Uneducated,Married,3,Attrited Customer,Blue,$40K - $60K,34,5,2
711461658,47,M,1,High School,Married,2,Existing Customer,Blue,$40K - $60K,29,5,3
711465333,35,M,4,High School,Single,1,Existing Customer,Blue,$80K - $120K,26,2,1
711466533,43,F,2,Graduate,Married,2,Existing Customer,Blue,Less than $40K,33,5,2
711468708,38,F,4,High School,Unknown,2,Existing Customer,Blue,$40K - $60K,31,4,3
711473058,44,M,4,Graduate,Divorced,2,Existing Customer,Blue,$60K - $80K,32,6,3
711474333,57,F,2,Uneducated,Single,2,Attrited Customer,Blue,Less than $40K,51,3,5
711478233,38,F,1,Post-Graduate,Single,3,Existing Customer,Blue,Less than $40K,26,4,1
711480108,37,M,4,High School,Married,4,Existing Customer,Blue,$60K - $80K,24,3,1
711481533,39,M,1,High School,Divorced,3,Existing Customer,Blue,$60K - $80K,33,5,3
711487533,47,F,3,Unknown,Married,2,Attrited Customer,Blue,Less than $40K,38,3,3
711491283,44,F,3,Doctorate,Married,0,Existing Customer,Blue,Less than $40K,36,4,3
711492258,50,M,2,Graduate,Married,0,Existing Customer,Blue,$60K - $80K,45,2,1
711493158,52,M,3,Graduate,Single,2,Existing Customer,Blue,$60K - $80K,36,5,2
711494208,52,M,2,Unknown,Married,3,Existing Customer,Blue,Less than $40K,36,3,3
711497283,54,F,5,Unknown,Married,1,Existing Customer,Blue,Less than $40K,36,5,6
711498258,54,M,3,High School,Married,2,Existing Customer,Blue,$120K +,42,6,3
711499158,47,M,2,Uneducated,Married,4,Existing Customer,Silver,$80K - $120K,38,4,3
711502908,44,M,3,Graduate,Single,2,Existing Customer,Blue,$60K - $80K,39,6,2
711505308,59,M,1,Graduate,Unknown,3,Existing Customer,Blue,Less than $40K,52,5,3
711507783,54,F,2,Doctorate,Single,3,Attrited Customer,Blue,Less than $40K,42,3,4
711508608,50,F,1,Unknown,Married,3,Existing Customer,Blue,Less than $40K,36,3,5
711509658,61,M,2,Graduate,Unknown,4,Attrited Customer,Blue,$120K +,49,3,0
711515433,55,F,2,Unknown,Single,2,Existing Customer,Blue,Less than $40K,36,3,1
711516783,47,F,4,Uneducated,Married,1,Existing Customer,Blue,$40K - $60K,36,2,1
711521958,51,F,2,Unknown,Single,2,Existing Customer,Blue,Less than $40K,36,2,2
711523533,43,F,5,Post-Graduate,Single,1,Existing Customer,Blue,$60K - $80K,31,3,3
711525033,66,F,0,High School,Married,2,Existing Customer,Blue,Less than $40K,54,3,4
711526533,33,M,3,Post-Graduate,Married,3,Existing Customer,Blue,$80K - $120K,25,4,2
711527508,46,F,3,High School,Married,2,Existing Customer,Blue,$40K - $60K,34,2,3
711529383,47,F,3,Graduate,Married,4,Existing Customer,Blue,$40K - $60K,41,4,1
711531858,48,F,4,Unknown,Married,3,Attrited Customer,Blue,Less than $40K,41,3,3
711533058,42,F,2,Doctorate,Single,3,Existing Customer,Blue,$40K - $60K,29,6,2
711534183,41,M,2,High School,Single,4,Attrited Customer,Blue,$80K - $120K,36,4,2
711535158,46,F,1,College,Unknown,3,Attrited Customer,Blue,Unknown,35,5,3
711538758,39,M,5,Graduate,Single,3,Attrited Customer,Blue,$60K - $80K,36,1,3
711540108,44,F,4,Doctorate,Unknown,6,Attrited Customer,Blue,Unknown,33,5,3
711542358,42,F,4,High School,Married,2,Existing Customer,Gold,Less than $40K,36,2,3
711546333,46,M,3,Uneducated,Married,1,Existing Customer,Blue,Less than $40K,38,4,3
711549408,51,M,3,Uneducated,Married,3,Existing Customer,Blue,$80K - $120K,42,5,1
711550983,46,M,1,Graduate,Divorced,2,Existing Customer,Blue,$40K - $60K,37,1,2
711551958,59,M,2,Post-Graduate,Married,3,Attrited Customer,Blue,$60K - $80K,46,3,3
711553308,60,M,1,Graduate,Single,3,Existing Customer,Blue,$40K - $60K,48,3,1
711555483,43,F,3,High School,Unknown,2,Existing Customer,Blue,Unknown,36,3,3
711556533,43,F,1,Graduate,Unknown,3,Existing Customer,Blue,Unknown,36,6,3
711557508,51,M,2,Graduate,Single,0,Existing Customer,Blue,$60K - $80K,40,4,3
711559008,40,F,4,Post-Graduate,Single,2,Existing Customer,Blue,$40K - $60K,28,2,1
711560058,49,M,1,High School,Married,2,Existing Customer,Blue,$60K - $80K,36,2,3
711561108,36,M,4,Graduate,Single,2,Existing Customer,Blue,$80K - $120K,24,6,1
711561933,57,F,1,Uneducated,Divorced,1,Existing Customer,Blue,Less than $40K,47,6,6
711562833,35,F,4,Graduate,Married,4,Attrited Customer,Blue,$80K - $120K,24,6,3
711566208,58,F,3,Graduate,Married,2,Existing Customer,Blue,Less than $40K,36,2,2
711567333,43,M,1,High School,Single,2,Existing Customer,Blue,$60K - $80K,31,5,3
711569433,51,F,2,Uneducated,Divorced,2,Existing Customer,Blue,Less than $40K,38,4,1
711571383,46,M,2,High School,Unknown,1,Existing Customer,Blue,Less than $40K,37,3,1
711574008,32,M,3,College,Single,5,Existing Customer,Blue,$80K - $120K,21,4,3
711575058,36,M,3,Unknown,Married,2,Attrited Customer,Blue,$60K - $80K,36,4,2
711577458,52,F,1,Uneducated,Single,1,Existing Customer,Blue,Less than $40K,36,2,2
711578658,56,F,2,High School,Married,3,Existing Customer,Blue,$40K - $60K,49,1,3
711580908,52,F,3,Unknown,Unknown,2,Existing Customer,Blue,$40K - $60K,42,6,3
711583458,48,M,2,College,Married,1,Existing Customer,Blue,Less than $40K,36,4,3
711587433,47,M,4,Graduate,Married,1,Existing Customer,Blue,Unknown,33,6,3
711588708,50,F,2,Uneducated,Married,1,Existing Customer,Blue,$40K - $60K,36,1,3
711589758,42,M,5,High School,Married,2,Existing Customer,Blue,$60K - $80K,32,1,2
711593808,55,M,1,High School,Unknown,3,Attrited Customer,Blue,$60K - $80K,46,2,2
711594858,44,F,1,Unknown,Single,2,Existing Customer,Blue,Less than $40K,36,3,3
711595833,46,M,3,College,Married,2,Attrited Customer,Blue,$60K - $80K,36,5,2
711597183,43,M,2,Uneducated,Divorced,2,Existing Customer,Blue,$80K - $120K,34,5,3
711598533,43,M,1,High School,Married,3,Existing Customer,Blue,$60K - $80K,36,1,2
711600033,40,F,3,College,Single,0,Existing Customer,Silver,Less than $40K,36,2,1
711605208,61,M,0,Uneducated,Married,5,Attrited Customer,Blue,$80K - $120K,43,3,3
711606558,49,M,1,High School,Married,2,Existing Customer,Blue,Less than $40K,39,5,2
711607833,43,F,5,High School,Married,1,Existing Customer,Blue,$60K - $80K,36,5,2
711608958,50,M,1,Uneducated,Married,4,Existing Customer,Blue,$40K - $60K,36,5,1
711613308,58,M,2,Unknown,Single,2,Attrited Customer,Blue,$60K - $80K,48,2,1
711614658,37,M,2,Uneducated,Single,3,Existing Customer,Blue,Less than $40K,30,6,3
711615933,43,F,3,Graduate,Married,2,Existing Customer,Blue,$80K - $120K,33,3,3
711619608,45,M,3,Graduate,Married,2,Existing Customer,Blue,$80K - $120K,36,6,3
711622683,48,M,4,Unknown,Single,3,Existing Customer,Blue,$60K - $80K,30,4,3
711625683,46,M,4,Doctorate,Married,5,Existing Customer,Blue,$120K +,36,3,2
711626658,62,F,1,High School,Single,4,Attrited Customer,Blue,Less than $40K,36,2,3
711627558,40,F,3,Uneducated,Single,2,Existing Customer,Blue,Less than $40K,30,5,1
711628458,45,F,3,Graduate,Married,0,Existing Customer,Blue,Less than $40K,31,4,1
711629733,45,F,2,Graduate,Married,1,Existing Customer,Blue,Less than $40K,34,5,3
711631158,52,F,2,High School,Single,2,Existing Customer,Blue,Less than $40K,42,6,2
711634008,42,M,3,Uneducated,Married,2,Existing Customer,Blue,Less than $40K,36,6,2
711635358,40,F,4,College,Single,2,Existing Customer,Blue,Less than $40K,26,6,1
711636558,33,M,3,Graduate,Married,4,Attrited Customer,Blue,$80K - $120K,36,5,3
711637458,44,F,3,High School,Single,3,Attrited Customer,Blue,Less than $40K,36,2,3
711638658,33,M,4,High School,Single,1,Existing Customer,Blue,$40K - $60K,25,4,1
711639708,42,F,3,Graduate,Single,2,Existing Customer,Blue,$60K - $80K,32,6,2
711642108,30,F,1,Uneducated,Married,2,Existing Customer,Blue,Unknown,13,5,2
711643458,50,F,1,Uneducated,Married,4,Existing Customer,Blue,Less than $40K,43,6,3
711644508,34,M,2,Uneducated,Single,0,Existing Customer,Blue,$80K - $120K,36,3,2
711646908,39,M,3,Unknown,Single,3,Existing Customer,Blue,$60K - $80K,23,1,2
711647808,55,F,3,Graduate,Single,3,Existing Customer,Blue,Less than $40K,36,4,1
711648708,44,M,3,Graduate,Married,2,Existing Customer,Blue,$80K - $120K,36,3,3
711649908,33,F,3,Graduate,Married,2,Existing Customer,Blue,Unknown,15,5,3
711654558,46,M,3,Graduate,Unknown,4,Existing Customer,Blue,$60K - $80K,36,6,3
711655683,55,M,1,Uneducated,Single,4,Existing Customer,Silver,$60K - $80K,46,4,2
711657783,50,F,2,College,Single,4,Attrited Customer,Blue,Less than $40K,41,6,3
711658758,46,M,3,Uneducated,Married,1,Existing Customer,Blue,Less than $40K,35,6,5
711659958,65,F,0,Graduate,Married,1,Existing Customer,Blue,$40K - $60K,56,4,2
711663858,28,M,1,Post-Graduate,Unknown,3,Existing Customer,Blue,Unknown,13,4,3
711666708,52,F,2,High School,Married,4,Existing Customer,Blue,Unknown,39,1,3
711668283,48,M,4,Uneducated,Married,3,Existing Customer,Blue,$80K - $120K,37,5,6
711669258,50,F,3,Uneducated,Single,3,Attrited Customer,Blue,Unknown,36,2,3
711670308,51,F,3,Unknown,Married,0,Existing Customer,Blue,Less than $40K,30,3,2
711671058,48,F,1,Uneducated,Married,2,Attrited Customer,Blue,Unknown,38,5,2
711673983,44,M,4,Unknown,Single,2,Existing Customer,Blue,$60K - $80K,36,3,1
711675108,43,M,3,Graduate,Single,1,Existing Customer,Blue,Less than $40K,30,3,3
711676008,52,F,1,Graduate,Single,2,Existing Customer,Blue,Less than $40K,44,5,2
711676908,51,F,3,College,Married,3,Existing Customer,Blue,Unknown,36,3,2
711679533,54,M,2,Post-Graduate,Divorced,2,Existing Customer,Blue,$120K +,43,3,2
711683358,46,F,3,High School,Unknown,4,Attrited Customer,Blue,Less than $40K,41,2,3
711684408,50,F,0,Graduate,Married,1,Attrited Customer,Blue,Less than $40K,38,2,3
711685758,60,F,1,Graduate,Single,1,Existing Customer,Blue,$40K - $60K,42,3,2
711686658,48,M,5,High School,Married,2,Existing Customer,Silver,$80K - $120K,40,6,2
711688158,47,M,5,Graduate,Single,4,Existing Customer,Blue,$120K +,27,5,3
711688983,51,M,2,Unknown,Married,3,Attrited Customer,Blue,$80K - $120K,38,4,2
711691608,46,F,4,Graduate,Single,3,Attrited Customer,Blue,Less than $40K,36,2,3
711692508,54,F,2,Post-Graduate,Married,3,Attrited Customer,Blue,Less than $40K,47,3,4
711694083,59,M,0,Post-Graduate,Single,2,Existing Customer,Blue,Less than $40K,48,4,2
711697158,60,M,0,Graduate,Married,2,Existing Customer,Blue,Less than $40K,36,6,2
711699183,56,M,2,Uneducated,Divorced,2,Existing Customer,Blue,$60K - $80K,50,4,1
711700158,47,F,2,High School,Single,2,Existing Customer,Blue,Less than $40K,39,5,3
711701058,48,M,4,Graduate,Married,3,Existing Customer,Silver,Less than $40K,36,2,2
711701958,48,M,1,Unknown,Single,3,Existing Customer,Blue,$60K - $80K,38,3,3
711706458,44,M,4,Doctorate,Married,1,Attrited Customer,Blue,$80K - $120K,27,1,2
711708408,52,F,3,High School,Married,2,Existing Customer,Blue,Unknown,43,4,3
711709683,53,F,2,Uneducated,Married,4,Existing Customer,Blue,Less than $40K,36,6,1
711711483,61,F,0,High School,Married,3,Existing Customer,Blue,$80K - $120K,50,4,1
711712983,56,M,2,Graduate,Single,3,Existing Customer,Blue,$80K - $120K,46,6,2
711716133,42,F,3,High School,Married,1,Attrited Customer,Blue,$40K - $60K,34,6,3
711717258,54,F,3,Graduate,Single,1,Existing Customer,Blue,$40K - $60K,39,3,4
711720408,44,F,0,Unknown,Married,3,Existing Customer,Blue,Less than $40K,34,1,3
711721458,50,M,2,Graduate,Unknown,2,Attrited Customer,Blue,Less than $40K,36,5,2
711722808,51,F,4,Graduate,Single,3,Attrited Customer,Blue,Less than $40K,44,5,3
711724083,27,F,0,Unknown,Married,3,Attrited Customer,Blue,Less than $40K,16,6,1
711727083,50,F,1,Graduate,Single,3,Existing Customer,Blue,$40K - $60K,36,2,1
711728208,46,M,4,Graduate,Single,2,Existing Customer,Blue,$120K +,34,4,1
711733308,45,F,2,Uneducated,Single,2,Existing Customer,Blue,Less than $40K,36,2,2
711734508,55,M,2,Graduate,Married,3,Existing Customer,Blue,$80K - $120K,47,3,3
711736083,47,F,4,College,Divorced,3,Attrited Customer,Blue,Unknown,36,4,3
711738333,34,M,2,Graduate,Married,3,Existing Customer,Blue,$80K - $120K,23,6,2
711740508,50,M,1,Unknown,Married,2,Existing Customer,Blue,$40K - $60K,40,6,2
711741708,41,M,3,Post-Graduate,Married,3,Existing Customer,Blue,$80K - $120K,33,3,2
711742758,43,F,5,College,Single,1,Attrited Customer,Blue,$40K - $60K,32,2,3
711743883,43,F,3,Uneducated,Single,3,Existing Customer,Blue,Less than $40K,35,5,2
711745233,30,F,0,High School,Married,4,Attrited Customer,Blue,Unknown,22,1,2
711746133,50,M,1,Unknown,Single,2,Attrited Customer,Blue,$120K +,37,4,3
711748983,30,M,1,High School,Married,2,Existing Customer,Blue,$60K - $80K,17,3,3
711750183,63,F,2,Graduate,Single,3,Existing Customer,Gold,Less than $40K,55,4,1
711751533,47,F,4,Graduate,Married,3,Existing Customer,Blue,Less than $40K,37,3,1
711757383,50,F,3,Unknown,Married,2,Existing Customer,Blue,Less than $40K,42,4,1
711762408,43,M,2,Doctorate,Unknown,2,Existing Customer,Blue,$40K - $60K,34,4,1
711764733,41,F,4,Uneducated,Unknown,3,Existing Customer,Silver,$40K - $60K,36,3,2
711765708,39,F,1,Graduate,Unknown,1,Existing Customer,Blue,Less than $40K,36,3,4
711766758,42,F,4,Unknown,Married,1,Existing Customer,Blue,Less than $40K,30,3,2
711768858,55,M,2,High School,Married,3,Existing Customer,Blue,$80K - $120K,36,3,2
711772008,35,F,3,Graduate,Single,1,Existing Customer,Blue,Less than $40K,22,1,2
711772983,43,M,2,High School,Married,2,Existing Customer,Blue,$60K - $80K,35,5,2
711775383,63,M,1,Graduate,Single,4,Existing Customer,Blue,$60K - $80K,36,6,1
711776433,37,M,3,Uneducated,Single,2,Existing Customer,Blue,$80K - $120K,26,4,2
711777633,41,M,3,Graduate,Divorced,2,Existing Customer,Blue,$60K - $80K,27,5,2
711780108,46,F,4,Doctorate,Divorced,2,Existing Customer,Blue,Less than $40K,38,4,3
711781233,53,F,3,Graduate,Married,3,Existing Customer,Blue,Unknown,45,6,1
711782733,55,M,0,Graduate,Married,2,Existing Customer,Blue,$40K - $60K,36,3,3
711783483,55,F,3,Post-Graduate,Single,2,Existing Customer,Blue,$40K - $60K,46,4,3
711784908,46,F,4,High School,Single,2,Existing Customer,Blue,Less than $40K,34,5,5
711786108,52,M,1,Graduate,Married,2,Existing Customer,Blue,$60K - $80K,43,3,3
711787383,52,F,2,High School,Single,3,Existing Customer,Blue,Less than $40K,40,3,1
711788583,61,F,1,Graduate,Single,2,Existing Customer,Blue,Less than $40K,36,3,2
711790308,54,F,0,High School,Unknown,3,Attrited Customer,Blue,Less than $40K,34,4,3
711791583,52,F,1,Graduate,Single,2,Attrited Customer,Blue,Less than $40K,40,1,2
711792783,45,F,3,Unknown,Divorced,2,Existing Customer,Blue,$40K - $60K,26,1,1
711794358,61,M,0,College,Single,3,Attrited Customer,Blue,$80K - $120K,50,2,4
711795633,65,M,0,Doctorate,Single,4,Existing Customer,Blue,Less than $40K,52,3,3
711796683,50,F,2,Graduate,Single,2,Attrited Customer,Blue,Less than $40K,38,5,4
711799458,41,M,4,Graduate,Single,1,Existing Customer,Blue,$40K - $60K,36,3,1
711800658,42,F,3,High School,Single,3,Attrited Customer,Blue,Less than $40K,36,2,3
711801933,54,F,4,High School,Single,4,Attrited Customer,Blue,$40K - $60K,36,3,3
711802758,63,M,1,Graduate,Married,2,Existing Customer,Blue,$40K - $60K,53,4,1
711807333,37,F,2,College,Single,2,Existing Customer,Blue,Less than $40K,26,1,1
711808383,50,M,3,Graduate,Married,3,Existing Customer,Blue,$60K - $80K,39,5,1
711809283,31,M,1,Unknown,Unknown,3,Existing Customer,Blue,Less than $40K,36,3,3
711813258,56,M,2,College,Unknown,2,Existing Customer,Gold,$60K - $80K,43,2,1
711814608,41,F,5,High School,Married,1,Existing Customer,Silver,$40K - $60K,36,2,1
711816108,40,M,3,High School,Single,4,Attrited Customer,Blue,$80K - $120K,29,2,2
711817158,30,M,2,College,Divorced,4,Attrited Customer,Blue,$40K - $60K,22,3,3
711819708,33,M,3,Post-Graduate,Unknown,4,Attrited Customer,Blue,Unknown,25,3,2
711822933,55,F,2,College,Married,3,Existing Customer,Blue,$40K - $60K,45,2,3
711824358,44,F,4,College,Single,2,Existing Customer,Blue,Less than $40K,31,3,3
711825558,38,M,3,Graduate,Married,2,Existing Customer,Blue,$80K - $120K,19,5,2
711826983,47,F,3,Unknown,Married,6,Attrited Customer,Blue,$40K - $60K,36,4,3
711827958,57,M,2,Uneducated,Married,1,Existing Customer,Blue,$60K - $80K,47,4,4
711830433,44,F,3,College,Single,1,Existing Customer,Blue,Less than $40K,32,1,2
711831558,49,M,4,College,Divorced,1,Existing Customer,Blue,$120K +,41,3,1
711832533,42,M,3,High School,Single,3,Existing Customer,Silver,$80K - $120K,32,3,3
711833508,47,M,2,High School,Married,2,Existing Customer,Blue,$40K - $60K,27,2,3
711834708,55,M,4,College,Married,5,Attrited Customer,Blue,$80K - $120K,40,4,2
711835758,50,M,3,Graduate,Married,3,Existing Customer,Blue,$120K +,42,4,5
711836733,43,M,3,Graduate,Married,3,Existing Customer,Blue,$120K +,31,3,3
711838008,37,M,3,Graduate,Married,2,Attrited Customer,Blue,$60K - $80K,28,2,3
711840408,64,M,0,College,Married,4,Existing Customer,Blue,Less than $40K,55,5,3
711842508,45,F,3,Uneducated,Unknown,3,Existing Customer,Blue,$80K - $120K,33,2,3
711843708,61,F,0,Graduate,Divorced,3,Attrited Customer,Blue,Less than $40K,36,2,3
711844758,48,M,3,Graduate,Single,0,Existing Customer,Blue,$80K - $120K,35,6,1
711846183,38,F,3,Graduate,Single,3,Attrited Customer,Blue,$40K - $60K,26,3,2
711847833,42,M,2,Graduate,Married,2,Existing Customer,Blue,Less than $40K,32,2,2
711848658,35,M,3,College,Married,2,Existing Customer,Blue,$60K - $80K,17,3,3
711850533,46,F,4,Uneducated,Single,4,Existing Customer,Blue,Unknown,36,5,1
711851583,50,M,2,Graduate,Married,1,Existing Customer,Blue,$120K +,42,6,2
711852783,46,M,2,Unknown,Married,2,Existing Customer,Blue,$60K - $80K,36,3,2
711854808,41,M,3,High School,Married,1,Attrited Customer,Blue,$120K +,32,2,2
711856683,51,M,3,Post-Graduate,Married,3,Existing Customer,Blue,$40K - $60K,36,2,3
711857733,49,M,3,Uneducated,Married,2,Existing Customer,Blue,$60K - $80K,32,3,2
711861258,65,F,1,Uneducated,Single,3,Existing Customer,Blue,Less than $40K,36,3,2
711862533,55,F,1,Uneducated,Married,2,Attrited Customer,Blue,Less than $40K,36,5,3
711863433,30,M,1,Unknown,Unknown,1,Existing Customer,Blue,Less than $40K,13,1,3
711864783,61,M,1,Uneducated,Unknown,2,Existing Customer,Blue,$60K - $80K,46,5,3
711866358,42,F,3,High School,Unknown,3,Existing Customer,Blue,$40K - $60K,30,4,2
711870333,46,M,2,Uneducated,Divorced,3,Existing Customer,Blue,$80K - $120K,36,6,3
711871758,30,F,1,Graduate,Married,3,Attrited Customer,Blue,Less than $40K,36,2,2
711873033,35,F,3,Unknown,Married,3,Attrited Customer,Blue,Unknown,29,4,2
711873858,43,M,3,High School,Married,2,Existing Customer,Blue,$60K - $80K,35,2,3
711874833,45,M,3,College,Divorced,2,Existing Customer,Blue,$40K - $60K,37,1,3
711876333,53,M,3,Graduate,Married,4,Existing Customer,Blue,$80K - $120K,36,5,1
711877458,51,F,3,College,Married,2,Attrited Customer,Blue,Less than $40K,36,6,2
711878733,60,M,1,Uneducated,Married,3,Existing Customer,Blue,$60K - $80K,48,3,1
711879633,45,M,3,High School,Single,2,Existing Customer,Blue,Less than $40K,29,4,1
711881733,55,F,1,Graduate,Married,3,Existing Customer,Blue,Less than $40K,46,3,3
711883833,50,F,1,Uneducated,Single,1,Existing Customer,Blue,Less than $40K,37,6,1
711885258,47,F,4,High School,Married,4,Existing Customer,Blue,Less than $40K,31,5,3
711886383,54,F,5,High School,Married,3,Attrited Customer,Blue,Unknown,44,5,3
711887583,47,M,2,Unknown,Married,3,Existing Customer,Blue,$80K - $120K,37,2,3
711890808,NULL,F,3,Graduate,Married,2,Existing Customer,Blue,Less than $40K,36,4,2
711891933,47,M,3,High School,Married,3,Existing Customer,Blue,$80K - $120K,40,3,3
711893358,46,M,5,High School,Married,1,Existing Customer,Blue,$40K - $60K,37,6,2
711900033,57,F,0,Doctorate,Married,1,Existing Customer,Blue,Unknown,46,5,2
711902058,35,M,2,Graduate,Married,2,Existing Customer,Blue,$60K - $80K,36,3,3
711904008,40,M,4,High School,Married,5,Attrited Customer,Blue,$60K - $80K,36,4,3
711906033,48,F,3,Graduate,Married,2,Existing Customer,Blue,Less than $40K,36,4,2
711907083,53,M,1,High School,Unknown,4,Existing Customer,Blue,$80K - $120K,36,3,3
711909933,54,M,4,Unknown,Married,1,Existing Customer,Blue,$80K - $120K,42,3,3
711913833,37,M,3,Graduate,Married,4,Existing Customer,Blue,$40K - $60K,36,4,2
711916533,57,M,2,Unknown,Single,2,Existing Customer,Blue,$120K +,44,5,1
711918033,37,F,3,Unknown,Married,3,Existing Customer,Blue,Less than $40K,17,3,1
711919608,42,F,3,Graduate,Married,2,Existing Customer,Blue,Less than $40K,36,4,3
711922158,57,F,2,Graduate,Married,3,Existing Customer,Blue,Less than $40K,45,1,3
711925608,42,M,4,Graduate,Divorced,2,Existing Customer,Blue,$80K - $120K,35,3,2
711927108,54,M,3,High School,Married,4,Attrited Customer,Blue,$80K - $120K,36,2,3
711929058,28,M,0,High School,Married,5,Existing Customer,Blue,Unknown,21,5,3
711934308,38,M,3,Graduate,Single,3,Existing Customer,Blue,$40K - $60K,19,5,2
711935283,55,M,5,Post-Graduate,Single,4,Attrited Customer,Blue,$80K - $120K,47,3,1
711937158,49,M,3,College,Married,3,Existing Customer,Blue,$60K - $80K,39,5,3
711939558,37,F,2,Unknown,Single,3,Attrited Customer,Blue,Less than $40K,36,3,2
711942783,41,F,3,High School,Married,3,Existing Customer,Blue,Less than $40K,28,3,1
711944733,45,F,2,High School,Married,2,Existing Customer,Blue,Less than $40K,36,1,2
711947358,49,M,4,Uneducated,Married,1,Existing Customer,Blue,$120K +,38,2,3
711948333,42,M,1,Uneducated,Married,2,Existing Customer,Blue,$80K - $120K,36,6,1
711949683,55,F,2,College,Divorced,3,Attrited Customer,Blue,$40K - $60K,36,6,2
711953358,51,M,2,Graduate,Married,2,Existing Customer,Blue,$80K - $120K,35,4,2
711954558,53,F,3,Graduate,Married,4,Existing Customer,Blue,$40K - $60K,44,3,3
711957708,38,F,2,Graduate,Married,4,Existing Customer,Blue,Less than $40K,36,6,3
711963183,50,M,3,Uneducated,Married,3,Existing Customer,Blue,Less than $40K,36,2,3
711964533,44,M,3,College,Married,2,Existing Customer,Blue,$40K - $60K,36,3,3
711967158,35,F,3,Graduate,Single,1,Existing Customer,Blue,Less than $40K,23,6,3
711968358,55,F,4,Graduate,Single,1,Existing Customer,Blue,Less than $40K,44,1,2
711970533,54,F,4,Unknown,Married,0,Existing Customer,Blue,Less than $40K,41,3,2
711977508,56,M,2,Uneducated,Single,4,Attrited Customer,Blue,Less than $40K,43,1,2
711978858,59,M,2,Graduate,Single,2,Existing Customer,Blue,Less than $40K,49,6,3
711982383,62,M,1,Graduate,Single,2,Existing Customer,Blue,$60K - $80K,49,3,3
711984633,36,F,3,Graduate,Married,3,Existing Customer,Blue,Less than $40K,27,1,2
711985833,38,F,4,Uneducated,Single,0,Existing Customer,Blue,Less than $40K,30,4,1
711989358,50,M,2,Graduate,Married,1,Existing Customer,Blue,$80K - $120K,36,4,2
711990933,40,F,2,Graduate,Single,2,Existing Customer,Blue,Less than $40K,29,4,3
711992133,53,F,1,Uneducated,Married,2,Attrited Customer,Blue,Less than $40K,41,4,2
711993258,50,M,0,High School,Single,2,Existing Customer,Blue,$40K - $60K,39,5,3
711994458,47,F,4,High School,Married,0,Existing Customer,Blue,Unknown,39,6,4
711999783,41,M,3,Uneducated,Married,2,Existing Customer,Blue,$80K - $120K,31,4,2
712000758,51,M,4,Uneducated,Single,1,Existing Customer,Silver,$120K +,39,5,2
712003083,55,M,1,Graduate,Married,4,Existing Customer,Blue,$80K - $120K,36,3,2
712004208,65,M,0,Graduate,Married,2,Existing Customer,Blue,Less than $40K,56,3,3
712005108,61,F,0,Post-Graduate,Married,3,Existing Customer,Blue,Less than $40K,48,3,3
712006308,45,F,0,College,Divorced,3,Existing Customer,Blue,Less than $40K,35,6,1
712009083,48,M,3,Unknown,Unknown,2,Existing Customer,Blue,$60K - $80K,36,2,1
712010358,49,M,4,Graduate,Single,2,Attrited Customer,Blue,$80K - $120K,36,2,3
712011633,40,M,2,Doctorate,Single,3,Existing Customer,Blue,$40K - $60K,36,6,1
712012758,49,F,2,Uneducated,Married,3,Existing Customer,Blue,Less than $40K,41,5,1
712013808,44,F,4,Uneducated,Single,2,Existing Customer,Blue,Unknown,24,6,3
712014708,NULL,M,4,Graduate,Married,2,Attrited Customer,Blue,Less than $40K,36,4,1
712018233,42,F,3,Graduate,Single,3,Existing Customer,Blue,Unknown,34,3,3
712019883,43,F,4,Unknown,Unknown,3,Existing Customer,Blue,Unknown,34,5,3
712021233,33,M,3,Graduate,Married,3,Attrited Customer,Blue,$60K - $80K,15,5,1
712022883,37,F,2,High School,Unknown,2,Existing Customer,Blue,$40K - $60K,27,4,1
712024908,56,M,1,College,Married,3,Existing Customer,Blue,Less than $40K,36,6,2
712025958,42,M,4,Uneducated,Married,3,Existing Customer,Silver,$80K - $120K,35,1,2
712027683,47,F,2,Doctorate,Married,2,Existing Customer,Blue,Less than $40K,35,3,2
712029783,42,M,4,Uneducated,Single,1,Existing Customer,Silver,$80K - $120K,36,2,2
712030833,48,M,2,Graduate,Married,4,Attrited Customer,Silver,$60K - $80K,35,2,4
712033833,42,M,4,Unknown,Unknown,2,Existing Customer,Blue,Less than $40K,34,5,3
712036383,49,M,4,High School,Single,3,Attrited Customer,Blue,$60K - $80K,30,6,3
712037358,30,M,0,Unknown,Married,2,Existing Customer,Blue,$60K - $80K,23,3,3
712038258,48,M,4,Unknown,Single,3,Attrited Customer,Blue,$80K - $120K,36,3,3
712040433,54,F,1,High School,Married,3,Existing Customer,Blue,Less than $40K,43,6,2
712043433,53,M,1,Graduate,Married,2,Existing Customer,Blue,$80K - $120K,36,5,2
712044558,51,F,1,Uneducated,Single,3,Attrited Customer,Silver,Less than $40K,41,6,2
712046808,49,F,3,Doctorate,Divorced,3,Attrited Customer,Blue,Unknown,42,1,3
712048008,56,F,4,High School,Single,2,Existing Customer,Blue,$40K - $60K,44,3,2
712049208,56,M,3,Post-Graduate,Married,2,Existing Customer,Blue,$60K - $80K,39,3,1
712050933,48,M,4,College,Married,3,Attrited Customer,Blue,$80K - $120K,32,5,2
712052058,57,M,3,Graduate,Single,0,Existing Customer,Blue,$40K - $60K,48,3,3
712053033,46,M,2,Unknown,Single,2,Existing Customer,Blue,$80K - $120K,34,1,3
712055433,39,F,4,High School,Married,1,Existing Customer,Blue,Less than $40K,36,2,2
712058133,54,F,2,College,Single,3,Existing Customer,Blue,Less than $40K,36,1,3
712058958,28,M,0,High School,Single,4,Existing Customer,Blue,Less than $40K,19,3,3
712060158,35,M,0,Doctorate,Single,3,Existing Customer,Blue,$60K - $80K,18,6,2
712064358,NULL,M,1,Graduate,Unknown,4,Attrited Customer,Blue,$60K - $80K,36,6,3
712069008,42,F,4,Uneducated,Married,0,Existing Customer,Blue,Less than $40K,23,4,2
712070208,61,F,1,College,Single,1,Existing Customer,Blue,Unknown,50,4,4
712071708,63,F,0,Graduate,Married,4,Existing Customer,Blue,Less than $40K,36,6,3
712072908,48,M,4,College,Single,2,Existing Customer,Blue,$80K - $120K,36,4,3
712075083,50,M,4,High School,Single,3,Attrited Customer,Blue,$120K +,41,4,3
712076358,46,M,3,High School,Unknown,2,Existing Customer,Blue,$120K +,34,5,3
712080333,46,M,2,High School,Married,4,Attrited Customer,Blue,$120K +,34,3,2
712084383,63,M,1,Graduate,Single,2,Existing Customer,Blue,Less than $40K,56,4,2
712085733,45,M,4,Graduate,Married,3,Existing Customer,Blue,$120K +,36,5,2
712089108,49,M,3,Uneducated,Divorced,3,Existing Customer,Blue,$80K - $120K,37,6,3
712091433,58,M,4,Uneducated,Single,3,Existing Customer,Silver,$40K - $60K,50,5,2
712092783,47,F,3,Doctorate,Married,3,Existing Customer,Blue,Less than $40K,40,6,2
712096758,49,F,2,Graduate,Unknown,1,Attrited Customer,Blue,$40K - $60K,36,6,3
712098033,38,F,1,Uneducated,Married,1,Attrited Customer,Blue,Unknown,36,3,3
712102983,47,F,2,College,Married,3,Existing Customer,Blue,Less than $40K,36,6,3
712104333,57,F,2,Doctorate,Single,3,Existing Customer,Blue,Less than $40K,44,2,2
712105533,32,M,2,High School,Single,4,Existing Customer,Blue,$40K - $60K,20,6,3
712107783,49,M,4,College,Married,2,Existing Customer,Blue,$60K - $80K,35,1,2
712110333,37,M,3,High School,Single,3,Attrited Customer,Blue,Unknown,18,4,1
712111608,59,F,2,Post-Graduate,Single,3,Existing Customer,Blue,Less than $40K,54,1,1
712112733,33,M,2,Doctorate,Single,2,Existing Customer,Blue,$40K - $60K,25,5,2
712113558,45,M,2,Graduate,Married,3,Attrited Customer,Blue,$80K - $120K,36,4,3
712114458,49,F,3,Uneducated,Married,3,Existing Customer,Blue,Less than $40K,31,6,3
712115958,47,F,3,Uneducated,Single,4,Existing Customer,Blue,Less than $40K,38,5,3
712117983,49,M,4,Graduate,Married,2,Existing Customer,Blue,$80K - $120K,39,6,3
712120608,35,M,3,College,Married,3,Attrited Customer,Blue,$80K - $120K,27,3,2
712121508,43,M,3,Uneducated,Single,0,Existing Customer,Blue,$60K - $80K,30,1,2
712123008,43,M,2,High School,Married,1,Existing Customer,Blue,$60K - $80K,31,2,3
712125258,46,M,4,High School,Married,3,Attrited Customer,Blue,$120K +,30,3,3
712128258,49,M,4,High School,Single,5,Existing Customer,Silver,Less than $40K,40,5,3
712129158,63,M,0,Uneducated,Single,1,Existing Customer,Blue,$60K - $80K,36,2,3
712130058,44,F,4,Uneducated,Single,4,Attrited Customer,Blue,Unknown,36,3,3
712132383,44,M,4,College,Single,3,Existing Customer,Blue,$80K - $120K,34,2,2
712133508,41,F,3,College,Single,2,Existing Customer,Blue,$40K - $60K,22,5,0
712136058,54,F,2,College,Single,3,Attrited Customer,Blue,Unknown,36,1,3
712137033,52,F,2,College,Married,2,Existing Customer,Blue,Unknown,45,5,1
712138008,52,F,2,Graduate,Married,1,Existing Customer,Blue,$40K - $60K,36,5,3
712138983,54,M,1,Graduate,Married,2,Existing Customer,Blue,$60K - $80K,36,3,3
712141683,48,F,3,High School,Married,1,Existing Customer,Blue,Less than $40K,28,4,2
712142733,37,F,3,Post-Graduate,Married,2,Existing Customer,Blue,Less than $40K,26,5,3
712144158,53,F,1,Graduate,Single,3,Existing Customer,Blue,Less than $40K,48,6,6
712146558,48,F,5,Uneducated,Married,3,Existing Customer,Blue,Less than $40K,30,3,2
712149033,57,F,2,High School,Married,1,Existing Customer,Blue,Less than $40K,46,5,1
712152408,44,M,4,High School,Single,1,Existing Customer,Gold,$60K - $80K,29,1,2
712154883,54,F,2,College,Married,2,Existing Customer,Blue,Less than $40K,48,3,2
712157958,44,M,3,High School,Married,2,Existing Customer,Blue,$80K - $120K,36,1,3
712159083,58,F,4,Unknown,Married,3,Attrited Customer,Blue,Less than $40K,46,2,3
712160058,59,F,2,Uneducated,Married,4,Attrited Customer,Blue,Less than $40K,51,5,5
712161858,55,F,5,Unknown,Single,3,Attrited Customer,Blue,Less than $40K,36,4,2
712163433,47,F,3,Uneducated,Married,4,Attrited Customer,Blue,$40K - $60K,29,1,2
712164333,40,M,4,High School,Married,2,Attrited Customer,Blue,$60K - $80K,29,3,3
712165308,45,F,2,Doctorate,Unknown,4,Existing Customer,Blue,Unknown,36,4,2
712166583,45,F,0,Graduate,Unknown,3,Existing Customer,Blue,Less than $40K,38,4,3
712168833,52,F,1,High School,Married,3,Existing Customer,Blue,Less than $40K,36,6,3
712169883,43,M,1,College,Married,2,Existing Customer,Blue,$60K - $80K,36,3,3
712171158,42,F,2,High School,Married,1,Existing Customer,Blue,Less than $40K,30,6,1
712173108,48,F,1,Unknown,Unknown,3,Existing Customer,Blue,$40K - $60K,36,3,1
712176708,51,F,3,Uneducated,Single,3,Existing Customer,Blue,Less than $40K,36,5,3
712177908,50,F,4,College,Single,1,Existing Customer,Blue,Less than $40K,36,1,3
712178883,49,F,2,College,Single,1,Existing Customer,Blue,$40K - $60K,36,3,2
712180308,36,M,4,High School,Single,3,Existing Customer,Blue,$120K +,36,1,3
712181658,37,F,2,Graduate,Single,1,Existing Customer,Blue,$40K - $60K,36,4,3
712184133,41,F,5,Graduate,Married,3,Existing Customer,Blue,Less than $40K,24,2,3
712187808,27,M,0,Uneducated,Married,4,Existing Customer,Blue,$40K - $60K,15,4,3
712189233,38,F,1,Graduate,Married,3,Existing Customer,Blue,$40K - $60K,20,5,1
712190358,48,F,4,Uneducated,Unknown,2,Existing Customer,Blue,Less than $40K,29,1,3
712191783,49,M,4,High School,Unknown,1,Existing Customer,Gold,$120K +,36,1,1
712195383,37,F,0,Doctorate,Single,3,Existing Customer,Blue,Less than $40K,36,2,2
712196508,46,M,3,High School,Single,3,Attrited Customer,Blue,Unknown,34,4,3
712198983,46,M,4,Graduate,Married,3,Existing Customer,Blue,$60K - $80K,36,3,3
712200033,44,F,4,High School,Single,3,Existing Customer,Blue,Less than $40K,36,1,3
712202433,46,F,2,High School,Married,4,Existing Customer,Blue,Less than $40K,36,3,3
712203333,51,M,3,Graduate,Married,1,Existing Customer,Blue,$80K - $120K,39,1,2
712204308,33,M,0,Unknown,Single,1,Existing Customer,Blue,$40K - $60K,36,6,1
712206033,55,M,1,Graduate,Married,2,Existing Customer,Blue,$40K - $60K,36,2,1
712206858,39,M,3,Graduate,Married,2,Existing Customer,Blue,$120K +,36,3,3
712207683,38,M,0,Unknown,Divorced,2,Existing Customer,Blue,Less than $40K,36,3,3
712208658,43,M,2,High School,Single,1,Existing Customer,Blue,$60K - $80K,33,1,2
712210458,38,M,1,Uneducated,Married,2,Existing Customer,Blue,$40K - $60K,36,2,3
712214283,40,M,2,Graduate,Married,3,Existing Customer,Blue,$120K +,28,6,3
712215258,50,F,1,Graduate,Single,3,Existing Customer,Silver,$40K - $60K,31,2,2
712216533,44,M,5,Unknown,Single,3,Existing Customer,Blue,$80K - $120K,34,6,2
712219083,41,M,3,Uneducated,Single,3,Existing Customer,Blue,$80K - $120K,28,1,3
712220283,37,M,2,Graduate,Unknown,3,Existing Customer,Blue,$80K - $120K,28,3,2
712221408,42,M,4,Graduate,Single,2,Existing Customer,Blue,$40K - $60K,33,5,3
712222758,38,F,3,Graduate,Married,3,Attrited Customer,Blue,Less than $40K,36,3,2
712225008,55,M,2,Graduate,Married,3,Existing Customer,Blue,$60K - $80K,44,6,6
712228458,50,M,2,Unknown,Unknown,1,Existing Customer,Blue,$120K +,32,2,3
712229283,48,F,4,Doctorate,Unknown,3,Attrited Customer,Blue,Unknown,24,4,2
712230408,42,M,4,Uneducated,Married,4,Existing Customer,Blue,$120K +,37,3,2
712231308,60,M,0,Graduate,Single,3,Existing Customer,Silver,Less than $40K,47,1,1
712233183,45,F,2,Graduate,Single,1,Existing Customer,Blue,Less than $40K,34,3,3
712234308,54,F,3,Graduate,Married,2,Existing Customer,Blue,Unknown,36,6,1
712235433,43,F,1,Graduate,Single,2,Attrited Customer,Blue,Less than $40K,36,2,3
712236483,41,F,2,Graduate,Single,4,Existing Customer,Gold,Less than $40K,36,5,3
712237458,47,F,3,Unknown,Married,2,Existing Customer,Blue,$120K +,28,3,2
712238958,45,M,4,Graduate,Married,3,Existing Customer,Blue,Less than $40K,36,1,2
712240083,38,F,3,Unknown,Married,2,Attrited Customer,Blue,Less than $40K,30,6,2
712241433,38,F,0,High School,Single,1,Existing Customer,Blue,Less than $40K,30,4,2
712242633,42,F,2,Unknown,Single,4,Existing Customer,Blue,Less than $40K,36,6,1
712244733,56,M,1,Unknown,Married,2,Existing Customer,Blue,Less than $40K,45,4,1
712246983,50,M,4,High School,Married,5,Existing Customer,Blue,$80K - $120K,43,2,2
712253058,48,F,3,High School,Married,1,Existing Customer,Blue,Less than $40K,40,1,2
712255458,37,M,3,High School,Single,5,Existing Customer,Blue,$60K - $80K,36,3,1
712256358,40,M,3,Graduate,Married,1,Attrited Customer,Blue,$60K - $80K,23,1,3
712257258,50,F,1,High School,Single,5,Existing Customer,Blue,Less than $40K,36,4,2
712258308,58,F,4,High School,Single,3,Existing Customer,Blue,Less than $40K,39,3,1
712260633,47,F,5,Doctorate,Single,4,Existing Customer,Blue,Unknown,36,4,1
712263258,49,F,2,Uneducated,Married,3,Existing Customer,Blue,Less than $40K,38,6,3
712265508,32,M,0,Post-Graduate,Single,3,Attrited Customer,Blue,$40K - $60K,14,1,1
712266633,51,F,2,Unknown,Unknown,1,Existing Customer,Blue,$40K - $60K,36,2,2
712267983,57,M,0,Graduate,Single,3,Attrited Customer,Blue,Less than $40K,45,4,3
712268808,55,M,4,Graduate,Unknown,3,Existing Customer,Silver,$120K +,36,2,2
712270158,62,F,0,High School,Married,3,Existing Customer,Blue,$40K - $60K,52,5,2
712271958,37,M,3,Uneducated,Unknown,3,Existing Customer,Blue,$80K - $120K,36,4,2
712275108,53,F,3,College,Married,3,Existing Customer,Blue,$40K - $60K,33,4,3
712278108,46,F,2,Unknown,Married,1,Existing Customer,Blue,$40K - $60K,38,6,3
712279683,44,M,3,Graduate,Married,3,Attrited Customer,Blue,$60K - $80K,36,2,3
712281183,55,M,4,Graduate,Married,2,Existing Customer,Blue,$120K +,36,4,2
712283808,50,F,3,High School,Unknown,2,Existing Customer,Silver,Less than $40K,40,5,2
712285908,60,F,1,High School,Single,1,Existing Customer,Blue,Less than $40K,49,5,4
712287333,39,M,1,Uneducated,Married,4,Existing Customer,Blue,$80K - $120K,30,3,1
712288158,37,M,2,College,Married,2,Existing Customer,Blue,$80K - $120K,17,5,3
712290258,49,F,1,Unknown,Married,3,Existing Customer,Blue,Less than $40K,40,5,1
712291308,52,F,1,Uneducated,Unknown,3,Existing Customer,Blue,Unknown,40,5,1
712292133,45,F,3,College,Married,4,Attrited Customer,Blue,Less than $40K,36,4,2
712294083,54,F,2,High School,Single,4,Attrited Customer,Blue,Unknown,44,4,3
712294983,39,F,2,Graduate,Married,4,Attrited Customer,Blue,$40K - $60K,36,4,2
712296408,36,M,3,Unknown,Married,3,Existing Customer,Blue,$40K - $60K,22,5,3
712297683,47,M,3,College,Married,2,Existing Customer,Blue,Less than $40K,35,6,3
712298883,50,F,3,High School,Single,1,Existing Customer,Blue,Less than $40K,38,3,3
712299858,62,M,1,High School,Married,3,Existing Customer,Blue,Less than $40K,53,5,3
712300683,41,F,1,Graduate,Single,1,Existing Customer,Blue,Less than $40K,32,2,2
712302783,38,F,2,Uneducated,Single,1,Existing Customer,Blue,Less than $40K,25,2,3
712303908,47,M,4,College,Married,2,Existing Customer,Blue,Less than $40K,38,3,1
712305333,59,M,0,Graduate,Single,2,Existing Customer,Blue,$60K - $80K,53,4,2
712307283,54,M,1,College,Single,3,Attrited Customer,Blue,$120K +,37,6,2
712309758,65,M,0,Graduate,Single,3,Existing Customer,Blue,$40K - $60K,49,3,2
712311258,48,F,3,Uneducated,Single,3,Existing Customer,Blue,$40K - $60K,36,5,3
712312908,47,F,4,Unknown,Unknown,4,Existing Customer,Blue,Less than $40K,34,6,2
712315683,53,F,2,Uneducated,Single,1,Attrited Customer,Blue,Less than $40K,45,1,1
712319058,37,F,1,Uneducated,Married,0,Existing Customer,Blue,Less than $40K,29,5,3
712319958,41,M,4,High School,Married,1,Existing Customer,Blue,$80K - $120K,29,4,2
712322058,40,F,3,High School,Married,3,Existing Customer,Blue,Less than $40K,32,5,1
712323183,38,M,3,Unknown,Married,1,Existing Customer,Blue,$80K - $120K,22,2,2
712325433,39,F,2,Unknown,Single,2,Existing Customer,Blue,Unknown,28,6,2
712326708,42,F,2,Unknown,Married,3,Existing Customer,Blue,Less than $40K,31,6,2
712327608,54,F,0,Doctorate,Single,2,Attrited Customer,Blue,Less than $40K,36,4,3
712329933,47,F,1,High School,Unknown,2,Attrited Customer,Blue,Less than $40K,41,6,3
712332183,42,M,3,College,Single,0,Existing Customer,Blue,$80K - $120K,36,6,1
712335858,48,F,4,Graduate,Married,2,Existing Customer,Blue,Less than $40K,36,4,3
712337208,59,F,2,Unknown,Single,2,Existing Customer,Blue,Unknown,46,2,3
712338033,36,M,2,High School,Married,4,Existing Customer,Blue,$80K - $120K,26,4,2
712340733,42,F,2,Graduate,Unknown,2,Existing Customer,Blue,Unknown,34,5,2
712341933,39,M,1,Graduate,Unknown,2,Existing Customer,Gold,$60K - $80K,36,1,3
712342833,52,F,2,Graduate,Married,1,Existing Customer,Blue,Unknown,36,5,3
712347258,43,F,2,Graduate,Married,2,Existing Customer,Blue,Less than $40K,35,3,3
712349808,44,F,4,College,Single,2,Attrited Customer,Blue,Unknown,34,4,1
712350858,41,M,2,High School,Married,3,Existing Customer,Blue,$80K - $120K,24,4,1
712351908,45,M,3,High School,Unknown,3,Existing Customer,Blue,$80K - $120K,34,1,2
712361583,47,M,5,Graduate,Married,1,Existing Customer,Silver,$80K - $120K,36,3,3
712363158,36,M,1,Graduate,Single,1,Existing Customer,Blue,$60K - $80K,24,3,2
712364283,54,F,2,Doctorate,Married,2,Existing Customer,Blue,$40K - $60K,43,5,3
712365483,51,M,1,Graduate,Single,4,Existing Customer,Blue,$60K - $80K,43,5,2
712367658,58,M,1,Uneducated,Single,0,Existing Customer,Blue,$80K - $120K,40,1,3
712369308,48,F,4,Doctorate,Divorced,2,Attrited Customer,Blue,$40K - $60K,35,4,3
712370208,48,M,1,Uneducated,Unknown,2,Existing Customer,Blue,$60K - $80K,35,3,2
712372158,45,M,4,Unknown,Married,3,Existing Customer,Blue,$120K +,33,6,1
712373208,43,M,3,Doctorate,Single,2,Existing Customer,Blue,$60K - $80K,35,3,3
712374708,28,F,0,Graduate,Married,2,Existing Customer,Blue,Unknown,15,2,2
712375758,53,M,3,Uneducated,Married,1,Attrited Customer,Blue,$80K - $120K,43,3,3
712378983,54,M,1,Unknown,Single,5,Attrited Customer,Blue,$80K - $120K,47,5,6
712381683,42,F,4,Unknown,Married,2,Attrited Customer,Blue,Unknown,36,1,4
712389108,43,F,2,Graduate,Married,2,Existing Customer,Blue,Less than $40K,36,6,3
712390683,41,M,2,Uneducated,Single,1,Existing Customer,Blue,$40K - $60K,27,2,3
712392108,51,M,3,High School,Married,4,Existing Customer,Blue,$60K - $80K,36,3,2
712394283,44,F,4,Graduate,Divorced,2,Existing Customer,Blue,Less than $40K,30,4,3
712395408,51,F,3,Graduate,Divorced,3,Attrited Customer,Blue,Less than $40K,41,5,3
712396908,57,M,2,Graduate,Married,2,Existing Customer,Blue,Less than $40K,48,5,2
712399308,38,F,3,High School,Unknown,3,Attrited Customer,Blue,Less than $40K,36,5,3
712401033,36,M,1,Unknown,Single,1,Existing Customer,Blue,Less than $40K,23,4,3
712403358,55,F,2,College,Single,4,Existing Customer,Blue,$40K - $60K,35,4,4
712404483,49,M,2,High School,Married,1,Existing Customer,Blue,$80K - $120K,36,4,3
712405908,50,M,2,High School,Unknown,3,Existing Customer,Blue,$120K +,40,1,2
712407033,26,F,0,Uneducated,Unknown,3,Existing Customer,Silver,Unknown,13,1,2
712407783,39,F,1,Graduate,Single,3,Existing Customer,Blue,Less than $40K,28,5,3
712410858,50,F,4,Uneducated,Married,3,Existing Customer,Blue,Unknown,40,4,1
712411908,44,M,3,High School,Married,5,Existing Customer,Blue,$60K - $80K,34,4,2
712412958,41,F,3,Doctorate,Married,2,Existing Customer,Silver,$40K - $60K,33,1,1
712414908,45,F,4,Unknown,Married,1,Existing Customer,Blue,Unknown,37,4,2
712419708,56,M,2,Post-Graduate,Married,2,Existing Customer,Blue,Less than $40K,48,6,1
712420833,49,M,5,College,Single,2,Existing Customer,Blue,Unknown,41,6,3
712423233,44,M,3,High School,Divorced,1,Existing Customer,Blue,$60K - $80K,36,4,3
712425258,46,F,4,Unknown,Single,3,Existing Customer,Blue,Less than $40K,26,6,1
712428333,49,M,3,Uneducated,Single,4,Existing Customer,Blue,$80K - $120K,41,3,3
712429458,50,M,2,Graduate,Unknown,3,Existing Customer,Blue,$60K - $80K,38,5,3
712431183,52,F,2,Uneducated,Single,1,Existing Customer,Blue,Less than $40K,37,4,3
712433508,59,F,1,Unknown,Married,3,Attrited Customer,Blue,Unknown,50,3,2
712434708,52,F,3,High School,Married,2,Attrited Customer,Blue,Less than $40K,39,5,3
712437108,49,M,3,Unknown,Married,1,Existing Customer,Blue,$80K - $120K,42,3,3
712438308,27,F,1,High School,Married,2,Existing Customer,Blue,Unknown,15,2,1
712440483,54,F,2,Uneducated,Married,3,Existing Customer,Blue,Less than $40K,44,3,1
712441308,41,F,4,Unknown,Single,3,Existing Customer,Blue,Unknown,25,2,2
712442508,52,F,4,Post-Graduate,Unknown,4,Existing Customer,Blue,Less than $40K,37,6,3
712443558,39,F,1,College,Single,1,Existing Customer,Blue,Unknown,36,6,1
712444533,43,M,2,High School,Single,0,Attrited Customer,Blue,$80K - $120K,36,6,2
712445583,33,F,0,College,Single,4,Attrited Customer,Blue,Unknown,15,3,1
712446783,50,F,4,Graduate,Married,4,Existing Customer,Blue,Less than $40K,30,5,3
712447758,46,M,2,Graduate,Married,3,Existing Customer,Blue,$80K - $120K,39,2,2
712448658,52,F,1,High School,Single,2,Attrited Customer,Blue,Less than $40K,36,3,3
712450008,50,F,2,Post-Graduate,Married,4,Attrited Customer,Blue,Unknown,36,5,2
712452033,26,M,1,Unknown,Single,3,Existing Customer,Blue,Less than $40K,13,6,2
712453308,46,M,4,High School,Divorced,3,Existing Customer,Silver,$40K - $60K,36,2,2
712454058,49,M,1,Doctorate,Married,3,Existing Customer,Blue,$120K +,38,6,1
712454958,40,M,5,Graduate,Married,2,Existing Customer,Blue,$60K - $80K,27,6,1
712457208,58,M,1,Graduate,Unknown,4,Attrited Customer,Blue,$80K - $120K,36,6,3
712459233,59,F,1,Post-Graduate,Married,3,Existing Customer,Blue,$40K - $60K,46,5,3
712460433,39,M,2,Uneducated,Single,3,Existing Customer,Blue,$40K - $60K,25,4,1
712463883,45,M,2,Unknown,Married,3,Existing Customer,Silver,$120K +,38,4,2
712464933,44,M,2,Graduate,Married,2,Existing Customer,Blue,$80K - $120K,36,2,2
712470033,44,M,3,College,Married,3,Attrited Customer,Blue,Less than $40K,30,6,3
712475733,38,F,3,High School,Married,3,Existing Customer,Blue,Less than $40K,28,4,2
712479633,31,F,1,Unknown,Single,2,Attrited Customer,Blue,Less than $40K,20,3,1
712481733,55,F,2,Graduate,Married,4,Existing Customer,Blue,Less than $40K,36,4,2
712484733,47,M,5,Unknown,Single,3,Existing Customer,Blue,$60K - $80K,32,6,2
712487883,54,M,5,High School,Married,3,Attrited Customer,Blue,$80K - $120K,48,2,1
712489158,36,M,0,Uneducated,Single,2,Existing Customer,Blue,Unknown,18,5,3
712490283,55,F,4,Graduate,Married,3,Existing Customer,Blue,$40K - $60K,41,4,3
712491108,35,M,1,Post-Graduate,Married,4,Existing Customer,Blue,$80K - $120K,20,6,3
712493058,42,F,5,High School,Single,2,Existing Customer,Blue,Unknown,31,6,3
712494108,38,M,2,Post-Graduate,Single,4,Existing Customer,Silver,$60K - $80K,36,3,3
712495233,31,F,0,Uneducated,Married,2,Existing Customer,Blue,Less than $40K,19,5,3
712497783,56,F,2,Unknown,Married,3,Existing Customer,Blue,Less than $40K,48,1,2
712500933,48,F,4,Graduate,Single,4,Existing Customer,Blue,Unknown,40,4,4
712503408,57,M,2,Graduate,Married,4,Existing Customer,Blue,$80K - $120K,40,6,3
712505658,51,M,4,Unknown,Unknown,3,Existing Customer,Blue,Less than $40K,41,3,1
712506708,39,F,3,College,Single,2,Existing Customer,Blue,Less than $40K,25,6,1
712507758,36,F,2,College,Unknown,3,Existing Customer,Blue,Unknown,24,6,3
712509108,46,F,3,Doctorate,Single,5,Attrited Customer,Gold,Less than $40K,36,1,3
712510833,44,M,3,College,Married,3,Existing Customer,Blue,$40K - $60K,30,2,3
712513458,47,M,4,High School,Unknown,4,Existing Customer,Blue,Less than $40K,38,4,1
712514508,47,M,2,Unknown,Married,2,Existing Customer,Blue,$120K +,37,6,4
712515558,35,M,1,College,Single,3,Existing Customer,Blue,$60K - $80K,26,3,2
712516608,43,M,3,Graduate,Married,3,Existing Customer,Blue,$80K - $120K,36,6,2
712517808,42,M,5,High School,Married,3,Existing Customer,Blue,$60K - $80K,36,2,4
712521783,54,M,3,Graduate,Unknown,4,Existing Customer,Blue,$80K - $120K,47,6,2
712523283,55,M,2,Unknown,Married,2,Existing Customer,Blue,$120K +,41,4,3
712524858,34,F,1,Graduate,Single,3,Existing Customer,Blue,Less than $40K,28,1,6
712531008,43,M,3,Unknown,Married,2,Attrited Customer,Blue,$120K +,34,4,3
712532058,44,M,3,Post-Graduate,Married,2,Existing Customer,Blue,$40K - $60K,36,1,1
712533708,43,F,0,High School,Single,2,Existing Customer,Blue,$80K - $120K,36,2,2
712542258,47,F,5,Unknown,Married,3,Existing Customer,Blue,Less than $40K,40,5,1
712544358,48,M,3,Graduate,Married,2,Existing Customer,Gold,$120K +,36,1,4
712545183,51,F,4,Uneducated,Single,2,Existing Customer,Blue,Less than $40K,37,4,4
712546233,51,M,3,Unknown,Single,3,Existing Customer,Blue,Less than $40K,39,5,1
712549758,40,F,4,Graduate,Married,1,Existing Customer,Blue,Unknown,25,6,2
712551258,39,F,1,Uneducated,Married,3,Attrited Customer,Blue,Less than $40K,36,3,3
712552608,46,F,3,Graduate,Married,1,Attrited Customer,Blue,Less than $40K,34,3,3
712554183,65,F,2,College,Single,2,Existing Customer,Blue,$40K - $60K,54,4,3
712555233,59,F,0,Graduate,Single,2,Existing Customer,Blue,$40K - $60K,48,4,1
712556433,52,F,2,Graduate,Married,3,Attrited Customer,Blue,$40K - $60K,43,1,2
712557708,35,M,1,High School,Married,2,Existing Customer,Blue,$60K - $80K,21,5,2
712559058,54,M,0,High School,Single,2,Existing Customer,Blue,$80K - $120K,45,1,3
712560558,55,F,3,College,Single,1,Existing Customer,Blue,Less than $40K,42,5,2
712562433,48,F,2,Unknown,Married,3,Attrited Customer,Blue,Less than $40K,30,3,3
712563408,33,F,2,Uneducated,Single,6,Attrited Customer,Blue,$40K - $60K,18,1,1
712566258,40,F,2,Post-Graduate,Divorced,1,Existing Customer,Blue,Unknown,27,6,3
712567083,51,M,1,High School,Married,2,Existing Customer,Blue,$80K - $120K,36,5,2
712568358,47,M,1,High School,Married,2,Existing Customer,Blue,$60K - $80K,29,3,2
712569408,56,F,4,Doctorate,Single,3,Existing Customer,Blue,$40K - $60K,44,4,2
712570458,51,F,2,High School,Married,3,Existing Customer,Blue,Less than $40K,33,2,1
712571883,40,M,3,Graduate,Divorced,2,Existing Customer,Silver,Less than $40K,36,1,3
712572858,38,M,3,High School,Single,3,Existing Customer,Blue,$80K - $120K,29,2,1
712574583,34,F,1,Graduate,Single,3,Existing Customer,Blue,Unknown,21,6,1
712575708,55,M,2,High School,Married,4,Existing Customer,Blue,Less than $40K,36,5,1
712576908,30,M,0,High School,Married,4,Existing Customer,Blue,$60K - $80K,36,5,2
712578933,35,F,5,High School,Married,6,Attrited Customer,Blue,$40K - $60K,25,3,2
712579983,40,F,2,Graduate,Single,3,Existing Customer,Blue,Unknown,30,5,2
712580958,38,M,1,High School,Single,1,Existing Customer,Blue,$120K +,30,2,1
712582983,47,F,3,Graduate,Married,1,Attrited Customer,Silver,Less than $40K,36,4,3
712586583,26,F,0,Graduate,Single,4,Existing Customer,Blue,$40K - $60K,13,6,3
712589658,45,F,4,Uneducated,Unknown,2,Existing Customer,Silver,Less than $40K,30,5,2
712591983,52,F,5,Graduate,Single,3,Existing Customer,Blue,$40K - $60K,41,4,2
712593933,40,M,3,Doctorate,Married,4,Attrited Customer,Blue,$40K - $60K,36,3,3
712595433,58,M,2,Uneducated,Unknown,3,Existing Customer,Blue,$120K +,49,6,2
712597233,37,M,2,Uneducated,Unknown,2,Attrited Customer,Blue,$40K - $60K,36,2,3
712599783,39,M,3,Uneducated,Single,1,Existing Customer,Blue,$80K - $120K,36,4,2
712602708,36,M,3,Unknown,Unknown,2,Attrited Customer,Blue,$80K - $120K,36,4,1
712604133,54,M,1,Uneducated,Married,4,Attrited Customer,Blue,$80K - $120K,43,3,1
712606158,47,M,4,Uneducated,Married,2,Existing Customer,Blue,$60K - $80K,42,4,1
712607583,56,M,1,College,Married,3,Existing Customer,Blue,$80K - $120K,36,3,3
712608783,50,M,2,High School,Married,3,Existing Customer,Silver,$80K - $120K,45,3,1
712609533,32,M,1,Uneducated,Single,1,Existing Customer,Blue,$80K - $120K,15,2,2
712611108,59,F,1,Unknown,Unknown,2,Attrited Customer,Blue,Less than $40K,53,5,6
712612233,35,M,4,Graduate,Single,3,Existing Customer,Blue,$60K - $80K,22,3,3
712613808,45,F,5,College,Single,3,Existing Customer,Blue,Unknown,32,3,3
712615008,46,M,2,Graduate,Unknown,2,Existing Customer,Blue,$120K +,34,1,3
712617408,31,M,1,Post-Graduate,Single,3,Existing Customer,Blue,$40K - $60K,20,5,3
712619808,47,F,3,College,Single,1,Existing Customer,Blue,Less than $40K,36,3,2
712620858,34,F,4,Doctorate,Married,2,Attrited Customer,Blue,Unknown,36,1,2
712623258,42,F,3,Graduate,Married,3,Attrited Customer,Blue,Less than $40K,36,2,3
712624383,52,M,4,College,Single,2,Existing Customer,Silver,$80K - $120K,41,1,1
712627083,38,M,4,Uneducated,Married,4,Attrited Customer,Blue,$80K - $120K,25,5,2
712630608,43,F,2,High School,Unknown,4,Existing Customer,Blue,Unknown,35,3,3
712634133,54,M,2,Graduate,Married,4,Existing Customer,Blue,Less than $40K,45,5,2
712636308,65,F,2,High School,Married,2,Existing Customer,Blue,$40K - $60K,45,6,2
712637283,36,F,2,Unknown,Unknown,2,Existing Customer,Blue,Less than $40K,28,6,1
712640583,60,F,0,Doctorate,Married,3,Existing Customer,Blue,Unknown,51,4,1
712642533,38,M,3,Unknown,Unknown,3,Existing Customer,Blue,$80K - $120K,26,6,1
712643358,59,F,0,High School,Married,4,Existing Customer,Blue,Less than $40K,49,6,2
712644483,46,M,3,High School,Single,1,Existing Customer,Blue,$60K - $80K,39,5,3
712645908,43,M,2,High School,Married,3,Existing Customer,Blue,$60K - $80K,37,1,3
712649058,54,F,2,Uneducated,Single,2,Existing Customer,Blue,Less than $40K,36,3,2
712650333,48,M,3,College,Married,2,Existing Customer,Blue,$60K - $80K,37,3,3
712652283,36,M,1,Uneducated,Divorced,3,Existing Customer,Blue,$80K - $120K,28,4,1
712653183,49,F,4,Unknown,Single,4,Existing Customer,Blue,Less than $40K,36,4,1
712654233,39,M,3,High School,Married,1,Existing Customer,Blue,$80K - $120K,27,1,3
712655583,41,M,3,Graduate,Married,2,Existing Customer,Blue,$40K - $60K,32,3,3
712656783,49,M,1,Graduate,Single,3,Attrited Customer,Blue,$120K +,36,3,4
712658283,36,F,3,Graduate,Single,3,Existing Customer,Blue,$40K - $60K,28,3,2
712659408,57,M,1,High School,Married,2,Existing Customer,Blue,$40K - $60K,45,3,3
712660308,44,M,1,High School,Single,3,Attrited Customer,Blue,Less than $40K,36,2,3
712661433,49,M,4,Uneducated,Single,3,Existing Customer,Blue,$80K - $120K,30,3,2
712662783,43,F,2,College,Married,6,Attrited Customer,Blue,Unknown,36,1,2
712663533,40,M,4,High School,Single,2,Existing Customer,Blue,$40K - $60K,32,6,4
712664658,35,F,1,Graduate,Single,2,Existing Customer,Blue,Less than $40K,30,2,2
712665633,43,F,3,Graduate,Married,4,Existing Customer,Silver,Less than $40K,30,6,1
712667058,39,F,1,Graduate,Single,3,Existing Customer,Blue,Less than $40K,29,4,1
712667958,40,M,4,Uneducated,Single,2,Attrited Customer,Blue,$120K +,36,4,3
712669983,39,M,3,Graduate,Married,3,Existing Customer,Blue,$80K - $120K,30,5,3
712672083,65,F,0,High School,Married,2,Existing Customer,Blue,Less than $40K,36,3,3
712673283,36,F,4,Unknown,Single,3,Existing Customer,Blue,Less than $40K,26,3,2
712674183,53,M,2,College,Married,1,Existing Customer,Blue,$40K - $60K,33,3,3
712675158,56,M,1,Graduate,Single,2,Existing Customer,Blue,$60K - $80K,36,5,3
712676208,46,F,5,High School,Single,3,Existing Customer,Blue,Less than $40K,36,6,3
712677633,42,F,0,Uneducated,Divorced,4,Attrited Customer,Blue,Unknown,31,3,3
712681608,54,F,3,Uneducated,Married,2,Existing Customer,Blue,Less than $40K,36,5,4
712682583,44,F,5,High School,Single,2,Attrited Customer,Blue,$60K - $80K,35,3,2
712683633,32,F,0,Unknown,Married,3,Attrited Customer,Blue,Less than $40K,36,5,3
712685733,57,F,3,Unknown,Single,2,Existing Customer,Silver,Unknown,36,6,3
712687083,44,M,3,Graduate,Married,3,Existing Customer,Blue,$60K - $80K,24,1,1
712688433,36,M,3,High School,Divorced,3,Existing Customer,Blue,$120K +,36,3,2
712689333,38,M,2,Unknown,Single,2,Existing Customer,Blue,$80K - $120K,28,4,3
712690458,38,F,2,Uneducated,Married,2,Existing Customer,Blue,Less than $40K,28,1,1
712691883,41,F,2,High School,Married,2,Attrited Customer,Blue,Less than $40K,36,3,2
712693908,43,M,3,Graduate,Married,1,Attrited Customer,Blue,$120K +,31,2,4
712700358,36,F,4,Uneducated,Single,2,Existing Customer,Blue,Less than $40K,26,4,3
712701333,53,M,3,High School,Married,2,Existing Customer,Blue,$60K - $80K,43,5,3
712704933,49,F,4,High School,Unknown,3,Attrited Customer,Blue,$40K - $60K,43,4,3
712706058,44,F,5,Graduate,Married,4,Attrited Customer,Blue,Less than $40K,37,1,2
712707408,43,F,2,Unknown,Married,2,Existing Customer,Blue,Less than $40K,33,4,2
712709508,48,F,2,Unknown,Married,4,Existing Customer,Blue,Unknown,40,3,3
712710708,55,M,2,High School,Married,0,Existing Customer,Blue,$40K - $60K,36,5,2
712713108,61,F,0,Graduate,Married,3,Existing Customer,Blue,Unknown,36,6,2
712714008,39,F,4,Unknown,Married,2,Existing Customer,Blue,$40K - $60K,28,2,3
712715208,NULL,M,1,High School,Single,2,Attrited Customer,Blue,$80K - $120K,44,1,3
712716108,46,F,2,Graduate,Single,1,Existing Customer,Blue,Less than $40K,36,1,1
712718958,49,M,2,High School,Divorced,1,Attrited Customer,Blue,$40K - $60K,36,2,1
712720158,68,M,1,Graduate,Married,3,Existing Customer,Blue,Unknown,56,5,2
712721358,48,F,3,Uneducated,Divorced,2,Attrited Customer,Blue,Less than $40K,36,5,3
712723608,44,F,3,Uneducated,Unknown,4,Existing Customer,Blue,Less than $40K,36,6,2
712724733,31,F,0,Post-Graduate,Single,1,Existing Customer,Blue,Less than $40K,19,6,3
712727283,55,M,1,Graduate,Married,3,Existing Customer,Blue,$60K - $80K,36,4,2
712730583,29,M,0,Uneducated,Married,3,Existing Customer,Blue,$60K - $80K,20,5,2
712732908,36,M,4,Graduate,Married,1,Existing Customer,Blue,$80K - $120K,36,5,3
712733958,46,F,2,Unknown,Single,3,Attrited Customer,Blue,Less than $40K,36,6,3
712734933,43,F,2,College,Married,3,Attrited Customer,Blue,Less than $40K,36,5,2
712737108,48,F,4,High School,Married,2,Existing Customer,Blue,Unknown,36,4,1
712740108,43,F,4,Uneducated,Divorced,1,Attrited Customer,Blue,Less than $40K,33,6,3
712742808,41,F,3,Uneducated,Married,3,Existing Customer,Blue,Less than $40K,29,5,3
712747758,50,F,4,Uneducated,Single,3,Attrited Customer,Blue,Less than $40K,36,2,2
712751133,42,M,3,Doctorate,Single,3,Attrited Customer,Blue,$60K - $80K,35,3,3
712753758,57,F,1,High School,Married,3,Existing Customer,Blue,Less than $40K,41,4,4
712755783,49,F,1,Graduate,Divorced,3,Existing Customer,Blue,$40K - $60K,40,3,2
712757808,33,F,2,Uneducated,Married,4,Attrited Customer,Blue,Less than $40K,22,4,2
712760208,42,F,4,Graduate,Married,1,Existing Customer,Blue,Unknown,31,3,2
712762758,46,M,2,Graduate,Married,0,Existing Customer,Blue,$60K - $80K,34,4,2
712763808,38,M,2,Unknown,Unknown,3,Existing Customer,Blue,$60K - $80K,36,3,3
712765158,26,M,1,High School,Single,3,Existing Customer,Blue,Less than $40K,15,5,3
712766208,45,M,5,Uneducated,Single,1,Existing Customer,Silver,$120K +,36,4,2
712767858,42,F,0,College,Single,3,Attrited Customer,Blue,$40K - $60K,30,5,2
712768983,51,M,4,Graduate,Single,2,Attrited Customer,Silver,$80K - $120K,42,6,4
712770408,42,M,2,Graduate,Unknown,2,Attrited Customer,Blue,Less than $40K,36,6,3
712771233,52,M,3,Unknown,Single,1,Existing Customer,Blue,$80K - $120K,36,3,4
712774008,59,M,0,Uneducated,Married,2,Existing Customer,Blue,Less than $40K,46,6,1
712774908,41,F,4,High School,Married,2,Existing Customer,Blue,Less than $40K,29,2,2
712777233,65,M,0,Graduate,Single,3,Attrited Customer,Blue,Unknown,48,1,4
712778658,52,F,3,Graduate,Married,3,Existing Customer,Blue,Less than $40K,39,4,3
712781883,36,F,1,Uneducated,Married,3,Existing Customer,Blue,Less than $40K,36,6,1
712783083,48,F,4,High School,Married,3,Attrited Customer,Blue,Less than $40K,37,1,2
712784058,45,F,2,High School,Divorced,3,Attrited Customer,Blue,Unknown,36,6,4
712788258,48,M,3,College,Married,1,Attrited Customer,Blue,$40K - $60K,34,2,2
712789383,52,M,1,Graduate,Married,4,Existing Customer,Blue,$120K +,44,6,1
712790358,39,F,3,Uneducated,Married,4,Attrited Customer,Blue,Unknown,30,6,3
712795833,34,F,4,Graduate,Married,4,Attrited Customer,Blue,Less than $40K,36,2,2
712797258,43,M,3,Graduate,Married,3,Existing Customer,Blue,$120K +,33,3,1
712801758,37,F,1,Graduate,Single,2,Existing Customer,Blue,$40K - $60K,27,6,1
712802733,45,M,4,High School,Married,4,Existing Customer,Blue,Less than $40K,36,3,1
712804383,56,F,0,College,Married,2,Existing Customer,Blue,Less than $40K,38,1,1
712805658,56,F,3,Uneducated,Single,2,Existing Customer,Blue,Less than $40K,46,4,3
712807758,47,F,3,Graduate,Single,3,Attrited Customer,Blue,Less than $40K,39,3,3
712810233,40,F,2,Graduate,Married,3,Existing Customer,Blue,Less than $40K,36,3,2
712812408,40,F,3,Unknown,Married,3,Attrited Customer,Blue,Less than $40K,28,2,3
712813458,49,F,2,Unknown,Married,0,Existing Customer,Blue,$120K +,36,4,2
712814658,50,F,0,Graduate,Married,2,Existing Customer,Blue,Less than $40K,43,4,1
712815858,57,F,1,High School,Unknown,4,Existing Customer,Blue,Less than $40K,45,5,2
712816833,56,F,0,High School,Married,2,Existing Customer,Blue,Unknown,48,4,1
712817808,39,M,2,Graduate,Married,1,Existing Customer,Blue,$60K - $80K,23,5,2
712820208,32,F,0,High School,Divorced,4,Existing Customer,Blue,Less than $40K,36,5,2
712821333,60,M,0,Uneducated,Married,3,Existing Customer,Blue,$60K - $80K,47,3,3
712822758,52,M,3,Uneducated,Married,3,Existing Customer,Blue,Less than $40K,33,6,3
712826208,39,F,2,Graduate,Married,2,Existing Customer,Blue,$40K - $60K,26,5,1
712827258,37,M,3,Uneducated,Married,3,Existing Customer,Blue,$40K - $60K,25,5,0
712828533,62,M,1,Graduate,Single,2,Existing Customer,Blue,$60K - $80K,36,3,1
712829808,39,M,3,Uneducated,Married,4,Attrited Customer,Blue,$60K - $80K,29,4,3
712831908,59,F,1,College,Married,1,Existing Customer,Blue,$40K - $60K,49,2,2
712833633,41,M,2,Post-Graduate,Married,3,Existing Customer,Blue,$40K - $60K,36,2,1
712834533,51,F,2,Unknown,Single,4,Attrited Customer,Blue,Less than $40K,39,5,2
712835433,49,F,3,Uneducated,Married,3,Existing Customer,Blue,Unknown,36,5,3
712837233,46,M,2,High School,Single,3,Existing Customer,Blue,$120K +,36,3,1
712838358,40,F,4,Uneducated,Married,3,Existing Customer,Blue,Less than $40K,31,5,2
712839633,38,F,2,Uneducated,Single,3,Existing Customer,Blue,$80K - $120K,22,2,1
712840608,55,F,2,Uneducated,Married,3,Existing Customer,Blue,Less than $40K,43,6,2
712841883,50,M,3,College,Single,2,Existing Customer,Silver,$80K - $120K,36,3,3
712843983,41,F,2,College,Divorced,4,Attrited Customer,Blue,Less than $40K,36,3,3
712845258,41,M,2,Uneducated,Married,2,Existing Customer,Gold,$80K - $120K,33,5,3
712846458,45,M,4,High School,Married,4,Existing Customer,Blue,$80K - $120K,39,5,3
712847208,47,F,3,Graduate,Unknown,3,Existing Customer,Blue,$40K - $60K,36,5,2
712849158,55,M,0,High School,Divorced,3,Attrited Customer,Blue,$80K - $120K,44,4,3
712851108,51,F,3,High School,Married,5,Existing Customer,Blue,Unknown,31,5,1
712852233,64,F,0,Graduate,Single,4,Existing Customer,Blue,Less than $40K,53,5,3
712853358,39,F,3,High School,Unknown,2,Attrited Customer,Blue,Less than $40K,36,2,3
712854633,49,F,2,Unknown,Single,3,Existing Customer,Blue,Unknown,39,4,1
712855683,50,F,2,Post-Graduate,Married,2,Existing Customer,Blue,Less than $40K,36,1,2
712860858,56,F,2,Graduate,Unknown,3,Existing Customer,Blue,Unknown,45,5,1
712863183,46,M,3,Graduate,Unknown,3,Existing Customer,Blue,$40K - $60K,38,2,3
712864683,42,F,3,Doctorate,Single,3,Attrited Customer,Blue,Less than $40K,30,2,3
712865583,57,F,5,Graduate,Married,2,Existing Customer,Blue,$40K - $60K,49,4,2
712866933,51,M,2,Graduate,Married,4,Existing Customer,Blue,$60K - $80K,32,6,3
712867983,54,F,2,Uneducated,Married,4,Existing Customer,Blue,Less than $40K,43,6,1
712868733,60,M,0,Uneducated,Married,2,Existing Customer,Blue,Less than $40K,52,5,1
712869783,56,F,3,Graduate,Single,2,Existing Customer,Blue,Less than $40K,36,5,5
712872183,35,F,4,Uneducated,Single,2,Existing Customer,Blue,Less than $40K,24,4,2
712874433,45,F,3,Unknown,Single,0,Existing Customer,Blue,Less than $40K,36,2,1
712876233,53,F,2,Graduate,Single,2,Existing Customer,Blue,$80K - $120K,36,5,3
712877733,48,M,5,Graduate,Married,3,Existing Customer,Blue,$80K - $120K,42,6,3
712879158,49,M,1,High School,Married,3,Existing Customer,Gold,$60K - $80K,36,2,2
712880283,31,M,0,Uneducated,Married,0,Existing Customer,Blue,$40K - $60K,22,3,3
712881483,55,M,1,Post-Graduate,Married,3,Existing Customer,Blue,$80K - $120K,45,5,3
712884408,43,F,1,High School,Single,0,Existing Customer,Blue,Unknown,30,3,2
712885533,50,M,4,Graduate,Married,2,Existing Customer,Blue,$80K - $120K,31,6,3
712886733,44,F,1,Graduate,Unknown,3,Existing Customer,Blue,Less than $40K,32,3,3
712887633,39,M,1,Unknown,Single,3,Existing Customer,Blue,$80K - $120K,36,5,3
712890408,45,M,2,Uneducated,Unknown,2,Existing Customer,Blue,$60K - $80K,36,5,3
712891833,45,F,2,Graduate,Unknown,1,Existing Customer,Blue,Less than $40K,36,3,1
712894308,47,M,4,High School,Married,3,Existing Customer,Blue,$80K - $120K,37,5,3
712895733,40,M,4,Uneducated,Single,2,Existing Customer,Blue,$80K - $120K,36,6,3
712899333,47,M,4,College,Single,2,Existing Customer,Blue,Less than $40K,37,6,2
712900308,44,F,2,College,Single,3,Existing Customer,Blue,Less than $40K,34,4,3
712901283,53,F,2,Graduate,Single,2,Attrited Customer,Blue,$40K - $60K,36,2,3
712902483,35,M,3,High School,Married,2,Existing Customer,Blue,$60K - $80K,24,3,2
712905708,53,F,1,Graduate,Married,4,Attrited Customer,Blue,Less than $40K,39,5,2
712912233,50,F,0,Post-Graduate,Divorced,1,Existing Customer,Blue,Less than $40K,36,3,4
712914783,43,M,5,Graduate,Single,2,Existing Customer,Blue,$40K - $60K,31,4,1
712916958,55,F,2,Graduate,Married,2,Attrited Customer,Blue,Unknown,36,5,3
712918083,44,F,1,Unknown,Single,1,Existing Customer,Blue,Less than $40K,33,1,3
712920633,49,F,2,Unknown,Married,1,Existing Customer,Blue,$40K - $60K,35,4,1
712924383,55,M,3,Unknown,Single,2,Attrited Customer,Blue,$60K - $80K,36,3,2
712925808,51,F,1,Unknown,Married,2,Attrited Customer,Blue,$40K - $60K,36,2,3
712927383,51,F,2,Uneducated,Single,3,Attrited Customer,Blue,Less than $40K,36,3,3
712931733,49,F,4,Graduate,Married,3,Existing Customer,Blue,Less than $40K,36,1,1
712933083,37,M,1,Uneducated,Single,2,Existing Customer,Blue,$80K - $120K,36,6,1
712934583,44,F,4,Uneducated,Married,0,Existing Customer,Silver,Less than $40K,36,6,3
712936908,36,M,3,Unknown,Single,1,Existing Customer,Blue,$60K - $80K,36,3,1
712938258,45,M,2,Graduate,Single,3,Existing Customer,Silver,Less than $40K,32,2,1
712939533,43,M,5,Graduate,Married,0,Existing Customer,Blue,$60K - $80K,35,4,3
712940508,39,M,3,Unknown,Single,4,Existing Customer,Blue,$40K - $60K,24,3,1
712941483,51,M,4,Post-Graduate,Married,3,Attrited Customer,Silver,$40K - $60K,43,1,3
712942308,42,M,3,Doctorate,Single,3,Existing Customer,Blue,$60K - $80K,36,6,1
712943508,48,F,5,Graduate,Married,0,Existing Customer,Blue,Less than $40K,36,5,3
712947333,54,F,4,Unknown,Married,0,Attrited Customer,Blue,Less than $40K,43,3,3
712948383,48,M,4,Graduate,Married,1,Existing Customer,Gold,$60K - $80K,36,1,6
712949733,46,M,5,High School,Single,3,Existing Customer,Blue,$40K - $60K,37,3,2
712950783,48,F,4,Uneducated,Married,3,Attrited Customer,Blue,Less than $40K,38,3,2
712952283,50,M,3,Graduate,Married,2,Existing Customer,Blue,$120K +,35,1,1
712953483,64,F,0,Graduate,Married,4,Attrited Customer,Blue,Less than $40K,36,1,3
712955433,36,F,4,Uneducated,Unknown,2,Existing Customer,Blue,$40K - $60K,16,1,2
712960308,33,F,2,High School,Single,1,Existing Customer,Blue,Less than $40K,36,4,1
712961658,45,F,4,Uneducated,Married,1,Existing Customer,Blue,Less than $40K,32,1,1
712965183,63,F,2,Graduate,Unknown,3,Existing Customer,Blue,Less than $40K,52,5,2
712966458,51,M,0,Unknown,Married,3,Attrited Customer,Blue,$80K - $120K,36,3,2
712967508,47,M,3,Doctorate,Unknown,2,Existing Customer,Blue,$60K - $80K,36,4,1
712968708,55,F,1,High School,Single,1,Existing Customer,Blue,$40K - $60K,47,2,3
712971708,43,F,5,Unknown,Single,3,Existing Customer,Blue,Less than $40K,26,6,0
712973733,58,M,4,Graduate,Married,2,Existing Customer,Blue,$60K - $80K,36,3,2
712974558,56,F,2,College,Single,1,Existing Customer,Blue,Less than $40K,43,1,3
712977183,57,F,2,Uneducated,Single,0,Existing Customer,Silver,$40K - $60K,36,6,3
712979133,55,M,4,High School,Married,2,Attrited Customer,Blue,$80K - $120K,41,2,2
712980333,33,M,3,Graduate,Divorced,3,Existing Customer,Blue,$60K - $80K,36,6,3
712981383,44,F,4,College,Married,2,Existing Customer,Silver,Less than $40K,37,3,2
712982808,47,M,2,Doctorate,Divorced,3,Attrited Customer,Blue,$80K - $120K,32,1,3
712984983,43,F,2,Unknown,Married,2,Existing Customer,Blue,Less than $40K,30,1,3
712986483,32,M,3,College,Unknown,2,Attrited Customer,Blue,$80K - $120K,36,3,5
712987608,51,F,2,Doctorate,Married,3,Existing Customer,Blue,Less than $40K,40,3,3
712988958,42,M,4,Graduate,Single,0,Existing Customer,Blue,$60K - $80K,33,5,2
712990458,44,F,3,Graduate,Married,1,Existing Customer,Silver,Unknown,34,2,2
712991808,53,M,2,Uneducated,Married,1,Existing Customer,Blue,$60K - $80K,48,2,5
712993008,58,F,1,Unknown,Single,1,Existing Customer,Blue,Less than $40K,48,4,3
712996833,40,F,1,High School,Married,2,Attrited Customer,Blue,Unknown,33,4,2
712998033,37,M,3,High School,Single,2,Existing Customer,Blue,$120K +,36,3,2
712999008,40,F,3,Graduate,Single,1,Existing Customer,Blue,Less than $40K,33,3,1
713000058,51,F,3,Graduate,Married,3,Existing Customer,Silver,$40K - $60K,44,4,2
713003358,40,M,3,Graduate,Married,2,Attrited Customer,Blue,$80K - $120K,30,2,2
713004933,40,M,3,High School,Married,1,Attrited Customer,Blue,$60K - $80K,27,3,2
713005908,47,F,2,Graduate,Married,3,Existing Customer,Blue,$40K - $60K,36,5,2
713008308,59,F,0,Unknown,Married,2,Existing Customer,Blue,Less than $40K,47,5,3
713009208,54,F,3,Graduate,Single,3,Existing Customer,Blue,Less than $40K,44,3,2
713010483,43,F,3,Graduate,Married,3,Existing Customer,Blue,$40K - $60K,36,6,1
713011683,37,F,3,College,Married,4,Attrited Customer,Blue,Unknown,24,4,2
713013483,40,F,4,Graduate,Married,3,Existing Customer,Blue,Less than $40K,36,5,3
713014533,54,M,3,Unknown,Single,4,Existing Customer,Blue,$40K - $60K,43,6,3
713015433,50,M,4,Unknown,Married,3,Existing Customer,Blue,Less than $40K,36,2,4
713016633,47,M,3,High School,Single,2,Existing Customer,Blue,$60K - $80K,36,4,3
713017758,47,F,1,Uneducated,Single,2,Existing Customer,Blue,Less than $40K,32,6,2
713019783,41,F,3,High School,Married,3,Existing Customer,Blue,$40K - $60K,35,3,3
713021208,55,F,2,College,Single,3,Attrited Customer,Silver,Unknown,36,2,3
713023158,39,M,2,College,Married,2,Existing Customer,Blue,$40K - $60K,31,3,1
713025558,53,F,5,Doctorate,Unknown,3,Attrited Customer,Blue,Less than $40K,38,3,2
713027058,46,F,4,Doctorate,Single,3,Attrited Customer,Blue,Less than $40K,36,2,2
713029683,64,M,0,Graduate,Single,1,Existing Customer,Blue,Less than $40K,36,5,4
713030958,57,F,2,College,Married,2,Existing Customer,Blue,Less than $40K,44,6,3
713032233,53,F,2,Graduate,Single,4,Existing Customer,Blue,Less than $40K,36,5,1
713036208,46,M,1,Graduate,Married,2,Existing Customer,Blue,$40K - $60K,27,2,2
713037333,63,M,1,Graduate,Single,2,Existing Customer,Blue,$80K - $120K,55,6,1
713039808,45,M,4,College,Married,1,Existing Customer,Blue,Less than $40K,32,3,2
713041683,55,M,2,Graduate,Married,4,Attrited Customer,Blue,$120K +,36,3,2
713043183,61,M,0,High School,Single,4,Existing Customer,Blue,$40K - $60K,48,3,2
713047608,40,F,2,College,Married,3,Attrited Customer,Blue,Less than $40K,36,6,1
713048733,50,M,2,Uneducated,Married,1,Existing Customer,Blue,$120K +,40,3,1
713049933,65,F,1,High School,Married,2,Existing Customer,Blue,Unknown,36,5,2
713053383,42,M,3,Graduate,Married,3,Attrited Customer,Blue,$80K - $120K,36,1,1
713056083,52,M,2,High School,Single,4,Existing Customer,Blue,$120K +,46,4,2
713057658,48,F,3,Unknown,Divorced,4,Existing Customer,Blue,Less than $40K,36,5,1
713058858,54,F,2,Graduate,Married,2,Attrited Customer,Blue,Less than $40K,46,5,3
713060283,43,F,5,Graduate,Married,3,Existing Customer,Blue,$40K - $60K,34,5,1
713061558,44,M,2,Graduate,Married,2,Existing Customer,Blue,$40K - $60K,36,3,1
713063958,51,M,1,Graduate,Single,3,Existing Customer,Blue,$80K - $120K,39,1,1
713064783,60,F,1,Unknown,Unknown,4,Existing Customer,Blue,$40K - $60K,48,3,3
713067033,37,M,2,Uneducated,Single,3,Existing Customer,Blue,Unknown,28,5,3
713068833,44,F,3,Uneducated,Single,1,Existing Customer,Blue,Less than $40K,32,2,2
713070033,56,F,2,Graduate,Single,2,Existing Customer,Blue,Less than $40K,43,5,3
713071383,54,F,1,Unknown,Single,3,Existing Customer,Blue,Unknown,36,1,3
713072358,42,M,2,Graduate,Married,3,Existing Customer,Silver,$80K - $120K,31,2,1
713075283,51,M,3,High School,Single,4,Existing Customer,Blue,$120K +,36,5,1
713079108,51,F,0,Graduate,Married,2,Existing Customer,Blue,Less than $40K,42,5,3
713081583,51,F,4,Unknown,Married,3,Existing Customer,Blue,Less than $40K,32,2,2
713082708,41,F,2,High School,Unknown,2,Existing Customer,Blue,Less than $40K,36,6,2
713084208,43,M,4,College,Married,3,Attrited Customer,Blue,$40K - $60K,32,6,3
713086008,58,M,3,High School,Married,0,Existing Customer,Blue,Less than $40K,47,6,1
713086908,26,F,0,High School,Single,2,Existing Customer,Blue,$40K - $60K,36,5,2
713087958,53,M,4,High School,Divorced,2,Existing Customer,Blue,$120K +,36,3,3
713089458,44,M,1,High School,Married,2,Existing Customer,Blue,Less than $40K,33,5,2
713090658,58,F,2,Uneducated,Single,2,Existing Customer,Blue,Unknown,44,1,2
713094483,43,F,3,Unknown,Married,4,Existing Customer,Blue,$40K - $60K,32,3,2
713095533,44,F,4,High School,Divorced,3,Existing Customer,Blue,Less than $40K,36,5,3
713096583,40,F,1,High School,Single,2,Attrited Customer,Blue,Less than $40K,36,4,3
713101383,44,F,2,Unknown,Married,1,Existing Customer,Blue,$40K - $60K,36,1,1
713102733,38,F,3,Graduate,Single,2,Attrited Customer,Gold,Less than $40K,31,2,3
713104458,46,M,2,Graduate,Single,5,Attrited Customer,Blue,$40K - $60K,31,3,3
713105508,46,M,3,High School,Single,3,Existing Customer,Silver,$60K - $80K,29,4,3
713108433,53,M,3,College,Married,4,Existing Customer,Blue,$80K - $120K,40,4,4
713110908,30,M,1,Unknown,Married,5,Existing Customer,Blue,Less than $40K,13,3,6
713111883,51,M,1,Unknown,Married,2,Existing Customer,Blue,$120K +,31,5,1
713114133,42,F,2,Uneducated,Single,3,Attrited Customer,Blue,Less than $40K,23,4,2
713115483,44,F,3,Uneducated,Married,3,Attrited Customer,Blue,Less than $40K,36,6,3
713118183,31,M,1,Unknown,Married,2,Existing Customer,Blue,$40K - $60K,23,5,1
713119308,50,F,3,Unknown,Married,3,Attrited Customer,Blue,Less than $40K,39,4,4
713120433,55,F,2,High School,Married,3,Existing Customer,Blue,$40K - $60K,42,2,2
713121408,38,M,3,College,Married,2,Existing Customer,Blue,$80K - $120K,30,5,3
713124558,43,F,2,Graduate,Married,4,Existing Customer,Blue,Unknown,34,6,1
713126733,56,M,3,College,Married,2,Existing Customer,Blue,$120K +,43,6,2
713127708,38,F,0,Uneducated,Married,4,Existing Customer,Blue,Less than $40K,26,5,1
713128833,49,M,2,Unknown,Unknown,2,Existing Customer,Blue,$60K - $80K,36,5,3
713131158,58,M,2,Uneducated,Single,1,Attrited Customer,Blue,$80K - $120K,46,1,3
713132133,54,M,1,Unknown,Married,4,Existing Customer,Blue,Less than $40K,39,3,2
713133258,38,M,3,Unknown,Single,3,Existing Customer,Silver,$80K - $120K,36,2,2
713134458,54,M,3,High School,Married,1,Existing Customer,Blue,$120K +,43,4,1
713135883,65,M,0,High School,Married,0,Existing Customer,Blue,Unknown,53,4,3
713137233,41,M,2,High School,Single,0,Existing Customer,Blue,$80K - $120K,28,4,3
713138433,50,M,3,Graduate,Single,3,Existing Customer,Blue,$60K - $80K,42,4,2
713144208,51,F,0,High School,Married,4,Attrited Customer,Blue,Unknown,42,1,4
713146683,35,F,1,High School,Unknown,2,Existing Customer,Blue,Unknown,36,2,3
713149683,44,F,3,College,Unknown,4,Existing Customer,Blue,Less than $40K,24,5,1
713151258,55,M,3,Graduate,Single,4,Existing Customer,Blue,$40K - $60K,35,4,1
713152383,40,F,3,Uneducated,Married,1,Existing Customer,Blue,Less than $40K,27,1,1
713153733,49,F,2,Graduate,Unknown,3,Attrited Customer,Blue,Less than $40K,29,6,3
713158083,56,M,2,High School,Single,4,Attrited Customer,Blue,$120K +,46,2,4
713159133,32,F,2,High School,Single,2,Existing Customer,Silver,Less than $40K,23,4,2
713160258,54,F,2,Graduate,Married,3,Existing Customer,Blue,Less than $40K,44,1,2
713162358,49,F,4,Unknown,Single,2,Existing Customer,Blue,$40K - $60K,36,4,3
713163258,38,F,2,Unknown,Married,3,Attrited Customer,Blue,Unknown,33,4,3
713166333,38,F,2,High School,Married,1,Existing Customer,Blue,Unknown,27,5,2
713167383,57,F,3,High School,Single,2,Existing Customer,Blue,Less than $40K,46,1,2
713168733,65,F,0,Unknown,Single,3,Existing Customer,Blue,Less than $40K,56,6,3
713171358,46,F,4,College,Single,2,Existing Customer,Blue,Less than $40K,36,6,1
713172408,54,M,1,Unknown,Married,4,Existing Customer,Blue,$80K - $120K,43,4,2
713175483,44,F,2,Graduate,Married,2,Existing Customer,Blue,Less than $40K,40,6,2
713177808,57,F,3,College,Unknown,0,Attrited Customer,Blue,Less than $40K,51,5,1
713179083,32,F,2,Uneducated,Single,1,Existing Customer,Blue,Unknown,25,3,2
713180433,56,F,2,Graduate,Single,2,Attrited Customer,Blue,Unknown,48,5,3
713181558,55,F,2,Doctorate,Married,3,Existing Customer,Blue,Unknown,47,6,1
713182458,53,M,4,High School,Married,2,Existing Customer,Blue,$80K - $120K,43,3,1
713183508,39,F,1,High School,Married,2,Existing Customer,Blue,Unknown,36,1,3
713184858,58,F,2,High School,Single,4,Existing Customer,Blue,Less than $40K,50,4,3
713186058,42,F,3,Unknown,Married,3,Attrited Customer,Blue,$40K - $60K,36,4,2
713187033,46,M,1,Uneducated,Married,2,Existing Customer,Blue,$60K - $80K,36,3,2
713188383,54,F,1,College,Married,4,Existing Customer,Blue,Less than $40K,36,4,2
713193408,59,F,0,Unknown,Single,3,Existing Customer,Blue,Less than $40K,52,3,3
713194608,37,M,2,Graduate,Married,2,Existing Customer,Blue,Less than $40K,36,6,3
713195808,37,F,3,High School,Married,4,Existing Customer,Blue,Unknown,36,6,3
713197308,42,F,4,Graduate,Married,1,Existing Customer,Silver,$60K - $80K,33,1,2
713199558,57,F,3,Doctorate,Single,2,Existing Customer,Blue,Less than $40K,44,5,3
713203908,26,M,0,Uneducated,Single,3,Attrited Customer,Blue,$40K - $60K,15,4,1
713205108,42,F,4,Graduate,Married,1,Existing Customer,Blue,$40K - $60K,27,3,1
713206683,40,F,4,Graduate,Single,3,Attrited Customer,Silver,$80K - $120K,22,3,1
713208033,43,F,3,High School,Married,0,Existing Customer,Blue,Less than $40K,36,2,3
713209308,59,M,0,Graduate,Single,2,Attrited Customer,Blue,$60K - $80K,46,2,3
713213133,36,M,2,Graduate,Married,1,Existing Customer,Blue,$40K - $60K,36,2,2
713214558,52,M,2,Graduate,Married,3,Existing Customer,Blue,$60K - $80K,41,4,3
713216883,64,F,0,Unknown,Married,4,Existing Customer,Blue,Less than $40K,55,4,3
713217858,38,M,2,Uneducated,Single,3,Existing Customer,Blue,Less than $40K,32,5,3
713220258,65,F,0,High School,Married,2,Existing Customer,Blue,Unknown,36,4,3
713227233,42,M,4,Graduate,Single,2,Existing Customer,Blue,$80K - $120K,33,4,2
713229633,45,F,0,Unknown,Married,4,Attrited Customer,Blue,$40K - $60K,30,3,2
713231658,45,F,2,Doctorate,Single,3,Existing Customer,Blue,Less than $40K,33,6,2
713233908,33,M,2,Graduate,Married,3,Existing Customer,Blue,$60K - $80K,21,5,3
713236458,55,M,4,Unknown,Single,3,Existing Customer,Blue,$60K - $80K,48,2,2
713237958,34,M,0,Graduate,Married,4,Existing Customer,Blue,$40K - $60K,17,4,1
713239308,43,F,2,High School,Married,3,Existing Customer,Blue,Unknown,36,2,3
713240133,42,F,3,High School,Married,1,Existing Customer,Blue,Less than $40K,36,4,3
713241033,34,M,0,Graduate,Married,3,Existing Customer,Blue,$60K - $80K,26,4,3
713242383,39,M,2,Uneducated,Married,2,Attrited Customer,Silver,$120K +,19,2,1
713246208,65,M,1,Unknown,Single,4,Existing Customer,Blue,$40K - $60K,56,6,2
713247408,51,F,3,Uneducated,Unknown,2,Existing Customer,Blue,Less than $40K,36,3,1
713249883,51,F,2,Uneducated,Married,3,Existing Customer,Blue,$40K - $60K,36,6,3
713251008,43,F,2,Uneducated,Married,1,Existing Customer,Blue,Unknown,38,6,3
713253858,50,F,1,College,Married,3,Attrited Customer,Blue,Unknown,37,2,2
713254983,62,M,0,Uneducated,Single,2,Existing Customer,Blue,$60K - $80K,50,5,2
713256033,39,M,3,Uneducated,Unknown,3,Existing Customer,Blue,Unknown,25,5,3
713257083,46,F,4,Unknown,Married,1,Existing Customer,Blue,$40K - $60K,36,1,3
713259858,26,M,0,High School,Single,3,Attrited Customer,Blue,$40K - $60K,15,3,1
713261133,38,M,4,Graduate,Married,3,Existing Customer,Blue,$60K - $80K,22,5,2
713263758,53,F,1,College,Single,2,Existing Customer,Blue,Less than $40K,45,3,2
713264583,43,M,2,High School,Married,2,Existing Customer,Silver,$120K +,23,3,3
713265858,44,M,3,Graduate,Married,2,Existing Customer,Blue,$120K +,32,4,2
713267133,41,F,5,Post-Graduate,Married,2,Existing Customer,Blue,Less than $40K,33,3,1
713269533,42,M,2,College,Unknown,1,Attrited Customer,Blue,$80K - $120K,36,1,3
713271708,46,M,3,Uneducated,Married,2,Existing Customer,Silver,Less than $40K,33,5,2
713274183,45,F,1,Graduate,Single,3,Existing Customer,Blue,Less than $40K,35,1,1
713276733,45,F,4,Graduate,Unknown,3,Existing Customer,Blue,Less than $40K,36,3,1
713277783,45,F,4,Uneducated,Married,2,Existing Customer,Silver,$40K - $60K,36,6,2
713279808,NULL,M,2,Unknown,Married,3,Existing Customer,Blue,$60K - $80K,36,6,3
713281833,37,M,3,Unknown,Unknown,3,Attrited Customer,Blue,$40K - $60K,29,6,2
713282733,37,F,2,Graduate,Single,1,Existing Customer,Blue,$40K - $60K,24,4,3
713283933,42,M,2,Uneducated,Married,3,Attrited Customer,Blue,$40K - $60K,30,1,3
713285058,46,F,3,Doctorate,Single,4,Existing Customer,Blue,Less than $40K,34,4,3
713287608,54,F,3,High School,Married,4,Existing Customer,Blue,Less than $40K,41,5,4
713289183,53,F,3,Doctorate,Married,1,Existing Customer,Blue,Less than $40K,33,6,2
713292933,36,F,3,Graduate,Single,2,Existing Customer,Blue,Unknown,36,5,2
713293983,52,F,3,Post-Graduate,Divorced,2,Existing Customer,Blue,$60K - $80K,33,5,3
713295183,48,M,2,Graduate,Divorced,3,Existing Customer,Blue,$80K - $120K,29,6,2
713299758,53,M,1,High School,Single,3,Attrited Customer,Blue,Less than $40K,36,3,3
713301633,57,F,3,Doctorate,Single,1,Existing Customer,Blue,Unknown,36,5,1
713302758,49,M,2,Graduate,Married,1,Existing Customer,Blue,$120K +,40,2,4
713303733,53,M,1,Graduate,Married,2,Existing Customer,Blue,$120K +,41,6,3
713305233,55,M,2,Graduate,Single,2,Existing Customer,Blue,$80K - $120K,46,5,5
713307708,64,F,0,Unknown,Married,2,Existing Customer,Blue,$40K - $60K,55,6,3
713308683,52,M,1,Uneducated,Single,2,Attrited Customer,Blue,$80K - $120K,37,5,2
713309583,55,F,2,College,Married,4,Existing Customer,Blue,Less than $40K,36,6,3
713310558,47,F,2,Graduate,Married,2,Existing Customer,Blue,$40K - $60K,28,5,2
713312208,53,M,1,High School,Married,3,Attrited Customer,Blue,$40K - $60K,43,1,2
713314533,40,M,2,Unknown,Single,3,Attrited Customer,Blue,$60K - $80K,27,6,2
713315433,61,M,2,Uneducated,Married,2,Existing Customer,Blue,$60K - $80K,48,4,1
713316558,41,M,4,High School,Unknown,2,Existing Customer,Blue,$60K - $80K,29,3,2
713318733,32,M,0,College,Married,3,Attrited Customer,Blue,$60K - $80K,24,3,2
713320008,48,M,3,Graduate,Single,2,Existing Customer,Blue,$80K - $120K,37,3,3
713321508,47,F,3,Unknown,Single,4,Existing Customer,Blue,Less than $40K,36,3,1
713322633,54,M,1,Graduate,Married,3,Existing Customer,Blue,$40K - $60K,43,4,3
713325108,36,M,2,Post-Graduate,Married,3,Existing Customer,Blue,$60K - $80K,29,5,3
713328108,60,F,1,College,Married,2,Existing Customer,Blue,Less than $40K,36,2,2
713330133,37,F,1,Graduate,Married,2,Existing Customer,Blue,Less than $40K,19,2,3
713331408,35,M,3,Uneducated,Married,5,Existing Customer,Blue,$40K - $60K,36,6,2
713333433,49,F,3,Uneducated,Unknown,4,Attrited Customer,Blue,$60K - $80K,41,3,4
713334483,46,M,1,Post-Graduate,Married,3,Attrited Customer,Blue,$60K - $80K,32,5,2
713336883,61,F,0,High School,Single,4,Attrited Customer,Blue,Less than $40K,36,4,3
713339283,54,M,3,Unknown,Married,4,Attrited Customer,Blue,$60K - $80K,39,4,3
713343333,42,M,3,Unknown,Married,4,Existing Customer,Blue,$40K - $60K,29,4,3
713345508,43,F,2,High School,Single,2,Existing Customer,Blue,Less than $40K,36,4,3
713346558,45,M,4,Graduate,Divorced,4,Existing Customer,Blue,$60K - $80K,37,5,2
713347608,54,F,2,Post-Graduate,Single,2,Attrited Customer,Blue,Less than $40K,43,2,3
713348433,42,F,3,High School,Single,2,Existing Customer,Blue,$40K - $60K,29,6,3
713350908,41,F,2,Uneducated,Married,3,Existing Customer,Blue,$40K - $60K,36,5,3
713352183,30,M,1,Post-Graduate,Married,2,Existing Customer,Blue,Less than $40K,17,5,1
713355708,41,F,3,High School,Married,3,Existing Customer,Blue,Unknown,31,4,6
713356833,52,M,1,Graduate,Married,4,Attrited Customer,Blue,$80K - $120K,43,3,1
713358633,30,M,1,Graduate,Single,2,Existing Customer,Blue,$60K - $80K,36,6,1
713362158,50,M,3,Unknown,Single,4,Existing Customer,Blue,$120K +,33,4,1
713363583,34,M,2,Uneducated,Single,2,Existing Customer,Blue,$120K +,17,3,1
713364783,42,F,1,Post-Graduate,Married,0,Existing Customer,Blue,Less than $40K,28,3,3
713366583,63,F,1,High School,Married,3,Existing Customer,Blue,Less than $40K,56,6,1
713367858,47,M,3,Unknown,Married,2,Existing Customer,Blue,$40K - $60K,36,2,2
713368833,49,M,2,College,Single,4,Existing Customer,Blue,$60K - $80K,41,6,3
713370033,53,F,0,Graduate,Unknown,4,Attrited Customer,Blue,Less than $40K,40,4,1
713371233,43,F,1,Graduate,Married,2,Existing Customer,Silver,Less than $40K,31,5,1
713372583,42,F,4,High School,Single,0,Existing Customer,Blue,Less than $40K,19,3,2
713373708,54,M,3,Unknown,Single,3,Attrited Customer,Blue,Less than $40K,36,2,3
713374533,52,F,1,Unknown,Single,2,Existing Customer,Blue,$40K - $60K,43,4,2
713375658,37,M,2,Graduate,Married,3,Existing Customer,Blue,$40K - $60K,17,6,3
713378133,54,F,0,Post-Graduate,Single,3,Attrited Customer,Silver,Less than $40K,39,6,2
713379258,32,F,1,High School,Married,2,Existing Customer,Blue,Less than $40K,36,1,1
713380308,42,F,4,Uneducated,Single,1,Attrited Customer,Blue,Less than $40K,36,6,2
713381433,38,F,1,High School,Married,3,Attrited Customer,Blue,Less than $40K,28,3,3
713382558,57,F,3,College,Single,2,Existing Customer,Blue,Less than $40K,42,1,1
713384508,28,M,1,High School,Single,1,Existing Customer,Blue,Less than $40K,14,4,3
713388108,62,F,0,High School,Unknown,3,Attrited Customer,Blue,Less than $40K,51,4,2
713389233,49,F,3,High School,Single,2,Existing Customer,Silver,Unknown,36,3,2
713390433,44,M,3,Graduate,Unknown,2,Attrited Customer,Gold,$60K - $80K,29,2,3
713394858,48,M,2,Post-Graduate,Married,2,Existing Customer,Blue,$40K - $60K,34,4,2
713396358,32,F,1,Graduate,Single,3,Existing Customer,Blue,Unknown,13,5,1
713398158,45,M,3,Post-Graduate,Married,2,Existing Customer,Blue,$40K - $60K,30,2,2
713399583,49,M,2,Unknown,Married,4,Existing Customer,Blue,$80K - $120K,39,2,3
713401758,45,M,2,Uneducated,Married,3,Existing Customer,Blue,$120K +,36,6,2
713405133,51,M,2,College,Married,3,Existing Customer,Blue,$120K +,43,5,2
713407458,62,F,0,Graduate,Single,4,Existing Customer,Blue,Unknown,36,5,2
713412558,39,F,4,Post-Graduate,Married,1,Existing Customer,Blue,Less than $40K,22,3,3
713413758,26,F,1,College,Single,3,Existing Customer,Blue,Unknown,16,4,3
713416233,38,M,2,Graduate,Married,2,Existing Customer,Blue,$80K - $120K,24,5,2
713417433,42,M,2,Graduate,Single,3,Existing Customer,Blue,$40K - $60K,28,3,1
713418558,46,F,3,Graduate,Divorced,0,Existing Customer,Blue,Less than $40K,37,6,1
713419908,58,F,2,High School,Married,3,Existing Customer,Blue,Unknown,50,3,2
713422083,30,F,0,Graduate,Single,3,Attrited Customer,Blue,Less than $40K,36,5,3
713424108,37,M,1,Graduate,Single,3,Existing Customer,Blue,$60K - $80K,27,4,1
713425383,59,F,1,High School,Single,2,Attrited Customer,Blue,Less than $40K,46,2,3
713426358,28,F,0,College,Married,3,Existing Customer,Blue,Unknown,36,3,2
713428833,42,M,3,Unknown,Married,3,Existing Customer,Blue,$80K - $120K,32,2,1
713431008,46,F,5,High School,Married,0,Existing Customer,Blue,Unknown,36,5,3
713432508,42,F,3,Post-Graduate,Unknown,2,Existing Customer,Blue,Less than $40K,36,4,3
713435058,49,F,5,High School,Divorced,3,Existing Customer,Blue,Less than $40K,42,5,2
713436183,42,F,3,High School,Married,2,Existing Customer,Blue,$40K - $60K,29,4,3
713437008,40,F,3,Graduate,Married,3,Attrited Customer,Blue,Unknown,25,1,2
713438358,41,F,4,Graduate,Married,2,Existing Customer,Blue,Unknown,30,3,1
713440833,61,M,0,Graduate,Single,3,Existing Customer,Blue,Less than $40K,36,5,3
713441958,46,M,2,High School,Married,2,Existing Customer,Blue,$120K +,36,5,3
713442933,49,M,3,Unknown,Married,3,Existing Customer,Blue,$40K - $60K,32,4,3
713444058,45,M,1,Unknown,Divorced,1,Existing Customer,Silver,$40K - $60K,31,3,1
713445183,35,M,1,High School,Married,2,Existing Customer,Blue,$60K - $80K,26,4,3
713446083,49,F,4,Uneducated,Unknown,3,Existing Customer,Blue,Unknown,39,5,2
713447583,48,F,3,High School,Single,2,Existing Customer,Blue,$40K - $60K,36,5,3
713451408,47,M,4,High School,Divorced,3,Existing Customer,Blue,$60K - $80K,36,6,1
713452533,35,F,4,Graduate,Single,3,Existing Customer,Blue,Less than $40K,22,6,3
713453733,45,F,2,Uneducated,Single,3,Existing Customer,Blue,$40K - $60K,37,6,1
713455233,48,M,3,Graduate,Married,1,Existing Customer,Blue,$80K - $120K,37,5,2
713456583,45,M,2,High School,Married,2,Existing Customer,Silver,$80K - $120K,37,3,2
713460258,45,F,0,Doctorate,Married,3,Existing Customer,Silver,$40K - $60K,36,1,1
713461533,54,F,3,Graduate,Single,1,Existing Customer,Blue,$80K - $120K,38,4,2
713462508,55,F,2,Graduate,Married,1,Existing Customer,Blue,Unknown,41,1,1
713463708,40,F,4,Graduate,Single,3,Attrited Customer,Blue,Less than $40K,25,4,2
713464983,45,F,2,Graduate,Unknown,4,Existing Customer,Blue,$40K - $60K,36,4,3
713466033,39,F,2,Graduate,Divorced,3,Attrited Customer,Blue,Less than $40K,36,5,2
713469333,40,F,2,High School,Single,4,Existing Customer,Blue,$80K - $120K,28,6,2
713474733,51,M,2,Graduate,Single,2,Attrited Customer,Blue,$80K - $120K,31,5,3
713475633,40,M,5,Unknown,Married,3,Existing Customer,Silver,$120K +,31,1,3
713476758,44,M,4,Unknown,Married,1,Existing Customer,Blue,$60K - $80K,32,4,1
713480583,46,F,3,High School,Married,2,Existing Customer,Blue,Unknown,36,5,2
713482608,47,M,4,College,Married,2,Existing Customer,Blue,$40K - $60K,35,6,1
713484483,36,F,4,Uneducated,Single,2,Existing Customer,Silver,Unknown,21,3,1
713486583,41,M,3,Graduate,Married,1,Existing Customer,Blue,$60K - $80K,29,2,2
713487633,44,M,3,Post-Graduate,Married,2,Existing Customer,Blue,$80K - $120K,32,3,4
713489358,52,F,2,Graduate,Unknown,2,Existing Customer,Blue,Less than $40K,40,2,3
713490483,61,M,0,Uneducated,Married,2,Existing Customer,Blue,$80K - $120K,48,6,2
713492583,34,F,2,Graduate,Married,2,Attrited Customer,Blue,Less than $40K,29,5,2
713497983,49,M,5,High School,Single,2,Existing Customer,Blue,$60K - $80K,36,1,2
713499408,49,M,1,Unknown,Married,2,Existing Customer,Blue,Less than $40K,35,5,2
713503983,55,F,3,College,Married,3,Existing Customer,Blue,$40K - $60K,36,5,1
713508333,43,F,4,College,Unknown,3,Existing Customer,Blue,Less than $40K,33,5,4
713509908,48,F,2,Graduate,Married,1,Existing Customer,Blue,Unknown,35,3,1
713511108,61,M,1,Uneducated,Married,4,Existing Customer,Blue,$40K - $60K,47,5,3
713512308,50,F,0,Graduate,Single,1,Attrited Customer,Blue,Less than $40K,41,2,3
713514633,59,M,2,Graduate,Single,2,Attrited Customer,Blue,$60K - $80K,50,2,4
713516433,36,F,3,College,Single,0,Existing Customer,Blue,Less than $40K,36,6,1
713519508,47,M,4,High School,Divorced,1,Existing Customer,Blue,$60K - $80K,36,1,1
713520858,53,F,1,College,Single,2,Existing Customer,Blue,Less than $40K,38,3,3
713522058,39,F,0,College,Married,3,Existing Customer,Blue,Less than $40K,30,3,2
713526258,47,M,3,Uneducated,Single,4,Attrited Customer,Blue,$120K +,36,3,3
713529858,29,M,2,Graduate,Married,3,Existing Customer,Silver,$40K - $60K,22,6,2
713530833,58,M,2,Graduate,Married,3,Attrited Customer,Blue,$40K - $60K,48,2,3
713531808,38,F,1,Doctorate,Married,1,Existing Customer,Blue,Less than $40K,28,6,1
713532858,42,M,2,Doctorate,Unknown,2,Existing Customer,Blue,$80K - $120K,36,6,1
713533983,56,M,1,Graduate,Married,4,Existing Customer,Blue,$120K +,48,6,3
713535033,44,M,3,High School,Married,2,Existing Customer,Blue,$80K - $120K,36,3,3
713536158,65,M,1,College,Married,2,Existing Customer,Blue,Less than $40K,56,5,3
713537733,46,M,4,Doctorate,Unknown,3,Existing Customer,Gold,$60K - $80K,36,2,2
713539833,48,F,4,High School,Single,3,Existing Customer,Blue,$40K - $60K,38,6,1
713541033,39,F,1,College,Single,3,Existing Customer,Blue,Less than $40K,32,4,2
713542008,48,F,3,High School,Unknown,3,Existing Customer,Blue,Less than $40K,37,1,2
713542908,31,M,2,Graduate,Single,3,Existing Customer,Blue,Less than $40K,19,1,2
713546883,47,M,2,Graduate,Divorced,3,Existing Customer,Blue,$60K - $80K,29,5,2
713548158,26,M,0,College,Single,3,Existing Customer,Blue,$40K - $60K,36,5,2
713550483,45,M,4,Graduate,Unknown,1,Existing Customer,Blue,$60K - $80K,33,1,5
713552958,43,M,5,Graduate,Unknown,1,Attrited Customer,Blue,$60K - $80K,28,1,3
713555133,56,F,3,High School,Unknown,2,Attrited Customer,Blue,Less than $40K,44,4,3
713556033,36,F,1,Graduate,Married,3,Existing Customer,Blue,Less than $40K,22,5,2
713557533,34,M,3,High School,Single,3,Existing Customer,Blue,$40K - $60K,21,4,1
713560758,54,F,1,Uneducated,Married,3,Existing Customer,Blue,Less than $40K,42,2,2
713563383,50,F,3,Unknown,Single,3,Existing Customer,Blue,Less than $40K,36,1,3
713564208,34,F,1,Graduate,Unknown,1,Existing Customer,Blue,Less than $40K,23,4,1
713567958,54,F,3,College,Single,2,Existing Customer,Blue,Less than $40K,36,4,4
713569158,43,F,3,High School,Single,2,Attrited Customer,Blue,$40K - $60K,34,1,3
713571258,45,M,2,Unknown,Married,2,Existing Customer,Silver,$60K - $80K,26,6,3
713572683,44,M,3,High School,Unknown,0,Existing Customer,Blue,$60K - $80K,25,3,3
713573508,41,M,4,Graduate,Unknown,4,Attrited Customer,Silver,$40K - $60K,32,4,2
713574708,39,M,3,College,Single,2,Existing Customer,Blue,$40K - $60K,28,6,2
713577483,47,M,4,Unknown,Married,4,Existing Customer,Blue,$80K - $120K,35,3,3
713578608,58,M,0,Doctorate,Single,3,Existing Customer,Blue,Less than $40K,46,6,4
713579733,36,M,2,College,Single,3,Existing Customer,Blue,$60K - $80K,22,5,3
713580633,46,M,3,Graduate,Married,3,Existing Customer,Blue,$40K - $60K,32,6,2
713583408,51,F,4,Graduate,Single,2,Existing Customer,Blue,$40K - $60K,37,2,3
713585958,48,F,4,College,Married,2,Attrited Customer,Blue,Less than $40K,36,2,3
713586858,40,M,3,Uneducated,Divorced,4,Attrited Customer,Blue,$80K - $120K,25,4,3
713588958,40,F,4,Unknown,Single,1,Existing Customer,Blue,Less than $40K,25,4,1
713590158,41,M,4,Graduate,Married,4,Attrited Customer,Blue,$60K - $80K,34,5,2
713591283,36,F,3,Uneducated,Married,1,Existing Customer,Blue,Unknown,23,6,6
713592408,43,F,3,High School,Married,2,Existing Customer,Blue,Less than $40K,28,3,3
713593683,43,F,3,Graduate,Married,3,Existing Customer,Blue,$40K - $60K,28,5,3
713594883,44,F,2,Uneducated,Single,3,Attrited Customer,Blue,Unknown,32,5,3
713597658,36,F,3,Uneducated,Married,1,Existing Customer,Blue,Less than $40K,22,3,3
713600958,50,M,1,Unknown,Unknown,3,Existing Customer,Blue,$120K +,38,4,5
713605908,49,M,3,Graduate,Married,1,Attrited Customer,Blue,$120K +,37,1,1
713607108,46,M,2,College,Divorced,2,Existing Customer,Blue,Less than $40K,31,6,1
713608383,54,F,1,Unknown,Married,4,Attrited Customer,Blue,Less than $40K,40,1,1
713610033,47,M,3,Post-Graduate,Single,3,Existing Customer,Blue,$60K - $80K,36,5,3
713610933,40,F,2,Uneducated,Married,1,Existing Customer,Blue,Less than $40K,26,3,2
713613258,46,F,4,High School,Single,2,Existing Customer,Blue,$80K - $120K,36,6,1
713617608,43,M,3,Unknown,Married,3,Existing Customer,Silver,$120K +,33,5,2
713620308,46,M,2,High School,Married,3,Existing Customer,Blue,Less than $40K,35,6,4
713625483,58,M,2,College,Married,2,Attrited Customer,Blue,$80K - $120K,44,3,2
713629533,35,F,1,Uneducated,Married,3,Existing Customer,Blue,Less than $40K,36,3,2
713630733,34,F,2,Graduate,Single,3,Existing Customer,Blue,Less than $40K,24,5,3
713632983,43,M,4,High School,Married,2,Attrited Customer,Blue,$80K - $120K,35,2,3
713634108,45,F,3,Graduate,Single,2,Existing Customer,Blue,Unknown,36,1,2
713637783,44,F,3,Graduate,Married,0,Existing Customer,Blue,Unknown,31,5,2
713639058,49,M,3,High School,Married,3,Attrited Customer,Blue,$60K - $80K,34,6,3
713639958,46,F,4,Graduate,Divorced,1,Existing Customer,Blue,Less than $40K,36,5,3
713641233,44,F,3,High School,Single,4,Existing Customer,Blue,Unknown,31,5,6
713642133,45,M,4,Unknown,Married,3,Existing Customer,Blue,$40K - $60K,30,6,3
713643858,53,F,1,College,Married,2,Existing Customer,Blue,$40K - $60K,43,4,4
713644758,49,M,3,Graduate,Single,3,Existing Customer,Blue,$120K +,36,6,2
713645883,37,F,1,High School,Single,4,Existing Customer,Blue,Less than $40K,23,6,3
713647083,53,M,2,Uneducated,Single,3,Existing Customer,Blue,Unknown,36,5,2
713648208,40,F,2,Graduate,Unknown,2,Existing Customer,Blue,$40K - $60K,32,6,2
713650683,65,F,0,Graduate,Married,4,Existing Customer,Blue,Less than $40K,56,4,1
713652783,30,F,0,Unknown,Single,1,Existing Customer,Blue,Less than $40K,36,1,1
713653983,39,M,3,Uneducated,Single,1,Existing Customer,Blue,$60K - $80K,26,4,2
713655108,60,F,1,Graduate,Married,1,Existing Customer,Blue,Less than $40K,45,2,3
713656308,56,F,0,High School,Married,1,Existing Customer,Blue,Less than $40K,48,3,3
713657733,47,M,4,Unknown,Single,1,Existing Customer,Blue,$60K - $80K,36,5,3
713661933,44,F,1,College,Married,3,Existing Customer,Blue,Less than $40K,33,5,1
713663508,58,M,0,High School,Unknown,3,Attrited Customer,Blue,$40K - $60K,42,3,2
713664258,56,M,2,Unknown,Single,1,Existing Customer,Blue,$40K - $60K,48,2,2
713666058,46,F,5,College,Divorced,3,Existing Customer,Blue,$40K - $60K,38,6,1
713668158,31,F,1,Uneducated,Single,3,Existing Customer,Blue,Unknown,36,2,3
713670333,60,M,1,Unknown,Married,2,Existing Customer,Blue,Less than $40K,52,5,3
713671158,46,M,2,Uneducated,Single,1,Existing Customer,Blue,$120K +,32,2,3
713672208,50,M,1,Doctorate,Divorced,2,Existing Customer,Blue,$60K - $80K,33,3,5
713675658,36,F,1,High School,Single,2,Existing Customer,Blue,Unknown,22,6,3
713677158,31,F,1,Graduate,Divorced,3,Attrited Customer,Blue,Unknown,22,2,2
713679633,41,F,3,Graduate,Married,5,Attrited Customer,Blue,Less than $40K,33,6,3
713681433,50,F,2,High School,Divorced,4,Existing Customer,Blue,Unknown,39,5,2
713682708,45,M,2,College,Married,2,Existing Customer,Blue,$40K - $60K,37,5,1
713685033,44,F,2,Graduate,Married,2,Attrited Customer,Blue,Less than $40K,33,3,2
713686008,38,M,2,Graduate,Single,1,Existing Customer,Blue,$60K - $80K,25,1,1
713687508,59,M,1,Doctorate,Single,4,Existing Customer,Blue,$60K - $80K,49,5,2
713688933,42,F,0,Unknown,Married,1,Existing Customer,Blue,Less than $40K,28,1,1
713691633,29,F,0,Post-Graduate,Married,1,Existing Customer,Blue,Less than $40K,36,1,1
713692683,41,M,2,Uneducated,Unknown,2,Existing Customer,Blue,$60K - $80K,13,4,2
713693958,38,M,1,Uneducated,Married,4,Existing Customer,Blue,Less than $40K,27,6,3
713695158,51,F,4,Uneducated,Divorced,3,Existing Customer,Blue,Less than $40K,40,5,4
713696808,46,M,3,High School,Married,0,Attrited Customer,Blue,Less than $40K,39,3,3
713697933,47,M,2,Uneducated,Married,2,Existing Customer,Blue,$80K - $120K,36,3,2
713700258,55,F,1,Post-Graduate,Married,3,Existing Customer,Blue,Unknown,42,1,3
713701533,51,M,2,Unknown,Married,2,Attrited Customer,Blue,$80K - $120K,39,4,3
713705358,37,M,2,Graduate,Single,1,Existing Customer,Blue,$60K - $80K,28,2,6
713706258,52,F,1,Unknown,Single,1,Attrited Customer,Blue,Less than $40K,43,6,2
713708358,33,F,3,Unknown,Single,3,Existing Customer,Silver,$40K - $60K,36,2,3
713709258,43,M,3,Post-Graduate,Single,2,Existing Customer,Blue,$40K - $60K,32,3,3
713710383,43,M,2,High School,Unknown,1,Existing Customer,Blue,$80K - $120K,30,4,2
713713983,42,M,4,Graduate,Single,2,Existing Customer,Blue,Less than $40K,33,4,2
713717283,40,F,3,Unknown,Single,3,Attrited Customer,Blue,$40K - $60K,29,3,3
713718558,46,M,3,Graduate,Married,5,Existing Customer,Blue,$40K - $60K,37,6,2
713722608,48,F,2,Unknown,Divorced,4,Existing Customer,Blue,Less than $40K,35,3,1
713723433,52,F,4,High School,Single,3,Existing Customer,Blue,Less than $40K,44,1,1
713725683,36,F,0,College,Single,2,Existing Customer,Blue,Less than $40K,27,6,3
713726958,40,F,3,Doctorate,Married,2,Attrited Customer,Blue,Less than $40K,21,5,2
713730108,48,M,4,Post-Graduate,Divorced,2,Existing Customer,Blue,$60K - $80K,38,3,2
713730933,53,F,4,Graduate,Married,5,Attrited Customer,Blue,Less than $40K,36,2,3
713732883,38,F,0,Uneducated,Single,2,Existing Customer,Blue,Less than $40K,36,4,1
713733633,27,F,0,High School,Divorced,2,Attrited Customer,Blue,$60K - $80K,36,2,3
713734758,35,F,2,Graduate,Married,2,Existing Customer,Blue,Unknown,23,4,2
713735508,35,M,3,Uneducated,Married,2,Existing Customer,Blue,$80K - $120K,25,3,1
713736333,41,F,3,Uneducated,Married,4,Attrited Customer,Blue,$40K - $60K,36,1,3
713738883,57,F,3,Uneducated,Married,3,Attrited Customer,Blue,Less than $40K,36,6,2
713739708,61,M,0,High School,Single,3,Existing Customer,Blue,$60K - $80K,53,1,3
713740533,41,F,3,Graduate,Married,3,Existing Customer,Blue,$60K - $80K,29,5,3
713741358,46,M,5,Graduate,Single,3,Attrited Customer,Blue,$80K - $120K,33,6,3
713743158,47,M,1,Graduate,Married,2,Existing Customer,Blue,$60K - $80K,36,4,3
713744058,41,F,3,High School,Married,3,Existing Customer,Blue,Less than $40K,36,6,2
713745783,29,F,0,Post-Graduate,Single,4,Existing Customer,Gold,Unknown,36,4,1
713746608,48,F,2,High School,Married,2,Existing Customer,Blue,Unknown,37,3,2
713747733,55,M,2,High School,Married,2,Existing Customer,Blue,$40K - $60K,47,5,3
713748708,46,F,3,Graduate,Married,4,Attrited Customer,Blue,Less than $40K,37,1,2
713750583,55,F,1,College,Unknown,4,Existing Customer,Blue,Less than $40K,36,4,2
713755458,50,M,1,Unknown,Unknown,4,Attrited Customer,Blue,$80K - $120K,36,6,3
713756508,46,M,3,Graduate,Divorced,3,Existing Customer,Blue,Less than $40K,36,5,1
713757633,65,F,0,Unknown,Married,4,Existing Customer,Blue,$40K - $60K,56,3,2
713758758,48,M,2,High School,Married,2,Existing Customer,Silver,Less than $40K,36,2,2
713759583,54,F,3,High School,Married,1,Existing Customer,Blue,Less than $40K,36,1,1
713761608,44,M,3,Graduate,Divorced,3,Existing Customer,Silver,$60K - $80K,34,2,3
713763633,54,F,2,Graduate,Married,2,Existing Customer,Blue,Unknown,46,5,3
713764458,53,F,2,Graduate,Single,3,Existing Customer,Blue,$120K +,36,5,2
713766183,49,M,0,Uneducated,Single,4,Existing Customer,Blue,$80K - $120K,36,5,3
713767383,32,F,0,High School,Married,2,Existing Customer,Blue,$40K - $60K,22,4,2
713768358,45,M,4,Graduate,Single,2,Existing Customer,Blue,$40K - $60K,35,3,2
713769258,36,M,3,College,Married,3,Existing Customer,Blue,$120K +,26,3,2
713770383,29,F,0,Uneducated,Married,4,Existing Customer,Blue,Less than $40K,19,5,4
713772333,45,F,3,Unknown,Married,1,Attrited Customer,Blue,Less than $40K,34,4,3
713773458,52,M,2,High School,Single,2,Existing Customer,Blue,$60K - $80K,45,5,3
713777883,46,F,0,Graduate,Divorced,2,Existing Customer,Blue,Unknown,36,3,3
713779908,46,F,3,Doctorate,Single,2,Existing Customer,Blue,Unknown,36,6,3
713782608,46,F,4,Graduate,Single,1,Existing Customer,Blue,$40K - $60K,36,1,3
713784558,59,M,1,Graduate,Single,3,Existing Customer,Blue,$40K - $60K,36,1,2
713785608,49,M,1,Doctorate,Single,3,Existing Customer,Blue,Less than $40K,40,1,2
713786508,42,F,5,Unknown,Married,3,Existing Customer,Blue,$40K - $60K,36,3,3
713787333,46,M,2,High School,Unknown,0,Existing Customer,Blue,Less than $40K,36,5,1
713788083,28,F,1,Graduate,Single,5,Attrited Customer,Blue,Less than $40K,36,4,2
713789883,50,F,4,High School,Married,1,Existing Customer,Blue,$40K - $60K,36,6,1
713790708,38,M,3,Uneducated,Married,3,Existing Customer,Blue,$60K - $80K,36,5,2
713792583,52,F,2,Graduate,Single,3,Existing Customer,Blue,Unknown,43,5,2
713796033,47,M,2,Graduate,Married,3,Attrited Customer,Blue,$40K - $60K,42,6,3
713798958,38,F,3,Unknown,Single,1,Existing Customer,Blue,Less than $40K,36,2,3
713800158,58,M,0,High School,Married,2,Existing Customer,Blue,$80K - $120K,36,6,3
713803158,41,M,3,High School,Married,3,Existing Customer,Blue,$60K - $80K,33,4,1
713804058,45,F,4,College,Married,3,Existing Customer,Blue,Less than $40K,36,5,2
713804883,46,F,4,Post-Graduate,Single,2,Attrited Customer,Blue,Less than $40K,37,3,2
713808633,31,F,0,Uneducated,Divorced,1,Existing Customer,Silver,Less than $40K,23,2,2
713809833,42,F,3,Graduate,Unknown,2,Existing Customer,Blue,Unknown,32,2,3
713810658,44,M,3,Graduate,Married,3,Existing Customer,Blue,$60K - $80K,36,1,2
713814408,39,M,2,Uneducated,Single,4,Existing Customer,Blue,$80K - $120K,36,6,2
713815383,53,M,1,High School,Married,2,Attrited Customer,Blue,$80K - $120K,36,3,2
713818158,50,M,1,Doctorate,Single,2,Existing Customer,Blue,$80K - $120K,41,5,4
713819283,51,M,1,Uneducated,Married,2,Existing Customer,Blue,$80K - $120K,42,6,2
713822208,42,M,2,High School,Single,3,Attrited Customer,Blue,$60K - $80K,33,3,3
713823033,31,F,2,Unknown,Married,2,Attrited Customer,Blue,Unknown,20,3,1
713824983,43,F,0,High School,Married,0,Existing Customer,Blue,Less than $40K,35,1,1
713826183,41,M,3,High School,Unknown,4,Attrited Customer,Blue,$40K - $60K,33,4,3
713827383,65,F,1,High School,Married,0,Existing Customer,Blue,Less than $40K,36,3,2
713828208,47,M,2,Uneducated,Unknown,1,Existing Customer,Blue,$60K - $80K,36,6,2
713830233,47,F,5,High School,Married,2,Existing Customer,Blue,$40K - $60K,36,5,3
713833233,49,M,5,Uneducated,Married,2,Existing Customer,Silver,$80K - $120K,30,3,3
713834358,36,M,2,Post-Graduate,Married,4,Existing Customer,Blue,Less than $40K,25,5,3
713835258,53,M,1,Unknown,Married,3,Existing Customer,Blue,$120K +,48,3,2
713837058,48,M,2,College,Single,3,Existing Customer,Blue,Less than $40K,36,3,2
713843283,41,F,3,Unknown,Married,3,Existing Customer,Silver,Unknown,34,5,3
713845083,41,F,4,High School,Single,3,Attrited Customer,Blue,Less than $40K,36,6,2
713847858,49,F,3,Graduate,Divorced,3,Attrited Customer,Blue,Less than $40K,36,3,3
713850783,56,F,1,College,Married,2,Existing Customer,Blue,Unknown,36,6,2
713852958,51,F,2,Graduate,Single,3,Existing Customer,Silver,Unknown,41,5,3
713853858,41,M,4,Unknown,Married,2,Existing Customer,Silver,$80K - $120K,31,5,2
713854608,62,M,1,Uneducated,Unknown,3,Existing Customer,Blue,$60K - $80K,36,6,3
713856708,48,M,4,High School,Married,2,Existing Customer,Blue,$80K - $120K,36,5,1
713857758,53,F,1,Graduate,Married,1,Attrited Customer,Blue,Unknown,36,6,3
713858733,61,F,0,Post-Graduate,Married,2,Existing Customer,Blue,$40K - $60K,53,4,3
713861733,50,M,3,Graduate,Divorced,1,Existing Customer,Blue,$80K - $120K,36,4,3
713865333,45,F,4,Uneducated,Married,3,Attrited Customer,Blue,Less than $40K,38,3,4
713866308,45,M,4,Unknown,Single,1,Existing Customer,Blue,$60K - $80K,36,5,2
713868033,53,M,1,College,Married,2,Existing Customer,Silver,$80K - $120K,36,2,2
713869083,56,M,2,High School,Married,1,Existing Customer,Blue,$80K - $120K,43,2,2
713870958,56,F,3,Uneducated,Single,2,Existing Customer,Platinum,Unknown,46,2,3
713872008,49,F,1,High School,Married,1,Existing Customer,Blue,Less than $40K,42,1,3
713872833,54,F,2,Graduate,Single,3,Existing Customer,Blue,$40K - $60K,41,2,1
713873658,45,M,4,High School,Single,3,Existing Customer,Blue,$120K +,37,4,3
713876958,32,M,0,Unknown,Single,4,Existing Customer,Blue,Unknown,26,6,2
713879283,55,F,2,Graduate,Married,2,Existing Customer,Blue,Less than $40K,47,3,1
713880633,53,M,2,Unknown,Married,3,Attrited Customer,Blue,$60K - $80K,43,2,2
713884458,51,M,4,High School,Single,2,Existing Customer,Blue,$80K - $120K,37,6,2
713886333,47,M,2,High School,Married,1,Attrited Customer,Blue,$60K - $80K,39,2,3
713889933,59,M,0,Graduate,Single,2,Existing Customer,Blue,$40K - $60K,48,4,2
713891133,41,F,2,Unknown,Single,2,Attrited Customer,Blue,Less than $40K,36,3,2
713893308,45,M,3,Graduate,Divorced,1,Existing Customer,Blue,$60K - $80K,37,4,1
713894358,51,M,2,Post-Graduate,Unknown,2,Existing Customer,Gold,$80K - $120K,46,2,3
713895633,56,F,1,High School,Unknown,3,Existing Customer,Blue,$40K - $60K,36,2,1
713896533,42,M,4,High School,Single,3,Existing Customer,Blue,$60K - $80K,33,5,1
713899383,56,F,1,Graduate,Single,4,Existing Customer,Blue,Less than $40K,50,4,1
713901108,37,M,2,High School,Married,4,Existing Customer,Blue,$60K - $80K,29,6,1
713902983,42,F,3,High School,Married,1,Existing Customer,Blue,Less than $40K,36,4,3
713904708,40,F,3,Graduate,Married,3,Existing Customer,Blue,Less than $40K,36,6,1
713905608,56,F,3,Unknown,Single,2,Existing Customer,Blue,Less than $40K,50,5,2
713906508,42,F,3,Unknown,Single,3,Existing Customer,Blue,Less than $40K,36,6,3
713907633,43,M,3,College,Unknown,2,Existing Customer,Blue,$60K - $80K,36,2,1
713908683,51,M,1,Unknown,Single,2,Existing Customer,Blue,$80K - $120K,41,6,2
713910108,38,M,1,Graduate,Married,3,Existing Customer,Blue,$80K - $120K,28,3,2
713911233,47,F,3,Doctorate,Single,1,Existing Customer,Silver,$40K - $60K,39,3,2
713914683,44,F,1,Graduate,Single,2,Existing Customer,Blue,$40K - $60K,36,3,4
713916708,53,M,3,Graduate,Single,3,Existing Customer,Gold,$120K +,43,3,1
713918358,31,F,0,Uneducated,Divorced,1,Existing Customer,Blue,Unknown,36,6,3
713919183,50,M,3,Unknown,Unknown,4,Attrited Customer,Blue,$80K - $120K,39,5,3
713920158,41,F,3,Uneducated,Unknown,1,Attrited Customer,Blue,Unknown,36,2,3
713921058,55,F,3,High School,Married,2,Existing Customer,Blue,Less than $40K,48,6,2
713922183,52,M,2,Uneducated,Single,1,Existing Customer,Blue,$120K +,36,3,2
713923233,46,M,3,High School,Married,3,Existing Customer,Blue,$80K - $120K,36,6,3
713924283,61,M,0,Graduate,Single,4,Existing Customer,Blue,$60K - $80K,54,2,1
713926308,35,F,3,Uneducated,Single,3,Existing Customer,Blue,Less than $40K,36,4,2
713927283,39,F,1,Graduate,Single,1,Existing Customer,Blue,Unknown,34,3,1
713929533,36,M,3,College,Married,2,Attrited Customer,Blue,Less than $40K,36,2,2
713930433,57,F,2,Uneducated,Unknown,3,Existing Customer,Blue,$80K - $120K,36,5,3
713931258,56,F,3,Graduate,Married,4,Attrited Customer,Blue,Less than $40K,45,2,3
713933658,56,F,0,Graduate,Single,2,Existing Customer,Blue,Less than $40K,45,3,6
713934633,40,F,4,Uneducated,Divorced,3,Attrited Customer,Blue,Less than $40K,35,2,3
713935533,44,M,3,Graduate,Unknown,3,Existing Customer,Silver,$40K - $60K,29,5,1
713936583,54,M,2,Graduate,Married,1,Existing Customer,Blue,$60K - $80K,43,6,3
713937558,54,F,2,High School,Married,3,Existing Customer,Blue,$40K - $60K,36,3,3
713940033,47,M,3,Graduate,Unknown,3,Existing Customer,Blue,Less than $40K,36,5,1
713941158,47,F,1,High School,Unknown,1,Existing Customer,Blue,Less than $40K,36,6,5
713943783,41,M,4,Post-Graduate,Married,2,Existing Customer,Blue,$60K - $80K,32,5,3
713944833,46,M,5,Uneducated,Single,2,Existing Customer,Blue,$60K - $80K,36,3,3
713945883,62,F,2,Graduate,Married,2,Attrited Customer,Blue,Less than $40K,52,4,2
713947908,33,M,2,High School,Married,2,Existing Customer,Blue,$80K - $120K,23,6,2
713948808,55,M,3,High School,Single,2,Existing Customer,Blue,$60K - $80K,47,3,2
713949858,39,F,2,Doctorate,Married,4,Attrited Customer,Blue,Less than $40K,36,4,3
713952558,53,F,3,Doctorate,Single,2,Attrited Customer,Blue,Unknown,43,3,3
713953383,50,M,1,Post-Graduate,Single,2,Existing Customer,Blue,$60K - $80K,36,4,3
713956308,65,F,0,Graduate,Married,2,Existing Customer,Blue,Less than $40K,49,4,2
713957283,42,F,4,Uneducated,Unknown,3,Attrited Customer,Blue,Less than $40K,23,3,2
713962233,55,F,3,Graduate,Married,3,Existing Customer,Blue,Less than $40K,36,6,2
713964858,51,M,2,Graduate,Divorced,3,Existing Customer,Blue,$120K +,41,4,2
713965683,35,M,3,Post-Graduate,Married,2,Existing Customer,Blue,$80K - $120K,28,3,1
713967783,62,F,0,Unknown,Married,1,Existing Customer,Blue,Unknown,52,6,1
713971608,49,M,4,Uneducated,Married,4,Existing Customer,Blue,Less than $40K,39,6,1
713972658,56,F,2,Graduate,Married,2,Existing Customer,Blue,Unknown,36,3,3
713974533,52,F,3,Post-Graduate,Single,3,Existing Customer,Blue,Less than $40K,45,5,1
713975433,32,F,0,High School,Divorced,0,Existing Customer,Blue,Less than $40K,25,2,3
713976258,51,M,3,Graduate,Single,3,Existing Customer,Blue,Less than $40K,46,4,1
713977308,62,M,1,Graduate,Single,4,Existing Customer,Blue,$120K +,53,4,3
713980383,49,F,3,Graduate,Single,4,Attrited Customer,Blue,Unknown,38,1,2
713981283,52,F,3,Graduate,Married,3,Existing Customer,Blue,Less than $40K,46,6,5
713982108,51,M,3,Graduate,Married,0,Existing Customer,Blue,$80K - $120K,36,4,1
713983308,60,M,0,Post-Graduate,Married,4,Existing Customer,Blue,$60K - $80K,49,5,1
713984208,52,M,4,Graduate,Married,1,Existing Customer,Blue,$40K - $60K,33,5,2
713985183,46,F,5,Graduate,Single,2,Existing Customer,Blue,Less than $40K,38,4,5
713986908,50,F,2,High School,Married,2,Existing Customer,Blue,Unknown,40,2,3
713987808,43,F,3,College,Single,2,Existing Customer,Blue,Less than $40K,33,4,2
713989233,61,M,0,Post-Graduate,Married,3,Existing Customer,Blue,Unknown,53,6,2
713992158,57,F,4,Unknown,Married,2,Existing Customer,Blue,Less than $40K,36,3,1
713993208,37,F,3,Doctorate,Married,2,Existing Customer,Blue,Less than $40K,36,3,5
713994108,40,M,5,High School,Married,2,Existing Customer,Blue,$60K - $80K,33,3,1
713995233,38,F,2,High School,Married,3,Existing Customer,Blue,Less than $40K,36,6,4
713996283,32,F,2,Post-Graduate,Single,1,Existing Customer,Blue,Less than $40K,36,4,5
713997183,34,F,2,Unknown,Single,2,Existing Customer,Blue,Less than $40K,36,3,3
713998233,37,F,2,High School,Single,4,Existing Customer,Blue,Less than $40K,36,6,2
714000108,40,F,3,College,Divorced,4,Existing Customer,Blue,Unknown,36,5,2
714001008,56,M,1,Uneducated,Unknown,2,Existing Customer,Blue,$120K +,36,1,1
714002658,49,M,2,Unknown,Unknown,2,Existing Customer,Blue,$120K +,34,5,4
714003483,37,M,1,Doctorate,Unknown,1,Existing Customer,Blue,$60K - $80K,36,1,3
714005508,45,F,4,Graduate,Married,2,Existing Customer,Blue,Unknown,36,2,2
714006333,42,F,4,Graduate,Married,3,Attrited Customer,Blue,Less than $40K,36,5,2
714010383,47,F,5,Uneducated,Single,5,Attrited Customer,Blue,Unknown,40,5,4
714011358,38,M,3,Graduate,Divorced,3,Existing Customer,Blue,$80K - $120K,24,5,1
714012258,44,F,2,College,Single,1,Existing Customer,Blue,Less than $40K,34,3,2
714013083,63,F,2,Graduate,Married,4,Existing Customer,Blue,$40K - $60K,53,4,2
714013983,37,F,4,Post-Graduate,Unknown,3,Attrited Customer,Blue,Less than $40K,36,3,3
714014733,33,M,2,College,Single,2,Attrited Customer,Blue,$80K - $120K,36,4,3
714019083,40,F,1,Graduate,Married,3,Existing Customer,Blue,Less than $40K,30,1,1
714021183,54,M,4,Graduate,Unknown,3,Existing Customer,Blue,$80K - $120K,36,4,2
714022833,42,F,2,Graduate,Single,3,Attrited Customer,Silver,$40K - $60K,32,4,3
714023808,42,F,2,Graduate,Married,1,Existing Customer,Blue,Unknown,33,6,1
714024858,36,M,3,High School,Married,2,Existing Customer,Blue,$80K - $120K,27,3,1
714028083,36,F,1,Unknown,Single,2,Existing Customer,Blue,Unknown,31,6,1
714030183,59,M,0,Graduate,Single,3,Existing Customer,Silver,$80K - $120K,36,5,3
714031083,46,F,3,Graduate,Married,1,Attrited Customer,Blue,Unknown,30,3,2
714031983,41,F,3,High School,Single,3,Existing Customer,Silver,Less than $40K,36,6,1
714032883,45,M,2,College,Unknown,1,Existing Customer,Blue,$40K - $60K,36,1,1
714034158,46,F,4,Unknown,Married,3,Existing Customer,Blue,Less than $40K,38,5,2
714035283,56,F,1,Post-Graduate,Married,2,Attrited Customer,Blue,Less than $40K,36,6,2
714036258,47,M,3,Unknown,Single,4,Existing Customer,Blue,Less than $40K,36,4,1
714037308,54,M,2,High School,Married,3,Existing Customer,Blue,$60K - $80K,50,3,1
714038433,37,F,5,High School,Unknown,2,Existing Customer,Blue,$40K - $60K,19,4,1
714041283,50,F,2,Graduate,Single,2,Existing Customer,Blue,Unknown,40,5,2
714042108,59,M,0,Uneducated,Single,2,Existing Customer,Blue,$40K - $60K,36,3,2
714043008,37,M,2,High School,Single,4,Existing Customer,Blue,$40K - $60K,30,6,3
714043833,37,F,3,Graduate,Married,4,Existing Customer,Blue,Less than $40K,36,5,2
714045783,37,F,2,Graduate,Married,6,Attrited Customer,Blue,$40K - $60K,29,2,2
714046608,49,M,0,Doctorate,Married,3,Existing Customer,Blue,$60K - $80K,39,5,6
714047733,53,F,3,Graduate,Single,1,Existing Customer,Blue,$40K - $60K,45,2,2
714048783,57,M,2,High School,Single,0,Existing Customer,Blue,$80K - $120K,36,6,3
714051033,55,M,0,Graduate,Married,4,Existing Customer,Blue,Less than $40K,36,6,2
714052158,49,M,2,High School,Married,2,Attrited Customer,Blue,$120K +,39,2,3
714053358,37,M,2,High School,Single,4,Existing Customer,Blue,$40K - $60K,31,6,3
714054408,50,M,3,College,Unknown,3,Existing Customer,Blue,$60K - $80K,42,1,2
714058308,43,F,5,Uneducated,Single,4,Attrited Customer,Blue,Less than $40K,36,5,3
714060408,57,F,3,High School,Married,2,Existing Customer,Blue,Unknown,37,3,1
714062958,36,M,4,Unknown,Single,2,Existing Customer,Blue,$40K - $60K,36,6,1
714064908,57,F,1,Graduate,Single,3,Existing Customer,Blue,Less than $40K,36,4,2
714069858,53,M,3,Graduate,Married,2,Existing Customer,Blue,$60K - $80K,36,4,3
714070758,49,M,4,High School,Single,0,Existing Customer,Blue,$80K - $120K,38,4,3
714073983,47,M,2,Unknown,Single,3,Existing Customer,Blue,$40K - $60K,36,6,3
714074808,58,F,0,High School,Married,1,Existing Customer,Blue,Less than $40K,36,3,3
714075708,48,M,4,Uneducated,Divorced,1,Existing Customer,Gold,$80K - $120K,38,4,3
714076683,29,F,0,College,Married,2,Attrited Customer,Blue,Less than $40K,19,2,1
714077583,43,M,3,Post-Graduate,Married,4,Attrited Customer,Platinum,$40K - $60K,31,2,3
714078558,62,F,1,High School,Married,1,Attrited Customer,Blue,$40K - $60K,53,2,1
714080433,40,F,5,College,Married,2,Existing Customer,Blue,$40K - $60K,36,2,3
714081558,33,F,0,Graduate,Married,4,Existing Customer,Blue,Unknown,36,4,2
714082308,39,M,3,High School,Single,3,Attrited Customer,Blue,$80K - $120K,13,2,1
714083208,47,F,3,College,Married,2,Existing Customer,Blue,Less than $40K,38,5,2
714084483,49,F,3,Uneducated,Single,3,Attrited Customer,Blue,Unknown,36,4,2
714086133,47,M,4,Uneducated,Single,3,Existing Customer,Blue,Less than $40K,36,4,2
714087258,49,F,1,Uneducated,Married,2,Existing Customer,Blue,Less than $40K,36,2,3
714089658,41,M,2,Graduate,Single,1,Attrited Customer,Blue,$60K - $80K,36,3,2
714091983,42,M,2,High School,Single,3,Existing Customer,Blue,$60K - $80K,34,4,4
714093108,58,F,2,High School,Single,3,Existing Customer,Blue,$40K - $60K,36,3,3
714097683,55,F,2,Graduate,Married,4,Attrited Customer,Blue,$40K - $60K,49,3,3
714098883,45,F,1,Graduate,Single,2,Existing Customer,Blue,$40K - $60K,36,5,2
714100008,47,M,2,College,Married,3,Attrited Customer,Blue,Less than $40K,36,6,2
714102183,50,M,3,Uneducated,Single,3,Attrited Customer,Blue,$120K +,36,1,2
714103083,47,M,2,College,Married,1,Existing Customer,Blue,$40K - $60K,37,6,3
714103908,54,M,3,Doctorate,Single,2,Existing Customer,Blue,Less than $40K,36,4,2
714106833,57,F,3,Graduate,Unknown,1,Existing Customer,Blue,Less than $40K,47,6,3
714107958,45,M,1,Graduate,Single,3,Existing Customer,Blue,$40K - $60K,36,4,4
714109308,46,M,5,College,Single,3,Existing Customer,Blue,$80K - $120K,36,1,2
714111333,55,M,1,High School,Unknown,3,Existing Customer,Blue,$60K - $80K,46,6,1
714112383,53,M,2,Graduate,Married,2,Existing Customer,Blue,$120K +,43,6,3
714113658,52,M,2,Unknown,Single,1,Existing Customer,Blue,$80K - $120K,41,3,3
714115533,28,M,0,Graduate,Married,3,Existing Customer,Blue,Less than $40K,18,5,1
714118383,49,F,5,Graduate,Married,3,Existing Customer,Blue,Less than $40K,43,4,2
714119283,42,F,2,Unknown,Single,3,Attrited Customer,Blue,$40K - $60K,34,3,3
714120258,37,M,2,Uneducated,Divorced,2,Existing Customer,Blue,$80K - $120K,36,3,3
714121083,40,F,3,Graduate,Married,2,Existing Customer,Blue,$40K - $60K,20,5,2
714121983,49,F,3,Graduate,Single,3,Existing Customer,Blue,Unknown,42,4,2
714124983,57,M,2,Unknown,Single,3,Existing Customer,Blue,$80K - $120K,48,6,4
714125883,47,M,2,Unknown,Married,1,Existing Customer,Blue,$80K - $120K,36,6,2
714127383,48,F,3,Unknown,Unknown,2,Attrited Customer,Blue,Unknown,36,3,3
714128283,49,F,1,Unknown,Married,2,Existing Customer,Silver,Less than $40K,40,2,3
714130233,39,M,2,Unknown,Married,2,Existing Customer,Blue,$60K - $80K,19,3,3
714131058,30,M,0,Graduate,Unknown,3,Existing Customer,Blue,$60K - $80K,36,3,5
714133158,59,F,1,College,Single,3,Existing Customer,Blue,Unknown,36,2,3
714136233,53,M,4,Graduate,Married,3,Existing Customer,Blue,$120K +,38,5,2
714138408,49,M,3,High School,Married,4,Existing Customer,Blue,$60K - $80K,39,4,1
714139308,53,M,3,Uneducated,Married,1,Existing Customer,Blue,$60K - $80K,42,2,5
714140133,42,F,4,Graduate,Unknown,2,Existing Customer,Blue,Less than $40K,32,3,1
714141108,52,F,1,High School,Married,3,Attrited Customer,Blue,Less than $40K,45,6,3
714142158,59,F,0,Graduate,Married,1,Existing Customer,Blue,Less than $40K,48,2,2
714144258,43,M,3,Graduate,Married,1,Existing Customer,Blue,Less than $40K,34,6,2
714145233,34,M,0,Graduate,Divorced,3,Attrited Customer,Silver,$80K - $120K,24,1,2
714146208,40,F,4,Unknown,Single,1,Existing Customer,Blue,Less than $40K,32,6,1
714147858,44,M,3,High School,Single,4,Existing Customer,Blue,$80K - $120K,35,3,3
714148758,34,F,2,Post-Graduate,Married,3,Existing Customer,Blue,Less than $40K,27,2,3
714151533,55,F,1,Graduate,Married,4,Existing Customer,Blue,$40K - $60K,46,5,4
714154533,45,F,3,High School,Single,2,Existing Customer,Blue,Unknown,36,6,1
714155283,46,F,2,Unknown,Married,0,Existing Customer,Blue,Unknown,36,2,3
714156633,60,F,0,Unknown,Single,2,Existing Customer,Blue,Unknown,36,3,3
714157908,57,F,0,Unknown,Married,4,Existing Customer,Blue,Less than $40K,42,5,1
714159858,57,M,0,Graduate,Married,2,Existing Customer,Blue,$40K - $60K,48,4,2
714162033,45,F,3,Post-Graduate,Divorced,3,Existing Customer,Blue,Less than $40K,28,3,4
714164808,42,F,4,Graduate,Married,2,Attrited Customer,Blue,$40K - $60K,33,4,3
714166833,44,F,3,Graduate,Single,2,Existing Customer,Silver,Less than $40K,34,3,3
714168183,48,F,2,Uneducated,Married,3,Existing Customer,Blue,Unknown,38,1,3
714169083,48,M,4,Post-Graduate,Single,0,Existing Customer,Blue,$120K +,38,5,2
714169908,53,F,0,Graduate,Single,1,Existing Customer,Blue,Less than $40K,34,5,2
714171108,48,F,3,Graduate,Divorced,3,Existing Customer,Blue,$40K - $60K,39,6,2
714172158,51,F,0,Doctorate,Single,1,Existing Customer,Blue,$40K - $60K,36,3,2
714173808,44,F,4,Graduate,Single,2,Existing Customer,Blue,Less than $40K,34,5,1
714176133,47,F,1,Uneducated,Unknown,3,Existing Customer,Blue,Less than $40K,36,5,2
714178458,45,M,3,Post-Graduate,Married,2,Existing Customer,Blue,$80K - $120K,35,3,3
714179658,43,M,3,High School,Single,3,Existing Customer,Blue,$120K +,36,3,1
714181008,35,F,0,Graduate,Married,2,Existing Customer,Blue,Less than $40K,36,1,2
714186108,37,F,2,Unknown,Single,2,Attrited Customer,Blue,Less than $40K,19,6,5
714187533,45,F,2,Uneducated,Single,0,Existing Customer,Blue,$40K - $60K,35,2,3
714188883,46,M,5,Doctorate,Single,2,Attrited Customer,Blue,Less than $40K,37,3,2
714190983,51,F,2,Graduate,Single,3,Attrited Customer,Platinum,Unknown,32,2,3
714192033,43,F,3,High School,Single,2,Existing Customer,Blue,Unknown,25,5,1
714192933,55,F,3,Graduate,Single,5,Attrited Customer,Blue,Less than $40K,36,3,3
714195108,45,F,2,Post-Graduate,Single,4,Existing Customer,Blue,Unknown,37,3,3
714196008,43,M,2,Graduate,Unknown,1,Existing Customer,Blue,$60K - $80K,25,5,3
714197133,51,F,3,College,Married,3,Attrited Customer,Blue,$40K - $60K,36,2,3
714199008,50,M,2,Unknown,Married,2,Attrited Customer,Blue,$120K +,36,6,2
714199983,48,M,3,Uneducated,Single,5,Existing Customer,Gold,$60K - $80K,40,5,2
714202008,53,F,2,High School,Married,2,Attrited Customer,Blue,Less than $40K,36,6,3
714204108,45,F,5,Graduate,Single,0,Existing Customer,Blue,Less than $40K,38,3,3
714207483,47,M,3,Graduate,Married,4,Existing Customer,Blue,$80K - $120K,41,6,1
714208533,43,M,3,High School,Married,3,Attrited Customer,Blue,$60K - $80K,36,1,3
714211533,31,M,0,Graduate,Divorced,2,Existing Customer,Blue,Less than $40K,36,4,3
714212358,38,F,3,High School,Single,2,Attrited Customer,Blue,Unknown,36,1,3
714213708,35,F,3,College,Single,2,Existing Customer,Blue,Less than $40K,25,4,3
714215058,42,F,3,High School,Married,4,Existing Customer,Blue,Less than $40K,33,5,2
714216033,51,M,3,Doctorate,Married,2,Existing Customer,Blue,$120K +,42,4,1
714216858,35,F,2,Unknown,Single,2,Existing Customer,Blue,Unknown,36,2,1
714217908,49,M,3,Graduate,Married,2,Attrited Customer,Blue,$40K - $60K,41,5,3
714222183,38,F,3,Graduate,Married,1,Existing Customer,Blue,$40K - $60K,36,1,1
714225333,48,F,4,Graduate,Married,1,Existing Customer,Blue,Less than $40K,36,5,1
714228558,40,M,3,High School,Single,3,Existing Customer,Blue,$80K - $120K,36,5,3
714230808,36,F,4,College,Married,1,Existing Customer,Blue,Less than $40K,36,6,4
714234858,54,F,3,High School,Married,4,Existing Customer,Blue,Less than $40K,36,5,1
714237033,42,F,4,Uneducated,Married,3,Attrited Customer,Blue,Unknown,36,6,2
714241083,49,F,1,Graduate,Married,3,Attrited Customer,Blue,Unknown,39,1,1
714243408,46,F,2,Graduate,Married,2,Existing Customer,Blue,Unknown,36,4,6
714244383,39,M,3,College,Unknown,3,Existing Customer,Blue,$80K - $120K,36,4,2
714245358,47,F,3,Graduate,Divorced,2,Existing Customer,Blue,Less than $40K,36,3,3
714246333,58,F,4,High School,Married,3,Attrited Customer,Blue,Unknown,48,1,4
714247458,56,F,4,Uneducated,Single,2,Existing Customer,Blue,Unknown,46,6,2
714248733,26,F,0,Unknown,Single,2,Existing Customer,Blue,Unknown,13,4,1
714250908,53,F,2,Graduate,Married,2,Attrited Customer,Blue,Less than $40K,47,3,4
714252933,52,F,2,College,Divorced,3,Existing Customer,Blue,Less than $40K,45,4,2
714253983,44,M,3,Unknown,Married,3,Existing Customer,Blue,$40K - $60K,36,4,2
714256758,50,M,2,Unknown,Single,1,Existing Customer,Blue,$60K - $80K,36,3,1
714257958,41,F,3,Doctorate,Single,1,Existing Customer,Blue,Less than $40K,31,4,2
714259533,43,F,2,Graduate,Married,3,Existing Customer,Blue,Less than $40K,35,3,1
714262533,28,F,0,Unknown,Married,2,Existing Customer,Blue,Unknown,36,3,4
714264408,47,F,3,Uneducated,Married,0,Existing Customer,Blue,Less than $40K,36,4,1
714266883,54,F,4,Post-Graduate,Unknown,3,Existing Customer,Blue,Less than $40K,44,5,3
714267858,44,F,2,High School,Single,1,Attrited Customer,Blue,Unknown,37,6,2
714272658,43,F,2,Uneducated,Single,2,Attrited Customer,Blue,Less than $40K,24,2,3
714273708,53,F,4,Graduate,Married,3,Existing Customer,Blue,$40K - $60K,36,3,2
714276408,52,F,3,Uneducated,Married,3,Attrited Customer,Blue,$40K - $60K,36,2,3
714277758,40,M,1,High School,Single,1,Existing Customer,Blue,$40K - $60K,28,6,2
714278958,39,F,2,High School,Married,3,Attrited Customer,Blue,Unknown,27,6,1
714282333,49,F,4,College,Married,2,Existing Customer,Blue,Less than $40K,36,1,1
714283458,40,M,2,College,Single,4,Existing Customer,Blue,$80K - $120K,36,5,1
714284358,61,M,1,Uneducated,Single,1,Existing Customer,Blue,$40K - $60K,52,2,1
714286383,59,M,0,High School,Single,3,Existing Customer,Blue,$120K +,36,4,3
714287583,41,F,3,Unknown,Unknown,3,Attrited Customer,Blue,Less than $40K,32,3,2
714290583,44,M,4,Post-Graduate,Married,2,Existing Customer,Blue,$60K - $80K,36,3,2
714292533,48,F,3,College,Married,2,Existing Customer,Blue,Less than $40K,36,4,1
714293358,54,F,4,College,Single,1,Existing Customer,Blue,Less than $40K,46,3,2
714294183,54,M,1,Graduate,Married,3,Attrited Customer,Blue,$80K - $120K,44,1,3
714296358,52,F,2,College,Unknown,3,Existing Customer,Blue,Less than $40K,44,4,1
714303483,40,M,2,College,Married,1,Existing Customer,Gold,$40K - $60K,31,1,2
714304458,44,F,3,High School,Married,1,Existing Customer,Blue,$60K - $80K,36,2,2
714305508,46,F,3,Uneducated,Married,2,Existing Customer,Blue,$40K - $60K,36,6,3
714306258,56,M,1,College,Married,1,Existing Customer,Blue,$60K - $80K,46,3,2
714308283,41,M,2,Doctorate,Married,3,Existing Customer,Blue,$40K - $60K,32,5,3
714311583,46,F,4,Graduate,Single,2,Existing Customer,Blue,Unknown,36,4,3
714312708,44,M,0,High School,Single,2,Existing Customer,Blue,$60K - $80K,36,6,3
714313608,36,F,4,Uneducated,Married,0,Existing Customer,Blue,Less than $40K,36,5,3
714315858,56,F,3,High School,Married,3,Existing Customer,Blue,Less than $40K,37,6,1
714317058,52,M,2,Graduate,Married,1,Existing Customer,Blue,$60K - $80K,36,2,3
714318033,50,M,4,Unknown,Married,4,Existing Customer,Blue,$60K - $80K,36,5,1
714319233,44,M,5,Graduate,Divorced,6,Attrited Customer,Blue,$60K - $80K,36,3,3
714320358,38,F,2,College,Married,2,Existing Customer,Blue,Less than $40K,33,2,1
714321408,65,M,1,High School,Married,2,Attrited Customer,Blue,$40K - $60K,56,6,2
714327183,37,F,4,Graduate,Married,1,Existing Customer,Blue,Less than $40K,28,4,3
714332658,42,F,3,Graduate,Single,4,Existing Customer,Blue,Less than $40K,35,5,2
714334383,54,M,2,Graduate,Married,0,Existing Customer,Blue,$60K - $80K,42,6,2
714336333,48,F,4,Doctorate,Unknown,2,Existing Customer,Blue,$80K - $120K,40,3,2
714337233,43,F,2,Graduate,Married,4,Attrited Customer,Silver,Less than $40K,25,6,2
714342033,52,M,1,High School,Married,1,Existing Customer,Blue,$120K +,34,2,3
714343608,56,F,0,Unknown,Single,2,Existing Customer,Blue,Less than $40K,36,5,4
714345783,59,F,2,High School,Married,2,Existing Customer,Blue,$40K - $60K,50,6,3
714346608,51,F,2,Graduate,Single,4,Attrited Customer,Blue,$40K - $60K,36,3,1
714347508,35,M,2,Uneducated,Single,3,Existing Customer,Blue,$60K - $80K,21,4,3
714350658,32,M,1,Graduate,Married,4,Existing Customer,Blue,Unknown,26,6,3
714351558,64,F,0,Uneducated,Single,1,Existing Customer,Blue,Less than $40K,36,3,2
714352533,47,F,3,Graduate,Married,2,Existing Customer,Silver,$40K - $60K,29,1,2
714358008,53,F,1,College,Divorced,3,Existing Customer,Blue,Unknown,36,3,1
714360033,62,M,1,High School,Married,3,Existing Customer,Blue,$40K - $60K,43,5,1
714361083,40,F,2,College,Single,3,Attrited Customer,Blue,Less than $40K,36,4,2
714363858,54,M,4,High School,Married,3,Existing Customer,Blue,Less than $40K,36,3,5
714365883,51,F,4,Uneducated,Married,4,Existing Customer,Blue,Less than $40K,40,3,3
714366708,58,M,2,Unknown,Divorced,1,Existing Customer,Blue,$60K - $80K,36,6,1
714368883,50,F,3,Graduate,Single,2,Existing Customer,Blue,Less than $40K,36,6,5
714372333,59,F,0,Doctorate,Married,2,Attrited Customer,Blue,Less than $40K,52,6,4
714373308,53,F,1,Graduate,Single,4,Existing Customer,Blue,Less than $40K,46,6,4
714374133,56,M,2,Graduate,Married,3,Attrited Customer,Blue,$120K +,36,1,3
714377058,63,F,1,Unknown,Single,4,Attrited Customer,Blue,Less than $40K,36,3,3
714382608,35,F,2,Graduate,Married,0,Existing Customer,Blue,Less than $40K,36,4,2
714383583,39,F,2,Unknown,Single,3,Existing Customer,Gold,$40K - $60K,36,5,3
714384783,59,F,1,Graduate,Married,3,Attrited Customer,Blue,Less than $40K,36,2,3
714385983,57,F,2,Uneducated,Single,2,Existing Customer,Blue,Less than $40K,36,5,3
714387108,51,M,3,Graduate,Single,3,Existing Customer,Blue,$80K - $120K,43,4,2
714388158,36,F,2,Uneducated,Divorced,1,Existing Customer,Blue,Unknown,36,3,2
714389058,38,F,3,Unknown,Married,2,Existing Customer,Blue,$40K - $60K,36,3,3
714389883,45,M,4,Graduate,Single,1,Existing Customer,Blue,$80K - $120K,36,6,3
714390858,48,F,5,Unknown,Single,3,Existing Customer,Blue,Unknown,36,4,2
714391683,39,M,4,Unknown,Married,2,Attrited Customer,Gold,$60K - $80K,36,4,3
714392808,51,M,3,Unknown,Married,5,Existing Customer,Blue,$80K - $120K,43,3,4
714393708,54,F,0,College,Married,3,Existing Customer,Blue,$40K - $60K,46,6,2
714396558,57,F,3,High School,Married,3,Existing Customer,Blue,Less than $40K,51,6,2
714397983,36,M,2,College,Married,1,Existing Customer,Blue,$40K - $60K,36,4,3
714400308,60,F,0,Uneducated,Single,1,Existing Customer,Silver,Less than $40K,49,3,1
714403983,43,M,2,Graduate,Unknown,1,Existing Customer,Blue,$80K - $120K,36,2,2
714405183,47,F,3,Graduate,Married,2,Existing Customer,Blue,Less than $40K,36,4,2
714406158,53,F,3,High School,Divorced,6,Existing Customer,Blue,Unknown,36,4,3
714407058,40,M,3,Uneducated,Divorced,1,Existing Customer,Blue,$80K - $120K,29,3,2
714408933,44,M,4,Graduate,Married,2,Attrited Customer,Blue,$80K - $120K,36,4,2
714411108,37,F,3,Graduate,Single,3,Existing Customer,Blue,Unknown,28,4,2
714412308,33,M,3,Graduate,Married,5,Attrited Customer,Blue,$80K - $120K,36,6,3
714413283,46,M,3,Unknown,Married,1,Existing Customer,Blue,$80K - $120K,40,6,1
714414483,54,F,0,Unknown,Married,1,Existing Customer,Blue,Less than $40K,44,6,3
714417183,39,F,1,Uneducated,Unknown,1,Existing Customer,Blue,Less than $40K,31,1,3
714418158,63,F,0,Uneducated,Single,2,Existing Customer,Blue,Less than $40K,56,2,2
714418983,43,F,5,Graduate,Single,1,Existing Customer,Blue,$40K - $60K,33,4,2
714421233,54,F,0,Graduate,Married,4,Existing Customer,Blue,Less than $40K,36,5,3
714422058,42,M,3,Graduate,Single,3,Existing Customer,Blue,$120K +,36,1,2
714424533,41,F,4,Graduate,Married,2,Existing Customer,Blue,Less than $40K,36,6,2
714425283,50,F,2,High School,Married,2,Existing Customer,Blue,Unknown,40,2,3
714426783,38,M,2,Graduate,Married,2,Existing Customer,Blue,Unknown,31,2,3
714427608,45,F,5,Post-Graduate,Married,1,Existing Customer,Blue,Unknown,29,5,3
714429258,46,M,5,Doctorate,Single,3,Existing Customer,Blue,$60K - $80K,39,4,3
714431058,41,F,3,College,Single,4,Existing Customer,Blue,Unknown,36,4,2
714432108,56,F,3,Uneducated,Married,3,Existing Customer,Blue,$40K - $60K,46,5,3
714435408,57,M,3,High School,Single,1,Existing Customer,Blue,$80K - $120K,38,4,3
714436383,44,M,4,Graduate,Unknown,2,Existing Customer,Blue,$80K - $120K,34,4,3
714443058,43,M,4,College,Married,4,Attrited Customer,Blue,Less than $40K,28,5,2
714443883,57,F,3,Graduate,Married,1,Existing Customer,Blue,Less than $40K,49,4,2
714449283,44,F,4,Uneducated,Unknown,1,Existing Customer,Blue,$80K - $120K,36,1,3
714451833,45,F,1,Doctorate,Single,2,Existing Customer,Blue,Less than $40K,36,6,2
714454758,57,F,3,Graduate,Married,3,Existing Customer,Blue,Less than $40K,47,4,2
714457083,52,F,2,High School,Married,2,Existing Customer,Blue,Unknown,44,6,3
714460683,65,M,0,High School,Married,5,Existing Customer,Blue,Less than $40K,56,3,3
714462558,44,F,5,Unknown,Married,3,Existing Customer,Blue,Unknown,36,4,2
714465558,41,M,4,Unknown,Married,4,Existing Customer,Silver,$120K +,36,3,1
714466458,49,F,2,High School,Married,2,Attrited Customer,Blue,Unknown,35,4,3
714467733,45,F,2,Graduate,Married,3,Existing Customer,Silver,$60K - $80K,36,3,2
714469008,40,F,2,Unknown,Single,3,Existing Customer,Blue,$40K - $60K,29,1,3
714471183,47,M,4,Graduate,Divorced,4,Attrited Customer,Blue,$80K - $120K,39,4,3
714472608,59,M,0,College,Married,3,Existing Customer,Blue,Less than $40K,49,3,3
714473658,42,M,3,Graduate,Single,2,Existing Customer,Blue,$40K - $60K,30,6,2
714474483,35,F,1,Graduate,Married,2,Existing Customer,Blue,$40K - $60K,29,4,2
714475908,43,M,2,Uneducated,Single,2,Attrited Customer,Blue,$60K - $80K,35,5,3
714477408,36,F,3,High School,Married,3,Attrited Customer,Blue,Less than $40K,36,3,3
714479358,51,M,3,Graduate,Married,3,Attrited Customer,Blue,$80K - $120K,36,6,3
714483033,45,F,5,Unknown,Married,2,Existing Customer,Blue,Unknown,40,3,2
714484008,49,F,4,Uneducated,Married,2,Attrited Customer,Blue,Less than $40K,31,4,3
714485508,45,M,3,Doctorate,Single,4,Existing Customer,Blue,$80K - $120K,36,6,2
714487458,49,F,5,Graduate,Divorced,2,Attrited Customer,Blue,$40K - $60K,40,6,4
714488433,45,M,2,Unknown,Married,3,Existing Customer,Blue,$80K - $120K,36,5,2
714490308,57,M,4,Graduate,Married,3,Existing Customer,Blue,$80K - $120K,46,3,2
714492783,46,F,4,Uneducated,Married,3,Attrited Customer,Blue,Less than $40K,36,3,3
714493983,57,F,2,Graduate,Married,2,Existing Customer,Blue,$40K - $60K,47,5,2
714495258,26,M,0,College,Unknown,3,Existing Customer,Blue,Less than $40K,36,4,1
714496083,51,M,3,Unknown,Single,3,Attrited Customer,Blue,$60K - $80K,43,4,2
714499908,45,F,3,Unknown,Married,3,Existing Customer,Blue,$40K - $60K,31,5,5
714500883,44,F,3,Graduate,Married,3,Existing Customer,Blue,Unknown,36,4,2
714502458,49,M,3,Unknown,Married,4,Existing Customer,Blue,$60K - $80K,36,6,2
714503433,57,F,2,Doctorate,Married,3,Existing Customer,Blue,Less than $40K,36,1,3
714505683,51,M,4,Uneducated,Divorced,2,Attrited Customer,Blue,$80K - $120K,38,5,3
714506583,48,F,4,Graduate,Unknown,1,Existing Customer,Blue,Less than $40K,38,4,3
714510483,44,M,3,Graduate,Single,3,Existing Customer,Gold,$80K - $120K,36,2,3
714511758,45,M,4,Graduate,Single,0,Existing Customer,Blue,$80K - $120K,40,4,3
714513033,39,F,1,Unknown,Single,3,Existing Customer,Blue,$40K - $60K,36,6,1
714514008,38,F,1,Graduate,Married,3,Attrited Customer,Blue,Unknown,29,3,3
714514983,43,F,5,Graduate,Married,4,Existing Customer,Blue,Less than $40K,35,3,6
714516033,53,M,3,High School,Married,0,Existing Customer,Blue,$120K +,44,4,2
714516783,54,F,0,Graduate,Divorced,1,Existing Customer,Silver,Less than $40K,36,4,3
714519408,44,F,3,College,Married,3,Existing Customer,Blue,Less than $40K,36,2,3
714520233,59,F,0,Graduate,Married,2,Attrited Customer,Blue,Less than $40K,36,2,3
714522258,56,M,2,Graduate,Married,2,Attrited Customer,Blue,Less than $40K,48,6,3
714523383,43,M,3,Graduate,Single,2,Existing Customer,Blue,$40K - $60K,33,3,2
714524583,56,M,3,Uneducated,Married,3,Attrited Customer,Blue,$80K - $120K,46,1,3
714525633,55,F,2,Unknown,Unknown,2,Existing Customer,Blue,Less than $40K,36,3,3
714527433,39,M,4,Graduate,Married,2,Attrited Customer,Blue,$80K - $120K,30,5,2
714528258,46,M,2,Graduate,Divorced,1,Existing Customer,Blue,$60K - $80K,39,3,1
714529233,36,F,2,Graduate,Married,3,Existing Customer,Blue,Less than $40K,24,3,1
714531108,31,M,1,College,Married,3,Existing Customer,Blue,$80K - $120K,36,4,3
714532158,55,M,1,Doctorate,Single,3,Existing Customer,Blue,$60K - $80K,36,3,3
714533058,53,F,3,College,Married,3,Existing Customer,Blue,Less than $40K,43,4,2
714534108,45,M,2,High School,Married,3,Existing Customer,Blue,$40K - $60K,36,4,1
714536208,50,M,3,Uneducated,Married,3,Existing Customer,Blue,Less than $40K,36,1,2
714537258,48,M,3,Doctorate,Married,1,Existing Customer,Blue,$60K - $80K,36,3,2
714542058,53,M,1,Graduate,Unknown,1,Existing Customer,Silver,$60K - $80K,44,5,2
714543633,45,F,3,Unknown,Single,5,Attrited Customer,Blue,Less than $40K,36,1,2
714544908,56,M,4,Graduate,Divorced,3,Attrited Customer,Blue,$60K - $80K,36,6,3
714547458,65,M,0,Graduate,Married,2,Existing Customer,Blue,$40K - $60K,56,3,3
714548733,35,M,0,College,Unknown,3,Existing Customer,Silver,$80K - $120K,16,6,3
714549558,41,F,2,Graduate,Married,2,Attrited Customer,Blue,$40K - $60K,32,3,2
714550383,46,M,2,High School,Single,3,Existing Customer,Blue,$40K - $60K,36,4,3
714554808,51,F,1,Graduate,Married,0,Existing Customer,Blue,Less than $40K,40,3,3
714557583,58,F,2,College,Single,0,Existing Customer,Blue,Less than $40K,36,6,4
714559458,46,M,4,College,Married,1,Attrited Customer,Blue,$60K - $80K,36,4,2
714560358,53,M,1,Unknown,Single,1,Existing Customer,Blue,$40K - $60K,45,1,2
714566133,60,F,2,Graduate,Married,2,Existing Customer,Blue,Less than $40K,36,1,2
714566958,44,M,3,High School,Unknown,5,Existing Customer,Blue,$80K - $120K,36,4,2
714567708,46,F,1,Uneducated,Divorced,3,Existing Customer,Blue,Less than $40K,36,5,3
714569958,38,F,2,Unknown,Single,1,Existing Customer,Blue,Less than $40K,28,6,2
714571008,49,F,3,Unknown,Married,3,Existing Customer,Blue,Less than $40K,36,3,2
714572208,59,M,2,Graduate,Single,2,Existing Customer,Blue,$60K - $80K,36,6,3
714573258,36,M,2,Post-Graduate,Single,4,Existing Customer,Blue,$60K - $80K,30,4,2
714574083,36,F,3,Graduate,Single,3,Existing Customer,Blue,Less than $40K,31,3,2
714575208,49,M,5,Doctorate,Single,1,Existing Customer,Blue,$40K - $60K,43,3,1
714576183,47,M,4,Graduate,Single,2,Existing Customer,Blue,$80K - $120K,36,6,3
714577233,50,F,3,Graduate,Married,1,Attrited Customer,Blue,$40K - $60K,41,2,3
714578283,47,M,1,Graduate,Married,0,Existing Customer,Blue,$60K - $80K,37,6,3
714580158,26,M,0,Post-Graduate,Married,4,Existing Customer,Blue,$40K - $60K,36,6,1
714581358,48,F,3,Graduate,Single,4,Attrited Customer,Blue,Less than $40K,43,3,3
714585033,41,F,4,Uneducated,Unknown,1,Existing Customer,Blue,Less than $40K,36,3,5
714586458,41,F,1,High School,Divorced,1,Existing Customer,Blue,Less than $40K,36,2,3
714588408,51,M,3,Uneducated,Married,2,Existing Customer,Blue,Less than $40K,43,4,3
714593883,53,M,2,Graduate,Married,1,Existing Customer,Silver,Less than $40K,45,1,2
714594933,44,F,2,Graduate,Married,0,Existing Customer,Blue,Less than $40K,36,6,3
714595983,49,F,1,Uneducated,Married,3,Attrited Customer,Blue,$40K - $60K,41,4,3
714600258,45,M,2,Post-Graduate,Married,2,Existing Customer,Blue,$60K - $80K,36,1,2
714602658,39,M,1,Graduate,Married,3,Attrited Customer,Blue,Less than $40K,36,1,2
714603558,37,M,2,High School,Single,3,Attrited Customer,Blue,$40K - $60K,24,6,2
714606558,60,F,1,Uneducated,Married,0,Existing Customer,Blue,Less than $40K,36,5,1
714608583,45,M,5,High School,Divorced,2,Existing Customer,Blue,$120K +,36,2,3
714614133,53,F,3,Unknown,Married,3,Attrited Customer,Blue,Less than $40K,36,3,3
714615258,32,M,1,High School,Single,2,Attrited Customer,Blue,$40K - $60K,36,6,3
714616308,44,F,4,Uneducated,Divorced,1,Existing Customer,Blue,Less than $40K,38,6,4
714618333,39,F,2,Doctorate,Married,4,Attrited Customer,Blue,Unknown,36,3,2
714620358,37,F,2,Graduate,Divorced,4,Attrited Customer,Blue,Less than $40K,30,3,3
714621183,39,F,3,Graduate,Single,4,Existing Customer,Blue,Less than $40K,36,4,3
714622833,47,M,3,Uneducated,Married,2,Existing Customer,Blue,$80K - $120K,36,5,3
714629358,54,F,3,Graduate,Married,4,Attrited Customer,Blue,$40K - $60K,34,2,3
714630858,36,F,1,Uneducated,Unknown,2,Attrited Customer,Blue,Less than $40K,36,2,3
714631833,53,M,4,Graduate,Unknown,4,Existing Customer,Blue,$60K - $80K,44,3,2
714633858,35,F,2,College,Married,2,Existing Customer,Blue,Less than $40K,18,3,3
714634983,44,F,1,Unknown,Single,3,Attrited Customer,Blue,Unknown,36,3,3
714635883,48,F,2,Unknown,Single,2,Existing Customer,Blue,Less than $40K,37,3,3
714637908,47,F,4,Unknown,Single,1,Existing Customer,Blue,Less than $40K,36,2,2
714638883,31,M,0,Graduate,Single,3,Existing Customer,Blue,$40K - $60K,36,2,3
714639783,42,M,3,College,Married,3,Attrited Customer,Blue,$60K - $80K,34,3,3
714643983,42,F,1,High School,Married,3,Existing Customer,Blue,Less than $40K,36,5,3
714647808,49,M,0,Graduate,Single,0,Existing Customer,Blue,Less than $40K,39,4,3
714648933,55,F,3,Graduate,Married,0,Existing Customer,Blue,Unknown,36,3,2
714652383,51,F,4,Graduate,Married,2,Existing Customer,Blue,Less than $40K,36,5,3
714655758,62,M,0,Graduate,Divorced,2,Existing Customer,Blue,$40K - $60K,36,6,3
714657108,37,M,2,Uneducated,Married,4,Existing Customer,Blue,Less than $40K,28,5,2
714658233,46,F,5,High School,Unknown,3,Existing Customer,Blue,Less than $40K,37,4,3
714659133,47,M,5,High School,Married,2,Attrited Customer,Blue,$80K - $120K,37,2,2
714661233,39,M,1,Graduate,Single,4,Existing Customer,Blue,$120K +,24,6,2
714664683,46,F,4,Uneducated,Married,3,Existing Customer,Blue,Less than $40K,37,3,3
714665733,42,M,4,Graduate,Married,0,Existing Customer,Blue,$60K - $80K,36,5,1
714667608,47,M,5,Post-Graduate,Married,2,Existing Customer,Blue,$40K - $60K,36,4,3
714668433,51,F,4,Graduate,Single,1,Existing Customer,Blue,Less than $40K,36,4,3
714670533,47,M,3,Unknown,Single,5,Existing Customer,Blue,$80K - $120K,37,3,1
714671658,38,F,5,Graduate,Married,2,Existing Customer,Blue,Less than $40K,31,2,5
714672933,52,M,3,Graduate,Married,2,Existing Customer,Blue,$40K - $60K,36,6,4
714673833,59,F,1,Graduate,Single,1,Existing Customer,Blue,$40K - $60K,36,3,3
714677583,50,F,3,Doctorate,Single,3,Attrited Customer,Blue,Unknown,36,4,3
714678408,48,F,4,Post-Graduate,Married,4,Existing Customer,Blue,Less than $40K,31,6,6
714680208,50,F,1,High School,Married,4,Existing Customer,Blue,Less than $40K,45,5,3
714682233,48,M,3,Graduate,Married,1,Existing Customer,Blue,$80K - $120K,43,1,4
714684108,31,M,1,Post-Graduate,Single,4,Attrited Customer,Blue,$40K - $60K,24,4,2
714684933,40,F,1,Uneducated,Married,3,Attrited Customer,Blue,Less than $40K,28,5,2
714687858,49,F,1,Graduate,Married,3,Existing Customer,Blue,Less than $40K,41,6,1
714688833,47,F,2,High School,Married,2,Existing Customer,Blue,Less than $40K,36,4,2
714690633,51,M,3,Graduate,Single,1,Existing Customer,Blue,Less than $40K,36,1,3
714691683,NULL,M,1,Graduate,Single,4,Existing Customer,Blue,$60K - $80K,54,4,1
714693708,45,F,3,Graduate,Married,1,Existing Customer,Blue,$40K - $60K,36,3,3
714695883,45,F,5,Uneducated,Unknown,3,Existing Customer,Blue,Less than $40K,36,1,2
714697533,26,M,1,High School,Single,3,Existing Customer,Blue,$60K - $80K,15,6,3
714700158,53,M,2,Unknown,Married,3,Attrited Customer,Blue,$60K - $80K,46,3,2
714702033,43,F,4,Graduate,Unknown,3,Existing Customer,Blue,Less than $40K,34,5,3
714703158,39,F,2,High School,Married,3,Existing Customer,Blue,Less than $40K,36,6,2
714706083,44,M,2,College,Married,4,Existing Customer,Blue,$60K - $80K,36,5,3
714707133,47,F,3,Uneducated,Married,1,Existing Customer,Blue,Less than $40K,36,5,1
714708183,58,M,2,High School,Single,3,Existing Customer,Silver,$60K - $80K,49,4,3
714709983,43,F,2,College,Married,4,Existing Customer,Blue,Less than $40K,36,6,2
714710733,51,M,3,Unknown,Unknown,2,Attrited Customer,Blue,$80K - $120K,36,4,1
714713508,49,M,2,Doctorate,Divorced,1,Attrited Customer,Blue,$80K - $120K,36,3,3
714714558,37,F,2,Uneducated,Married,2,Existing Customer,Blue,$40K - $60K,27,1,3
714717483,39,F,3,Uneducated,Divorced,2,Existing Customer,Blue,Unknown,29,5,1
714721608,38,M,3,Graduate,Single,0,Existing Customer,Blue,$120K +,29,4,3
714722808,50,M,1,College,Married,2,Existing Customer,Blue,$80K - $120K,33,5,3
714724908,41,F,1,Uneducated,Married,1,Existing Customer,Blue,$40K - $60K,36,3,4
714725883,41,F,4,Graduate,Divorced,0,Existing Customer,Blue,$40K - $60K,36,4,1
714726858,31,M,0,Post-Graduate,Divorced,3,Attrited Customer,Blue,Less than $40K,36,6,3
714727833,41,F,2,Uneducated,Single,3,Attrited Customer,Blue,Less than $40K,36,2,2
714729933,46,M,2,Unknown,Married,2,Existing Customer,Blue,$80K - $120K,36,6,1
714731208,63,F,0,Uneducated,Unknown,2,Existing Customer,Blue,$40K - $60K,55,6,2
714732183,47,M,4,Uneducated,Unknown,2,Existing Customer,Blue,$40K - $60K,36,6,3
714733908,51,M,2,High School,Married,3,Existing Customer,Blue,$60K - $80K,37,6,6
714735033,45,F,5,Doctorate,Married,2,Existing Customer,Blue,Less than $40K,34,4,2
714738033,44,F,4,Graduate,Married,2,Existing Customer,Blue,Less than $40K,25,5,3
714738858,52,F,1,Graduate,Unknown,3,Existing Customer,Blue,Less than $40K,36,6,1
714741933,42,M,4,Unknown,Married,2,Existing Customer,Blue,$60K - $80K,32,1,1
714742758,42,F,4,Uneducated,Single,2,Existing Customer,Blue,Less than $40K,24,2,2
714744783,48,M,3,Unknown,Married,4,Existing Customer,Blue,Less than $40K,36,3,1
714745608,51,F,4,High School,Single,3,Existing Customer,Blue,Less than $40K,33,2,4
714746358,38,M,3,Unknown,Married,2,Existing Customer,Blue,$60K - $80K,28,3,1
714751158,49,M,2,High School,Divorced,4,Attrited Customer,Blue,$80K - $120K,36,4,2
714752208,42,F,1,Graduate,Married,2,Existing Customer,Blue,Less than $40K,36,5,1
714753258,34,M,2,Unknown,Married,4,Existing Customer,Blue,$60K - $80K,36,5,2
714754533,51,M,0,Doctorate,Single,3,Existing Customer,Platinum,$120K +,44,3,2
714757083,NULL,M,4,Uneducated,Married,2,Attrited Customer,Silver,$60K - $80K,37,1,2
714757908,46,M,4,Graduate,Married,3,Existing Customer,Silver,$120K +,36,4,1
714759708,54,F,1,High School,Single,3,Existing Customer,Blue,Unknown,36,2,2
714765408,26,F,1,Unknown,Married,3,Existing Customer,Blue,Less than $40K,36,4,3
714766383,42,M,3,High School,Single,2,Existing Customer,Blue,Less than $40K,24,4,3
714767508,39,M,2,Graduate,Married,2,Existing Customer,Blue,$40K - $60K,31,5,3
714770808,59,M,2,High School,Married,5,Existing Customer,Blue,Less than $40K,42,3,3
714771708,36,F,0,College,Unknown,3,Existing Customer,Blue,Unknown,26,5,3
714772758,35,F,3,Graduate,Married,4,Existing Customer,Blue,Less than $40K,27,6,2
714773508,54,F,1,Graduate,Married,3,Existing Customer,Blue,$40K - $60K,46,6,4
714777858,60,F,2,Unknown,Married,2,Existing Customer,Blue,Less than $40K,36,6,3
714778833,49,F,3,College,Single,0,Existing Customer,Blue,Unknown,43,4,4
714779733,44,F,4,Unknown,Unknown,4,Existing Customer,Blue,$60K - $80K,36,3,1
714781908,43,M,3,Graduate,Single,2,Existing Customer,Blue,$60K - $80K,35,3,3
714785508,49,M,2,High School,Single,2,Existing Customer,Silver,$80K - $120K,40,4,3
714786483,45,M,4,College,Single,3,Existing Customer,Blue,$60K - $80K,35,2,2
714787383,32,F,0,College,Married,3,Existing Customer,Blue,Unknown,36,5,3
714789033,54,F,1,Graduate,Married,3,Attrited Customer,Blue,Less than $40K,50,3,3
714790008,38,F,1,Unknown,Single,3,Existing Customer,Blue,Less than $40K,36,3,2
714791208,47,F,4,Unknown,Divorced,3,Existing Customer,Blue,Less than $40K,41,6,5
714794133,54,M,2,Uneducated,Married,1,Existing Customer,Blue,$60K - $80K,45,2,3
714797733,41,M,3,College,Single,4,Existing Customer,Blue,$60K - $80K,33,6,1
714798783,49,M,1,Graduate,Unknown,2,Existing Customer,Blue,$80K - $120K,36,6,2
714802458,48,F,3,High School,Married,1,Existing Customer,Blue,$40K - $60K,30,5,2
714804483,48,M,3,College,Divorced,3,Existing Customer,Blue,$40K - $60K,36,3,3
714811533,39,M,2,High School,Unknown,2,Existing Customer,Blue,$60K - $80K,32,3,2
714816258,37,M,2,Graduate,Single,2,Existing Customer,Blue,$60K - $80K,36,4,2
714818058,36,F,4,High School,Married,1,Existing Customer,Blue,$40K - $60K,30,3,3
714819183,63,M,1,Uneducated,Unknown,3,Existing Customer,Blue,$80K - $120K,36,5,2
714820158,29,M,0,High School,Single,1,Attrited Customer,Blue,$40K - $60K,36,6,3
714821433,45,F,4,College,Married,1,Existing Customer,Blue,Less than $40K,36,2,1
714823308,55,F,3,College,Single,3,Existing Customer,Gold,Less than $40K,35,2,3
714825408,45,F,3,High School,Single,3,Existing Customer,Blue,$40K - $60K,36,2,3
714826758,37,F,3,Uneducated,Unknown,2,Existing Customer,Blue,Less than $40K,29,4,4
714828708,46,M,0,High School,Divorced,4,Existing Customer,Blue,$80K - $120K,36,3,1
714829683,43,M,2,Doctorate,Single,3,Existing Customer,Blue,$80K - $120K,36,3,3
714831033,54,M,5,Graduate,Married,3,Existing Customer,Blue,$80K - $120K,47,4,1
714832383,35,M,0,High School,Single,3,Existing Customer,Gold,$80K - $120K,29,6,2
714834258,43,F,4,High School,Unknown,4,Existing Customer,Blue,Less than $40K,36,5,2
714835833,43,M,4,High School,Divorced,2,Existing Customer,Blue,$80K - $120K,36,3,3
714839808,51,F,3,Graduate,Married,1,Existing Customer,Blue,Less than $40K,35,6,1
714840858,40,F,3,High School,Unknown,4,Existing Customer,Blue,Less than $40K,31,5,2
714842208,52,F,2,Graduate,Married,2,Existing Customer,Blue,$40K - $60K,36,6,4
714843483,57,F,3,Uneducated,Single,2,Existing Customer,Blue,Unknown,48,1,1
714847983,48,M,3,Unknown,Single,2,Existing Customer,Blue,$80K - $120K,36,3,4
714848958,47,F,2,Graduate,Married,1,Attrited Customer,Gold,Less than $40K,37,6,2
714850158,49,M,4,Graduate,Single,3,Existing Customer,Blue,$80K - $120K,36,5,1
714851058,31,M,0,Graduate,Married,0,Existing Customer,Blue,$40K - $60K,21,3,3
714855108,60,F,0,High School,Married,1,Existing Customer,Blue,Less than $40K,50,6,0
714857508,44,F,4,Doctorate,Married,4,Existing Customer,Blue,Unknown,36,5,2
714860808,59,F,1,Graduate,Single,2,Existing Customer,Blue,Less than $40K,39,5,3
714862083,41,F,4,Uneducated,Single,3,Existing Customer,Blue,Unknown,33,6,4
714864333,43,M,2,College,Divorced,2,Attrited Customer,Blue,$120K +,37,4,1
714868608,52,F,4,Graduate,Married,1,Existing Customer,Blue,Less than $40K,36,6,3
714869958,55,M,2,Uneducated,Single,3,Existing Customer,Blue,$120K +,36,6,2
714871683,58,M,1,Uneducated,Married,3,Attrited Customer,Blue,$40K - $60K,36,2,4
714877233,53,M,1,High School,Married,2,Existing Customer,Blue,$80K - $120K,47,3,2
714878508,48,F,2,High School,Single,3,Existing Customer,Blue,Less than $40K,36,3,3
714879483,39,M,4,Graduate,Married,3,Attrited Customer,Blue,$80K - $120K,31,1,3
714880533,40,M,5,Graduate,Single,3,Existing Customer,Blue,$40K - $60K,36,2,2
714882258,38,F,2,College,Married,2,Existing Customer,Blue,Unknown,36,6,1
714885258,44,M,4,Unknown,Unknown,2,Existing Customer,Blue,$80K - $120K,37,5,1
714886533,60,F,2,High School,Married,2,Existing Customer,Blue,Less than $40K,36,4,3
714887808,43,F,1,Uneducated,Single,2,Attrited Customer,Blue,Less than $40K,36,1,3
714888633,50,M,1,Graduate,Married,4,Existing Customer,Blue,$80K - $120K,42,3,3
714892533,26,M,0,Unknown,Single,2,Existing Customer,Blue,Unknown,16,5,3
714893733,55,M,1,High School,Married,3,Existing Customer,Blue,$80K - $120K,45,3,3
714894708,53,M,1,Uneducated,Unknown,2,Attrited Customer,Blue,$120K +,45,4,4
714895608,48,F,2,Unknown,Single,3,Existing Customer,Blue,Unknown,38,4,4
714899283,46,F,2,Unknown,Married,3,Existing Customer,Blue,Less than $40K,36,5,2
714900408,41,F,4,High School,Married,0,Existing Customer,Blue,Less than $40K,31,3,1
714901383,44,M,2,High School,Married,3,Attrited Customer,Blue,$80K - $120K,38,6,3
714902283,43,M,0,High School,Married,3,Existing Customer,Blue,$80K - $120K,36,5,3
714906033,47,F,2,Graduate,Single,2,Existing Customer,Blue,Less than $40K,36,6,2
714907908,51,F,0,High School,Married,2,Existing Customer,Blue,$40K - $60K,40,6,2
714909108,33,F,3,Graduate,Single,3,Existing Customer,Blue,Less than $40K,36,5,3
714909858,52,F,2,Unknown,Married,1,Existing Customer,Blue,Less than $40K,36,6,3
714912408,45,F,2,Uneducated,Married,1,Existing Customer,Blue,$80K - $120K,37,3,1
714914583,40,F,4,Graduate,Married,3,Existing Customer,Blue,Less than $40K,27,6,2
714915633,42,M,0,High School,Single,6,Attrited Customer,Blue,$60K - $80K,36,4,3
714916758,48,F,2,Uneducated,Married,2,Existing Customer,Blue,$40K - $60K,36,3,3
714917583,42,F,2,Doctorate,Unknown,2,Existing Customer,Silver,Less than $40K,36,6,1
714919308,32,F,0,Graduate,Single,3,Attrited Customer,Blue,Less than $40K,36,5,3
714920208,37,F,1,High School,Unknown,0,Existing Customer,Blue,Less than $40K,30,3,5
714923583,38,F,2,Graduate,Unknown,2,Attrited Customer,Blue,Less than $40K,36,2,3
714924483,60,F,1,Unknown,Single,2,Existing Customer,Blue,Less than $40K,46,2,3
714926508,52,M,2,Graduate,Married,2,Existing Customer,Silver,$80K - $120K,45,5,4
714927333,62,F,0,Graduate,Married,2,Existing Customer,Blue,Unknown,52,6,3
714928158,60,M,0,High School,Single,3,Existing Customer,Silver,$80K - $120K,36,1,2
714929283,34,F,0,High School,Married,3,Existing Customer,Blue,$40K - $60K,36,5,1
714930333,39,F,3,College,Unknown,3,Attrited Customer,Blue,$80K - $120K,30,2,3
714931458,52,F,2,Post-Graduate,Married,3,Existing Customer,Blue,Unknown,42,3,2
714932658,42,F,4,College,Single,2,Existing Customer,Blue,Unknown,34,5,3
714933783,51,M,2,Graduate,Married,4,Existing Customer,Blue,$60K - $80K,37,5,1
714935883,45,M,3,Uneducated,Married,1,Existing Customer,Blue,$40K - $60K,36,3,1
714938733,48,M,1,Post-Graduate,Single,2,Attrited Customer,Blue,$80K - $120K,38,4,2
714939708,45,M,3,Graduate,Single,3,Existing Customer,Blue,$80K - $120K,36,6,1
714940608,36,M,2,High School,Divorced,2,Existing Customer,Blue,$40K - $60K,36,3,3
714941358,53,F,4,Graduate,Married,6,Attrited Customer,Blue,Less than $40K,36,2,3
714943233,49,M,2,Doctorate,Married,2,Existing Customer,Blue,$40K - $60K,31,2,2
714945708,33,M,4,College,Single,3,Attrited Customer,Silver,$40K - $60K,20,2,1
714946908,61,M,1,Uneducated,Single,1,Existing Customer,Blue,$40K - $60K,36,6,1
714947883,59,M,1,Graduate,Married,2,Existing Customer,Blue,$40K - $60K,36,6,2
714948858,50,F,2,Unknown,Single,2,Attrited Customer,Blue,Less than $40K,36,3,2
714949758,51,F,3,Graduate,Single,4,Existing Customer,Platinum,Unknown,42,3,1
714951858,44,F,2,Graduate,Married,3,Existing Customer,Blue,Less than $40K,36,5,1
714954033,29,F,0,Post-Graduate,Single,3,Existing Customer,Blue,Less than $40K,36,5,2
714957108,33,F,3,High School,Married,3,Existing Customer,Blue,Less than $40K,26,5,1
714959358,50,M,3,High School,Married,3,Existing Customer,Silver,$80K - $120K,36,5,3
714960408,44,F,3,College,Single,1,Attrited Customer,Blue,Less than $40K,34,4,3
714961383,48,M,3,Uneducated,Single,3,Existing Customer,Blue,Less than $40K,36,3,3
714962658,35,M,2,Unknown,Single,3,Attrited Customer,Blue,Less than $40K,36,5,3
714963558,46,M,3,Graduate,Single,3,Existing Customer,Blue,$40K - $60K,36,4,2
714964758,45,F,5,Graduate,Divorced,2,Existing Customer,Blue,$40K - $60K,36,5,2
714965958,47,F,4,Post-Graduate,Unknown,3,Attrited Customer,Blue,$40K - $60K,36,6,2
714967233,52,M,2,Doctorate,Married,3,Attrited Customer,Blue,$120K +,34,3,2
714968208,52,M,2,High School,Married,1,Existing Customer,Blue,$80K - $120K,36,2,3
714969183,46,F,2,Unknown,Married,1,Existing Customer,Blue,Less than $40K,36,2,3
714970458,39,F,2,High School,Married,1,Existing Customer,Blue,$40K - $60K,29,6,1
714971583,36,M,2,Graduate,Married,2,Existing Customer,Blue,$60K - $80K,27,3,3
714972558,37,F,2,Graduate,Single,0,Attrited Customer,Blue,Less than $40K,36,2,3
714973758,50,F,3,Graduate,Married,2,Existing Customer,Blue,Less than $40K,36,4,3
714974658,48,F,4,College,Married,4,Existing Customer,Blue,Less than $40K,36,6,1
714975633,51,F,2,High School,Single,2,Existing Customer,Blue,Unknown,36,2,1
714979383,56,M,3,Graduate,Single,2,Existing Customer,Blue,$60K - $80K,46,1,2
714981483,50,M,3,High School,Married,1,Existing Customer,Blue,Unknown,38,4,2
714982383,55,F,2,High School,Married,3,Existing Customer,Blue,$60K - $80K,36,4,3
714983283,39,F,3,High School,Unknown,3,Attrited Customer,Blue,Less than $40K,36,6,1
714985458,56,M,1,Graduate,Married,3,Existing Customer,Blue,$60K - $80K,36,3,2
714986583,55,F,4,Uneducated,Single,2,Existing Customer,Blue,Less than $40K,46,3,2
714987633,42,M,3,Graduate,Married,3,Existing Customer,Blue,$60K - $80K,36,2,2
714989583,46,M,2,Graduate,Married,3,Existing Customer,Blue,$60K - $80K,36,3,2
714990633,56,M,4,Graduate,Single,2,Existing Customer,Blue,$80K - $120K,36,5,3
714991608,41,F,3,High School,Single,2,Existing Customer,Blue,$40K - $60K,31,3,3
714992733,46,F,3,Graduate,Married,1,Existing Customer,Blue,$80K - $120K,36,5,1
714997683,56,F,4,Graduate,Married,3,Existing Customer,Blue,Unknown,49,5,1
714998508,53,M,3,Uneducated,Married,0,Attrited Customer,Blue,$120K +,36,2,2
714999483,38,M,4,Uneducated,Unknown,2,Existing Customer,Silver,$80K - $120K,36,2,1
715000383,55,M,3,Uneducated,Single,3,Existing Customer,Blue,$80K - $120K,46,4,2
715004808,49,F,2,High School,Married,1,Existing Customer,Blue,Less than $40K,39,5,3
715005558,36,M,2,College,Single,2,Existing Customer,Blue,$80K - $120K,36,6,2
715007583,61,F,0,Unknown,Unknown,2,Existing Customer,Blue,Unknown,36,4,2
715008858,51,F,3,Unknown,Single,2,Existing Customer,Blue,Less than $40K,41,5,1
715009833,51,F,1,High School,Married,2,Existing Customer,Blue,Less than $40K,36,3,4
715012833,46,M,1,High School,Married,3,Existing Customer,Blue,Less than $40K,36,1,3
715013733,54,M,4,Graduate,Married,3,Existing Customer,Blue,$60K - $80K,36,4,3
715014633,32,F,0,Uneducated,Married,2,Attrited Customer,Blue,Unknown,36,6,3
715015683,44,M,2,Graduate,Single,1,Existing Customer,Blue,$40K - $60K,34,5,3
715016508,42,F,3,High School,Married,4,Attrited Customer,Blue,$40K - $60K,36,1,3
715017858,44,M,2,Uneducated,Married,3,Existing Customer,Platinum,$120K +,36,2,1
715019058,30,F,2,Post-Graduate,Divorced,2,Existing Customer,Blue,Less than $40K,36,3,1
715019883,52,M,3,College,Married,1,Existing Customer,Blue,$60K - $80K,42,5,3
715020933,44,F,4,High School,Married,4,Existing Customer,Blue,Unknown,34,4,3
715022133,53,M,2,Graduate,Married,2,Existing Customer,Blue,$60K - $80K,47,6,2
715023333,39,M,2,Uneducated,Married,4,Existing Customer,Blue,Less than $40K,34,4,2
715024233,53,M,1,High School,Married,2,Existing Customer,Blue,$120K +,36,6,3
715025208,56,F,2,College,Married,3,Existing Customer,Blue,Less than $40K,46,5,3
715026258,50,M,1,Graduate,Married,1,Existing Customer,Silver,$60K - $80K,37,1,1
715028283,54,M,1,Graduate,Married,2,Existing Customer,Blue,$80K - $120K,46,3,3
715029333,52,M,2,Unknown,Divorced,3,Existing Customer,Blue,Less than $40K,36,4,2
715030308,42,M,4,Graduate,Married,2,Existing Customer,Blue,$40K - $60K,27,5,1
715031433,57,M,2,Graduate,Married,3,Existing Customer,Blue,$80K - $120K,36,6,3
715033533,43,F,2,High School,Married,2,Existing Customer,Blue,Less than $40K,37,4,2
715034358,41,M,2,Graduate,Married,3,Existing Customer,Blue,$120K +,32,5,2
715037133,40,M,3,Doctorate,Unknown,3,Existing Customer,Blue,Less than $40K,36,1,1
715038033,61,M,1,Graduate,Single,1,Existing Customer,Blue,Less than $40K,54,3,3
715040208,49,F,2,Graduate,Single,3,Existing Customer,Blue,Unknown,38,6,3
715041333,39,M,3,Doctorate,Married,3,Existing Customer,Blue,$60K - $80K,29,3,1
715042608,39,F,2,Doctorate,Married,4,Existing Customer,Blue,Unknown,36,5,2
715043508,38,M,2,Graduate,Unknown,4,Existing Customer,Blue,$40K - $60K,36,4,3
715047333,57,F,1,High School,Married,3,Existing Customer,Blue,Unknown,36,5,2
715049583,60,M,1,Unknown,Married,3,Existing Customer,Blue,$60K - $80K,54,5,3
715050408,41,M,3,High School,Married,3,Existing Customer,Blue,$80K - $120K,36,4,3
715051608,34,M,2,High School,Single,2,Attrited Customer,Blue,$60K - $80K,36,2,3
715052583,45,M,3,Doctorate,Single,1,Existing Customer,Silver,$60K - $80K,34,3,3
715054683,50,M,2,Uneducated,Single,4,Existing Customer,Blue,$80K - $120K,42,3,3
715055433,36,M,3,Uneducated,Unknown,4,Existing Customer,Blue,$60K - $80K,22,6,3
715057383,40,M,3,Graduate,Married,4,Attrited Customer,Blue,$60K - $80K,31,6,3
715058433,43,F,4,Uneducated,Married,3,Existing Customer,Blue,Less than $40K,36,5,3
715059258,38,F,3,Doctorate,Married,4,Existing Customer,Blue,Unknown,32,6,4
715060158,41,F,4,Graduate,Single,2,Existing Customer,Blue,Less than $40K,26,5,2
715061733,42,M,3,College,Single,3,Existing Customer,Blue,$60K - $80K,36,4,1
715065483,45,F,3,Graduate,Married,3,Existing Customer,Blue,Less than $40K,36,4,3
715071483,60,F,1,Uneducated,Divorced,3,Existing Customer,Blue,$40K - $60K,52,4,2
715072533,41,F,3,Unknown,Unknown,2,Existing Customer,Blue,$40K - $60K,36,2,6
715074258,26,F,0,Graduate,Single,3,Existing Customer,Blue,$40K - $60K,36,5,3
715076358,57,M,1,Post-Graduate,Married,3,Attrited Customer,Blue,$80K - $120K,36,4,3
715077483,47,F,3,Doctorate,Married,4,Existing Customer,Blue,Less than $40K,36,4,3
715078383,64,F,0,Graduate,Married,3,Existing Customer,Blue,Unknown,36,3,1
715079208,54,M,1,College,Married,4,Existing Customer,Blue,$80K - $120K,42,4,1
715080258,37,F,1,High School,Single,3,Existing Customer,Blue,Unknown,36,3,2
715082133,40,M,2,Graduate,Married,2,Existing Customer,Blue,$40K - $60K,36,5,2
715083633,NULL,F,1,Uneducated,Unknown,3,Existing Customer,Blue,Less than $40K,23,2,2
715085733,61,M,0,Graduate,Married,2,Existing Customer,Blue,$40K - $60K,52,3,1
715090008,45,M,4,Graduate,Single,4,Existing Customer,Silver,$60K - $80K,36,2,3
715091208,42,M,3,High School,Married,3,Existing Customer,Blue,$80K - $120K,36,2,3
715093383,49,M,2,College,Married,3,Existing Customer,Blue,Less than $40K,41,3,1
715098333,52,M,2,High School,Married,3,Existing Customer,Blue,$120K +,43,3,2
715102308,50,F,2,Unknown,Married,2,Attrited Customer,Blue,$40K - $60K,36,5,1
715105908,28,F,0,Graduate,Single,3,Existing Customer,Silver,Unknown,15,3,3
715107033,33,F,1,Graduate,Married,4,Existing Customer,Blue,Less than $40K,36,3,2
715109508,44,F,3,College,Married,4,Existing Customer,Blue,Unknown,36,3,1
715113933,54,M,1,Unknown,Married,2,Attrited Customer,Blue,$80K - $120K,36,2,3
715117008,39,M,5,Uneducated,Married,3,Existing Customer,Blue,$40K - $60K,36,4,2
715118058,45,M,3,Graduate,Unknown,1,Existing Customer,Blue,$80K - $120K,36,3,3
715120608,44,M,3,Graduate,Single,2,Existing Customer,Blue,$60K - $80K,37,2,3
715122858,55,F,2,Graduate,Married,3,Existing Customer,Blue,$40K - $60K,36,5,3
715123983,43,F,1,College,Single,2,Existing Customer,Blue,Less than $40K,36,3,2
715124958,50,M,3,Uneducated,Married,3,Existing Customer,Blue,$80K - $120K,36,5,2
715127208,48,M,3,Doctorate,Divorced,2,Existing Customer,Blue,$120K +,36,4,3
715128408,49,F,2,Unknown,Married,3,Existing Customer,Blue,Less than $40K,36,5,3
715129233,51,M,4,High School,Single,3,Existing Customer,Blue,Less than $40K,36,6,3
715129983,46,F,3,Graduate,Divorced,2,Existing Customer,Blue,Unknown,36,1,3
715130808,45,M,3,Graduate,Single,1,Existing Customer,Silver,$60K - $80K,34,5,1
715132758,52,F,2,College,Divorced,3,Existing Customer,Gold,$40K - $60K,43,2,2
715136583,51,M,3,High School,Single,4,Existing Customer,Blue,$40K - $60K,36,4,3
715140933,45,M,3,Graduate,Single,4,Existing Customer,Silver,$40K - $60K,39,5,2
715143333,45,F,1,High School,Divorced,2,Existing Customer,Blue,Less than $40K,36,6,2
715144383,40,F,3,High School,Single,2,Existing Customer,Blue,Unknown,36,3,3
715146558,34,F,2,College,Married,2,Existing Customer,Blue,Less than $40K,36,1,3
715148658,51,F,2,Graduate,Married,3,Attrited Customer,Blue,Less than $40K,43,1,3
715150983,44,F,3,Unknown,Single,3,Existing Customer,Blue,Unknown,34,2,3
715153158,41,M,4,Uneducated,Single,4,Attrited Customer,Blue,$40K - $60K,36,4,3
715154058,49,F,0,Unknown,Married,3,Attrited Customer,Blue,Less than $40K,39,1,3
715155033,61,M,0,High School,Unknown,4,Existing Customer,Blue,$40K - $60K,49,6,1
715156383,44,M,1,Unknown,Unknown,2,Existing Customer,Blue,$120K +,36,6,2
715158483,48,F,3,Graduate,Divorced,3,Existing Customer,Blue,Less than $40K,40,3,2
715161633,44,F,4,High School,Single,3,Existing Customer,Blue,$40K - $60K,38,6,3
715162608,48,F,2,Graduate,Single,3,Attrited Customer,Blue,Less than $40K,41,4,2
715165758,44,M,3,Post-Graduate,Married,1,Existing Customer,Blue,$120K +,35,3,4
715168008,36,F,3,Graduate,Divorced,3,Existing Customer,Blue,$40K - $60K,28,4,2
715168983,47,F,3,Graduate,Married,2,Existing Customer,Blue,Less than $40K,36,5,2
715170183,45,M,2,Graduate,Married,3,Existing Customer,Blue,$40K - $60K,36,2,1
715174158,31,M,1,College,Unknown,0,Existing Customer,Blue,$80K - $120K,36,4,1
715174983,40,M,3,Graduate,Married,4,Existing Customer,Blue,$60K - $80K,36,4,4
715178733,47,F,2,Unknown,Married,1,Existing Customer,Blue,Less than $40K,41,5,3
715179933,49,F,2,High School,Married,3,Existing Customer,Blue,Unknown,36,6,2
715182108,51,F,3,High School,Married,3,Existing Customer,Blue,Less than $40K,35,6,1
715183308,NULL,M,3,Post-Graduate,Unknown,2,Existing Customer,Silver,Unknown,38,2,1
715186608,43,M,4,Graduate,Married,3,Existing Customer,Blue,$80K - $120K,35,3,2
715187733,26,F,1,Unknown,Single,3,Existing Customer,Blue,Unknown,15,3,4
715190283,57,F,1,Graduate,Unknown,2,Existing Customer,Blue,$40K - $60K,49,3,3
715191258,47,F,5,Unknown,Married,3,Existing Customer,Blue,Unknown,41,1,2
715192308,48,M,2,High School,Married,2,Existing Customer,Blue,$120K +,36,6,5
715193433,61,F,0,High School,Single,2,Existing Customer,Blue,Unknown,51,4,2
715194183,53,F,2,Unknown,Married,4,Attrited Customer,Blue,Less than $40K,36,3,3
715195383,46,F,3,Graduate,Divorced,2,Existing Customer,Blue,Less than $40K,36,3,2
715196508,45,M,3,Graduate,Married,2,Existing Customer,Blue,$40K - $60K,35,5,3
715197633,43,M,3,Uneducated,Unknown,2,Existing Customer,Blue,$40K - $60K,38,5,4
715199808,39,F,3,Graduate,Unknown,5,Existing Customer,Silver,Unknown,30,6,3
715200783,56,F,2,Graduate,Married,3,Existing Customer,Blue,Unknown,36,6,2
715203108,63,F,2,High School,Married,2,Existing Customer,Blue,$40K - $60K,36,2,2
715204083,47,F,4,Doctorate,Single,2,Existing Customer,Blue,Less than $40K,36,3,2
715205358,39,M,1,Graduate,Married,1,Existing Customer,Blue,$60K - $80K,31,4,1
715206408,31,F,1,High School,Married,5,Existing Customer,Blue,Less than $40K,22,5,1
715207458,46,M,1,Unknown,Single,1,Existing Customer,Blue,Less than $40K,39,2,2
715209333,32,M,0,High School,Single,1,Existing Customer,Blue,$60K - $80K,36,1,1
715210308,40,F,1,High School,Married,4,Existing Customer,Blue,Unknown,31,3,3
715212108,41,F,2,College,Married,1,Existing Customer,Blue,Less than $40K,36,5,5
715215108,54,F,2,Unknown,Married,3,Existing Customer,Blue,Less than $40K,46,4,3
715216908,48,M,4,Doctorate,Single,4,Existing Customer,Blue,$80K - $120K,36,6,3
715217733,33,F,2,High School,Single,4,Existing Customer,Blue,Unknown,25,5,1
715220508,31,F,0,High School,Married,1,Existing Customer,Blue,Less than $40K,22,4,2
715222533,52,F,3,Graduate,Married,3,Attrited Customer,Blue,Less than $40K,36,5,3
715225458,56,M,1,Uneducated,Married,4,Existing Customer,Blue,Less than $40K,36,6,3
715227633,36,F,3,College,Single,3,Existing Customer,Blue,Less than $40K,36,5,2
715232058,61,M,0,Post-Graduate,Married,2,Existing Customer,Blue,$40K - $60K,53,5,1
715233108,38,M,1,College,Married,2,Existing Customer,Blue,$60K - $80K,36,4,1
715234008,54,F,1,High School,Single,3,Existing Customer,Blue,$40K - $60K,36,6,3
715235808,47,F,3,Uneducated,Married,2,Existing Customer,Blue,Less than $40K,36,3,3
715236783,42,F,4,College,Divorced,2,Existing Customer,Blue,$40K - $60K,36,4,3
715237683,53,F,4,Graduate,Single,3,Existing Customer,Blue,Less than $40K,44,1,1
715240683,46,M,4,High School,Married,3,Existing Customer,Blue,$80K - $120K,37,3,2
715241583,34,M,3,High School,Married,4,Existing Customer,Blue,$120K +,25,3,2
715243458,45,F,2,Graduate,Single,1,Existing Customer,Blue,$40K - $60K,36,5,3
715247508,30,F,1,Graduate,Married,2,Existing Customer,Blue,Less than $40K,36,3,2
715249533,49,F,3,Graduate,Single,2,Existing Customer,Blue,Unknown,36,3,2
715250583,55,M,2,Unknown,Single,3,Existing Customer,Blue,$80K - $120K,48,3,2
715252383,58,M,2,High School,Divorced,3,Existing Customer,Gold,Unknown,36,5,4
715253433,48,M,4,Unknown,Single,3,Existing Customer,Blue,$80K - $120K,38,5,2
715256658,50,M,2,College,Single,2,Existing Customer,Blue,$60K - $80K,36,5,3
715257708,38,M,1,High School,Married,1,Existing Customer,Blue,$60K - $80K,32,4,2
715259583,53,F,2,High School,Married,3,Existing Customer,Blue,Less than $40K,44,3,2
715260558,44,F,4,High School,Single,2,Existing Customer,Blue,$40K - $60K,36,3,2
715261458,37,F,1,Graduate,Single,4,Existing Customer,Blue,Less than $40K,36,6,2
715265208,48,F,1,High School,Single,3,Existing Customer,Blue,Less than $40K,36,4,3
715268508,42,M,3,Graduate,Married,5,Existing Customer,Gold,$40K - $60K,36,3,2
715269483,50,M,4,Post-Graduate,Married,3,Existing Customer,Blue,$120K +,36,4,1
715271733,50,F,2,Uneducated,Single,0,Existing Customer,Blue,Less than $40K,37,3,3
715276683,52,M,2,High School,Married,4,Existing Customer,Blue,$60K - $80K,45,5,1
715277583,55,F,3,Uneducated,Divorced,1,Existing Customer,Blue,Less than $40K,36,3,2
715278708,55,M,2,Unknown,Unknown,1,Attrited Customer,Blue,$60K - $80K,36,5,3
715279683,52,F,2,Uneducated,Married,4,Attrited Customer,Blue,$40K - $60K,36,5,1
715281933,43,F,3,High School,Single,2,Existing Customer,Blue,Less than $40K,36,3,3
715287708,41,F,4,Graduate,Married,2,Existing Customer,Blue,$40K - $60K,33,6,3
715291908,31,M,1,College,Single,2,Existing Customer,Blue,$40K - $60K,36,3,1
715294083,46,M,2,College,Single,2,Attrited Customer,Blue,$80K - $120K,38,2,3
715297908,41,F,4,College,Unknown,3,Attrited Customer,Blue,Unknown,22,4,2
715298808,40,M,2,High School,Divorced,2,Existing Customer,Blue,$40K - $60K,32,1,3
715300683,39,M,1,Uneducated,Single,3,Existing Customer,Blue,$80K - $120K,36,1,1
715303608,46,F,4,High School,Married,1,Existing Customer,Blue,Less than $40K,36,5,2
715304958,42,F,3,Graduate,Single,2,Attrited Customer,Blue,Less than $40K,27,6,2
715306983,42,M,5,High School,Married,3,Attrited Customer,Blue,$60K - $80K,36,1,2
715309083,50,F,2,Graduate,Married,2,Existing Customer,Blue,Less than $40K,36,2,3
715310208,53,M,3,Uneducated,Married,1,Existing Customer,Blue,$80K - $120K,36,3,3
715311183,35,M,2,Post-Graduate,Single,1,Existing Customer,Blue,$60K - $80K,24,2,3
715312158,41,M,2,Graduate,Married,3,Existing Customer,Blue,Less than $40K,29,4,2
715315008,40,M,4,Post-Graduate,Single,2,Existing Customer,Blue,$40K - $60K,30,6,3
715315833,51,M,3,Graduate,Married,3,Existing Customer,Blue,$80K - $120K,36,6,2
715318008,55,M,1,College,Single,1,Existing Customer,Blue,Less than $40K,36,4,2
715319958,48,M,3,Uneducated,Married,4,Attrited Customer,Blue,$120K +,36,5,2
715321008,39,M,2,Unknown,Married,3,Attrited Customer,Blue,$120K +,36,6,3
715321983,33,F,2,Doctorate,Married,1,Existing Customer,Blue,$40K - $60K,36,4,2
715322958,43,F,3,Unknown,Married,1,Existing Customer,Blue,Unknown,36,4,2
715327683,45,F,4,Post-Graduate,Married,3,Attrited Customer,Blue,Less than $40K,36,1,3
715328658,41,F,5,Post-Graduate,Married,3,Attrited Customer,Blue,Less than $40K,36,5,3
715335558,43,F,5,Uneducated,Single,2,Existing Customer,Blue,Less than $40K,36,2,1
715338783,32,M,1,High School,Married,2,Existing Customer,Blue,$60K - $80K,36,4,2
715339758,64,F,1,High School,Divorced,1,Existing Customer,Blue,Unknown,36,3,3
715340733,39,M,1,High School,Unknown,4,Existing Customer,Blue,$40K - $60K,28,5,2
715341858,54,M,2,Graduate,Married,3,Existing Customer,Blue,$80K - $120K,46,6,2
715343883,42,F,3,High School,Single,3,Existing Customer,Blue,Less than $40K,32,5,3
715345833,36,M,1,High School,Single,1,Existing Customer,Blue,Less than $40K,36,6,3
715347783,40,M,4,High School,Married,1,Existing Customer,Blue,Less than $40K,35,3,3
715351983,32,F,2,Unknown,Married,2,Existing Customer,Blue,Less than $40K,20,1,3
715352883,49,F,2,Post-Graduate,Single,2,Existing Customer,Blue,Unknown,36,3,3
715354008,43,M,3,Graduate,Unknown,2,Existing Customer,Blue,$120K +,36,6,1
715354983,44,M,3,Graduate,Married,1,Existing Customer,Blue,$40K - $60K,35,6,3
715356258,42,F,3,Unknown,Married,1,Existing Customer,Blue,Less than $40K,36,4,2
715357308,44,M,2,Graduate,Married,2,Existing Customer,Blue,$60K - $80K,36,3,1
715358283,57,F,2,Uneducated,Married,2,Existing Customer,Blue,Less than $40K,46,2,3
715360458,45,F,3,Graduate,Unknown,2,Existing Customer,Blue,Unknown,36,2,3
715361433,53,F,2,High School,Single,3,Existing Customer,Blue,Less than $40K,36,2,2
715362183,40,F,4,Graduate,Married,2,Existing Customer,Blue,Unknown,36,3,1
715363908,44,F,4,Uneducated,Married,2,Existing Customer,Blue,Less than $40K,26,4,1
715365183,51,F,1,College,Married,2,Existing Customer,Blue,Less than $40K,42,4,2
715366083,52,F,0,Doctorate,Single,3,Attrited Customer,Blue,Less than $40K,36,2,2
715367058,43,M,3,College,Unknown,3,Existing Customer,Blue,$60K - $80K,37,5,2
715369008,46,F,3,High School,Single,2,Existing Customer,Blue,Less than $40K,36,1,2
715371108,45,M,3,Graduate,Married,2,Attrited Customer,Blue,$80K - $120K,40,3,3
715372083,37,F,1,Graduate,Single,3,Existing Customer,Blue,Less than $40K,36,3,3
715374558,26,M,0,College,Married,3,Existing Customer,Blue,Less than $40K,36,5,2
715376508,47,F,5,Graduate,Married,1,Existing Customer,Blue,Less than $40K,42,3,5
715378383,43,F,4,Graduate,Single,4,Existing Customer,Silver,Unknown,36,4,3
715379133,51,F,1,College,Married,2,Existing Customer,Blue,Less than $40K,36,4,4
715380483,54,F,5,Unknown,Married,2,Existing Customer,Blue,Less than $40K,49,2,3
715381533,42,F,4,Post-Graduate,Single,3,Existing Customer,Blue,Less than $40K,36,6,2
715383108,52,M,2,Graduate,Single,1,Existing Customer,Blue,$120K +,44,5,1
715389708,36,F,3,Graduate,Married,2,Attrited Customer,Blue,Less than $40K,28,4,3
715390608,45,F,5,Graduate,Married,2,Existing Customer,Blue,Less than $40K,39,5,3
715391433,38,M,0,Graduate,Married,4,Existing Customer,Blue,$60K - $80K,33,5,4
715392558,52,M,1,Unknown,Single,2,Attrited Customer,Blue,$120K +,44,6,1
715393908,57,F,2,Post-Graduate,Married,1,Existing Customer,Blue,Less than $40K,36,3,0
715394883,35,M,2,High School,Married,4,Existing Customer,Blue,Unknown,36,3,2
715395933,44,F,3,College,Unknown,2,Existing Customer,Blue,Unknown,35,5,2
715396983,46,M,1,Uneducated,Married,2,Existing Customer,Blue,$80K - $120K,36,2,3
715398033,53,M,2,High School,Single,1,Existing Customer,Blue,$120K +,35,4,2
715398858,57,F,3,Post-Graduate,Married,2,Existing Customer,Blue,Less than $40K,36,4,3
715399908,54,F,2,High School,Married,5,Existing Customer,Blue,Unknown,45,5,3
715400733,43,F,3,Uneducated,Married,3,Attrited Customer,Blue,$40K - $60K,36,6,4
715401633,43,M,3,Graduate,Married,2,Existing Customer,Blue,Less than $40K,35,3,1
715404783,43,F,4,Graduate,Married,0,Existing Customer,Blue,Less than $40K,35,3,3
715405758,50,F,1,High School,Single,4,Existing Customer,Blue,Unknown,42,5,0
715406658,47,F,1,Unknown,Married,1,Attrited Customer,Blue,Less than $40K,37,4,2
715409733,47,F,4,College,Single,3,Attrited Customer,Blue,Less than $40K,36,2,2
715410783,55,F,1,Unknown,Single,3,Attrited Customer,Blue,Less than $40K,36,5,2
715411608,45,F,3,High School,Single,1,Existing Customer,Blue,$40K - $60K,36,3,1
715412583,51,M,3,Post-Graduate,Married,4,Existing Customer,Blue,$40K - $60K,36,6,1
715413483,44,F,3,Graduate,Single,3,Existing Customer,Blue,Less than $40K,36,5,1
715415508,42,F,4,Graduate,Married,3,Existing Customer,Blue,Unknown,36,3,3
715416633,54,M,1,Unknown,Married,2,Existing Customer,Blue,$80K - $120K,36,4,1
715418508,51,M,1,Uneducated,Single,3,Existing Customer,Blue,$120K +,36,2,1
715421058,51,M,1,Unknown,Married,4,Existing Customer,Blue,$60K - $80K,36,3,2
715423233,46,M,5,Unknown,Married,3,Existing Customer,Blue,$60K - $80K,35,3,3
715424283,31,F,0,College,Married,2,Existing Customer,Blue,Less than $40K,21,5,2
715429608,45,F,3,College,Married,1,Existing Customer,Blue,Less than $40K,37,4,3
715432608,43,M,4,Unknown,Single,0,Existing Customer,Blue,$60K - $80K,36,4,1
715435758,42,M,2,Graduate,Single,3,Existing Customer,Blue,$80K - $120K,36,3,1
715436883,48,F,3,Post-Graduate,Married,1,Existing Customer,Blue,Less than $40K,36,2,2
715440558,50,F,1,Graduate,Married,2,Existing Customer,Blue,Less than $40K,36,3,1
715442958,54,M,2,Uneducated,Married,3,Existing Customer,Blue,$60K - $80K,36,3,3
715443708,53,M,1,Uneducated,Married,3,Existing Customer,Blue,$120K +,45,5,1
715445058,49,F,0,Doctorate,Married,4,Attrited Customer,Blue,Less than $40K,40,3,4
715445883,40,F,2,Graduate,Married,2,Existing Customer,Blue,Unknown,29,5,2
715447008,50,F,3,Graduate,Married,2,Existing Customer,Blue,Less than $40K,36,2,3
715448058,42,F,1,College,Married,1,Existing Customer,Blue,Less than $40K,36,6,4
715449333,55,F,3,Unknown,Married,0,Existing Customer,Blue,$40K - $60K,47,5,2
715452408,37,M,2,Graduate,Divorced,3,Existing Customer,Blue,Less than $40K,36,4,3
715455708,47,M,3,Graduate,Unknown,2,Attrited Customer,Blue,$80K - $120K,37,3,3
715457658,29,M,1,Graduate,Married,4,Existing Customer,Blue,Unknown,19,3,3
715459158,35,F,4,High School,Unknown,2,Existing Customer,Blue,Unknown,26,2,1
715462008,45,M,2,College,Married,2,Existing Customer,Blue,$60K - $80K,35,6,3
715463133,40,F,5,High School,Single,3,Existing Customer,Blue,$120K +,31,1,1
715466133,50,F,1,Doctorate,Married,1,Existing Customer,Blue,Unknown,40,3,3
715468083,40,M,2,Doctorate,Married,4,Existing Customer,Silver,Unknown,36,3,2
715469583,40,F,2,Graduate,Unknown,2,Existing Customer,Blue,$40K - $60K,36,3,1
715471833,50,F,0,Post-Graduate,Married,3,Existing Customer,Blue,$80K - $120K,36,5,1
715474083,51,M,3,Graduate,Single,2,Existing Customer,Silver,$60K - $80K,36,3,2
715474833,37,M,2,College,Single,2,Existing Customer,Blue,$80K - $120K,36,3,2
715477233,55,F,1,High School,Unknown,3,Existing Customer,Blue,Unknown,36,3,2
715478733,56,F,5,Graduate,Married,4,Existing Customer,Blue,Less than $40K,36,5,4
715479483,35,M,2,College,Married,4,Existing Customer,Blue,$80K - $120K,36,5,2
715480983,55,F,2,College,Married,3,Existing Customer,Blue,Less than $40K,36,5,2
715482483,26,M,0,High School,Single,3,Existing Customer,Blue,Unknown,36,5,2
715485483,39,F,5,Graduate,Married,3,Attrited Customer,Blue,Less than $40K,36,3,3
715487733,44,F,4,Graduate,Married,3,Attrited Customer,Blue,$40K - $60K,36,6,3
715488483,49,F,4,Graduate,Married,1,Existing Customer,Blue,Less than $40K,36,1,3
715490733,54,F,3,Uneducated,Single,2,Existing Customer,Blue,Unknown,36,5,1
715491483,44,M,2,Graduate,Divorced,0,Existing Customer,Blue,$120K +,36,5,2
715492983,40,M,3,Post-Graduate,Married,4,Existing Customer,Blue,$120K +,36,4,2
715493733,53,M,2,Graduate,Married,4,Attrited Customer,Blue,$40K - $60K,36,2,3
715495308,43,F,4,Graduate,Single,1,Existing Customer,Blue,Less than $40K,36,5,4
715496058,41,M,4,Uneducated,Single,3,Attrited Customer,Gold,Less than $40K,36,3,3
715496808,53,F,1,Graduate,Married,3,Existing Customer,Blue,$40K - $60K,36,6,3
715497558,44,M,1,College,Married,3,Attrited Customer,Blue,Less than $40K,36,6,3
715498308,35,F,2,Graduate,Married,4,Existing Customer,Blue,$40K - $60K,36,4,3
715499058,36,F,2,High School,Married,2,Attrited Customer,Blue,$40K - $60K,36,4,3
715499808,63,M,0,Unknown,Married,4,Existing Customer,Blue,Less than $40K,36,4,1
715500558,45,F,3,Graduate,Married,4,Attrited Customer,Blue,Unknown,36,3,1
715502808,42,M,3,High School,Married,2,Existing Customer,Blue,$80K - $120K,36,4,3
715503558,57,F,3,High School,Married,3,Existing Customer,Blue,Less than $40K,36,6,2
715506258,50,M,2,High School,Married,1,Attrited Customer,Blue,$80K - $120K,36,6,2
715510683,40,F,1,High School,Single,2,Existing Customer,Blue,Less than $40K,29,3,2
715511658,49,F,5,Post-Graduate,Unknown,4,Existing Customer,Blue,$40K - $60K,39,3,1
715514133,44,F,4,Graduate,Married,4,Attrited Customer,Blue,Less than $40K,31,3,3
715515333,51,M,3,Graduate,Married,3,Attrited Customer,Blue,$120K +,42,2,1
715516458,42,F,1,High School,Married,2,Attrited Customer,Blue,$40K - $60K,36,5,3
715517733,46,F,3,High School,Single,4,Attrited Customer,Silver,Less than $40K,39,1,0
715518783,48,F,3,Graduate,Single,1,Existing Customer,Blue,Less than $40K,36,2,3
715519983,43,M,2,Post-Graduate,Married,3,Existing Customer,Blue,$60K - $80K,34,1,1
715522233,45,F,3,Doctorate,Single,3,Existing Customer,Blue,Less than $40K,27,1,6
715524708,49,M,5,Unknown,Single,2,Existing Customer,Silver,$40K - $60K,41,4,2
715528983,46,M,5,Uneducated,Divorced,2,Existing Customer,Blue,$60K - $80K,36,3,1
715530258,46,F,2,Post-Graduate,Single,3,Attrited Customer,Blue,Unknown,37,1,3
715532208,65,F,1,High School,Single,2,Existing Customer,Blue,Less than $40K,55,3,3
715533108,31,F,0,Uneducated,Single,4,Existing Customer,Blue,Less than $40K,20,4,3
715534083,46,F,2,College,Single,1,Existing Customer,Blue,Unknown,33,2,3
715537383,46,M,3,College,Single,2,Existing Customer,Blue,$120K +,30,5,1
715540233,43,M,3,Graduate,Single,2,Existing Customer,Blue,$60K - $80K,34,6,1
715542783,33,F,2,Graduate,Married,2,Existing Customer,Blue,Less than $40K,24,1,3
715543908,52,F,3,Uneducated,Married,3,Existing Customer,Blue,Less than $40K,43,4,3
715544883,39,M,1,Graduate,Married,3,Existing Customer,Silver,Less than $40K,30,4,3
715545933,43,M,5,Graduate,Married,4,Existing Customer,Blue,$120K +,36,6,2
715547058,35,F,0,Graduate,Married,4,Attrited Customer,Blue,Less than $40K,36,4,3
715548183,65,M,1,Graduate,Single,3,Existing Customer,Blue,Unknown,56,4,3
715549158,29,F,1,Graduate,Married,0,Existing Customer,Blue,Less than $40K,36,2,2
715550508,45,F,3,Unknown,Married,2,Existing Customer,Blue,Unknown,28,5,1
715551783,54,F,2,Uneducated,Married,3,Existing Customer,Blue,Unknown,42,1,1
715554708,53,M,1,High School,Unknown,2,Existing Customer,Blue,$120K +,34,2,1
715555833,47,F,3,Unknown,Single,0,Existing Customer,Blue,Less than $40K,34,6,3
715563558,50,M,1,Unknown,Married,2,Existing Customer,Blue,$120K +,40,3,3
715565058,27,F,1,Uneducated,Unknown,2,Existing Customer,Blue,Less than $40K,16,3,1
715566408,45,F,3,Doctorate,Married,2,Existing Customer,Blue,Less than $40K,36,1,2
715567608,45,F,1,High School,Unknown,4,Existing Customer,Blue,Less than $40K,35,4,4
715570533,48,M,3,Post-Graduate,Unknown,6,Attrited Customer,Blue,$120K +,35,2,2
715571583,57,F,2,Doctorate,Divorced,2,Existing Customer,Blue,Less than $40K,47,5,1
715572783,51,M,3,Graduate,Married,2,Existing Customer,Blue,$80K - $120K,31,6,1
715573758,43,M,4,Uneducated,Married,1,Existing Customer,Silver,$120K +,36,1,2
715575258,47,M,2,Graduate,Single,3,Existing Customer,Blue,$40K - $60K,35,1,6
715579233,44,F,3,Doctorate,Single,3,Existing Customer,Blue,$40K - $60K,40,4,1
715581633,53,F,3,Unknown,Married,1,Existing Customer,Blue,$40K - $60K,45,4,3
715583283,34,F,0,Graduate,Married,4,Existing Customer,Blue,Unknown,13,4,1
715585158,58,M,1,Graduate,Married,2,Existing Customer,Blue,$60K - $80K,46,3,3
715588008,45,M,4,College,Married,3,Existing Customer,Blue,$80K - $120K,31,4,3
715588908,42,F,4,Graduate,Single,3,Existing Customer,Blue,Less than $40K,32,3,2
715590258,45,F,4,Uneducated,Single,3,Existing Customer,Blue,$40K - $60K,36,1,1
715593783,52,M,1,Unknown,Married,2,Existing Customer,Blue,$80K - $120K,36,4,2
715596783,29,F,1,Uneducated,Married,3,Existing Customer,Blue,Less than $40K,18,3,3
715599633,51,M,1,College,Married,2,Existing Customer,Silver,$80K - $120K,38,2,3
715600533,61,M,0,Graduate,Unknown,3,Existing Customer,Gold,$80K - $120K,50,3,3
715601808,50,M,3,Graduate,Married,3,Existing Customer,Blue,$120K +,41,4,2
715603233,53,F,3,Uneducated,Married,2,Existing Customer,Blue,$40K - $60K,42,6,1
715607958,45,F,2,Graduate,Married,3,Attrited Customer,Blue,Less than $40K,36,6,1
715609533,47,F,3,Unknown,Single,3,Attrited Customer,Blue,Less than $40K,35,1,3
715610733,60,M,1,Uneducated,Married,5,Attrited Customer,Blue,$40K - $60K,47,6,1
715611933,50,F,4,Doctorate,Married,2,Existing Customer,Blue,Unknown,38,6,4
715612983,65,F,1,Graduate,Single,4,Existing Customer,Blue,Unknown,55,5,2
715615233,60,F,1,High School,Married,3,Existing Customer,Blue,Less than $40K,48,5,3
715616358,53,F,0,Graduate,Married,3,Existing Customer,Blue,Unknown,36,5,4
715617333,36,F,2,Graduate,Married,2,Existing Customer,Blue,Less than $40K,26,3,3
715622508,52,M,2,Unknown,Married,3,Attrited Customer,Blue,$80K - $120K,41,6,4
715623483,47,M,3,Graduate,Married,0,Existing Customer,Blue,$60K - $80K,37,4,4
715624533,41,M,3,Unknown,Unknown,3,Existing Customer,Blue,$40K - $60K,30,1,2
715625658,49,F,3,High School,Married,3,Existing Customer,Blue,Less than $40K,36,3,1
715627833,48,M,3,High School,Married,0,Existing Customer,Gold,$60K - $80K,37,6,2
715628733,40,M,4,Unknown,Single,4,Existing Customer,Blue,Less than $40K,36,6,3
715629783,51,M,1,Graduate,Married,2,Existing Customer,Silver,$40K - $60K,36,6,2
715630983,31,F,0,Graduate,Single,3,Attrited Customer,Blue,Less than $40K,21,4,2
715636533,48,F,3,High School,Married,2,Existing Customer,Blue,Less than $40K,36,4,1
715640358,43,M,3,High School,Single,3,Existing Customer,Blue,$40K - $60K,36,6,3
715644633,42,F,3,Graduate,Single,1,Existing Customer,Blue,$40K - $60K,34,1,2
715645908,59,M,0,High School,Single,6,Attrited Customer,Gold,$80K - $120K,48,5,2
715649358,39,M,2,College,Married,2,Attrited Customer,Blue,$60K - $80K,26,1,2
715650783,41,F,2,High School,Married,2,Existing Customer,Blue,$60K - $80K,36,6,2
715651833,65,M,1,Unknown,Married,4,Attrited Customer,Blue,Less than $40K,36,3,4
715655283,42,F,3,Graduate,Married,3,Attrited Customer,Blue,Less than $40K,33,6,3
715657833,52,F,3,Unknown,Single,2,Existing Customer,Blue,Less than $40K,41,2,3
715659333,NULL,F,4,High School,Single,2,Existing Customer,Blue,$40K - $60K,36,3,3
715660308,54,F,3,College,Married,2,Attrited Customer,Blue,Less than $40K,44,5,3
715662258,49,F,3,Unknown,Unknown,2,Existing Customer,Blue,Less than $40K,36,3,1
715663458,51,M,4,Unknown,Unknown,1,Existing Customer,Blue,Less than $40K,39,2,3
715664808,43,M,2,Graduate,Single,3,Attrited Customer,Blue,$80K - $120K,30,3,3
715670058,50,M,3,Graduate,Married,4,Existing Customer,Blue,$120K +,38,5,2
715671183,43,M,3,Uneducated,Married,4,Attrited Customer,Blue,$80K - $120K,31,6,3
715672458,47,M,5,Graduate,Single,2,Existing Customer,Blue,$60K - $80K,36,6,3
715674483,39,F,2,Post-Graduate,Single,2,Existing Customer,Blue,Less than $40K,27,4,2
715675458,51,M,1,High School,Unknown,2,Existing Customer,Blue,$80K - $120K,41,6,1
715679733,43,F,2,Uneducated,Single,4,Existing Customer,Blue,Less than $40K,36,5,2
715680933,53,M,1,Graduate,Single,4,Existing Customer,Blue,$80K - $120K,36,4,2
715682208,49,M,3,Doctorate,Married,4,Existing Customer,Blue,$80K - $120K,36,4,1
715684308,42,F,4,Graduate,Married,2,Existing Customer,Blue,$40K - $60K,36,6,2
715686183,46,F,4,Graduate,Single,1,Existing Customer,Blue,$40K - $60K,34,6,2
715688958,45,F,2,Post-Graduate,Single,3,Existing Customer,Blue,Less than $40K,36,3,1
715690908,46,F,3,Graduate,Single,2,Existing Customer,Silver,Less than $40K,39,4,3
715691808,41,F,3,Uneducated,Divorced,4,Existing Customer,Blue,Less than $40K,30,5,3
715694433,51,M,1,Unknown,Single,3,Existing Customer,Blue,$60K - $80K,22,2,3
715698633,40,F,2,Unknown,Married,1,Existing Customer,Blue,Less than $40K,36,3,1
715699983,56,M,3,High School,Married,3,Existing Customer,Blue,$60K - $80K,36,5,1
715701033,43,M,2,Graduate,Married,3,Attrited Customer,Blue,$80K - $120K,33,5,3
715702758,38,F,4,Graduate,Married,3,Existing Customer,Blue,Less than $40K,36,4,3
715705683,56,F,1,Graduate,Single,2,Existing Customer,Blue,Less than $40K,36,4,3
715708308,54,F,3,Doctorate,Married,3,Existing Customer,Blue,$40K - $60K,39,3,1
715710708,50,M,2,Unknown,Married,2,Existing Customer,Blue,$60K - $80K,37,6,3
715713408,55,M,2,Graduate,Married,3,Existing Customer,Gold,Less than $40K,46,3,5
715714458,48,M,5,Graduate,Single,3,Existing Customer,Blue,$40K - $60K,38,2,3
715716333,62,F,0,High School,Single,2,Existing Customer,Blue,Unknown,50,6,2
715717608,41,F,4,Uneducated,Unknown,1,Existing Customer,Blue,Less than $40K,32,4,3
715719033,38,F,3,Post-Graduate,Married,2,Existing Customer,Blue,Less than $40K,32,4,3
715720083,47,M,5,Unknown,Single,3,Existing Customer,Blue,$80K - $120K,39,6,2
715724808,49,M,3,High School,Married,3,Existing Customer,Blue,$80K - $120K,41,5,2
715725858,43,F,3,Post-Graduate,Single,2,Existing Customer,Blue,Less than $40K,26,6,2
715728108,27,M,0,Graduate,Unknown,2,Existing Customer,Blue,Less than $40K,36,1,1
715729683,44,M,3,High School,Single,2,Existing Customer,Silver,$120K +,36,1,2
715731033,50,M,3,Graduate,Single,3,Attrited Customer,Blue,$120K +,42,3,1
715732533,52,M,4,Graduate,Married,3,Attrited Customer,Blue,$60K - $80K,36,4,1
715735233,51,F,5,Post-Graduate,Married,1,Existing Customer,Blue,Less than $40K,44,5,1
715736283,55,F,4,Doctorate,Single,1,Existing Customer,Blue,Less than $40K,44,3,1
715737258,41,F,1,College,Married,3,Existing Customer,Blue,Less than $40K,32,6,3
715739733,34,M,1,High School,Single,2,Existing Customer,Blue,$40K - $60K,25,4,1
715742658,41,F,3,Graduate,Unknown,2,Existing Customer,Blue,Less than $40K,13,1,3
715745508,51,F,4,Graduate,Single,2,Existing Customer,Blue,Unknown,34,3,1
715746633,64,F,0,Graduate,Single,2,Existing Customer,Blue,Less than $40K,54,3,1
715749108,48,M,3,Graduate,Married,2,Existing Customer,Gold,$60K - $80K,37,5,1
715749858,30,M,1,Unknown,Married,3,Existing Customer,Blue,$40K - $60K,18,5,1
715750758,56,M,1,Uneducated,Married,1,Existing Customer,Blue,$80K - $120K,36,6,1
715754133,42,F,3,Graduate,Single,3,Existing Customer,Blue,Less than $40K,32,2,2
715756683,50,M,4,Graduate,Married,4,Attrited Customer,Blue,$80K - $120K,36,3,2
715759458,43,M,3,Graduate,Single,4,Existing Customer,Blue,$80K - $120K,31,6,2
715760733,58,M,4,High School,Married,4,Existing Customer,Blue,$40K - $60K,47,6,3
715762083,46,M,0,Uneducated,Married,2,Existing Customer,Silver,$60K - $80K,36,6,3
715764483,53,F,3,High School,Unknown,4,Existing Customer,Blue,Less than $40K,37,3,2
715765758,54,F,2,Uneducated,Married,4,Existing Customer,Blue,Less than $40K,41,5,2
715767033,56,F,3,College,Unknown,3,Attrited Customer,Blue,Unknown,36,5,1
715769958,53,F,3,Unknown,Married,2,Existing Customer,Blue,$40K - $60K,39,3,2
715771608,41,M,3,Graduate,Married,2,Existing Customer,Silver,$120K +,36,3,3
715773783,44,F,2,Graduate,Single,4,Attrited Customer,Blue,$40K - $60K,35,2,3
715774833,41,F,2,Doctorate,Unknown,2,Existing Customer,Blue,Less than $40K,36,4,1
715776033,46,M,5,Uneducated,Single,3,Existing Customer,Blue,$60K - $80K,33,4,1
715778358,45,M,5,Graduate,Married,2,Existing Customer,Blue,$120K +,26,6,3
715779333,45,F,3,Graduate,Unknown,3,Existing Customer,Blue,Less than $40K,36,5,2
715783758,40,M,4,Graduate,Divorced,3,Existing Customer,Blue,$120K +,30,5,3
715784808,57,F,4,Post-Graduate,Single,1,Existing Customer,Blue,$40K - $60K,48,4,2
715785933,54,M,3,College,Married,0,Existing Customer,Blue,$80K - $120K,45,4,3
715797783,55,F,1,Uneducated,Divorced,3,Existing Customer,Blue,$40K - $60K,47,3,2
715798608,45,F,4,Graduate,Married,2,Existing Customer,Blue,$40K - $60K,34,4,4
715799808,52,M,0,High School,Single,2,Existing Customer,Blue,$60K - $80K,39,4,3
715800708,60,F,0,Uneducated,Married,2,Existing Customer,Blue,Less than $40K,49,3,1
715803933,47,M,1,Post-Graduate,Single,2,Existing Customer,Blue,$60K - $80K,36,4,2
715805133,52,F,1,High School,Single,2,Existing Customer,Blue,Less than $40K,43,6,2
715807383,45,F,4,Post-Graduate,Single,3,Existing Customer,Blue,$40K - $60K,36,1,3
715808808,48,F,4,Uneducated,Married,1,Existing Customer,Blue,Unknown,36,2,6
715812258,45,M,2,High School,Married,2,Existing Customer,Blue,$80K - $120K,34,5,5
715814433,44,M,4,Unknown,Single,3,Existing Customer,Blue,$80K - $120K,36,6,2
715815783,46,M,3,Graduate,Married,2,Existing Customer,Blue,$60K - $80K,29,3,2
715821183,42,F,4,College,Married,2,Existing Customer,Blue,Unknown,23,3,3
715822008,32,M,1,High School,Married,2,Existing Customer,Blue,Less than $40K,14,4,2
715824108,52,F,1,Graduate,Married,3,Existing Customer,Blue,Less than $40K,38,3,1
715825458,47,M,2,Graduate,Married,2,Attrited Customer,Blue,$80K - $120K,36,3,3
715827858,58,F,4,Uneducated,Married,3,Existing Customer,Blue,Less than $40K,47,3,3
715829358,33,F,4,College,Married,3,Existing Customer,Blue,$40K - $60K,26,1,2
715830558,50,M,2,Uneducated,Unknown,1,Attrited Customer,Blue,$120K +,38,6,2
715832058,40,F,5,Graduate,Unknown,3,Existing Customer,Blue,Less than $40K,36,2,2
715839708,51,M,1,Graduate,Married,2,Existing Customer,Blue,$120K +,39,2,3
715842183,42,F,5,High School,Married,3,Existing Customer,Blue,Less than $40K,35,5,4
715843533,26,M,1,College,Single,3,Existing Customer,Blue,$40K - $60K,36,3,4
715844733,45,M,5,High School,Married,2,Existing Customer,Blue,$60K - $80K,36,6,3
715847058,59,F,2,Uneducated,Divorced,3,Attrited Customer,Blue,Less than $40K,36,3,3
715848408,61,M,1,Graduate,Unknown,1,Existing Customer,Blue,$80K - $120K,52,6,6
715849983,44,M,4,Unknown,Married,4,Existing Customer,Blue,Less than $40K,36,4,1
715851333,42,M,4,High School,Married,2,Existing Customer,Blue,$60K - $80K,27,2,3
715855083,48,M,4,High School,Married,4,Existing Customer,Blue,$80K - $120K,36,6,2
715856208,47,M,3,Graduate,Single,3,Existing Customer,Blue,$60K - $80K,36,5,4
715857183,46,M,2,College,Single,2,Existing Customer,Blue,$60K - $80K,36,3,3
715858008,49,F,1,Uneducated,Married,3,Attrited Customer,Blue,$40K - $60K,39,2,3
715859058,54,M,3,Post-Graduate,Married,4,Existing Customer,Blue,$120K +,42,6,3
715864983,56,M,2,High School,Married,2,Existing Customer,Blue,Less than $40K,43,5,2
715866033,37,F,2,High School,Unknown,1,Existing Customer,Blue,Less than $40K,36,5,2
715870758,35,M,4,Graduate,Married,4,Existing Customer,Blue,$120K +,30,4,3
715872333,41,M,0,High School,Married,3,Existing Customer,Blue,$120K +,36,3,2
715878183,46,M,4,Graduate,Unknown,3,Existing Customer,Blue,$80K - $120K,35,4,3
715880283,57,M,1,High School,Single,2,Attrited Customer,Blue,$120K +,47,4,4
715883358,52,M,3,College,Unknown,2,Attrited Customer,Blue,$80K - $120K,39,3,3
715884858,38,M,2,High School,Married,3,Existing Customer,Blue,$80K - $120K,36,5,3
715891533,45,F,4,Graduate,Unknown,1,Existing Customer,Blue,Less than $40K,33,1,2
715893633,47,F,4,Doctorate,Single,2,Existing Customer,Blue,Less than $40K,36,4,3
715898058,53,M,2,Graduate,Married,3,Attrited Customer,Blue,$120K +,36,5,1
715901508,35,M,1,High School,Married,2,Existing Customer,Blue,$80K - $120K,25,6,1
715904433,42,F,4,College,Married,2,Attrited Customer,Blue,$40K - $60K,34,1,3
715905633,45,M,1,Graduate,Single,3,Existing Customer,Blue,$60K - $80K,36,3,1
715908558,44,M,0,Graduate,Unknown,1,Existing Customer,Silver,$60K - $80K,36,1,1
715910883,48,F,1,High School,Married,3,Existing Customer,Blue,Less than $40K,40,5,4
715915458,47,F,2,Graduate,Married,2,Existing Customer,Blue,Less than $40K,34,5,2
715919283,39,F,4,College,Single,3,Attrited Customer,Blue,$40K - $60K,36,3,2
715921758,36,M,2,College,Single,2,Existing Customer,Blue,$60K - $80K,25,5,3
715923408,30,F,0,College,Unknown,3,Existing Customer,Blue,Less than $40K,19,4,2
715928808,42,M,2,High School,Married,2,Existing Customer,Blue,Less than $40K,31,3,5
715932708,41,M,3,Unknown,Unknown,1,Existing Customer,Blue,$60K - $80K,36,4,3
715934283,39,F,2,High School,Single,2,Attrited Customer,Blue,$40K - $60K,26,6,3
715937133,64,F,1,Uneducated,Unknown,2,Existing Customer,Blue,$40K - $60K,52,6,2
715940358,51,F,1,Graduate,Unknown,2,Existing Customer,Blue,Less than $40K,42,6,2
715941633,50,F,0,Graduate,Married,3,Existing Customer,Blue,Less than $40K,36,3,3
715942683,32,F,3,Graduate,Single,3,Attrited Customer,Blue,Less than $40K,36,3,1
715948833,48,F,4,Graduate,Married,4,Existing Customer,Blue,$120K +,39,4,2
715950483,39,F,1,Uneducated,Married,3,Attrited Customer,Blue,$40K - $60K,27,3,3
715952883,73,M,0,High School,Married,2,Existing Customer,Blue,$40K - $60K,36,5,3
715954158,48,M,3,Post-Graduate,Married,4,Attrited Customer,Blue,$40K - $60K,36,3,2
715955208,35,F,1,High School,Married,2,Existing Customer,Blue,Less than $40K,26,3,3
715956258,35,F,1,Uneducated,Married,4,Existing Customer,Blue,Less than $40K,36,3,2
715957233,53,F,3,College,Single,1,Existing Customer,Blue,$60K - $80K,36,5,1
715958583,56,F,2,High School,Married,2,Attrited Customer,Blue,Less than $40K,43,1,2
715960308,53,F,1,Graduate,Divorced,3,Attrited Customer,Blue,Less than $40K,44,3,3
715964058,39,F,1,High School,Single,1,Existing Customer,Blue,Less than $40K,31,5,2
715968858,28,M,0,Post-Graduate,Unknown,2,Existing Customer,Blue,Unknown,13,4,1
715970133,33,F,4,College,Married,2,Attrited Customer,Blue,Less than $40K,24,6,2
715971108,51,M,4,Graduate,Single,3,Existing Customer,Blue,$120K +,42,3,2
715973583,56,M,3,Uneducated,Married,3,Existing Customer,Blue,$120K +,36,6,3
715974783,53,F,1,Graduate,Married,3,Existing Customer,Blue,$80K - $120K,40,4,3
715976433,42,M,3,High School,Unknown,4,Existing Customer,Blue,Less than $40K,31,4,2
715980258,36,F,1,Doctorate,Single,3,Existing Customer,Blue,Less than $40K,25,1,2
715984908,52,M,2,Graduate,Married,2,Existing Customer,Blue,$80K - $120K,36,4,3
715986258,53,M,1,Uneducated,Single,2,Existing Customer,Silver,$40K - $60K,41,3,3
715987758,49,M,3,Graduate,Married,1,Attrited Customer,Blue,$80K - $120K,36,3,2
715989108,52,M,3,Unknown,Single,3,Existing Customer,Blue,$80K - $120K,42,3,3
715992558,52,M,2,Doctorate,Married,2,Existing Customer,Blue,$80K - $120K,38,4,2
715993608,51,M,2,College,Single,2,Existing Customer,Blue,$120K +,41,6,3
715995933,46,M,0,Graduate,Single,1,Attrited Customer,Blue,$120K +,36,6,2
715996983,47,M,4,Uneducated,Divorced,2,Attrited Customer,Blue,$80K - $120K,30,5,2
715999608,53,M,2,High School,Married,2,Attrited Customer,Blue,Less than $40K,36,4,1
716002458,43,M,4,College,Married,2,Existing Customer,Blue,$40K - $60K,30,1,1
716004258,45,M,4,High School,Single,3,Existing Customer,Blue,$60K - $80K,35,1,1
716007708,48,M,2,Graduate,Married,2,Existing Customer,Blue,$120K +,37,3,1
716009883,41,F,1,Graduate,Single,1,Attrited Customer,Blue,$40K - $60K,28,1,3
716013858,53,M,0,Graduate,Single,4,Existing Customer,Blue,$80K - $120K,34,3,1
716014983,56,F,3,High School,Single,3,Existing Customer,Blue,Less than $40K,48,6,5
716019333,65,F,0,Unknown,Single,3,Existing Customer,Blue,Less than $40K,56,6,3
716022258,51,F,3,College,Single,3,Existing Customer,Blue,Less than $40K,36,3,3
716023533,49,F,1,Post-Graduate,Single,2,Existing Customer,Blue,Unknown,39,6,3
716024808,57,M,1,Graduate,Married,3,Existing Customer,Blue,$80K - $120K,36,3,3
716027208,47,M,4,Doctorate,Unknown,1,Existing Customer,Blue,$60K - $80K,36,4,1
716028108,35,F,2,College,Single,0,Existing Customer,Blue,Less than $40K,18,6,2
716029158,59,M,0,Unknown,Married,5,Existing Customer,Blue,$60K - $80K,36,6,4
716032233,42,M,2,College,Married,2,Existing Customer,Blue,$80K - $120K,32,5,2
716033508,46,M,2,Graduate,Single,2,Existing Customer,Blue,$60K - $80K,34,1,3
716037708,50,M,0,Uneducated,Divorced,3,Existing Customer,Blue,$60K - $80K,39,6,3
716038533,42,F,3,Graduate,Unknown,2,Existing Customer,Blue,Less than $40K,32,3,1
716039433,48,F,2,High School,Single,1,Existing Customer,Blue,Less than $40K,35,4,6
716040783,45,F,3,Graduate,Unknown,2,Existing Customer,Silver,Less than $40K,36,3,2
716041908,54,F,1,High School,Single,4,Attrited Customer,Blue,Less than $40K,43,5,2
716043258,53,M,3,Unknown,Married,2,Existing Customer,Blue,$40K - $60K,41,6,1
716044383,41,F,3,High School,Unknown,2,Existing Customer,Blue,Unknown,36,5,1
716045508,40,F,2,Unknown,Single,3,Existing Customer,Blue,Less than $40K,36,2,2
716053083,33,M,2,Graduate,Married,4,Attrited Customer,Blue,$120K +,21,2,2
716056158,63,F,0,Graduate,Single,3,Existing Customer,Blue,$60K - $80K,51,3,3
716059608,48,F,4,College,Single,3,Existing Customer,Blue,Less than $40K,38,4,3
716060358,53,F,2,Graduate,Married,2,Existing Customer,Blue,$40K - $60K,45,2,2
716063583,41,M,3,High School,Divorced,1,Existing Customer,Blue,$60K - $80K,32,1,2
716067333,61,M,0,Graduate,Married,3,Existing Customer,Blue,Unknown,36,2,3
716068683,28,M,0,Uneducated,Divorced,3,Existing Customer,Blue,Unknown,36,3,3
716071233,42,M,0,High School,Married,3,Existing Customer,Silver,$80K - $120K,35,5,2
716075208,32,F,3,High School,Married,4,Existing Customer,Blue,Less than $40K,22,4,2
716077458,46,M,3,Uneducated,Married,4,Existing Customer,Blue,$40K - $60K,36,4,2
716079708,46,F,3,College,Single,2,Existing Customer,Blue,Less than $40K,36,5,2
716088783,60,M,0,College,Married,2,Attrited Customer,Blue,$80K - $120K,50,1,4
716089983,31,M,0,Graduate,Single,4,Existing Customer,Blue,$40K - $60K,24,3,1
716093133,38,F,2,Uneducated,Single,2,Existing Customer,Blue,$40K - $60K,31,5,2
716094333,49,M,1,Graduate,Single,1,Existing Customer,Blue,$80K - $120K,42,6,2
716096358,45,F,3,Uneducated,Single,1,Existing Customer,Blue,Less than $40K,39,5,4
716098683,46,F,5,Graduate,Married,1,Existing Customer,Blue,Unknown,36,2,3
716099958,39,F,5,Unknown,Married,6,Attrited Customer,Blue,$40K - $60K,31,3,3
716101308,48,M,3,Unknown,Married,4,Existing Customer,Blue,$40K - $60K,35,6,3
716102583,63,F,1,Graduate,Married,3,Existing Customer,Blue,Less than $40K,53,6,1
716104983,41,F,2,Graduate,Single,2,Existing Customer,Blue,Less than $40K,32,6,3
716106108,49,M,4,Post-Graduate,Married,2,Existing Customer,Silver,$120K +,41,2,3
716107158,32,F,0,Graduate,Single,5,Attrited Customer,Blue,Less than $40K,20,5,1
716108283,53,F,4,Graduate,Married,3,Existing Customer,Blue,Less than $40K,46,6,3
716111808,57,F,2,Unknown,Married,1,Existing Customer,Blue,Less than $40K,49,5,3
716112933,39,F,3,Graduate,Married,3,Attrited Customer,Blue,Unknown,36,3,2
716116383,45,F,1,Unknown,Married,1,Existing Customer,Blue,Less than $40K,36,1,2
716118633,43,M,2,Post-Graduate,Divorced,1,Existing Customer,Blue,$60K - $80K,36,6,1
716122008,44,F,3,Unknown,Married,2,Attrited Customer,Blue,Less than $40K,35,3,3
716123283,59,M,1,Unknown,Single,2,Existing Customer,Blue,$60K - $80K,48,3,1
716124408,32,M,2,Graduate,Single,3,Attrited Customer,Gold,$120K +,22,2,2
716127333,45,F,3,Graduate,Married,3,Attrited Customer,Blue,Unknown,36,5,2
716128083,56,M,2,High School,Married,3,Existing Customer,Blue,$40K - $60K,36,5,2
716129208,37,M,3,Graduate,Married,3,Existing Customer,Blue,$40K - $60K,36,3,3
716131083,47,M,2,Graduate,Single,3,Attrited Customer,Blue,$40K - $60K,35,6,1
716134533,44,M,4,College,Single,3,Attrited Customer,Blue,$80K - $120K,34,4,4
716136333,40,F,4,Uneducated,Single,1,Attrited Customer,Blue,Less than $40K,24,5,2
716138958,50,F,1,Uneducated,Married,4,Existing Customer,Blue,Less than $40K,33,6,4
716139933,54,M,0,High School,Married,2,Existing Customer,Blue,$80K - $120K,36,3,1
716142858,46,F,4,Uneducated,Married,4,Existing Customer,Silver,Less than $40K,36,3,1
716144058,36,F,1,College,Single,3,Existing Customer,Blue,$40K - $60K,25,6,3
716147658,49,F,2,Uneducated,Single,1,Existing Customer,Blue,Unknown,40,2,3
716149383,62,M,0,Graduate,Married,3,Existing Customer,Blue,$60K - $80K,36,6,3
716150358,38,M,3,Graduate,Married,3,Existing Customer,Silver,Less than $40K,27,3,2
716151858,46,F,3,Unknown,Single,3,Existing Customer,Blue,$80K - $120K,36,5,1
716154258,48,M,4,Doctorate,Unknown,2,Existing Customer,Silver,$60K - $80K,38,3,2
716156508,52,M,2,High School,Married,3,Existing Customer,Blue,$40K - $60K,36,3,1
716157408,53,F,0,High School,Married,2,Attrited Customer,Blue,$60K - $80K,46,4,4
716159958,49,M,2,Unknown,Married,2,Existing Customer,Blue,$60K - $80K,36,2,1
716160708,64,M,1,Graduate,Single,1,Existing Customer,Blue,Less than $40K,36,4,3
716162583,45,M,0,Unknown,Married,3,Existing Customer,Blue,Less than $40K,36,6,2
716165508,51,M,2,Uneducated,Married,1,Existing Customer,Blue,$60K - $80K,40,2,1
716169258,47,F,5,Graduate,Unknown,4,Existing Customer,Blue,Less than $40K,39,3,3
716170308,27,F,0,Graduate,Divorced,0,Existing Customer,Blue,Unknown,36,5,1
716171358,51,M,4,College,Married,1,Existing Customer,Blue,$40K - $60K,36,2,3
716174433,65,F,1,College,Unknown,3,Existing Customer,Blue,Less than $40K,54,3,3
716176683,46,M,4,Graduate,Single,1,Existing Customer,Blue,$80K - $120K,33,5,1
716177583,58,F,1,Post-Graduate,Single,4,Existing Customer,Blue,Less than $40K,36,6,2
716178483,41,F,4,Uneducated,Unknown,2,Existing Customer,Blue,$40K - $60K,29,4,3
716181858,42,F,2,Uneducated,Married,2,Existing Customer,Blue,$40K - $60K,29,1,2
716183283,27,F,1,College,Divorced,2,Existing Customer,Blue,Less than $40K,15,5,3
716186883,48,F,4,College,Married,2,Existing Customer,Blue,$40K - $60K,37,3,6
716194683,41,M,4,Graduate,Divorced,3,Existing Customer,Blue,$40K - $60K,30,4,2
716198358,33,F,4,Post-Graduate,Married,3,Existing Customer,Blue,$40K - $60K,36,4,2
716199408,52,F,2,Graduate,Single,3,Attrited Customer,Blue,Unknown,41,2,3
716201133,35,F,2,High School,Married,1,Existing Customer,Blue,Less than $40K,36,4,3
716201883,46,M,2,Graduate,Unknown,3,Existing Customer,Silver,$120K +,39,2,2
716203308,52,M,3,Graduate,Single,3,Existing Customer,Blue,$80K - $120K,42,6,3
716204883,53,M,4,College,Married,1,Existing Customer,Blue,$60K - $80K,44,5,3
716207508,36,M,3,High School,Married,4,Existing Customer,Blue,$60K - $80K,36,5,2
716210283,36,F,1,High School,Married,4,Existing Customer,Blue,Unknown,36,6,3
716211258,59,F,1,College,Unknown,4,Existing Customer,Blue,Less than $40K,49,6,5
716212383,38,M,1,High School,Single,3,Attrited Customer,Blue,$120K +,30,5,3
716214108,44,M,4,Uneducated,Single,1,Existing Customer,Blue,$60K - $80K,36,1,2
716216958,48,M,1,Uneducated,Married,1,Existing Customer,Blue,$60K - $80K,42,6,1
716218908,48,F,4,Doctorate,Single,1,Existing Customer,Blue,Unknown,39,6,1
716219808,49,M,3,Graduate,Unknown,3,Existing Customer,Blue,$60K - $80K,36,5,2
716222808,53,M,4,High School,Unknown,3,Existing Customer,Blue,Less than $40K,36,6,1
716223708,45,F,3,Uneducated,Single,3,Attrited Customer,Blue,Unknown,36,3,3
716225433,60,M,1,Uneducated,Married,4,Existing Customer,Blue,$80K - $120K,51,6,3
716229108,55,F,3,College,Married,3,Existing Customer,Blue,Less than $40K,46,2,3
716230158,35,F,3,Graduate,Married,4,Existing Customer,Blue,$40K - $60K,36,4,1
716231133,40,F,4,Graduate,Married,1,Existing Customer,Blue,Less than $40K,36,5,5
716235783,45,M,3,College,Married,4,Existing Customer,Blue,$40K - $60K,39,3,2
716236683,46,F,1,High School,Married,2,Existing Customer,Blue,Less than $40K,37,4,2
716237508,44,F,5,High School,Married,2,Existing Customer,Blue,Unknown,36,4,3
716238483,59,M,0,College,Married,3,Attrited Customer,Blue,$80K - $120K,50,3,2
716239383,45,F,4,High School,Married,2,Existing Customer,Blue,Less than $40K,36,5,2
716244033,44,M,3,Graduate,Married,3,Attrited Customer,Blue,$40K - $60K,33,2,3
716244933,54,M,3,High School,Married,3,Existing Customer,Blue,Unknown,36,3,5
716245833,62,M,1,Graduate,Unknown,2,Existing Customer,Blue,Less than $40K,36,6,3
716246733,57,F,2,College,Single,2,Existing Customer,Blue,Less than $40K,49,4,2
716247708,51,M,4,College,Unknown,2,Existing Customer,Gold,$120K +,33,2,2
716249508,48,F,5,High School,Unknown,1,Existing Customer,Blue,$40K - $60K,36,3,2
716251608,45,F,4,Unknown,Married,4,Existing Customer,Blue,Less than $40K,36,6,1
716253858,37,M,5,Post-Graduate,Married,2,Existing Customer,Blue,$80K - $120K,26,2,1
716256483,50,F,2,Graduate,Single,4,Existing Customer,Blue,Unknown,36,6,2
716258358,57,M,2,Uneducated,Single,3,Existing Customer,Blue,$60K - $80K,36,1,1
716260833,56,F,5,Unknown,Single,5,Attrited Customer,Blue,Less than $40K,36,6,3
716262708,51,F,2,College,Single,2,Existing Customer,Blue,Less than $40K,36,1,3
716263533,44,M,5,High School,Married,2,Existing Customer,Blue,$80K - $120K,36,3,2
716264358,53,M,3,Uneducated,Married,2,Existing Customer,Blue,$80K - $120K,42,2,1
716269308,56,F,3,Graduate,Single,2,Existing Customer,Blue,Less than $40K,36,4,2
716271183,45,F,2,Uneducated,Single,2,Attrited Customer,Blue,Less than $40K,37,3,2
716272158,41,F,3,College,Married,4,Attrited Customer,Blue,$40K - $60K,15,5,3
716273133,41,F,3,Graduate,Married,3,Existing Customer,Blue,Less than $40K,36,2,2
716277558,45,F,1,Uneducated,Single,4,Existing Customer,Blue,Less than $40K,36,4,3
716279508,48,M,3,College,Married,3,Attrited Customer,Blue,$80K - $120K,41,2,3
716282208,54,F,2,Post-Graduate,Married,3,Attrited Customer,Blue,Less than $40K,48,3,6
716283108,44,F,4,Uneducated,Married,3,Existing Customer,Blue,Less than $40K,36,2,2
716284308,65,F,2,Graduate,Married,2,Existing Customer,Blue,Unknown,55,3,2
716285358,32,F,1,College,Divorced,4,Existing Customer,Blue,Less than $40K,36,3,5
716288208,48,M,3,Graduate,Single,1,Existing Customer,Blue,$60K - $80K,36,2,1
716288958,40,M,2,College,Married,3,Existing Customer,Blue,$80K - $120K,36,3,4
716290233,43,F,3,Graduate,Married,3,Existing Customer,Blue,$40K - $60K,33,6,2
716292033,37,F,4,High School,Single,3,Existing Customer,Blue,Less than $40K,36,6,2
716296833,56,M,0,Doctorate,Single,2,Existing Customer,Blue,$80K - $120K,47,2,1
716297658,37,M,2,Graduate,Single,4,Existing Customer,Blue,$80K - $120K,36,4,1
716298633,56,F,1,Graduate,Single,3,Existing Customer,Blue,Less than $40K,47,5,2
716299608,58,F,3,Unknown,Divorced,3,Attrited Customer,Blue,Less than $40K,36,2,2
716302383,47,F,4,Uneducated,Married,3,Existing Customer,Blue,$40K - $60K,36,3,1
716303583,55,M,2,Graduate,Unknown,2,Existing Customer,Blue,Less than $40K,36,5,1
716304483,46,F,3,High School,Married,3,Existing Customer,Blue,$40K - $60K,36,3,2
716306583,64,M,0,Graduate,Unknown,5,Attrited Customer,Blue,Less than $40K,36,3,3
716307558,50,F,3,High School,Married,4,Attrited Customer,Blue,Less than $40K,40,6,2
716308683,47,F,3,High School,Married,3,Existing Customer,Blue,Less than $40K,36,6,2
716310633,59,F,1,Post-Graduate,Single,2,Existing Customer,Blue,Less than $40K,36,6,2
716311683,43,M,4,College,Married,2,Existing Customer,Blue,$80K - $120K,36,4,1
716313858,53,F,3,Graduate,Married,0,Existing Customer,Blue,Less than $40K,36,6,4
716315508,37,F,3,Post-Graduate,Married,5,Attrited Customer,Blue,$40K - $60K,36,2,2
716317458,51,F,2,Post-Graduate,Single,3,Existing Customer,Blue,Less than $40K,36,3,3
716319258,43,M,4,Uneducated,Married,3,Existing Customer,Blue,$120K +,36,1,1
716321583,50,F,3,Unknown,Married,3,Existing Customer,Blue,$40K - $60K,36,5,3
716322783,47,F,3,Unknown,Married,2,Existing Customer,Blue,Less than $40K,37,2,2
716323683,31,M,0,Graduate,Married,3,Existing Customer,Blue,$80K - $120K,36,2,3
716324583,42,F,4,Uneducated,Married,1,Existing Customer,Blue,Unknown,36,1,4
716328558,46,M,2,Uneducated,Married,2,Existing Customer,Blue,$80K - $120K,38,4,5
716329383,46,F,3,Graduate,Single,3,Attrited Customer,Blue,Less than $40K,36,4,2
716331408,52,F,4,Unknown,Married,5,Attrited Customer,Blue,Less than $40K,36,1,4
716332533,38,F,3,Unknown,Unknown,3,Existing Customer,Blue,$40K - $60K,36,6,1
716333283,58,F,0,Unknown,Unknown,2,Existing Customer,Blue,Less than $40K,52,1,2
716334258,49,F,3,Uneducated,Divorced,2,Existing Customer,Blue,$40K - $60K,36,5,1
716335983,37,M,2,High School,Single,3,Existing Customer,Blue,$80K - $120K,36,1,2
716340783,48,M,4,High School,Married,2,Existing Customer,Blue,$80K - $120K,36,1,1
716341833,53,F,3,College,Married,3,Existing Customer,Blue,Less than $40K,44,6,2
716343408,46,M,3,Graduate,Divorced,1,Existing Customer,Blue,$80K - $120K,38,3,2
716345283,55,M,2,Uneducated,Single,4,Existing Customer,Blue,$60K - $80K,36,5,1
716346183,43,M,3,Unknown,Divorced,3,Existing Customer,Blue,Unknown,37,3,6
716349183,58,F,1,Uneducated,Married,3,Existing Customer,Blue,Unknown,36,5,2
716350008,52,M,1,Uneducated,Married,3,Existing Customer,Blue,$40K - $60K,36,2,2
716351208,48,F,3,Uneducated,Married,2,Existing Customer,Blue,Less than $40K,38,1,3
716352033,49,M,2,Graduate,Married,3,Existing Customer,Blue,Less than $40K,39,3,3
716353083,39,M,3,Graduate,Married,3,Existing Customer,Blue,$60K - $80K,29,4,2
716354883,59,F,0,Graduate,Unknown,2,Attrited Customer,Blue,Unknown,49,2,3
716355783,36,M,3,Unknown,Married,3,Existing Customer,Blue,$60K - $80K,30,5,2
716357058,53,M,3,Uneducated,Married,1,Existing Customer,Blue,$80K - $120K,36,4,3
716358033,53,F,1,Graduate,Married,4,Existing Customer,Blue,Less than $40K,43,6,3
716362008,37,M,2,Doctorate,Married,2,Existing Customer,Blue,$40K - $60K,29,3,3
716363658,51,F,2,Doctorate,Single,5,Existing Customer,Blue,$120K +,36,4,2
716364408,59,F,0,Unknown,Married,2,Existing Customer,Blue,Less than $40K,36,4,1
716365233,53,F,1,College,Married,3,Existing Customer,Blue,Less than $40K,36,1,3
716366208,45,F,2,Uneducated,Married,3,Existing Customer,Blue,Unknown,36,2,1
716368008,54,F,1,Graduate,Married,2,Attrited Customer,Blue,Unknown,36,4,2
716369208,44,F,3,Graduate,Married,3,Existing Customer,Blue,Less than $40K,36,6,5
716370258,49,F,3,Graduate,Single,3,Existing Customer,Blue,Less than $40K,36,5,3
716371308,40,M,2,Unknown,Single,1,Existing Customer,Blue,$40K - $60K,36,6,6
716372358,58,F,3,Graduate,Married,1,Existing Customer,Blue,Less than $40K,47,1,2
716373483,48,F,5,Graduate,Married,2,Attrited Customer,Blue,Less than $40K,40,4,3
716374308,39,M,3,Graduate,Married,2,Existing Customer,Blue,$60K - $80K,33,4,3
716375883,53,F,3,Uneducated,Married,2,Existing Customer,Blue,Unknown,36,6,2
716378658,55,F,2,Unknown,Married,3,Existing Customer,Blue,Less than $40K,36,5,2
716380683,36,F,3,High School,Married,2,Attrited Customer,Blue,Less than $40K,36,6,1
716381808,43,M,2,Unknown,Single,1,Existing Customer,Blue,$40K - $60K,36,4,4
716382708,46,F,2,Graduate,Single,3,Attrited Customer,Blue,Less than $40K,36,3,4
716383683,39,F,2,Post-Graduate,Unknown,4,Existing Customer,Blue,Less than $40K,36,4,3
716385033,60,F,1,Graduate,Single,3,Existing Customer,Blue,Unknown,36,6,1
716385858,42,F,4,Graduate,Married,4,Existing Customer,Blue,Less than $40K,28,5,2
716387733,49,M,4,Graduate,Single,5,Attrited Customer,Blue,$60K - $80K,36,1,4
716389833,50,F,1,Unknown,Single,2,Existing Customer,Blue,Less than $40K,40,4,1
716390958,45,M,4,Unknown,Married,3,Attrited Customer,Blue,$120K +,31,1,4
716393958,43,M,3,High School,Single,0,Existing Customer,Blue,$80K - $120K,34,4,2
716396358,52,M,2,Graduate,Married,0,Existing Customer,Blue,$60K - $80K,47,5,3
716399583,34,M,1,Uneducated,Married,1,Existing Customer,Blue,$120K +,36,6,2
716400633,33,M,3,High School,Single,3,Attrited Customer,Blue,$40K - $60K,24,6,3
716402508,49,F,3,Graduate,Unknown,3,Existing Customer,Blue,Less than $40K,36,4,3
716403633,60,F,0,College,Divorced,2,Existing Customer,Blue,Less than $40K,50,5,3
716404383,47,F,2,Graduate,Married,2,Attrited Customer,Blue,Unknown,36,1,3
716406483,30,M,0,Unknown,Single,3,Existing Customer,Blue,$60K - $80K,20,1,3
716408058,56,M,2,Uneducated,Single,4,Existing Customer,Blue,Unknown,36,5,3
716411358,43,F,3,Uneducated,Married,3,Existing Customer,Blue,Less than $40K,36,5,5
716414958,39,F,3,High School,Single,3,Existing Customer,Blue,Unknown,36,3,3
716420358,41,F,2,High School,Married,4,Existing Customer,Blue,$40K - $60K,36,5,2
716421633,43,F,3,Graduate,Married,4,Attrited Customer,Blue,Less than $40K,36,4,2
716425833,38,M,2,Graduate,Single,1,Attrited Customer,Blue,$120K +,36,5,2
716430933,46,M,4,Unknown,Single,2,Attrited Customer,Blue,Less than $40K,36,2,1
716431833,38,M,2,Unknown,Divorced,4,Existing Customer,Blue,$40K - $60K,28,3,3
716432658,48,F,3,High School,Married,1,Existing Customer,Blue,Less than $40K,36,5,2
716434533,40,M,3,High School,Married,4,Attrited Customer,Blue,$80K - $120K,36,2,3
716436483,45,F,3,Uneducated,Unknown,3,Attrited Customer,Blue,Less than $40K,36,4,4
716437533,51,M,2,College,Married,3,Existing Customer,Blue,$80K - $120K,43,5,3
716438433,41,M,1,Doctorate,Married,3,Existing Customer,Blue,$80K - $120K,32,4,3
716439258,32,M,3,Graduate,Married,1,Existing Customer,Blue,$60K - $80K,36,1,1
716441058,45,F,4,High School,Single,2,Existing Customer,Silver,Less than $40K,36,2,5
716442333,34,F,3,Graduate,Married,2,Existing Customer,Blue,$40K - $60K,25,6,2
716443608,46,F,3,Unknown,Unknown,1,Existing Customer,Blue,Less than $40K,36,2,3
716444733,55,F,2,Graduate,Married,4,Existing Customer,Blue,Less than $40K,46,5,3
716445783,42,F,2,Uneducated,Married,0,Existing Customer,Blue,Unknown,31,4,2
716447733,32,M,3,Graduate,Married,3,Existing Customer,Blue,$40K - $60K,18,5,3
716448783,48,M,3,Graduate,Married,3,Attrited Customer,Blue,$40K - $60K,39,2,4
716451183,54,F,1,Uneducated,Married,3,Existing Customer,Blue,$40K - $60K,44,5,2
716452083,56,F,4,Unknown,Unknown,2,Attrited Customer,Blue,Less than $40K,46,5,3
716452908,36,M,1,Unknown,Single,3,Existing Customer,Blue,Less than $40K,36,4,2
716453883,47,M,5,Unknown,Single,1,Existing Customer,Blue,$120K +,39,6,3
716454858,NULL,F,2,Graduate,Married,3,Attrited Customer,Blue,Less than $40K,28,6,1
716455683,40,F,3,High School,Unknown,3,Existing Customer,Gold,Less than $40K,36,3,2
716456808,36,M,2,High School,Single,5,Attrited Customer,Blue,Less than $40K,36,6,2
716457783,55,F,1,College,Single,3,Existing Customer,Silver,Less than $40K,36,3,1
716458983,60,M,0,High School,Married,3,Existing Customer,Blue,$40K - $60K,36,5,1
716460933,51,M,2,Unknown,Unknown,4,Existing Customer,Blue,$120K +,42,4,1
716461683,47,M,3,Uneducated,Married,1,Existing Customer,Silver,Less than $40K,36,5,3
716462658,47,M,4,Doctorate,Single,1,Existing Customer,Blue,$80K - $120K,36,3,1
716464533,32,F,1,Graduate,Married,3,Existing Customer,Blue,Less than $40K,36,4,3
716466483,44,M,3,Uneducated,Single,3,Existing Customer,Blue,$40K - $60K,34,3,3
716468658,51,M,2,Unknown,Single,3,Existing Customer,Blue,Less than $40K,36,3,1
716470683,48,F,3,Post-Graduate,Married,3,Existing Customer,Blue,Unknown,36,3,1
716471508,54,M,2,Unknown,Single,2,Existing Customer,Blue,$120K +,36,5,1
716474358,43,F,3,Unknown,Married,2,Existing Customer,Blue,Less than $40K,35,5,3
716475183,45,M,3,Graduate,Unknown,3,Existing Customer,Blue,$60K - $80K,35,3,3
716477133,42,F,4,Uneducated,Single,4,Existing Customer,Blue,Less than $40K,32,3,3
716479233,43,M,4,High School,Married,2,Existing Customer,Blue,$40K - $60K,36,5,3
716480358,45,M,3,Uneducated,Single,1,Existing Customer,Blue,$60K - $80K,36,2,2
716481408,38,F,2,Graduate,Single,1,Existing Customer,Blue,Less than $40K,36,3,1
716482533,48,M,2,Unknown,Married,2,Existing Customer,Blue,Less than $40K,36,2,1
716483358,44,M,3,Graduate,Single,4,Attrited Customer,Blue,$40K - $60K,29,5,1
716484333,46,F,2,Graduate,Married,2,Existing Customer,Blue,Less than $40K,40,6,1
716485308,43,F,2,Unknown,Unknown,3,Existing Customer,Blue,Less than $40K,36,4,3
716486508,45,F,3,High School,Married,2,Existing Customer,Blue,$40K - $60K,37,6,2
716487408,48,M,3,Graduate,Married,3,Existing Customer,Blue,$40K - $60K,30,3,1
716492583,37,M,1,Uneducated,Single,4,Existing Customer,Blue,Less than $40K,28,6,3
716493408,45,F,4,Uneducated,Divorced,3,Existing Customer,Blue,Unknown,36,4,3
716494383,49,F,3,Graduate,Unknown,2,Existing Customer,Blue,$40K - $60K,41,3,2
716497908,49,F,1,Doctorate,Married,2,Existing Customer,Blue,Unknown,36,3,1
716498883,48,M,4,Graduate,Single,1,Existing Customer,Blue,$80K - $120K,36,6,4
716501133,36,F,2,Graduate,Single,0,Existing Customer,Blue,Less than $40K,36,6,4
716506083,44,F,1,High School,Married,4,Attrited Customer,Blue,Less than $40K,36,5,3
716510658,50,F,0,Doctorate,Unknown,3,Attrited Customer,Blue,Less than $40K,38,4,3
716511483,46,F,2,Graduate,Married,3,Existing Customer,Blue,Less than $40K,39,3,3
716512383,39,F,2,High School,Unknown,1,Existing Customer,Blue,Less than $40K,36,1,3
716513358,51,F,2,Graduate,Divorced,3,Existing Customer,Blue,Unknown,36,5,3
716516208,45,M,4,Graduate,Married,3,Existing Customer,Blue,$80K - $120K,36,4,2
716520033,52,M,2,Post-Graduate,Married,1,Existing Customer,Blue,$80K - $120K,36,6,4
716522583,48,F,3,College,Unknown,3,Existing Customer,Blue,Less than $40K,36,4,3
716529258,42,M,4,Doctorate,Married,4,Existing Customer,Blue,$80K - $120K,27,5,3
716530533,43,F,2,Uneducated,Single,4,Existing Customer,Blue,Less than $40K,36,3,1
716532258,51,F,1,High School,Single,2,Attrited Customer,Blue,Less than $40K,43,4,3
716535408,43,M,3,Unknown,Married,3,Existing Customer,Blue,$40K - $60K,32,3,1
716537433,50,F,2,College,Married,1,Existing Customer,Blue,$40K - $60K,36,5,4
716543433,52,M,2,College,Married,2,Existing Customer,Blue,$80K - $120K,36,1,2
716545383,42,M,3,Uneducated,Single,0,Existing Customer,Blue,$40K - $60K,36,3,1
716546283,39,M,3,Graduate,Married,4,Existing Customer,Blue,$60K - $80K,36,6,3
716548083,39,M,4,Graduate,Married,4,Existing Customer,Blue,Less than $40K,32,4,1
716549058,45,F,4,Uneducated,Married,3,Existing Customer,Blue,$40K - $60K,36,3,1
716551533,47,F,1,High School,Single,3,Existing Customer,Blue,Unknown,36,2,1
716552433,40,F,4,Uneducated,Married,2,Existing Customer,Blue,Less than $40K,36,4,1
716556258,50,F,3,Doctorate,Single,3,Attrited Customer,Blue,Less than $40K,39,6,1
716558283,30,F,0,Graduate,Married,2,Existing Customer,Blue,Less than $40K,36,2,2
716559108,47,F,1,High School,Single,3,Existing Customer,Blue,Less than $40K,36,6,2
716564433,53,F,1,Graduate,Single,4,Attrited Customer,Blue,Less than $40K,36,3,2
716565258,37,M,3,Doctorate,Single,4,Existing Customer,Blue,$80K - $120K,36,5,2
716567433,41,F,4,Graduate,Married,3,Existing Customer,Blue,$40K - $60K,36,3,2
716568708,47,F,2,Graduate,Married,2,Existing Customer,Blue,Less than $40K,36,6,3
716569983,33,M,2,College,Married,2,Existing Customer,Blue,$80K - $120K,36,3,1
716570958,50,M,3,Post-Graduate,Divorced,3,Attrited Customer,Blue,$60K - $80K,36,3,2
716573058,54,F,3,Doctorate,Unknown,4,Attrited Customer,Blue,Less than $40K,36,3,3
716574033,45,F,3,High School,Divorced,2,Existing Customer,Silver,$40K - $60K,36,2,2
716575758,50,F,2,College,Unknown,2,Attrited Customer,Blue,Unknown,39,2,3
716578158,39,F,1,Unknown,Married,5,Existing Customer,Blue,Less than $40K,29,6,2
716580033,53,F,3,High School,Married,3,Existing Customer,Blue,$120K +,36,3,1
716580933,63,M,0,Uneducated,Single,3,Existing Customer,Blue,$40K - $60K,36,3,3
716581983,56,F,0,College,Married,3,Existing Customer,Blue,$40K - $60K,36,5,2
716584158,51,M,4,High School,Married,2,Existing Customer,Blue,$80K - $120K,42,6,1
716586408,48,F,3,Graduate,Unknown,3,Existing Customer,Blue,Less than $40K,36,1,1
716592558,52,F,1,High School,Single,3,Existing Customer,Blue,Less than $40K,36,3,3
716593533,56,M,1,High School,Single,3,Attrited Customer,Blue,$80K - $120K,45,4,1
716596308,40,M,3,Uneducated,Single,3,Existing Customer,Blue,$80K - $120K,36,5,2
716600733,47,F,4,Unknown,Married,3,Attrited Customer,Blue,Less than $40K,36,3,3
716602683,49,F,3,Graduate,Married,2,Existing Customer,Blue,$40K - $60K,36,3,3
716604633,55,F,2,Post-Graduate,Married,2,Existing Customer,Blue,$40K - $60K,46,6,2
716606733,33,F,1,Graduate,Single,3,Existing Customer,Blue,$40K - $60K,18,2,2
716608608,41,M,2,Uneducated,Married,3,Existing Customer,Blue,$80K - $120K,33,5,3
716609433,55,M,2,High School,Divorced,2,Attrited Customer,Blue,$120K +,46,5,3
716610558,65,F,0,High School,Single,3,Existing Customer,Blue,$40K - $60K,36,3,3
716612958,35,F,2,College,Married,3,Existing Customer,Blue,$40K - $60K,29,6,1
716613933,51,F,3,High School,Single,2,Existing Customer,Blue,$40K - $60K,36,6,5
716614683,49,M,3,College,Single,1,Existing Customer,Gold,$60K - $80K,36,5,3
716615583,61,F,1,High School,Married,3,Existing Customer,Blue,Less than $40K,51,3,3
716617608,50,F,1,High School,Single,3,Existing Customer,Blue,Less than $40K,36,6,3
716619558,38,F,0,High School,Single,2,Existing Customer,Silver,Less than $40K,36,4,3
716620458,32,M,1,High School,Unknown,3,Existing Customer,Blue,Less than $40K,23,3,2
716624133,56,M,1,Unknown,Married,3,Existing Customer,Blue,$80K - $120K,36,6,1
716625033,NULL,F,1,Graduate,Single,6,Attrited Customer,Blue,Less than $40K,36,3,3
716626008,51,M,2,Graduate,Divorced,4,Existing Customer,Blue,Unknown,36,4,3
716628633,41,M,4,Uneducated,Single,3,Existing Customer,Blue,$80K - $120K,33,6,3
716630508,58,M,3,High School,Married,4,Existing Customer,Blue,$120K +,50,6,2
716631708,56,M,2,High School,Married,1,Existing Customer,Blue,$60K - $80K,36,4,3
716632758,49,F,3,Graduate,Single,0,Existing Customer,Blue,Less than $40K,36,2,2
716635758,38,F,2,Unknown,Single,2,Existing Customer,Blue,$40K - $60K,29,5,3
716636808,39,M,3,Graduate,Single,2,Attrited Customer,Blue,$120K +,36,4,2
716639058,51,M,2,Graduate,Single,3,Existing Customer,Blue,$120K +,40,4,3
716641983,55,F,4,College,Unknown,3,Existing Customer,Blue,Unknown,36,5,3
716643033,41,F,2,Graduate,Married,3,Attrited Customer,Blue,Less than $40K,31,3,3
716644008,55,M,3,Graduate,Single,4,Attrited Customer,Silver,$120K +,36,4,3
716645883,47,M,2,Unknown,Unknown,2,Existing Customer,Blue,$60K - $80K,36,3,2
716647983,58,F,2,Graduate,Married,1,Existing Customer,Blue,Less than $40K,53,5,3
716653758,55,M,0,Unknown,Unknown,3,Existing Customer,Blue,$60K - $80K,36,3,3
716654808,48,F,4,High School,Single,4,Attrited Customer,Blue,$120K +,39,3,4
716655858,38,M,2,High School,Unknown,2,Existing Customer,Blue,$80K - $120K,31,1,3
716657058,43,F,4,Post-Graduate,Married,3,Existing Customer,Blue,Less than $40K,33,2,3
716660583,45,M,0,Graduate,Single,2,Existing Customer,Blue,$40K - $60K,37,4,5
716662683,55,F,2,Unknown,Single,3,Existing Customer,Blue,Less than $40K,45,6,2
716663808,57,F,3,High School,Married,1,Existing Customer,Blue,Less than $40K,36,3,3
716666133,51,M,4,Graduate,Single,1,Existing Customer,Blue,$120K +,39,6,4
716668308,39,F,4,High School,Unknown,4,Attrited Customer,Blue,Unknown,36,3,2
716669658,51,F,1,High School,Single,3,Attrited Customer,Blue,Less than $40K,33,6,3
716670783,52,F,3,Doctorate,Married,1,Existing Customer,Blue,Unknown,36,3,2
716671983,38,M,0,High School,Married,2,Existing Customer,Blue,$80K - $120K,29,3,3
716673258,60,F,1,Unknown,Single,3,Existing Customer,Blue,Less than $40K,36,1,1
716675358,54,F,1,College,Single,2,Existing Customer,Blue,Less than $40K,41,5,2
716680983,41,F,3,Doctorate,Married,1,Existing Customer,Blue,Less than $40K,36,3,1
716682258,52,M,1,High School,Divorced,5,Existing Customer,Blue,$120K +,36,4,3
716685033,38,F,1,High School,Married,2,Attrited Customer,Blue,$40K - $60K,19,1,1
716686158,59,F,0,Post-Graduate,Married,3,Existing Customer,Blue,Less than $40K,49,5,2
716688183,51,F,1,High School,Married,3,Attrited Customer,Blue,Less than $40K,43,4,3
716689383,39,F,2,Graduate,Married,1,Existing Customer,Blue,$40K - $60K,26,4,1
716691783,46,F,3,High School,Single,3,Existing Customer,Blue,Less than $40K,36,2,2
716692683,31,M,1,College,Single,3,Existing Customer,Blue,$40K - $60K,22,4,1
716694108,42,M,4,Uneducated,Married,3,Attrited Customer,Blue,$120K +,34,2,3
716695533,49,F,3,College,Married,3,Existing Customer,Blue,Less than $40K,29,3,3
716697708,61,F,1,High School,Single,4,Attrited Customer,Blue,Unknown,52,3,2
716698608,51,M,2,Unknown,Single,1,Existing Customer,Blue,$80K - $120K,39,2,1
716702358,44,F,2,Unknown,Married,2,Existing Customer,Blue,Less than $40K,33,5,3
716704158,50,M,1,Doctorate,Married,2,Existing Customer,Blue,$120K +,39,2,3
716705433,62,F,1,Uneducated,Unknown,3,Existing Customer,Silver,Less than $40K,36,6,1
716708583,54,M,4,Graduate,Married,5,Attrited Customer,Blue,$120K +,36,2,3
716709858,34,F,1,Uneducated,Unknown,3,Attrited Customer,Blue,Less than $40K,25,1,2
716711433,48,M,5,High School,Married,1,Existing Customer,Blue,$40K - $60K,39,3,3
716713533,53,M,3,Post-Graduate,Single,2,Existing Customer,Blue,$80K - $120K,44,5,2
716714733,41,M,3,Graduate,Unknown,0,Existing Customer,Blue,$80K - $120K,30,3,2
716716083,58,F,3,Unknown,Single,3,Existing Customer,Blue,$80K - $120K,36,6,2
716717733,55,F,3,Uneducated,Single,4,Attrited Customer,Blue,Less than $40K,47,2,5
716721483,59,M,0,Uneducated,Single,2,Attrited Customer,Blue,$40K - $60K,52,1,2
716723658,37,F,2,Post-Graduate,Single,1,Existing Customer,Blue,Less than $40K,28,1,3
716725008,49,M,4,High School,Married,2,Existing Customer,Blue,$80K - $120K,40,2,3
716726058,48,F,3,College,Single,1,Existing Customer,Blue,Less than $40K,30,4,1
716727258,52,F,1,Post-Graduate,Married,2,Attrited Customer,Blue,Unknown,42,5,1
716728233,47,F,4,High School,Married,1,Existing Customer,Blue,Less than $40K,36,1,3
716732958,44,F,2,High School,Married,3,Existing Customer,Blue,$40K - $60K,32,2,2
716733933,42,F,2,High School,Married,2,Existing Customer,Blue,Unknown,30,5,3
716736858,47,F,4,Graduate,Married,2,Existing Customer,Blue,Less than $40K,39,3,3
716739258,43,F,4,Unknown,Single,4,Existing Customer,Blue,Less than $40K,33,5,2
716741508,33,F,3,High School,Married,3,Existing Customer,Blue,Less than $40K,21,2,1
716742483,38,F,1,Graduate,Single,3,Existing Customer,Blue,Less than $40K,29,2,3
716745408,54,M,1,High School,Single,3,Existing Customer,Blue,$80K - $120K,36,1,2
716747283,44,F,2,Uneducated,Single,2,Existing Customer,Blue,Less than $40K,36,5,2
716748483,59,F,1,Uneducated,Married,3,Existing Customer,Blue,$40K - $60K,36,2,2
716750358,45,M,1,Unknown,Married,3,Existing Customer,Blue,Less than $40K,32,4,1
716751858,34,F,1,Unknown,Married,3,Attrited Customer,Blue,Less than $40K,36,2,3
716753058,38,F,3,Graduate,Single,2,Attrited Customer,Blue,Less than $40K,28,6,2
716754783,43,M,4,High School,Married,3,Attrited Customer,Blue,$120K +,30,3,2
716756133,43,F,2,Graduate,Unknown,2,Existing Customer,Blue,Less than $40K,33,4,3
716757033,37,M,4,Post-Graduate,Married,4,Existing Customer,Blue,$40K - $60K,27,5,1
716758008,40,M,5,High School,Married,1,Existing Customer,Blue,$40K - $60K,20,5,2
716758908,46,M,3,Uneducated,Single,3,Existing Customer,Blue,$120K +,27,4,2
716761308,37,F,4,Unknown,Unknown,3,Existing Customer,Blue,Less than $40K,36,3,3
716762733,50,F,2,Doctorate,Single,1,Existing Customer,Blue,Less than $40K,40,2,1
716766033,40,F,4,Unknown,Single,3,Existing Customer,Blue,Less than $40K,31,5,2
716768808,57,M,1,Unknown,Married,4,Existing Customer,Blue,$120K +,36,6,2
716769783,48,F,2,Graduate,Married,4,Existing Customer,Blue,Unknown,40,3,2
716773533,33,M,3,Graduate,Married,3,Existing Customer,Blue,$60K - $80K,36,5,1
716780283,39,M,2,Uneducated,Married,3,Existing Customer,Blue,$40K - $60K,19,4,3
716782758,48,M,3,Graduate,Single,4,Attrited Customer,Blue,$60K - $80K,42,3,2
716786808,40,M,5,Post-Graduate,Single,2,Existing Customer,Blue,$60K - $80K,30,3,2
716790633,43,M,3,Graduate,Married,3,Attrited Customer,Blue,$60K - $80K,36,4,2
716791908,43,M,1,College,Married,1,Existing Customer,Blue,$80K - $120K,23,5,2
716793108,26,M,0,College,Single,2,Existing Customer,Blue,Less than $40K,36,4,1
716797758,53,F,2,Unknown,Married,4,Existing Customer,Blue,Less than $40K,44,3,2
716800908,26,F,2,High School,Single,3,Existing Customer,Blue,Unknown,13,5,0
716804283,41,M,2,Uneducated,Divorced,2,Existing Customer,Blue,$120K +,29,3,2
716805408,52,M,3,Doctorate,Married,2,Existing Customer,Blue,$60K - $80K,40,6,2
716806383,48,M,4,Graduate,Married,3,Existing Customer,Blue,$80K - $120K,40,1,1
716811483,30,F,2,Uneducated,Married,1,Existing Customer,Blue,Less than $40K,24,4,2
716815308,44,F,2,Uneducated,Married,5,Existing Customer,Blue,Less than $40K,36,4,2
716816583,61,M,0,Graduate,Married,1,Existing Customer,Blue,$60K - $80K,48,1,3
716819958,60,M,2,Graduate,Married,2,Existing Customer,Blue,$60K - $80K,50,3,1
716822583,39,F,2,High School,Single,3,Existing Customer,Blue,Less than $40K,36,4,2
716823408,65,M,0,Doctorate,Single,2,Existing Customer,Blue,Unknown,56,3,2
716825808,45,F,3,Uneducated,Divorced,0,Attrited Customer,Blue,Less than $40K,36,5,1
716829483,39,F,3,Post-Graduate,Married,2,Existing Customer,Blue,$40K - $60K,28,4,2
716831508,47,F,3,High School,Single,3,Attrited Customer,Blue,$40K - $60K,34,4,1
716832858,46,M,3,Graduate,Married,4,Attrited Customer,Blue,$60K - $80K,34,1,2
716835033,54,F,2,Graduate,Married,2,Existing Customer,Blue,Unknown,45,4,3
716836308,29,M,1,Graduate,Divorced,2,Existing Customer,Blue,Less than $40K,36,4,3
716837508,48,M,4,Graduate,Married,1,Existing Customer,Blue,$60K - $80K,37,2,2
716838633,46,M,4,High School,Single,0,Existing Customer,Blue,$60K - $80K,36,4,5
716839983,48,M,3,College,Married,2,Existing Customer,Blue,$120K +,36,2,3
716841783,51,M,0,Graduate,Married,3,Existing Customer,Blue,$120K +,36,4,2
716842908,41,F,5,Uneducated,Single,1,Existing Customer,Blue,Less than $40K,30,4,2
716850558,48,M,4,Graduate,Unknown,3,Existing Customer,Gold,$60K - $80K,32,5,1
716851908,58,F,5,Unknown,Married,3,Existing Customer,Blue,$40K - $60K,47,1,3
716853258,64,M,1,Graduate,Unknown,2,Existing Customer,Blue,Less than $40K,45,5,3
716855058,49,F,4,Graduate,Married,4,Attrited Customer,Blue,Less than $40K,38,5,2
716856408,39,F,4,Graduate,Single,4,Attrited Customer,Blue,Less than $40K,28,5,2
716858433,43,M,4,Graduate,Single,1,Attrited Customer,Blue,Less than $40K,32,4,3
716860233,51,F,3,Uneducated,Married,0,Existing Customer,Blue,Less than $40K,39,3,3
716863458,44,M,2,Uneducated,Single,3,Attrited Customer,Silver,$80K - $120K,36,2,3
716864733,47,M,3,College,Married,3,Existing Customer,Silver,$120K +,27,6,3
716866308,38,M,2,High School,Married,4,Attrited Customer,Blue,$60K - $80K,33,6,3
716869458,34,F,3,College,Single,1,Existing Customer,Blue,Less than $40K,36,3,6
716870583,36,F,3,Unknown,Married,3,Existing Customer,Blue,Less than $40K,36,6,5
716871633,49,M,1,Uneducated,Single,3,Existing Customer,Blue,$120K +,38,2,2
716873733,43,F,4,Post-Graduate,Divorced,3,Attrited Customer,Blue,Less than $40K,30,4,3
716875083,26,F,0,High School,Single,4,Existing Customer,Blue,$40K - $60K,36,6,3
