CLIENTNUM,Credit_Limit,Total_Revolving_Bal,Avg_Open_To_Buy,Total_Trans_Amt,Total_Trans_Ct,Avg_Utilization_Ratio,Total_Amt_Chng_Q4_Q1,Total_Ct_Chng_Q4_Q1
768805383,"$12,691.00",777,11914.0,1144,42,0.061,1.335,1.625
818770008,"$8,256.00",864,7392.0,1291,33,0.105,1.541,3.714
713982108,"$3,418.00",0,3418.0,1887,20,0.0,2.594,2.333
769911858,"$3,313.00",2517,796.0,1171,20,0.76,1.405,2.333
709106358,"$4,716.00",0,4716.0,816,28,0.0,2.175,2.5
713061558,"$4,010.00",1247,2763.0,1088,24,0.311,1.376,0.846
810347208,"$34,516.00",2264,32252.0,1330,31,0.066,1.975,0.722
818906208,"$29,081.00",1396,27685.0,1538,36,0.048,2.204,0.714
710930508,"$22,352.00",2517,19835.0,1350,24,0.113,3.355,1.182
719661558,"$11,656.00",1677,9979.0,1441,32,0.144,1.524,0.882
708790833,"$6,748.00",1467,5281.0,1201,42,0.217,0.831,0.68
710821833,"$9,095.00",1587,7508.0,1314,26,0.174,1.433,1.364
710599683,"$11,751.00",0,11751.0,1539,17,0.0,3.397,3.25
816082233,"$8,547.00",1666,6881.0,1311,33,0.195,1.163,2.0
712396908,"$2,436.00",680,1756.0,1570,29,0.279,1.19,0.611
714885258,"$4,234.00",972,3262.0,1348,27,0.23,1.707,1.7
709967358,"$30,367.00",2362,28005.0,1671,27,0.078,1.708,0.929
753327333,"$13,535.00",1291,12244.0,1028,21,0.095,0.653,1.625
806160108,"$3,193.00",2517,676.0,1336,30,0.788,1.831,1.143
709327383,"$14,470.00",1157,13313.0,1207,21,0.08,0.966,0.909
806165208,"$20,979.00",1800,19179.0,1178,27,0.086,0.906,0.929
708508758,"$1,438.30",0,1438.3,692,16,0.0,1.047,0.6
784725333,"$4,470.00",680,3790.0,931,18,0.152,1.608,1.571
811604133,"$2,492.00",1560,932.0,1126,23,0.626,0.573,0.353
789124683,"$12,217.00",0,12217.0,1110,21,0.0,1.075,0.75
771071958,"$7,768.00",1669,6099.0,1051,22,0.215,0.797,0.833
720466383,"$14,784.00",1374,13410.0,1197,23,0.093,0.921,1.3
804424383,"$10,215.00",1010,9205.0,1904,40,0.099,0.843,1.0
718813833,"$10,100.00",0,10100.0,1052,18,0.0,0.525,1.571
806624208,"$4,785.00",1362,3423.0,1045,38,0.285,0.739,0.9
778348233,"$2,753.00",1811,942.0,1038,25,0.658,0.977,2.571
712991808,"$2,451.00",1690,761.0,1596,26,0.69,1.323,1.6
709029408,"$8,923.00",2517,6406.0,1589,24,0.282,1.726,1.667
788658483,"$2,650.00",1490,1160.0,1411,28,0.562,1.75,1.0
787937058,"$12,555.00",1696,10859.0,1291,24,0.135,0.519,0.714
715318008,"$3,520.00",1914,1606.0,1407,43,0.544,0.51,0.483
713962233,"$3,035.00",2298,737.0,1877,37,0.757,1.724,1.176
785432733,"$15,433.00",0,15433.0,966,22,0.0,0.865,1.2
715190283,"$3,672.00",886,2786.0,1464,28,0.241,1.32,0.556
708300483,"$7,882.00",605,7277.0,704,16,0.077,1.052,0.143
827111283,"$32,426.00",578,31848.0,1109,28,0.018,1.042,0.474
758551608,"$6,205.00",2204,4001.0,1347,28,0.355,0.803,0.556
773146383,"$17,304.00",2517,14787.0,1756,33,0.145,1.449,1.2
778493808,"$3,906.00",0,3906.0,1756,32,0.0,1.214,1.0
720572508,"$9,830.00",2055,7775.0,1042,23,0.209,0.977,0.917
712661433,"$34,516.00",0,34516.0,1444,28,0.0,1.621,1.333
789172683,"$2,283.00",1430,853.0,1741,27,0.626,2.316,0.588
738406533,"$2,548.00",2020,528.0,1719,27,0.793,2.357,1.7
799723908,"$19,458.00",1435,18023.0,1217,27,0.074,0.787,0.8
771490833,"$4,745.00",1227,3518.0,1140,40,0.259,0.624,0.6
720756708,"$2,622.00",1549,1073.0,1878,30,0.591,1.321,1.143
779471883,"$1,438.30",808,630.3,705,19,0.562,0.997,0.9
711525033,"$3,171.00",2179,992.0,1946,38,0.687,1.224,1.923
712813458,"$19,763.00",2517,17246.0,1414,35,0.127,0.664,0.25
714374133,"$15,769.00",0,15769.0,602,15,0.0,1.041,0.364
717891558,"$3,298.00",2200,1098.0,1052,32,0.667,0.678,0.6
716632758,"$2,802.00",2363,439.0,1295,40,0.843,0.75,0.6
768563658,"$4,458.00",1880,2578.0,1424,29,0.422,1.107,1.417
711427458,"$6,273.00",978,5295.0,1359,25,0.156,2.275,1.083
714091983,"$3,336.00",1753,1583.0,1168,27,0.525,0.69,1.25
787584108,"$3,436.00",2016,1420.0,1097,33,0.587,0.901,0.833
712030833,"$34,516.00",0,34516.0,691,15,0.0,0.763,0.5
711481533,"$5,926.00",1251,4675.0,1316,28,0.211,0.944,1.154
710082708,"$23,957.00",2102,21855.0,1276,26,0.088,0.997,0.733
708155733,"$14,734.00",1634,13100.0,1289,23,0.111,0.989,0.917
788979258,"$34,516.00",1515,33001.0,1293,32,0.044,0.592,0.6
807986133,"$6,584.00",1817,4767.0,1353,35,0.276,0.62,0.667
788730933,"$2,084.00",1468,616.0,1132,28,0.704,1.004,0.556
711314058,"$1,687.00",1107,580.0,1670,17,0.656,1.715,2.4
717975333,"$25,300.00",1330,23970.0,837,15,0.053,1.072,2.0
715971108,"$34,516.00",1763,32753.0,1550,41,0.051,1.266,1.05
720096558,"$2,216.00",1034,1182.0,1540,36,0.467,0.758,0.286
719580033,"$2,910.00",2030,880.0,1256,21,0.698,0.769,0.4
820582308,"$22,913.00",1528,21385.0,1394,35,0.067,0.414,0.522
789973308,"$24,312.00",1932,22380.0,1341,24,0.079,1.312,1.182
712876233,"$5,272.00",1515,3757.0,1289,33,0.287,0.857,0.435
804595158,"$7,000.00",2517,4483.0,1112,23,0.36,0.475,1.875
714826758,"$7,038.00",1801,5237.0,2339,57,0.256,0.751,0.966
779058108,"$2,536.00",1823,713.0,1468,23,0.719,0.703,0.353
710790258,"$28,904.00",1899,27005.0,1334,35,0.066,0.85,0.4
715623483,"$8,567.00",1695,6872.0,1457,41,0.198,1.242,1.412
715156383,"$34,516.00",1533,32983.0,1603,29,0.044,0.924,0.526
711013983,"$2,158.00",0,2158.0,615,12,0.0,0.585,0.714
755420433,"$10,133.00",1417,8716.0,1068,20,0.14,0.383,0.818
794543958,"$34,516.00",1219,33297.0,1590,27,0.035,1.129,2.0
716396358,"$3,085.00",1910,1175.0,1531,35,0.619,0.921,0.667
715398033,"$19,040.00",2056,16984.0,1212,31,0.108,0.607,0.722
711743883,"$4,026.00",0,4026.0,1237,32,0.0,0.483,0.6
719720058,"$12,756.00",837,11919.0,1413,14,0.066,1.932,1.8
778992108,"$5,266.00",0,5266.0,1516,29,0.0,1.702,1.636
717539808,"$9,930.00",0,9930.0,1276,21,0.0,0.731,1.333
714070758,"$31,302.00",1953,29349.0,1564,35,0.062,0.875,2.182
714107958,"$6,576.00",0,6576.0,1465,34,0.0,0.579,0.619
789140283,"$2,664.00",2037,627.0,1286,29,0.765,0.85,0.933
715550508,"$2,535.00",2440,95.0,1312,20,0.963,1.705,1.222
719712633,"$1,709.00",895,814.0,1673,32,0.524,1.656,0.882
772629333,"$3,454.00",1200,2254.0,1313,30,0.347,0.597,0.304
720336708,"$3,789.00",1706,2083.0,1609,42,0.45,1.047,0.68
802013583,"$9,689.00",2250,7439.0,1158,19,0.232,0.576,0.727
711887583,"$5,449.00",1628,3821.0,836,18,0.299,0.696,0.385
714778833,"$23,032.00",1960,21072.0,1289,22,0.085,0.619,1.0
713843283,"$34,516.00",2053,32463.0,1487,26,0.059,1.034,0.733
779155158,"$2,940.00",1264,1676.0,1259,33,0.43,0.562,0.5
721091583,"$3,031.00",1879,1152.0,1298,15,0.62,0.788,1.5
713572683,"$1,862.00",0,1862.0,1226,34,0.0,0.883,0.789
716657058,"$8,358.00",926,7432.0,1566,37,0.111,0.762,0.542
779509983,"$34,516.00",931,33585.0,1022,21,0.027,0.828,1.1
717929133,"$14,450.00",2440,12010.0,1235,30,0.169,1.283,0.667
808284783,"$1,438.30",0,1438.3,1951,44,0.0,0.813,1.095
708476808,"$33,791.00",1960,31831.0,1047,31,0.058,0.618,0.824
710916408,"$8,466.00",1886,6580.0,1342,32,0.223,0.56,0.391
708492558,"$15,088.00",865,14223.0,1107,21,0.057,0.939,1.625
799825758,"$3,263.00",1674,1589.0,1251,35,0.513,0.588,0.346
718619883,"$1,494.00",706,788.0,1305,24,0.473,1.674,3.0
711844758,"$13,551.00",1294,12257.0,1388,37,0.095,0.791,1.056
714798783,"$18,886.00",895,17991.0,1235,18,0.047,1.826,1.571
826762908,"$11,976.00",1273,10703.0,2089,36,0.106,1.024,1.118
771894558,"$9,964.00",1559,8405.0,1626,25,0.156,1.873,0.786
721074183,"$24,159.00",1196,22963.0,1111,24,0.05,0.712,1.0
715259583,"$5,362.00",1901,3461.0,1553,38,0.355,0.816,1.0
718414008,"$34,516.00",1023,33493.0,1064,13,0.03,1.004,0.625
719666283,"$3,174.00",1951,1223.0,1243,29,0.615,0.766,0.611
714877233,"$12,262.00",1836,10426.0,1659,38,0.15,1.584,1.533
785387883,"$3,788.00",1540,2248.0,1594,47,0.407,0.566,0.382
771075258,"$34,516.00",1527,32989.0,1268,42,0.044,0.526,0.355
711318033,"$2,926.00",0,2926.0,1304,24,0.0,0.676,0.846
783554958,"$32,090.00",0,32090.0,1368,30,0.0,0.567,0.364
720201033,"$11,669.00",2227,9442.0,720,23,0.191,0.622,0.353
718039683,"$13,532.00",1300,12232.0,1521,29,0.096,0.846,1.417
710806083,"$11,888.00",2090,9798.0,1137,30,0.176,0.7,0.765
714752208,"$2,393.00",1985,408.0,978,16,0.83,0.788,0.778
822063408,"$6,111.00",2517,3594.0,1221,16,0.412,0.632,2.2
714490308,"$19,270.00",1662,17608.0,1565,28,0.086,1.186,1.545
713356833,"$3,710.00",2517,1193.0,1578,34,0.678,1.541,0.7
711402333,"$3,235.00",797,2438.0,1493,32,0.246,0.541,1.0
708296883,"$11,749.00",788,10961.0,1178,27,0.067,0.688,0.929
719154483,"$7,753.00",2100,5653.0,991,26,0.271,0.839,0.733
717721458,"$10,408.00",1186,9222.0,2560,42,0.114,1.689,1.211
711112683,"$3,967.00",1568,2399.0,1657,29,0.395,1.236,1.231
715674483,"$6,205.00",2517,3688.0,1204,19,0.406,0.939,0.727
789322833,"$8,025.00",0,8025.0,673,18,0.0,0.654,0.8
789968058,"$9,036.00",2327,6709.0,1131,18,0.258,0.649,0.636
709919283,"$14,926.00",2517,12409.0,1576,25,0.169,1.996,1.5
718744008,"$6,335.00",1128,5207.0,1217,20,0.178,0.397,0.667
767712558,"$14,979.00",0,14979.0,530,10,0.0,0.71,1.0
712950783,"$2,732.00",0,2732.0,739,16,0.0,0.76,0.455
716104983,"$2,250.00",2117,133.0,1617,31,0.941,1.162,2.875
818839983,"$10,916.00",1536,9380.0,1592,34,0.141,1.317,1.0
772288758,"$5,349.00",1228,4121.0,1343,30,0.23,0.728,1.308
712350858,"$9,366.00",1104,8262.0,1303,39,0.118,0.572,0.625
711009708,"$21,617.00",0,21617.0,1351,22,0.0,1.047,0.467
712720158,"$13,860.00",1652,12208.0,1910,32,0.119,1.255,1.909
712215258,"$18,386.00",0,18386.0,1298,22,0.0,0.868,0.571
773827008,"$2,405.00",1540,865.0,1087,29,0.64,0.469,1.231
795232683,"$2,154.00",930,1224.0,1439,26,0.432,2.121,1.364
713786508,"$2,038.00",0,2038.0,1238,28,0.0,0.786,0.75
713539833,"$8,135.00",0,8135.0,1716,29,0.0,1.373,0.812
712454058,"$9,364.00",618,8746.0,1099,27,0.066,0.554,0.8
718759833,"$32,643.00",0,32643.0,1058,24,0.0,1.3,2.429
718803333,"$3,195.00",1954,1241.0,1285,29,0.612,0.971,0.706
720253908,"$2,852.00",1024,1828.0,1651,28,0.359,1.009,1.0
714133158,"$4,224.00",1305,2919.0,1152,31,0.309,0.852,0.824
713187033,"$20,459.00",2071,18388.0,1767,38,0.101,1.248,2.167
714791208,"$3,482.00",2114,1368.0,1039,24,0.607,0.508,0.263
772426383,"$3,065.00",1570,1495.0,1130,28,0.512,1.077,1.333
710975883,"$2,185.00",1761,424.0,1645,30,0.806,0.682,0.429
714264408,"$1,611.00",746,865.0,1413,29,0.463,0.993,0.706
715827858,"$2,822.00",2173,649.0,1218,23,0.77,1.456,2.286
713741358,"$32,975.00",2517,30458.0,597,17,0.076,0.658,0.7
709531908,"$1,438.30",0,1438.3,2184,53,0.0,0.776,0.828
716493408,"$15,875.00",1719,14156.0,1592,37,0.108,0.86,1.467
714141108,"$6,703.00",893,5810.0,1388,28,0.133,0.567,0.75
708953883,"$3,212.00",0,3212.0,757,20,0.0,0.713,0.25
712608783,"$34,516.00",1260,33256.0,1504,34,0.037,0.588,0.789
820353558,"$9,797.00",1434,8363.0,1503,34,0.146,0.644,0.478
714964758,"$10,400.00",1777,8623.0,1105,28,0.171,0.791,0.867
716264358,"$26,792.00",1836,24956.0,2398,47,0.069,1.432,0.88
717296808,"$3,006.00",2517,489.0,1661,32,0.837,2.053,1.0
712977183,"$19,482.00",1072,18410.0,1421,22,0.055,0.706,1.444
710829108,"$3,356.00",985,2371.0,999,28,0.294,0.35,0.556
779562633,"$5,771.00",2248,3523.0,1387,18,0.39,1.791,0.8
715315833,"$11,106.00",2107,8999.0,1243,24,0.19,0.948,1.0
815500983,"$2,890.00",2001,889.0,1860,36,0.692,1.334,1.0
719360583,"$3,380.00",1701,1679.0,1502,25,0.503,0.747,1.273
709701558,"$21,331.00",1251,20080.0,1460,50,0.059,0.949,1.083
721148358,"$12,860.00",0,12860.0,1348,27,0.0,0.646,0.286
779862408,"$6,278.00",462,5816.0,1087,33,0.074,1.161,0.941
812627208,"$1,438.30",738,700.3,1226,33,0.513,0.782,0.571
711033408,"$9,355.00",1626,7729.0,1230,28,0.174,0.701,0.867
779956608,"$20,758.00",0,20758.0,1555,32,0.0,0.688,0.684
780376683,"$14,612.00",1976,12636.0,1827,24,0.135,1.768,3.0
717912483,"$27,259.00",0,27259.0,1376,35,0.0,0.731,0.591
714454758,"$6,347.00",1594,4753.0,1771,37,0.251,0.896,0.762
780466533,"$21,592.00",1676,19916.0,1873,52,0.078,1.097,0.529
715735233,"$3,449.00",1598,1851.0,1679,42,0.463,0.971,0.556
720476733,"$6,028.00",799,5229.0,1002,22,0.133,0.819,0.571
715872333,"$18,214.00",1998,16216.0,1344,21,0.11,0.829,1.1
712375758,"$16,393.00",1423,14970.0,1461,42,0.087,1.642,0.75
708868233,"$1,438.30",900,538.3,760,21,0.626,0.743,0.615
718030083,"$7,871.00",1687,6184.0,1428,22,0.214,1.242,1.444
720707283,"$5,288.00",866,4422.0,1777,42,0.164,0.869,0.75
771698658,"$11,376.00",2006,9370.0,1302,27,0.176,0.619,0.8
748326258,"$12,302.00",1632,10670.0,1483,41,0.133,1.509,0.519
770817783,"$34,516.00",1679,32837.0,1060,27,0.049,0.623,0.5
779353083,"$34,516.00",1468,33048.0,1330,32,0.043,0.505,0.684
711441333,"$10,514.00",1580,8934.0,1229,27,0.15,0.504,0.8
719808558,"$1,438.30",0,1438.3,886,27,0.0,0.707,0.421
711551958,"$1,438.30",0,1438.3,844,24,0.0,0.688,0.5
809164083,"$2,619.00",1779,840.0,1450,37,0.679,1.259,0.947
820596183,"$24,407.00",2395,22012.0,2311,48,0.098,1.071,0.714
715999608,"$2,377.00",1649,728.0,1378,26,0.694,0.93,1.167
710565408,"$34,516.00",1359,33157.0,1033,26,0.039,1.327,1.364
805543158,"$11,086.00",2207,8879.0,1523,40,0.199,0.869,1.105
709752183,"$11,432.00",2517,8915.0,1374,37,0.22,0.615,0.762
716479233,"$13,258.00",1721,11537.0,1080,21,0.13,0.908,1.333
713837058,"$2,571.00",1955,616.0,1234,24,0.76,0.531,0.714
718876683,"$5,781.00",1168,4613.0,1600,32,0.202,0.638,0.455
770746908,"$7,872.00",2509,5363.0,1155,32,0.319,0.971,0.882
794843883,"$34,516.00",1202,33314.0,1353,33,0.035,0.603,0.737
803043933,"$11,127.00",1835,9292.0,1546,25,0.165,2.368,1.273
758076408,"$1,857.00",1603,254.0,1590,43,0.863,0.579,1.263
714606558,"$1,913.00",1272,641.0,1448,22,0.665,1.008,1.0
778425408,"$3,839.00",2295,1544.0,1271,24,0.598,0.569,0.714
714171108,"$2,115.00",1141,974.0,1223,20,0.539,0.616,0.538
719662458,"$1,438.30",679,759.3,1117,29,0.472,0.859,1.071
713137233,"$27,756.00",1789,25967.0,994,24,0.064,0.75,0.846
769425858,"$1,438.30",0,1438.3,1468,26,0.0,0.81,0.625
711297483,"$13,878.00",2222,11656.0,1658,38,0.16,0.853,0.357
788900883,"$3,106.00",1304,1802.0,1368,38,0.42,0.604,0.407
758348808,"$34,516.00",1666,32850.0,1218,18,0.048,0.613,0.8
772336458,"$1,438.30",1025,413.3,702,12,0.713,0.838,0.714
708711483,"$18,871.00",1740,17131.0,1516,21,0.092,1.727,2.0
717906783,"$5,207.00",1748,3459.0,1310,26,0.336,1.073,1.0
719437908,"$17,965.00",1644,16321.0,1767,50,0.092,0.921,0.923
769433508,"$2,733.00",1819,914.0,933,25,0.666,0.767,0.923
790096533,"$8,863.00",1301,7562.0,1512,27,0.147,1.207,1.455
787541883,"$34,516.00",0,34516.0,1120,27,0.0,0.483,0.35
709930758,"$11,107.00",1222,9885.0,1506,33,0.11,0.538,0.941
789830058,"$21,573.00",1585,19988.0,1384,36,0.073,0.621,2.273
710299608,"$2,859.00",2517,342.0,817,30,0.88,0.993,0.667
710741208,"$5,269.00",1475,3794.0,2094,25,0.28,1.148,0.667
821797008,"$1,438.30",0,1438.3,815,21,0.0,0.734,0.615
708874533,"$3,387.00",0,3387.0,510,24,0.0,0.789,0.6
715341858,"$1,982.00",1289,693.0,1377,49,0.65,0.939,0.69
793636308,"$4,645.00",1650,2995.0,1193,33,0.355,0.912,0.65
713779908,"$2,189.00",1666,523.0,1287,36,0.761,0.343,0.636
712125258,"$2,442.00",0,2442.0,701,19,0.0,0.98,0.727
709703433,"$21,304.00",1532,19772.0,1770,25,0.072,1.018,0.923
721022433,"$7,577.00",2480,5097.0,1409,35,0.327,0.435,0.167
710103558,"$3,234.00",1486,1748.0,1354,28,0.459,0.868,0.647
715952883,"$4,469.00",1125,3344.0,1765,34,0.252,1.363,1.615
719731458,"$2,910.00",709,2201.0,1192,27,0.244,0.538,0.588
772390908,"$3,616.00",1054,2562.0,687,17,0.291,0.616,0.545
787348608,"$3,252.00",1495,1757.0,1227,15,0.46,0.581,0.875
709485033,"$2,358.00",1152,1206.0,1737,26,0.489,0.969,1.6
715432608,"$22,322.00",953,21369.0,1348,34,0.043,0.769,1.125
799471833,"$3,133.00",1510,1623.0,1435,38,0.482,0.609,0.462
714187533,"$3,540.00",849,2691.0,1321,28,0.24,0.456,0.75
779656908,"$6,990.00",1378,5612.0,1479,29,0.197,0.73,0.611
788950158,"$34,516.00",1652,32864.0,1283,39,0.048,0.854,1.294
778867533,"$1,438.30",0,1438.3,689,23,0.0,1.038,0.353
710620383,"$24,396.00",1171,23225.0,965,17,0.048,0.655,1.125
778661358,"$2,474.00",2143,331.0,1541,40,0.866,1.53,1.0
789483333,"$5,214.00",795,4419.0,1258,23,0.152,0.707,1.3
809855808,"$5,207.00",1650,3557.0,1339,20,0.317,0.708,0.538
718464258,"$9,512.00",1082,8430.0,1007,22,0.114,0.701,1.444
708528483,"$3,187.00",2430,757.0,1387,33,0.762,0.617,1.357
771809733,"$3,353.00",0,3353.0,960,18,0.0,1.021,0.385
719942883,"$2,290.00",1434,856.0,1119,18,0.626,0.923,3.5
807226683,"$5,279.00",1115,4164.0,1642,41,0.211,0.549,0.519
717806133,"$23,603.00",0,23603.0,1382,31,0.0,0.795,1.067
720615708,"$2,601.00",0,2601.0,1232,32,0.0,0.814,0.684
714511758,"$6,363.00",1029,5334.0,1542,16,0.162,0.838,1.286
715050408,"$8,029.00",1576,6453.0,1094,32,0.196,0.826,0.524
721132233,"$2,410.00",1769,641.0,1217,30,0.734,0.759,1.143
719211558,"$3,401.00",0,3401.0,744,18,0.0,0.898,1.0
712069008,"$2,260.00",1007,1253.0,1614,33,0.446,0.84,0.737
715996983,"$17,682.00",2481,15201.0,1747,31,0.14,1.302,1.214
773466258,"$4,206.00",1100,3106.0,1144,22,0.262,0.587,1.0
798983508,"$34,516.00",1440,33076.0,1575,34,0.042,1.117,2.4
719117433,"$23,018.00",2168,20850.0,1463,24,0.094,0.859,1.667
716451183,"$5,556.00",1711,3845.0,1706,21,0.308,1.434,1.625
718621608,"$6,094.00",0,6094.0,909,14,0.0,1.129,0.273
715085733,"$2,939.00",1999,940.0,2434,33,0.68,2.145,1.538
788977833,"$5,362.00",1274,4088.0,1876,41,0.238,1.015,0.783
720272958,"$27,126.00",0,27126.0,1000,25,0.0,0.953,0.786
708421833,"$3,342.00",2517,825.0,1139,30,0.753,0.771,0.765
709173108,"$2,532.00",2221,311.0,799,21,0.877,0.491,0.235
709879458,"$1,900.00",1376,524.0,1881,45,0.724,0.89,0.607
715120608,"$14,546.00",1703,12843.0,1273,27,0.117,0.955,0.588
770632758,"$2,521.00",1608,913.0,1328,33,0.638,0.587,0.571
779078733,"$16,427.00",1682,14745.0,1579,36,0.102,0.631,1.118
771742533,"$13,068.00",1718,11350.0,937,28,0.131,0.607,0.556
720250158,"$23,218.00",1814,21404.0,1749,37,0.078,1.178,2.083
716458983,"$3,281.00",837,2444.0,1424,29,0.255,1.859,1.417
713747733,"$3,096.00",2217,879.0,2011,41,0.716,0.799,0.783
712270158,"$2,052.00",1250,802.0,1208,31,0.609,0.728,0.632
789562383,"$1,438.30",583,855.3,1259,24,0.405,0.888,1.0
754897008,"$9,432.00",1418,8014.0,1319,26,0.15,0.612,0.368
819700533,"$14,938.00",2303,12635.0,949,27,0.154,0.804,2.0
712890408,"$2,221.00",1343,878.0,1338,30,0.605,0.869,1.308
720248208,"$5,731.00",1577,4154.0,1554,26,0.275,0.657,0.444
779749908,"$34,516.00",2061,32455.0,1350,32,0.06,0.722,0.455
717401883,"$6,985.00",1130,5855.0,1694,44,0.162,0.963,0.76
721509558,"$24,221.00",1707,22514.0,1678,40,0.07,0.816,0.538
710572458,"$15,439.00",0,15439.0,2069,43,0.0,0.742,0.536
714576183,"$21,637.00",2030,19607.0,1222,23,0.094,0.776,0.438
721425558,"$14,543.00",0,14543.0,1536,37,0.0,0.788,0.423
711109908,"$9,684.00",2475,7209.0,1400,31,0.256,0.697,2.1
715203108,"$5,007.00",930,4077.0,1050,28,0.186,0.885,1.154
710027508,"$1,616.00",1047,569.0,1389,33,0.648,0.984,1.2
787464408,"$19,116.00",0,19116.0,1184,29,0.0,0.656,0.611
783542133,"$2,759.00",2223,536.0,2093,42,0.806,1.32,1.0
708330858,"$8,249.00",1381,6868.0,678,11,0.167,0.798,0.833
714426783,"$14,041.00",2154,11887.0,1467,29,0.153,1.084,1.417
712701333,"$5,264.00",2169,3095.0,1219,27,0.412,0.374,0.5
709494483,"$2,420.00",1912,508.0,1730,36,0.79,1.256,0.565
773373108,"$2,826.00",2070,756.0,1025,28,0.732,0.541,0.647
715812258,"$12,518.00",1539,10979.0,1165,33,0.123,0.645,0.833
778286433,"$5,876.00",1297,4579.0,2133,55,0.221,1.012,0.719
789270033,"$34,516.00",0,34516.0,1122,13,0.0,0.448,0.182
711569433,"$9,648.00",1926,7722.0,1083,22,0.2,0.549,1.75
720214833,"$34,516.00",2177,32339.0,1234,23,0.063,1.32,1.875
709346133,ERR_VAL,2376,649.0,1277,23,0.785,1.252,1.875
788194458,"$3,265.00",2517,748.0,1843,35,0.771,0.952,0.944
720779733,"$6,041.00",1355,4686.0,1747,49,0.224,0.685,0.581
717424458,"$2,293.00",1823,470.0,1166,22,0.795,0.617,1.444
708820308,"$13,399.00",2505,10894.0,1326,31,0.187,0.627,0.824
710558058,"$4,317.00",2517,1800.0,1619,36,0.583,0.944,1.0
770590758,"$3,378.00",1069,2309.0,1285,16,0.316,0.581,0.333
718490658,"$5,012.00",2242,2770.0,1142,28,0.447,0.816,1.0
711985833,"$2,569.00",1605,964.0,1190,46,0.625,0.574,0.643
708967608,"$3,471.00",1785,1686.0,1052,24,0.514,1.051,0.714
718505958,"$34,516.00",1699,32817.0,1628,38,0.049,0.771,0.727
715024233,"$3,312.00",1844,1468.0,1740,32,0.557,0.986,0.882
779249583,"$2,578.00",2462,116.0,1378,29,0.955,1.707,0.812
709278258,"$2,902.00",2517,385.0,996,26,0.867,0.821,0.444
778928283,"$2,742.00",2321,421.0,1389,32,0.846,1.315,0.6
712299858,"$2,077.00",1571,506.0,1365,38,0.756,1.031,1.0
799224108,"$6,265.00",1942,4323.0,1715,43,0.31,1.027,0.87
809976033,"$7,819.00",1560,6259.0,1582,25,0.2,0.827,0.786
716203308,"$2,731.00",1692,1039.0,1220,22,0.62,0.62,0.692
714871683,"$1,438.30",537,901.3,715,13,0.373,0.819,0.182
716139933,"$16,286.00",1710,14576.0,2552,49,0.105,1.223,1.227
716984658,"$34,516.00",0,34516.0,1106,31,0.0,0.507,0.938
713086008,"$2,609.00",2439,170.0,1731,34,0.935,1.269,1.833
713773458,"$7,567.00",1173,6394.0,1435,32,0.155,0.541,0.6
719242533,"$22,770.00",2517,20253.0,1882,38,0.111,0.994,0.652
772712658,"$3,791.00",1648,2143.0,2058,34,0.435,1.227,0.789
788868858,"$2,702.00",2517,185.0,1658,32,0.932,1.019,1.462
811898133,"$2,555.00",2117,438.0,1334,32,0.829,1.049,0.6
788808633,"$2,355.00",1090,1265.0,1441,29,0.463,0.751,0.812
779804208,"$5,332.00",0,5332.0,1371,39,0.0,0.939,1.167
781391058,"$1,443.00",1375,68.0,1991,38,0.953,0.683,0.583
790134408,"$10,741.00",755,9986.0,1278,22,0.07,1.166,1.444
788853258,"$7,984.00",1503,6481.0,1734,39,0.188,0.797,1.167
711857733,"$18,584.00",2517,16067.0,1330,34,0.135,0.703,1.125
822969858,"$5,585.00",1465,4120.0,1787,31,0.262,1.503,0.722
711643458,"$1,438.30",0,1438.3,1439,41,0.0,1.068,1.05
788830683,"$2,478.00",2031,447.0,1558,31,0.82,1.284,0.938
807030858,"$34,516.00",2274,32242.0,1795,47,0.066,0.788,0.679
793059108,"$2,339.00",1440,899.0,893,22,0.616,0.431,0.375
716568708,"$2,726.00",0,2726.0,1099,27,0.0,0.844,0.588
828281733,"$14,881.00",848,14033.0,1408,23,0.057,0.762,1.091
717229158,"$1,628.00",969,659.0,1893,15,0.595,0.999,2.75
715915458,"$3,156.00",1644,1512.0,1151,31,0.521,1.052,1.385
819129858,"$4,745.00",1270,3475.0,1519,31,0.268,0.93,0.938
713441958,"$19,727.00",1785,17942.0,1245,25,0.09,0.572,0.786
719091333,"$22,720.00",793,21927.0,1102,27,0.035,0.685,0.286
708666258,"$8,129.00",1799,6330.0,1402,33,0.221,0.566,0.737
714914583,"$3,751.00",1521,2230.0,1060,30,0.405,0.974,1.308
714363858,"$1,594.00",1411,183.0,1459,35,0.885,0.817,1.188
721347408,"$2,569.00",1403,1166.0,1456,39,0.546,0.886,0.444
809608533,"$18,206.00",1586,16620.0,1439,48,0.087,0.921,1.0
772047183,"$3,104.00",1766,1338.0,1353,24,0.569,0.828,1.182
714217908,"$2,406.00",1560,846.0,1173,32,0.648,0.751,0.391
714819183,"$24,571.00",1955,22616.0,1746,28,0.08,1.174,1.0
716455683,"$15,534.00",726,14808.0,1279,28,0.047,0.556,0.867
710865633,"$12,301.00",2250,10051.0,1307,29,0.183,0.484,0.261
752952108,"$2,846.00",1818,1028.0,1473,37,0.639,0.711,1.176
712595433,"$9,788.00",1794,7994.0,1805,37,0.183,0.778,0.762
714982383,"$7,231.00",2381,4850.0,1421,23,0.329,0.996,1.3
813814008,"$2,324.00",1576,748.0,1272,37,0.678,0.728,1.312
794545983,"$12,208.00",1980,10228.0,1409,34,0.162,0.616,0.619
708288108,"$5,639.00",1547,4092.0,647,15,0.274,1.087,0.364
715585158,"$10,021.00",1617,8404.0,1275,25,0.161,0.578,0.667
810449883,"$2,215.00",1915,300.0,1270,27,0.865,0.794,0.588
789863208,"$2,027.00",1480,547.0,1702,37,0.73,0.979,0.947
715022133,"$6,363.00",1162,5201.0,1256,26,0.183,0.644,1.0
712506708,"$3,920.00",2008,1912.0,3178,53,0.512,0.944,0.656
715699983,"$9,226.00",1233,7993.0,1626,29,0.134,1.521,1.636
818942433,"$9,376.00",1288,8088.0,1562,33,0.137,0.597,0.5
712459233,"$1,944.00",1346,598.0,1960,57,0.692,1.052,0.727
716545383,"$9,599.00",1554,8045.0,1154,38,0.162,1.087,1.235
721144383,"$28,202.00",843,27359.0,1629,38,0.03,0.637,0.727
821837958,"$24,850.00",1662,23188.0,1226,25,0.067,0.693,0.923
804359133,"$3,805.00",2233,1572.0,1743,27,0.587,1.095,0.929
713308683,"$2,733.00",1306,1427.0,1139,39,0.478,0.791,0.444
788780958,"$12,781.00",1253,11528.0,1073,21,0.098,0.638,0.4
717354558,"$3,106.00",1120,1986.0,683,17,0.361,1.045,0.7
798473808,"$7,477.00",0,7477.0,1159,32,0.0,0.511,0.684
712372158,"$34,516.00",2086,32430.0,1859,47,0.06,0.986,0.958
715192308,"$29,963.00",2094,27869.0,1205,28,0.07,0.648,0.867
708813033,"$6,509.00",2033,4476.0,1409,37,0.312,0.83,0.37
714639783,"$13,450.00",0,13450.0,1000,18,0.0,0.742,0.059
709311633,"$27,000.00",0,27000.0,1209,39,0.0,0.61,0.3
709470858,"$34,516.00",1254,33262.0,1366,25,0.036,0.869,0.786
717292758,"$6,347.00",0,6347.0,1161,44,0.0,0.466,0.375
779241783,"$3,106.00",1675,1431.0,1512,38,0.539,0.781,0.407
715205358,"$2,536.00",913,1623.0,1750,35,0.36,1.059,1.333
778871508,"$13,048.00",1954,11094.0,1170,24,0.15,1.139,0.846
779462433,"$2,453.00",968,1485.0,2218,50,0.395,1.081,0.613
710147958,"$16,138.00",1249,14889.0,1198,33,0.077,1.01,0.833
709864833,"$8,077.00",1965,6112.0,1329,26,0.243,0.637,0.444
778868958,"$1,929.00",1673,256.0,857,36,0.867,0.835,1.118
717276708,"$3,127.00",2517,610.0,1470,30,0.805,0.589,1.143
710004933,"$8,645.00",1454,7191.0,1435,25,0.168,0.708,1.778
753606108,"$1,438.30",0,1438.3,1093,22,0.0,0.503,0.833
710940183,"$2,185.00",0,2185.0,715,20,0.0,0.727,0.818
718927533,"$24,487.00",2517,21970.0,1512,42,0.103,0.912,0.909
719337408,"$2,567.00",0,2567.0,2399,43,0.0,1.636,0.955
772308408,"$4,131.00",785,3346.0,906,22,0.19,0.543,1.2
712981383,"$10,790.00",1930,8860.0,1052,16,0.179,0.75,1.286
790099758,"$6,884.00",1001,5883.0,975,11,0.145,0.786,0.833
709547658,"$13,961.00",1299,12662.0,783,20,0.093,0.842,0.667
778770783,"$29,801.00",1916,27885.0,990,21,0.064,0.781,0.909
713134458,"$13,219.00",0,13219.0,1097,24,0.0,0.576,0.5
712159083,"$2,536.00",0,2536.0,901,35,0.0,0.917,0.522
713639958,"$9,478.00",820,8658.0,1327,41,0.087,0.64,0.864
771180033,"$3,502.00",1851,1651.0,1814,31,0.529,2.023,0.722
717916758,"$10,509.00",2388,8121.0,1365,34,0.227,0.777,1.429
716988633,"$9,734.00",0,9734.0,1476,38,0.0,0.785,0.9
779031033,"$2,305.00",1627,678.0,1230,36,0.706,0.747,0.565
716302383,"$14,241.00",2081,12160.0,1581,44,0.146,0.909,0.833
718281408,"$4,789.00",1257,3532.0,1534,29,0.262,1.134,0.933
721333233,"$23,138.00",1727,21411.0,1612,39,0.075,0.693,1.438
794496033,"$23,008.00",2280,20728.0,1302,36,0.099,0.674,0.636
710519433,"$3,131.00",2517,614.0,1439,40,0.804,0.602,0.481
814995933,"$5,798.00",1794,4004.0,1724,45,0.309,0.564,0.452
721469433,"$6,880.00",1390,5490.0,1784,35,0.202,1.205,0.944
788386908,"$34,516.00",1531,32985.0,1156,29,0.044,0.862,1.071
717198633,"$2,075.00",1469,606.0,2556,49,0.708,1.322,1.13
767695083,"$4,589.00",0,4589.0,1590,37,0.0,0.845,0.37
711791583,"$2,317.00",0,2317.0,884,19,0.0,1.005,0.727
712315683,"$1,981.00",1518,463.0,973,25,0.766,1.019,0.923
710038008,"$6,038.00",0,6038.0,1447,30,0.0,0.741,0.875
789129033,"$14,910.00",877,14033.0,1150,26,0.059,0.772,0.625
718349058,"$29,659.00",1143,28516.0,1193,21,0.039,0.512,0.615
789842283,"$4,320.00",0,4320.0,706,21,0.0,0.967,0.5
714513033,"$11,213.00",0,11213.0,1257,23,0.0,0.563,0.643
714717483,"$26,181.00",0,26181.0,1303,35,0.0,0.913,0.75
714900408,"$5,773.00",0,5773.0,1306,39,0.0,0.67,0.5
719418933,"$4,503.00",0,4503.0,748,20,0.0,0.659,0.429
720115683,"$29,770.00",1565,28205.0,1774,42,0.053,0.674,2.0
779504058,"$5,014.00",1910,3104.0,1209,25,0.381,0.863,1.5
795979833,"$3,445.00",1074,2371.0,1074,31,0.312,0.67,0.632
717392358,"$23,412.00",1078,22334.0,1786,50,0.046,0.79,0.786
718640508,"$3,044.00",1611,1433.0,1456,36,0.529,0.74,0.714
803366358,"$14,596.00",2192,12404.0,1300,25,0.15,0.898,1.083
709230708,"$3,864.00",1654,2210.0,1470,42,0.428,0.491,0.235
781794708,"$17,030.00",1911,15119.0,715,25,0.112,0.528,0.562
801383808,"$23,090.00",839,22251.0,1198,24,0.036,1.326,1.0
710677608,"$29,205.00",1208,27997.0,1556,43,0.041,0.957,1.048
708217758,"$14,035.00",2061,11974.0,1606,30,0.147,2.271,1.5
714272658,"$2,962.00",2517,445.0,929,31,0.85,1.046,0.409
717469158,"$18,578.00",1385,17193.0,1606,54,0.075,0.565,0.421
711864783,"$2,201.00",1138,1063.0,1199,32,0.517,0.675,0.6
719407983,"$2,061.00",1483,578.0,2400,60,0.72,1.362,0.622
710665533,"$24,602.00",1660,22942.0,1337,44,0.067,0.588,0.76
716804283,"$15,911.00",896,15015.0,1270,33,0.056,0.954,0.833
767294658,"$16,867.00",0,16867.0,654,14,0.0,0.885,0.4
709122483,"$2,783.00",1526,1257.0,1909,54,0.548,0.942,0.688
708241233,"$2,972.00",0,2972.0,922,25,0.0,1.035,0.562
717860358,"$5,124.00",2235,2889.0,1158,42,0.436,0.542,0.355
789337233,"$2,880.00",2362,518.0,1323,26,0.82,0.89,0.444
720902133,"$5,579.00",0,5579.0,1025,35,0.0,0.481,0.667
721043058,"$12,010.00",2149,9861.0,1700,35,0.179,0.801,1.5
711870333,"$34,516.00",1597,32919.0,1628,51,0.046,0.858,1.217
708398283,"$4,394.00",885,3509.0,1377,32,0.201,1.04,0.684
715878183,"$18,325.00",723,17602.0,1517,33,0.039,0.815,0.65
719451483,"$3,773.00",1972,1801.0,1528,25,0.523,0.783,1.083
709110633,"$21,684.00",1748,19936.0,1329,24,0.081,0.715,0.6
721059033,"$1,919.00",774,1145.0,1505,33,0.403,0.965,0.737
779912283,"$9,995.00",1713,8282.0,1172,38,0.171,0.96,0.462
717701733,"$11,910.00",2098,9812.0,1646,39,0.176,1.16,1.294
709913733,"$2,279.00",1529,750.0,1693,32,0.671,1.26,1.286
718768158,"$3,539.00",0,3539.0,1336,23,0.0,0.781,0.211
721375308,"$30,579.00",1351,29228.0,1289,19,0.044,0.759,0.727
711374283,"$24,480.00",1923,22557.0,1416,32,0.079,0.505,0.778
822893133,"$17,561.00",0,17561.0,1608,33,0.0,0.94,1.2
778465533,"$1,638.00",0,1638.0,1885,51,0.0,0.75,0.545
712138983,"$2,947.00",2216,731.0,1744,53,0.752,0.76,0.606
716920908,"$5,738.00",1112,4626.0,1922,48,0.194,1.519,0.655
708095133,"$33,304.00",1833,31471.0,1448,29,0.055,0.428,0.381
711195558,"$7,251.00",1603,5648.0,1300,36,0.221,0.591,0.8
772735758,"$2,885.00",1895,990.0,1366,31,0.657,0.387,0.632
712024908,"$2,641.00",1257,1384.0,1439,39,0.476,0.891,1.053
778239933,"$2,801.00",2043,758.0,1241,46,0.729,0.583,0.643
714893733,"$16,794.00",809,15985.0,1917,33,0.048,1.566,0.941
754886958,"$9,336.00",1672,7664.0,1391,39,0.179,0.696,0.625
710104908,"$2,763.00",2517,246.0,1246,31,0.911,0.938,0.824
710558883,"$17,391.00",1044,16347.0,1248,27,0.06,1.08,0.688
713827383,"$3,198.00",2493,705.0,1936,44,0.78,0.665,1.316
720267033,"$5,100.00",1786,3314.0,2375,63,0.35,1.06,0.575
712049208,"$3,955.00",2517,1438.0,1238,25,0.636,0.484,1.083
708688608,"$3,140.00",1985,1155.0,1626,41,0.632,1.346,0.864
716223708,"$4,028.00",710,3318.0,791,22,0.176,0.731,0.833
713217858,"$2,264.00",0,2264.0,1204,28,0.0,0.479,0.333
819352983,"$21,620.00",2008,19612.0,1300,33,0.093,0.691,0.5
711019308,"$6,385.00",1535,4850.0,1612,47,0.24,1.138,0.88
768600558,"$2,375.00",1658,717.0,1071,28,0.698,0.638,1.0
710202783,"$1,963.00",1721,242.0,1378,37,0.877,0.68,0.762
712899333,"$4,256.00",1084,3172.0,1100,29,0.255,0.63,0.381
767036433,"$5,097.00",1152,3945.0,2052,45,0.226,0.94,0.607
793473033,"$3,228.00",2517,711.0,1349,33,0.78,0.949,1.357
721232058,"$20,231.00",977,19254.0,1215,36,0.048,0.893,0.714
719443683,"$27,512.00",2137,25375.0,1149,25,0.078,1.048,0.562
715449333,"$1,929.00",1540,389.0,2354,50,0.798,1.142,0.786
717998058,"$2,585.00",2019,566.0,2644,40,0.781,0.525,0.481
779610033,"$12,151.00",1799,10352.0,918,14,0.148,1.022,0.556
827332983,"$34,516.00",2113,32403.0,1362,31,0.061,0.618,1.214
721183983,"$34,516.00",1013,33503.0,1222,37,0.029,0.575,0.85
718426533,"$5,504.00",0,5504.0,1364,32,0.0,0.62,0.684
710698233,"$10,021.00",1203,8818.0,1463,40,0.12,0.93,1.0
780253533,"$3,558.00",2318,1240.0,1631,31,0.651,1.265,0.824
793581933,"$19,853.00",1513,18340.0,1878,55,0.076,0.802,0.41
719229708,"$4,969.00",838,4131.0,1489,32,0.169,0.591,0.455
715158483,"$3,117.00",1603,1514.0,1437,37,0.514,1.167,0.609
809296308,"$21,526.00",2332,19194.0,1313,37,0.108,0.755,0.609
778176108,"$5,504.00",1412,4092.0,1290,38,0.257,0.722,0.462
796532958,"$5,512.00",1124,4388.0,1975,49,0.204,1.391,1.579
709345008,"$1,438.30",0,1438.3,807,22,0.0,0.644,0.692
717049533,"$7,262.00",1466,5796.0,1438,28,0.202,0.512,0.556
719366358,"$7,319.00",1692,5627.0,1233,29,0.231,0.701,0.611
721417233,"$1,438.30",0,1438.3,709,27,0.0,0.676,0.421
711622683,"$7,712.00",1387,6325.0,1597,39,0.18,0.861,0.56
714578283,"$2,053.00",0,2053.0,1283,28,0.0,0.865,1.154
769574883,"$12,804.00",2517,10287.0,1101,37,0.197,0.892,0.276
717643608,"$26,443.00",1601,24842.0,1593,36,0.061,0.493,0.333
709198158,"$3,125.00",1928,1197.0,1631,46,0.617,0.412,0.533
712419708,"$4,930.00",2259,2671.0,2194,53,0.458,1.134,0.606
709103358,"$9,476.00",0,9476.0,1128,27,0.0,0.605,0.929
716966808,"$11,722.00",1667,10055.0,1497,35,0.142,0.566,0.25
772264383,"$13,301.00",0,13301.0,1385,50,0.0,1.058,0.515
721057758,"$1,438.30",0,1438.3,1449,27,0.0,1.337,1.455
769137108,"$1,438.30",0,1438.3,974,28,0.0,1.004,0.273
717640083,"$6,705.00",0,6705.0,731,18,0.0,0.749,0.5
716445783,"$22,718.00",0,22718.0,1191,37,0.0,0.791,1.176
708579633,"$23,981.00",1788,22193.0,1421,34,0.075,0.631,0.308
718715583,"$2,318.00",1010,1308.0,1256,35,0.436,0.81,0.591
778686408,"$19,324.00",1040,18284.0,1744,50,0.054,0.904,0.852
715015683,"$5,331.00",1993,3338.0,1766,39,0.374,0.777,0.625
805254708,"$15,700.00",1276,14424.0,2229,48,0.081,1.389,0.778
710462433,"$17,625.00",894,16731.0,1773,39,0.051,1.285,1.053
721342383,"$17,438.00",0,17438.0,1860,37,0.0,1.078,0.85
720179883,"$1,962.00",0,1962.0,1179,27,0.0,0.684,0.688
794977533,"$8,077.00",0,8077.0,906,16,0.0,0.749,0.333
779445108,"$3,290.00",1616,1674.0,2781,54,0.491,0.466,0.35
718193958,"$2,402.00",1728,674.0,1650,53,0.719,0.652,0.606
710955633,"$9,256.00",1999,7257.0,1446,37,0.216,0.812,0.762
716149383,"$3,674.00",895,2779.0,1703,48,0.244,0.658,0.371
752604633,"$6,462.00",0,6462.0,761,17,0.0,0.856,0.214
713889933,"$1,638.00",0,1638.0,1536,44,0.0,0.533,0.63
709446783,"$4,335.00",2480,1855.0,1373,36,0.572,0.543,1.118
789115833,"$3,233.00",1034,2199.0,1256,29,0.32,0.759,0.706
711242058,"$11,862.00",2517,9345.0,643,16,0.212,0.766,0.231
787623858,"$34,516.00",1938,32578.0,1215,45,0.056,0.426,0.406
709040508,"$19,802.00",1961,17841.0,2244,58,0.099,1.125,0.706
708864708,"$24,869.00",1729,23140.0,1409,36,0.07,0.408,0.5
717758583,"$3,624.00",1975,1649.0,1469,23,0.545,0.708,1.091
715416633,"$6,175.00",960,5215.0,1847,59,0.155,0.709,0.405
717956283,"$10,953.00",1945,9008.0,1277,29,0.178,0.886,0.526
721379433,"$11,338.00",0,11338.0,1227,24,0.0,0.695,0.5
712027683,"$5,544.00",1184,4360.0,1336,38,0.214,0.85,0.652
716027208,"$19,665.00",706,18959.0,1110,58,0.036,1.317,0.349
720475233,"$2,927.00",1412,1515.0,1474,26,0.482,0.763,0.857
712275108,"$5,146.00",1618,3528.0,1955,44,0.314,1.073,0.76
718121658,"$1,704.00",0,1704.0,660,17,0.0,0.701,0.308
711593808,"$1,438.30",0,1438.3,888,18,0.0,1.037,1.25
716222808,"$2,974.00",1170,1804.0,1785,45,0.393,1.297,1.143
718731183,"$5,472.00",788,4684.0,705,14,0.144,0.526,0.273
788779008,"$2,736.00",1822,914.0,1211,25,0.666,0.593,0.923
710404533,"$1,438.30",862,576.3,1391,40,0.599,0.65,0.212
711173058,"$5,406.00",1782,3624.0,1407,29,0.33,0.976,0.812
715383108,"$34,516.00",2174,32342.0,1616,50,0.063,0.426,0.515
711697158,"$1,976.00",1311,665.0,1498,43,0.663,0.995,0.536
709186983,"$8,714.00",2252,6462.0,1536,38,0.258,0.831,0.652
808964433,"$8,693.00",1378,7315.0,1594,45,0.159,0.799,0.452
711948333,"$9,247.00",710,8537.0,1190,30,0.077,0.735,0.5
710541858,"$7,717.00",1430,6287.0,1248,37,0.185,0.822,0.85
713865333,"$4,908.00",0,4908.0,827,21,0.0,0.993,0.75
797707008,"$7,222.00",0,7222.0,920,18,0.0,0.685,0.5
713490483,"$21,740.00",0,21740.0,1755,54,0.0,0.676,0.543
720370533,"$2,323.00",0,2323.0,804,15,0.0,0.737,0.5
779743908,"$7,788.00",0,7788.0,1196,30,0.0,0.296,0.429
718675158,"$1,438.30",361,1077.3,850,22,0.251,0.963,0.692
710784333,"$23,700.00",1314,22386.0,1644,28,0.055,1.487,0.647
816596583,"$11,710.00",693,11017.0,1749,50,0.059,0.914,0.429
717517758,"$2,278.00",845,1433.0,2307,45,0.371,1.328,0.8
712880283,"$4,048.00",1113,2935.0,1757,45,0.275,0.717,0.607
753226158,"$3,663.00",1853,1810.0,1826,35,0.506,0.963,1.059
720605808,"$1,438.30",0,1438.3,799,17,0.0,0.672,0.214
758317233,"$3,518.00",1575,1943.0,2121,60,0.448,0.625,0.579
711028308,"$1,717.00",0,1717.0,1468,29,0.0,0.619,0.381
814852533,"$16,813.00",1185,15628.0,1482,46,0.07,0.552,0.643
711526533,"$16,434.00",2104,14330.0,1726,37,0.128,0.955,0.85
804403908,"$21,872.00",1118,20754.0,1806,31,0.051,0.658,0.409
716999883,"$15,897.00",1437,14460.0,1405,43,0.09,0.584,0.387
716452083,"$4,271.00",1150,3121.0,2052,50,0.269,1.064,0.724
787599258,"$7,361.00",1309,6052.0,1175,34,0.178,0.504,0.7
714495258,"$1,438.30",479,959.3,1786,37,0.333,0.553,0.37
717713283,"$8,628.00",1077,7551.0,1675,58,0.125,0.872,0.415
789317883,"$18,750.00",1705,17045.0,1200,36,0.091,0.807,0.895
714500883,"$21,242.00",819,20423.0,1283,37,0.039,0.499,0.542
789467508,"$2,961.00",1570,1391.0,1937,57,0.53,0.908,0.781
710317758,"$11,327.00",1528,9799.0,2033,38,0.135,1.142,0.727
711231558,"$8,308.00",2517,5791.0,1915,37,0.303,1.455,1.056
716829483,"$3,249.00",2217,1032.0,1988,36,0.682,1.06,0.895
779713608,"$2,981.00",1358,1623.0,1648,30,0.456,1.242,1.5
711628458,"$8,829.00",901,7928.0,1902,45,0.102,0.825,0.667
718943508,"$3,714.00",2170,1544.0,1454,35,0.584,0.524,0.522
770724558,"$7,340.00",0,7340.0,838,24,0.0,0.65,0.412
783561558,"$16,952.00",0,16952.0,1918,61,0.0,0.709,0.649
719309958,"$20,865.00",0,20865.0,837,25,0.0,0.881,0.667
788785083,"$3,083.00",1040,2043.0,4311,78,0.337,0.729,0.56
780481308,"$10,584.00",1550,9034.0,1567,33,0.146,0.692,0.32
711757383,"$2,240.00",0,2240.0,1905,39,0.0,0.668,0.345
787550808,"$12,240.00",1566,10674.0,1422,26,0.128,0.539,0.529
779863533,"$5,120.00",0,5120.0,1680,32,0.0,0.867,0.778
714529233,"$3,124.00",1593,1531.0,1652,41,0.51,0.869,0.367
708177333,"$11,261.00",2485,8776.0,1158,26,0.221,0.736,0.857
812019933,"$2,468.00",2021,447.0,1797,46,0.819,0.906,0.586
708557358,"$22,157.00",1355,20802.0,1911,55,0.061,0.69,0.571
713580633,"$11,477.00",0,11477.0,1260,27,0.0,0.767,0.688
711466533,"$3,933.00",852,3081.0,1489,45,0.217,0.433,0.324
802276683,"$8,022.00",1372,6650.0,1794,31,0.171,0.896,1.385
780913308,"$13,771.00",2517,11254.0,1510,42,0.183,0.501,0.75
808897683,"$30,271.00",1406,28865.0,3231,47,0.046,1.336,0.306
719428308,"$3,244.00",1762,1482.0,1274,32,0.543,0.661,1.0
713010483,"$2,936.00",2379,557.0,1572,57,0.81,0.694,0.676
717006333,"$1,438.30",1133,305.3,1935,41,0.788,0.759,0.708
787621158,"$6,242.00",491,5751.0,2187,59,0.079,1.054,0.405
716924058,"$6,175.00",1166,5009.0,1417,25,0.189,0.803,0.25
720916683,"$11,806.00",1811,9995.0,1465,31,0.153,0.754,0.476
720923658,"$4,734.00",954,3780.0,1570,45,0.202,0.6,0.452
712710708,"$6,244.00",2517,3727.0,1445,40,0.403,0.607,0.29
718939083,"$1,438.30",306,1132.3,694,15,0.213,1.035,0.364
779519058,"$34,516.00",1578,32938.0,1929,40,0.046,0.725,0.481
719085933,"$23,561.00",864,22697.0,2447,64,0.037,1.373,1.0
715124958,"$24,742.00",1676,23066.0,1306,31,0.068,0.566,0.55
712979133,"$27,560.00",900,26660.0,646,10,0.033,1.031,0.25
712006308,"$5,923.00",1686,4237.0,1236,35,0.285,0.702,0.591
710801133,"$8,581.00",2326,6255.0,2513,63,0.271,1.226,0.615
712490283,"$3,156.00",2517,639.0,2091,48,0.798,1.516,0.778
720071583,"$7,151.00",800,6351.0,854,22,0.112,0.986,0.375
717958833,"$1,535.00",700,835.0,1848,25,0.456,2.282,1.083
812420358,"$2,122.00",554,1568.0,949,17,0.261,0.857,0.133
712370208,"$17,131.00",1213,15918.0,1371,37,0.071,0.604,0.423
715940358,"$5,822.00",2387,3435.0,1804,49,0.41,0.76,0.75
715041333,"$3,537.00",2517,1020.0,1605,43,0.712,1.021,0.344
712797258,"$34,516.00",2129,32387.0,1463,38,0.062,0.587,0.583
769170558,"$16,320.00",0,16320.0,1279,41,0.0,0.757,0.708
715884858,"$2,407.00",843,1564.0,1470,28,0.35,1.008,0.4
796343058,"$3,538.00",0,3538.0,1265,38,0.0,0.481,0.462
783910008,"$2,684.00",1381,1303.0,2002,60,0.515,0.794,0.429
718888308,"$34,516.00",2517,31999.0,1475,33,0.073,0.741,0.833
785114808,"$15,459.00",0,15459.0,1419,30,0.0,0.789,0.667
709852908,"$4,307.00",0,4307.0,1628,37,0.0,0.745,0.542
823528833,"$2,081.00",1235,846.0,1337,29,0.593,1.485,1.071
719679858,"$2,848.00",1468,1380.0,1135,27,0.515,0.517,0.421
827108583,"$34,516.00",1266,33250.0,1161,26,0.037,0.846,0.368
787833333,"$6,361.00",1292,5069.0,1571,38,0.203,1.027,0.52
719781183,"$15,428.00",1553,13875.0,1916,40,0.101,0.747,0.538
710429358,"$2,544.00",1927,617.0,1346,30,0.757,0.939,0.364
798792408,"$9,959.00",0,9959.0,805,24,0.0,0.688,0.143
710280558,"$8,796.00",2517,6279.0,1195,18,0.286,0.492,0.8
809825358,"$3,428.00",1566,1862.0,1155,34,0.457,0.557,0.545
714451833,"$1,438.30",0,1438.3,1431,34,0.0,0.597,0.545
713943783,"$18,001.00",906,17095.0,1194,25,0.05,0.62,0.471
710706558,"$2,680.00",1753,927.0,1154,33,0.654,0.32,0.571
713620308,"$4,675.00",1734,2941.0,1232,34,0.371,0.413,0.545
813453408,"$2,448.00",1693,755.0,1269,30,0.692,0.502,0.875
818248383,"$4,049.00",0,4049.0,1742,35,0.0,0.898,1.5
780106908,"$8,154.00",996,7158.0,1379,26,0.122,0.594,1.0
708938508,"$4,559.00",1571,2988.0,1870,35,0.345,1.441,0.842
709671708,"$19,354.00",984,18370.0,1207,32,0.051,0.956,0.684
711204483,"$2,340.00",1930,410.0,781,15,0.825,0.987,0.364
801728658,"$13,848.00",1389,12459.0,1773,38,0.1,1.178,0.407
713945883,"$2,490.00",513,1977.0,864,20,0.206,0.678,0.333
779558733,"$32,156.00",1791,30365.0,1559,39,0.056,0.906,1.167
788370258,"$2,578.00",2517,61.0,1830,64,0.976,0.896,0.524
714927333,"$9,050.00",1538,7512.0,1542,43,0.17,0.77,0.654
710383158,"$34,516.00",0,34516.0,1506,47,0.0,0.499,0.516
798007308,"$8,362.00",0,8362.0,1175,41,0.0,0.528,0.464
711768858,"$6,514.00",2258,4256.0,1383,20,0.347,0.785,1.857
714888633,"$4,051.00",1183,2868.0,1837,57,0.292,0.794,0.629
712650333,"$11,959.00",1665,10294.0,1191,40,0.139,0.675,0.481
719945433,"$2,070.00",0,2070.0,1793,53,0.0,0.708,0.963
720310458,"$11,840.00",1295,10545.0,1560,49,0.109,0.84,0.4
718344033,"$3,636.00",1010,2626.0,1564,59,0.278,0.596,0.686
715442958,"$11,067.00",2517,8550.0,1843,38,0.227,1.048,1.235
780326883,"$11,262.00",1435,9827.0,2165,61,0.127,0.735,0.649
711157833,"$5,108.00",1656,3452.0,1631,41,0.324,0.711,0.323
719704308,"$2,072.00",1543,529.0,1265,32,0.745,0.486,0.391
708772308,"$4,119.00",1656,2463.0,1455,35,0.402,0.561,0.667
817663908,"$5,903.00",1335,4568.0,1137,27,0.226,0.914,0.929
780054258,"$7,860.00",541,7319.0,1367,35,0.069,0.764,0.75
709990983,"$5,918.00",842,5076.0,1292,26,0.142,0.56,0.733
818045958,"$6,741.00",1745,4996.0,1682,46,0.259,0.559,0.438
716380683,"$3,880.00",1542,2338.0,1598,39,0.397,1.015,0.5
787480158,"$2,494.00",1639,855.0,1555,39,0.657,0.858,0.625
778461408,"$22,149.00",987,21162.0,2409,36,0.045,1.633,0.8
713861733,"$34,516.00",1542,32974.0,1770,65,0.045,0.869,0.585
789291633,"$5,450.00",967,4483.0,1526,45,0.177,0.701,0.8
789513858,"$1,438.30",0,1438.3,891,28,0.0,0.694,0.4
778357458,"$2,003.00",1224,779.0,1756,42,0.611,0.646,0.355
718325883,"$7,723.00",1902,5821.0,1241,22,0.246,1.181,1.0
720344658,"$18,226.00",1847,16379.0,1681,43,0.101,0.845,0.87
809292483,"$8,128.00",1846,6282.0,1224,32,0.227,0.857,0.778
779791008,"$5,851.00",1660,4191.0,1572,38,0.284,0.786,0.52
779557533,"$10,260.00",942,9318.0,1566,50,0.092,1.042,0.562
795904233,"$26,945.00",727,26218.0,1579,40,0.027,0.687,0.6
710573808,"$2,243.00",1418,825.0,1334,31,0.632,0.39,0.409
717418158,"$34,516.00",1839,32677.0,1230,34,0.053,0.69,0.889
771963708,"$12,248.00",0,12248.0,767,25,0.0,0.894,0.562
712433508,"$1,438.30",0,1438.3,724,16,0.0,0.57,0.231
779320983,"$19,843.00",1178,18665.0,1638,49,0.059,0.909,0.633
718093233,"$2,163.00",0,2163.0,1349,47,0.0,0.816,0.88
719459358,"$33,864.00",989,32875.0,1751,48,0.029,1.219,0.92
717728808,"$4,531.00",1214,3317.0,1414,40,0.268,0.813,0.333
788701608,"$2,950.00",1705,1245.0,1260,32,0.578,0.605,0.6
778506633,"$7,706.00",392,7314.0,965,27,0.051,0.764,0.421
719989008,"$25,657.00",2216,23441.0,1121,25,0.086,0.856,0.667
791839233,"$17,536.00",1525,16011.0,1411,28,0.087,0.859,0.474
716918508,"$3,770.00",1197,2573.0,1602,49,0.318,0.621,0.441
717321783,"$10,344.00",1274,9070.0,1617,47,0.123,0.445,0.424
799000008,"$26,437.00",1472,24965.0,1244,36,0.056,0.742,0.5
721517208,"$2,450.00",1967,483.0,1263,29,0.803,0.589,0.611
719068683,"$3,136.00",1864,1272.0,1036,25,0.594,0.693,0.25
709120008,"$6,976.00",0,6976.0,1217,39,0.0,0.519,1.438
709117533,"$21,134.00",1508,19626.0,1556,35,0.071,0.505,0.842
816594183,"$2,019.00",1380,639.0,2005,62,0.684,1.158,0.59
789485433,"$34,516.00",668,33848.0,1698,67,0.019,0.678,0.763
712881483,"$9,959.00",1890,8069.0,2041,45,0.19,1.043,0.875
712689333,"$20,241.00",1203,19038.0,1102,31,0.059,0.66,0.632
771492408,"$2,421.00",1747,674.0,1346,30,0.722,0.691,1.308
711668283,"$30,948.00",2404,28544.0,1511,35,0.078,0.609,0.207
772684833,"$2,642.00",2035,607.0,1761,42,0.77,1.119,0.909
712960308,"$8,070.00",2350,5720.0,2117,61,0.291,1.03,0.649
713530833,"$4,085.00",2238,1847.0,596,15,0.548,0.568,0.5
756065433,"$2,187.00",1597,590.0,2560,46,0.73,0.777,0.314
710997183,"$34,516.00",1092,33424.0,1409,39,0.032,0.737,0.345
711146358,"$3,358.00",1758,1600.0,1759,33,0.524,0.723,0.737
716144058,"$1,888.00",0,1888.0,1886,66,0.0,0.928,0.65
778699908,"$14,447.00",0,14447.0,915,29,0.0,0.856,2.222
713571258,"$32,349.00",1630,30719.0,1343,41,0.05,0.646,0.519
711676908,"$12,605.00",1449,11156.0,1870,56,0.115,0.703,0.647
719315508,"$2,964.00",2400,564.0,1557,25,0.81,1.296,1.778
778623858,"$3,785.00",1935,1850.0,1824,49,0.511,1.558,1.45
714665733,"$2,727.00",834,1893.0,1294,26,0.306,0.568,0.444
816089433,"$3,343.00",1581,1762.0,1545,31,0.473,1.146,0.824
716991933,"$9,786.00",0,9786.0,820,25,0.0,0.701,0.562
714534108,"$6,407.00",1884,4523.0,1675,47,0.294,0.678,0.469
787456608,"$4,158.00",1635,2523.0,1678,37,0.393,0.778,0.542
717090183,"$21,697.00",2144,19553.0,2117,48,0.099,0.654,0.655
772782708,"$31,383.00",1688,29695.0,1721,56,0.054,0.765,0.75
710722908,"$30,883.00",1694,29189.0,1267,23,0.055,0.86,0.533
795155433,"$12,918.00",1345,11573.0,1562,33,0.104,1.061,1.2
715271733,"$8,520.00",814,7706.0,1193,35,0.096,0.504,0.346
771706308,"$14,310.00",694,13616.0,1254,34,0.048,0.558,0.478
713989233,"$14,434.00",1927,12507.0,1731,32,0.134,2.675,3.571
780198258,"$7,793.00",1705,6088.0,1099,39,0.219,0.597,0.696
802002858,"$8,990.00",0,8990.0,747,19,0.0,0.935,0.583
716290233,"$4,343.00",0,4343.0,1352,35,0.0,0.563,0.944
828298908,"$2,872.00",2035,837.0,1770,47,0.709,0.613,0.741
788946783,"$9,697.00",0,9697.0,1812,50,0.0,0.759,0.923
720697908,"$2,967.00",1843,1124.0,1673,58,0.621,0.681,0.526
780598383,"$2,148.00",1545,603.0,2167,65,0.719,0.682,0.512
715345833,"$6,116.00",2517,3599.0,2369,56,0.412,0.691,0.75
710831133,"$18,085.00",1487,16598.0,1582,47,0.082,0.792,1.043
766706358,"$2,524.00",1395,1129.0,1800,33,0.553,1.048,0.5
816533733,"$33,951.00",0,33951.0,1567,44,0.0,0.822,0.467
712373208,"$3,312.00",0,3312.0,647,19,0.0,0.698,0.462
721433283,"$9,956.00",1117,8839.0,1447,39,0.112,0.515,0.696
720680058,"$3,888.00",1663,2225.0,1145,37,0.428,0.664,0.423
716909283,"$30,655.00",0,30655.0,3280,78,0.0,0.475,0.625
754654383,"$2,997.00",1393,1604.0,1577,35,0.465,1.12,0.522
719226333,"$11,042.00",2211,8831.0,1140,25,0.2,0.897,0.786
779759058,"$3,386.00",1794,1592.0,1736,40,0.53,0.671,1.105
718206783,"$15,987.00",1648,14339.0,1436,36,0.103,0.732,1.25
715783758,"$25,188.00",1295,23893.0,1513,38,0.051,0.557,0.583
771190083,"$2,410.00",1705,705.0,2505,69,0.707,0.798,0.568
713135883,"$4,315.00",717,3598.0,1723,51,0.166,0.808,0.5
778799583,"$2,592.00",2227,365.0,1695,48,0.859,0.633,0.548
808796208,"$5,476.00",2517,2959.0,1532,44,0.46,0.967,0.692
708313608,"$2,464.00",2116,348.0,2110,43,0.859,0.744,1.048
779330208,"$2,378.00",1610,768.0,1807,45,0.677,0.448,0.607
794498733,"$20,056.00",1602,18454.0,1687,46,0.08,0.466,0.533
807964908,"$8,013.00",2025,5988.0,1481,45,0.253,0.789,0.452
823845783,"$3,386.00",1984,1402.0,1318,37,0.586,0.573,0.194
711748983,"$7,906.00",1631,6275.0,1946,45,0.206,0.889,0.552
718064283,"$11,501.00",713,10788.0,1481,41,0.062,0.84,0.519
710492733,"$13,632.00",1482,12150.0,2168,42,0.109,0.893,2.5
779016408,"$2,229.00",1791,438.0,1583,32,0.803,1.139,0.6
717787533,"$5,158.00",2190,2968.0,1229,34,0.425,0.426,0.478
714851058,"$2,158.00",1729,429.0,1718,42,0.801,1.1,0.448
823535133,"$23,271.00",1262,22009.0,1402,34,0.054,0.718,0.889
708455883,"$10,244.00",861,9383.0,1127,29,0.084,0.78,0.381
780095808,"$2,588.00",1669,919.0,1053,31,0.645,0.788,0.55
709207458,"$10,747.00",1603,9144.0,1340,25,0.149,0.471,0.923
763895958,"$7,474.00",0,7474.0,732,21,0.0,0.858,0.615
715942683,"$3,555.00",0,3555.0,2346,71,0.0,0.813,0.651
721301733,"$22,140.00",733,21407.0,1580,45,0.033,0.987,0.667
711927108,"$9,457.00",350,9107.0,1196,28,0.037,1.024,0.333
718083483,"$6,218.00",2134,4084.0,2086,50,0.343,1.25,0.786
717548358,"$2,580.00",2265,315.0,1665,57,0.878,0.824,0.629
816829608,"$1,438.30",0,1438.3,1495,39,0.0,0.871,0.393
713936583,"$6,224.00",1892,4332.0,2187,58,0.304,0.983,0.657
709682658,"$3,093.00",2517,576.0,1371,23,0.814,0.855,0.917
793889508,"$4,076.00",0,4076.0,1235,37,0.0,0.808,0.682
714648933,"$4,861.00",1123,3738.0,1556,40,0.231,0.938,0.538
711556533,"$9,851.00",0,9851.0,1212,24,0.0,1.034,0.6
717420333,"$7,349.00",2517,4832.0,2701,60,0.342,0.877,0.714
768921933,"$2,853.00",2420,433.0,1750,47,0.848,0.858,0.808
714311583,"$17,023.00",1084,15939.0,1610,43,0.064,0.928,0.387
717707133,"$10,060.00",2322,7738.0,2184,63,0.231,0.894,1.032
716043258,"$1,595.00",870,725.0,1745,41,0.545,0.694,0.577
716343408,"$8,475.00",1385,7090.0,1381,40,0.163,0.611,0.481
718909158,"$5,559.00",658,4901.0,1793,37,0.118,0.627,0.947
719471433,"$2,917.00",2127,790.0,1831,36,0.729,1.074,1.0
712763808,"$6,692.00",2037,4655.0,1468,36,0.304,0.401,0.241
711147483,"$8,551.00",1067,7484.0,1097,32,0.125,0.931,0.778
719788833,"$10,569.00",0,10569.0,1682,44,0.0,0.838,1.0
715168983,"$7,051.00",0,7051.0,1451,37,0.0,0.527,0.194
714306258,"$10,117.00",2242,7875.0,1509,44,0.222,0.662,0.467
713828208,"$8,311.00",0,8311.0,1895,57,0.0,0.584,0.425
710574558,"$26,442.00",1642,24800.0,1403,40,0.062,0.651,0.429
710947683,"$4,920.00",1142,3778.0,1420,31,0.232,0.507,0.348
711113958,"$1,438.30",674,764.3,1717,31,0.469,2.18,0.722
718923858,"$26,750.00",1204,25546.0,1131,29,0.045,0.428,0.318
752666508,"$34,516.00",1347,33169.0,1005,22,0.039,0.801,1.0
712672083,"$1,438.30",747,691.3,948,24,0.519,0.491,0.714
719863758,"$1,869.00",758,1111.0,1549,34,0.406,0.91,0.478
720990183,"$14,539.00",0,14539.0,965,26,0.0,0.907,0.529
720718908,"$26,977.00",1961,25016.0,1958,41,0.073,0.641,1.05
721250358,"$5,426.00",1478,3948.0,1266,22,0.272,0.664,0.571
779773533,"$7,623.00",2517,5106.0,1367,29,0.33,1.007,1.071
708249708,"$4,844.00",1576,3268.0,1489,48,0.325,0.809,0.6
713967783,"$2,683.00",1707,976.0,1582,33,0.636,1.254,0.941
779506158,"$3,214.00",2257,957.0,2516,42,0.702,1.279,0.75
759823158,"$5,374.00",2324,3050.0,1557,49,0.432,0.423,0.4
716608608,"$8,004.00",1452,6552.0,1084,32,0.181,0.929,0.524
789528183,"$1,438.30",997,441.3,2583,47,0.693,1.867,0.958
708895158,"$2,925.00",2365,560.0,1371,30,0.809,0.691,0.579
824805858,"$9,235.00",1479,7756.0,1537,49,0.16,0.843,0.581
720840108,"$8,837.00",2103,6734.0,3753,60,0.238,0.559,0.875
787595658,"$8,801.00",1421,7380.0,1104,31,0.161,0.568,0.292
720244983,"$3,563.00",1707,1856.0,1482,42,0.479,0.506,0.312
713220258,"$8,138.00",2104,6034.0,1299,29,0.259,0.837,0.812
813469458,"$1,438.30",673,765.3,2167,48,0.468,0.595,0.412
788939358,"$2,458.00",1399,1059.0,1563,40,0.569,0.739,1.222
718870158,"$4,592.00",1635,2957.0,1772,52,0.356,0.952,0.486
788673708,"$1,438.30",0,1438.3,1254,35,0.0,1.036,0.842
711809283,"$1,868.00",1515,353.0,2229,35,0.811,1.359,0.667
816513108,"$5,269.00",1099,4170.0,2195,63,0.209,1.178,0.969
718594608,"$20,156.00",1759,18397.0,1362,28,0.087,0.476,0.556
823606983,"$7,410.00",2517,4893.0,2398,37,0.34,1.924,1.176
717028158,"$12,163.00",2082,10081.0,2649,56,0.171,1.554,0.697
788485908,"$6,224.00",0,6224.0,1463,34,0.0,0.738,0.889
714472608,"$4,250.00",1095,3155.0,1174,27,0.258,0.947,0.8
710793783,"$12,059.00",1978,10081.0,1836,36,0.164,0.877,0.895
794340033,"$2,799.00",1762,1037.0,1817,39,0.63,0.986,0.56
716462658,"$18,037.00",0,18037.0,1387,36,0.0,0.74,0.333
718050033,"$5,657.00",1719,3938.0,2028,55,0.304,0.606,0.667
714023808,"$13,770.00",2517,11253.0,1582,36,0.183,0.788,0.385
716341833,"$4,646.00",1730,2916.0,1774,37,0.372,0.683,0.85
719648358,"$2,514.00",1521,993.0,1636,36,0.605,0.638,0.385
816600933,"$14,501.00",0,14501.0,1031,25,0.0,0.854,0.389
714208533,"$8,663.00",288,8375.0,916,33,0.033,0.639,0.32
713095533,"$2,333.00",1485,848.0,1198,31,0.637,0.692,0.722
809967783,"$3,038.00",1539,1499.0,2189,54,0.507,0.707,0.688
715848408,"$8,851.00",0,8851.0,1257,36,0.0,0.731,0.44
714414483,"$2,945.00",2206,739.0,1503,35,0.749,0.983,0.842
708655983,"$5,267.00",0,5267.0,1353,24,0.0,0.442,0.263
720426708,"$8,512.00",0,8512.0,811,27,0.0,1.038,1.25
713743158,"$19,063.00",1714,17349.0,1270,21,0.09,0.786,0.615
721279083,"$5,376.00",1177,4199.0,1840,53,0.219,0.939,0.606
779149683,"$7,772.00",1890,5882.0,2585,75,0.243,0.754,0.829
714970458,"$9,173.00",2047,7126.0,1807,33,0.223,1.419,0.737
719070108,"$34,516.00",1726,32790.0,1729,52,0.05,0.867,0.677
715490733,"$11,975.00",1542,10433.0,1211,35,0.129,0.77,0.4
714989583,"$15,405.00",1691,13714.0,1763,44,0.11,0.814,0.189
820355433,"$2,615.00",0,2615.0,1395,34,0.0,0.589,0.259
715901508,"$23,991.00",2307,21684.0,1843,43,0.096,0.912,0.72
710370483,"$1,888.00",1292,596.0,1517,33,0.684,0.772,1.357
778573233,"$3,102.00",2091,1011.0,1977,50,0.674,0.704,1.0
708833133,"$3,170.00",2517,653.0,2027,49,0.794,1.301,0.815
719885883,"$34,516.00",1901,32615.0,1497,43,0.055,0.914,1.15
712523283,"$14,938.00",0,14938.0,1134,31,0.0,0.49,0.632
711309033,"$17,298.00",2310,14988.0,3663,65,0.134,0.844,0.806
708134283,"$3,131.00",629,2502.0,1483,31,0.201,0.749,0.632
720147633,"$11,915.00",1631,10284.0,1956,63,0.137,0.748,0.537
708983658,"$16,868.00",0,16868.0,940,25,0.0,0.938,0.471
766285608,"$3,266.00",1900,1366.0,2183,56,0.582,1.568,0.75
779715108,"$2,770.00",1286,1484.0,2920,74,0.464,1.068,0.721
798035358,"$3,556.00",2172,1384.0,1221,41,0.611,0.402,0.708
719391783,"$9,149.00",1566,7583.0,1790,60,0.171,0.971,0.765
809342208,"$1,438.30",0,1438.3,2005,47,0.0,0.472,0.469
780713058,"$14,701.00",1635,13066.0,3490,69,0.111,0.618,0.533
779338683,"$14,825.00",962,13863.0,1904,49,0.065,0.76,0.531
783387783,"$10,127.00",1873,8254.0,1647,53,0.185,0.573,0.472
787800108,"$2,929.00",2431,498.0,1903,39,0.83,1.632,0.625
721397808,"$3,735.00",1176,2559.0,1564,41,0.315,1.184,0.708
778698408,"$2,930.00",2024,906.0,1686,34,0.691,0.903,0.7
709545333,"$12,716.00",1496,11220.0,2412,64,0.118,1.032,0.6
716032233,"$22,120.00",1805,20315.0,3981,65,0.082,0.65,0.667
717835908,"$1,438.30",681,757.3,2730,48,0.473,1.542,0.778
719466558,"$4,546.00",0,4546.0,1361,34,0.0,0.66,0.308
778663458,"$1,759.00",0,1759.0,821,18,0.0,1.058,0.5
716024808,"$4,829.00",2418,2411.0,938,21,0.501,0.601,0.4
713008308,"$7,692.00",1678,6014.0,1861,42,0.218,1.423,0.5
794831733,"$2,156.00",1208,948.0,1345,28,0.56,0.569,0.647
713854608,"$9,521.00",1669,7852.0,2444,63,0.175,1.308,0.4
715993608,"$26,714.00",2517,24197.0,1686,50,0.094,0.758,0.724
789368658,"$2,092.00",1387,705.0,1468,30,0.663,0.731,0.304
802817358,"$11,594.00",2072,9522.0,2320,51,0.179,0.983,0.594
708098133,"$2,834.00",1418,1416.0,1598,39,0.5,1.458,0.773
801499908,"$4,724.00",2056,2668.0,1232,31,0.435,0.423,0.55
824770683,"$3,049.00",1151,1898.0,4027,76,0.378,0.533,0.52
718310733,"$20,614.00",0,20614.0,1922,48,0.0,0.926,0.6
708162558,"$3,250.00",1992,1258.0,1355,36,0.613,0.715,0.565
721129383,"$3,128.00",2517,611.0,2361,42,0.805,0.696,0.826
721249158,"$6,414.00",0,6414.0,708,14,0.0,0.718,0.4
721049658,"$2,506.00",0,2506.0,1687,62,0.0,0.598,0.59
806392908,"$7,469.00",2338,5131.0,1212,33,0.313,0.441,0.32
714886533,"$3,460.00",2517,943.0,1752,34,0.727,1.144,1.125
772375533,"$9,959.00",2377,7582.0,1560,39,0.239,1.1,0.696
826775058,"$4,175.00",2517,1658.0,1520,36,0.603,0.551,0.44
711878733,"$10,264.00",2073,8191.0,1685,45,0.202,0.62,0.364
714550383,"$4,129.00",0,4129.0,1678,40,0.0,0.96,1.0
712636308,"$2,658.00",1514,1144.0,1627,26,0.57,1.193,1.0
772139433,"$4,589.00",1240,3349.0,1637,61,0.27,0.856,0.906
709058808,"$2,781.00",1035,1746.0,1707,42,0.372,0.816,1.211
813240408,"$24,880.00",836,24044.0,1208,25,0.034,0.701,1.083
767753958,"$8,504.00",1956,6548.0,1881,51,0.23,0.963,0.417
710111733,"$8,091.00",1996,6095.0,1360,28,0.247,0.646,0.647
761544333,"$3,417.00",2517,900.0,1641,32,0.737,0.992,0.882
788814783,"$9,204.00",845,8359.0,1820,58,0.092,0.673,0.611
715034358,"$14,302.00",2097,12205.0,1505,35,0.147,0.407,0.591
709624533,"$3,187.00",2517,670.0,1627,38,0.79,1.144,0.652
709942383,"$6,313.00",782,5531.0,1703,34,0.124,0.931,0.889
803957508,"$15,904.00",1024,14880.0,1433,33,0.064,0.369,0.5
713378133,"$11,696.00",2288,9408.0,2445,60,0.196,0.973,0.765
709217358,"$20,371.00",1832,18539.0,1665,45,0.09,0.907,0.8
720998358,"$34,516.00",1043,33473.0,1489,38,0.03,0.562,0.357
721051908,"$7,552.00",0,7552.0,1393,32,0.0,0.463,0.455
715232058,"$5,561.00",1434,4127.0,1820,42,0.258,1.423,0.826
806250783,"$1,441.00",0,1441.0,2742,58,0.0,1.364,0.758
817245183,"$19,715.00",1014,18701.0,1979,40,0.051,1.437,0.667
713670333,"$2,486.00",1464,1022.0,1378,27,0.589,0.731,0.421
826477083,"$4,570.00",2439,2131.0,1520,34,0.534,0.693,0.7
788728608,"$3,870.00",1394,2476.0,1588,36,0.36,0.827,0.714
717190533,"$12,938.00",661,12277.0,1282,32,0.051,0.725,0.778
716580033,"$21,178.00",1796,19382.0,1872,59,0.085,1.182,1.107
711644508,"$12,182.00",1136,11046.0,2295,63,0.093,0.753,0.5
714334383,"$3,583.00",0,3583.0,1065,28,0.0,1.088,1.545
720611058,"$17,018.00",0,17018.0,1550,47,0.0,0.69,0.621
712420833,"$16,031.00",2245,13786.0,1527,57,0.14,0.635,0.462
713845083,"$4,203.00",2517,1686.0,1489,43,0.599,0.771,0.536
713756508,"$4,213.00",997,3216.0,1264,30,0.237,0.668,0.667
735565158,"$21,548.00",1180,20368.0,1582,38,0.055,0.52,0.652
714131058,"$18,513.00",2517,15996.0,1567,33,0.136,0.524,0.941
717180633,"$2,483.00",1372,1111.0,1704,35,0.553,1.642,0.458
717295683,"$3,460.00",1881,1579.0,1546,35,0.544,0.622,1.059
713128833,"$6,511.00",1790,4721.0,1478,38,0.275,0.397,0.267
813499458,"$1,438.30",0,1438.3,2132,31,0.0,1.23,0.107
710070183,"$2,615.00",1772,843.0,1419,38,0.678,0.611,0.357
789605658,"$2,985.00",2355,630.0,1065,27,0.789,0.602,0.588
710045058,"$18,797.00",2158,16639.0,1364,40,0.115,0.446,0.538
710164683,"$2,859.00",2517,342.0,2247,36,0.88,1.254,0.636
710802258,"$2,888.00",2245,643.0,1111,26,0.777,0.772,0.368
721036233,"$9,172.00",1567,7605.0,1836,42,0.171,1.451,0.75
710036508,"$14,281.00",1519,12762.0,1164,35,0.106,0.256,0.522
717776808,"$7,353.00",1450,5903.0,2005,54,0.197,0.739,0.459
714906033,"$5,145.00",0,5145.0,1588,35,0.0,0.693,0.944
714273708,"$4,753.00",2472,2281.0,2242,49,0.52,1.274,0.815
721117533,"$2,171.00",1418,753.0,1415,45,0.653,0.505,0.406
715374558,"$4,150.00",456,3694.0,2483,74,0.11,1.126,0.542
824807658,"$9,106.00",2477,6629.0,1239,33,0.272,0.515,0.737
714940608,"$2,686.00",1733,953.0,2057,53,0.645,0.706,0.71
824782008,"$10,239.00",510,9729.0,1228,26,0.05,0.344,0.529
717561108,"$34,516.00",549,33967.0,1629,32,0.016,0.78,0.778
717127083,"$15,017.00",1733,13284.0,2076,58,0.115,0.635,0.487
772460508,"$4,426.00",1530,2896.0,1231,34,0.346,0.518,0.214
720484908,"$2,155.00",0,2155.0,1655,27,0.0,1.423,1.25
771237933,"$20,620.00",1085,19535.0,1477,23,0.053,1.276,0.533
794664183,"$3,238.00",2146,1092.0,1501,45,0.663,0.673,0.667
797488158,"$14,316.00",1081,13235.0,1313,36,0.076,0.67,0.636
708543258,"$2,607.00",1880,727.0,2045,39,0.721,1.464,0.95
778706508,"$6,231.00",0,6231.0,1448,30,0.0,1.054,0.875
712240083,"$3,730.00",2517,1213.0,858,22,0.675,0.853,0.467
713650683,"$3,094.00",2266,828.0,1591,37,0.732,0.724,0.321
772532208,"$6,630.00",916,5714.0,842,24,0.138,0.927,0.5
778929783,"$1,925.00",0,1925.0,781,28,0.0,0.672,0.75
714244383,"$33,406.00",1692,31714.0,1529,30,0.051,1.242,0.875
718797558,"$2,917.00",1357,1560.0,2422,46,0.465,1.593,0.438
712821333,"$9,452.00",2517,6935.0,1825,50,0.266,0.73,0.613
721120008,"$2,162.00",1377,785.0,1555,29,0.637,0.6,0.706
709633533,"$1,438.30",0,1438.3,2789,50,0.0,1.561,1.083
710789058,"$34,516.00",1478,33038.0,1308,41,0.043,0.967,0.414
716174433,"$2,888.00",1134,1754.0,2489,54,0.393,1.479,0.742
789886533,"$3,947.00",1746,2201.0,1110,21,0.442,0.478,0.4
715210308,"$15,970.00",1212,14758.0,1260,32,0.076,0.542,0.524
721038408,"$1,830.00",0,1830.0,1741,43,0.0,0.736,0.654
713325108,"$7,712.00",2517,5195.0,1845,40,0.326,0.676,0.739
720352533,"$20,811.00",1425,19386.0,1483,38,0.068,0.382,0.52
708431433,"$11,789.00",1420,10369.0,1463,32,0.12,0.659,0.684
716996583,"$3,073.00",1792,1281.0,1734,35,0.583,1.099,1.188
718699683,"$34,516.00",0,34516.0,1733,54,0.0,0.691,0.636
771359958,"$34,516.00",2517,31999.0,1689,42,0.073,0.887,1.1
716604633,"$6,725.00",2025,4700.0,1865,53,0.301,0.604,0.767
813952233,"$2,978.00",2134,844.0,1413,46,0.717,0.579,0.394
713053383,"$34,516.00",781,33735.0,853,12,0.023,0.803,0.091
709979583,"$34,516.00",854,33662.0,1999,54,0.025,0.928,0.8
709380333,"$24,545.00",1735,22810.0,1671,45,0.071,0.664,0.5
778574283,"$1,438.30",0,1438.3,2118,64,0.0,0.743,0.455
789875883,"$2,490.00",627,1863.0,1391,45,0.252,0.345,0.364
714661233,"$10,074.00",2517,7557.0,1729,52,0.25,0.77,0.926
813915933,"$2,259.00",954,1305.0,1393,35,0.422,0.695,0.842
708358683,"$34,516.00",1236,33280.0,1665,40,0.036,0.549,0.667
824761458,"$9,519.00",1936,7583.0,2489,62,0.203,0.929,1.0
715362183,"$3,706.00",1043,2663.0,1688,38,0.281,0.384,0.583
721194858,"$4,438.00",2472,1966.0,1725,60,0.557,0.69,0.622
803595858,"$1,438.30",0,1438.3,594,14,0.0,0.597,0.556
716198358,"$2,372.00",1887,485.0,1852,55,0.796,0.8,0.618
714173808,"$4,214.00",1249,2965.0,1389,34,0.296,0.542,0.478
709465758,"$1,438.30",0,1438.3,902,31,0.0,0.699,0.409
714081558,"$2,613.00",1599,1014.0,1387,31,0.612,0.749,0.722
717364458,"$4,331.00",1445,2886.0,2053,33,0.334,1.07,1.75
778755858,"$3,665.00",1725,1940.0,1881,55,0.471,0.495,0.618
710754933,"$1,438.30",0,1438.3,840,20,0.0,0.94,0.818
720007383,"$4,411.00",2517,1894.0,803,15,0.571,0.988,0.875
810220833,"$15,871.00",2086,13785.0,1562,43,0.131,0.745,0.955
718362783,"$12,643.00",0,12643.0,787,21,0.0,0.393,0.167
708267858,"$6,088.00",2145,3943.0,2098,52,0.352,1.371,0.733
708856983,"$13,873.00",0,13873.0,694,18,0.0,0.233,0.286
715588908,"$6,158.00",0,6158.0,3132,66,0.0,1.411,0.784
772674933,"$5,638.00",808,4830.0,2036,50,0.143,0.781,0.613
720148983,"$2,178.00",1144,1034.0,1724,47,0.525,1.585,1.043
720650208,"$12,588.00",2005,10583.0,1561,26,0.159,0.996,1.0
769732233,"$11,942.00",1651,10291.0,1085,29,0.138,0.598,0.208
713030958,"$3,914.00",0,3914.0,1964,54,0.0,0.524,0.8
711320508,"$3,038.00",1410,1628.0,1762,34,0.464,0.644,0.7
795795408,"$5,579.00",1423,4156.0,1514,47,0.255,0.503,1.136
717904383,"$18,693.00",2052,16641.0,1516,44,0.11,0.5,0.63
714115533,"$2,943.00",1789,1154.0,2591,55,0.608,1.271,0.897
712475733,"$2,435.00",1888,547.0,1847,39,0.775,0.922,0.696
718996758,"$2,077.00",1392,685.0,1629,36,0.67,1.553,1.25
713049933,"$5,756.00",0,5756.0,2144,44,0.0,1.046,0.63
709961958,"$21,065.00",2517,18548.0,1060,32,0.119,0.84,0.333
718301508,"$9,428.00",1765,7663.0,1457,43,0.187,0.587,0.593
714831033,"$6,065.00",1728,4337.0,1114,27,0.285,0.417,0.688
710653158,"$5,024.00",1613,3411.0,1925,40,0.321,0.758,0.667
721265883,"$2,174.00",1514,660.0,2510,44,0.696,0.607,0.294
715049583,"$3,398.00",2341,1057.0,1169,31,0.689,0.714,0.409
715394883,"$4,319.00",1151,3168.0,1852,47,0.266,0.594,0.424
773448558,"$3,673.00",2292,1381.0,1257,34,0.624,0.637,0.545
717249783,"$1,815.00",740,1075.0,1931,67,0.408,1.124,0.718
708344358,"$2,495.00",1354,1141.0,1311,31,0.543,0.623,0.476
712003083,"$34,516.00",2102,32414.0,1612,33,0.061,0.912,0.737
754282908,"$3,368.00",844,2524.0,2022,59,0.251,0.838,0.686
717412608,"$7,225.00",0,7225.0,738,16,0.0,0.419,0.231
719412258,"$5,202.00",815,4387.0,1558,48,0.157,1.108,0.778
788675658,"$1,923.00",845,1078.0,1670,37,0.439,0.587,0.682
717683583,"$6,929.00",1691,5238.0,1388,27,0.244,0.534,0.929
820584408,"$4,364.00",1507,2857.0,1392,38,0.345,1.05,1.375
719392833,"$2,400.00",1613,787.0,1311,34,0.672,0.629,0.417
718595583,"$25,878.00",1733,24145.0,1777,54,0.067,0.438,0.862
778508883,"$11,876.00",1926,9950.0,1367,33,0.162,0.51,0.737
715511658,"$4,568.00",0,4568.0,1431,27,0.0,0.979,0.688
711999783,"$4,740.00",1348,3392.0,1406,23,0.284,0.472,0.533
753856008,"$4,949.00",1495,3454.0,3597,64,0.302,0.791,0.684
789920883,"$11,189.00",2517,8672.0,2959,58,0.225,2.041,1.231
788677533,"$34,516.00",1197,33319.0,1594,43,0.035,0.669,1.15
716284308,"$6,099.00",2175,3924.0,1319,34,0.357,0.582,0.545
712120608,"$3,575.00",1884,1691.0,861,15,0.527,0.384,1.5
715482483,"$3,184.00",1421,1763.0,2253,59,0.446,0.712,0.439
708480333,"$2,163.00",932,1231.0,2229,57,0.431,1.127,0.839
826723308,"$3,452.00",2088,1364.0,1008,21,0.605,0.768,0.4
801369258,"$4,466.00",777,3689.0,1757,59,0.174,1.02,0.595
709584483,"$3,030.00",2517,513.0,1805,44,0.831,0.785,0.467
715708308,"$2,112.00",1594,518.0,1338,29,0.755,1.204,2.222
779707308,"$7,583.00",1619,5964.0,2229,53,0.214,1.468,1.208
711688158,"$11,760.00",2306,9454.0,1498,49,0.196,0.616,0.96
711848658,"$2,259.00",1776,483.0,1790,31,0.786,1.292,0.824
715855083,"$19,762.00",507,19255.0,2793,67,0.026,0.85,0.595
778971408,"$2,803.00",1848,955.0,1968,64,0.659,0.614,0.524
711648708,"$25,666.00",756,24910.0,4088,84,0.029,0.69,0.867
713149683,"$9,297.00",1668,7629.0,1264,31,0.179,0.521,0.632
771903033,"$2,999.00",1247,1752.0,2017,40,0.416,0.962,0.6
737925558,"$4,234.00",1893,2341.0,1439,42,0.447,0.585,0.355
803347908,"$15,987.00",0,15987.0,2327,65,0.0,1.494,0.806
817285758,"$16,435.00",0,16435.0,1721,56,0.0,0.676,0.514
711480108,"$5,335.00",2145,3190.0,1888,43,0.402,0.879,0.433
709662708,"$3,506.00",1604,1902.0,1953,61,0.458,0.574,0.649
709224858,"$3,610.00",1629,1981.0,1652,40,0.451,0.821,0.481
821771508,"$3,172.00",2055,1117.0,1939,36,0.648,0.663,0.636
712216533,"$8,206.00",763,7443.0,1715,43,0.093,0.87,0.72
710522433,"$2,416.00",1499,917.0,2372,53,0.62,0.905,0.514
779046408,"$2,458.00",1880,578.0,1238,30,0.765,0.759,0.579
708595158,"$1,677.00",1598,79.0,2389,43,0.953,0.994,0.536
757266933,"$11,819.00",929,10890.0,2431,46,0.079,0.773,0.484
816776283,"$34,516.00",1797,32719.0,1534,30,0.052,1.314,0.875
719904333,"$1,459.00",590,869.0,2229,52,0.404,1.164,1.08
718264233,"$1,458.00",671,787.0,2449,56,0.46,1.583,0.931
784798683,"$1,438.30",0,1438.3,1999,39,0.0,0.846,0.56
710899833,"$7,758.00",1408,6350.0,569,23,0.181,0.365,0.643
780025908,"$10,836.00",1932,8904.0,1293,31,0.178,0.563,0.824
713610033,"$5,062.00",1996,3066.0,1314,40,0.394,0.591,0.429
709364433,"$3,399.00",2173,1226.0,1571,34,0.639,0.795,1.0
713086908,"$2,212.00",1670,542.0,2520,51,0.755,0.777,0.545
709793133,"$3,186.00",2470,716.0,1531,37,0.775,0.58,0.233
710032608,"$5,927.00",2320,3607.0,1558,46,0.391,0.544,0.643
779351208,"$5,176.00",0,5176.0,1902,56,0.0,0.838,0.931
719776608,"$3,126.00",0,3126.0,1388,41,0.0,0.824,0.464
709220583,"$4,670.00",0,4670.0,2256,56,0.0,0.883,0.6
719555733,"$2,162.00",1592,570.0,1736,42,0.736,0.547,0.615
740852733,"$10,155.00",1805,8350.0,1685,49,0.178,0.673,0.815
709528308,"$15,242.00",1170,14072.0,1876,57,0.077,0.496,0.5
715127208,"$34,516.00",2517,31999.0,1699,48,0.073,0.697,0.846
817144458,"$1,438.30",1228,210.3,2580,67,0.854,1.132,0.971
710628783,"$34,516.00",1140,33376.0,1445,45,0.033,0.815,0.957
772145658,"$16,043.00",2036,14007.0,1394,28,0.127,0.7,0.75
739594758,"$3,181.00",2517,664.0,818,16,0.791,0.595,0.455
789198708,"$27,088.00",0,27088.0,1135,24,0.0,0.581,0.846
720953658,"$5,688.00",914,4774.0,1824,53,0.161,1.099,1.038
771330558,"$10,462.00",1824,8638.0,1267,31,0.174,0.736,0.55
714078558,"$5,249.00",0,5249.0,1315,31,0.0,0.758,0.722
712207683,"$5,155.00",684,4471.0,1555,37,0.133,0.588,0.48
788826408,"$10,705.00",1352,9353.0,2434,58,0.126,1.171,0.812
790128033,"$16,494.00",1348,15146.0,1302,36,0.082,0.759,0.385
718082208,"$6,469.00",2351,4118.0,1717,50,0.363,1.018,0.667
712037358,"$5,146.00",1773,3373.0,1509,45,0.345,0.879,0.667
711711483,"$2,800.00",2448,352.0,1433,40,0.874,0.549,0.481
718861458,"$5,159.00",1532,3627.0,1826,37,0.297,0.787,0.609
709426608,"$5,248.00",1816,3432.0,2305,45,0.346,0.696,0.731
811457058,"$5,881.00",2005,3876.0,1931,56,0.341,0.659,0.806
773073558,"$1,467.00",896,571.0,1731,54,0.611,0.692,0.5
715937133,"$4,999.00",2299,2700.0,1601,48,0.46,0.716,0.5
713480583,"$4,668.00",0,4668.0,1612,47,0.0,0.89,1.474
716383683,"$1,438.30",0,1438.3,1338,28,0.0,0.7,0.867
713693958,"$8,638.00",0,8638.0,1295,29,0.0,0.489,0.381
715443708,"$9,343.00",1286,8057.0,1385,31,0.138,0.712,0.722
770769483,"$2,256.00",775,1481.0,1749,33,0.344,0.879,0.435
789326808,"$8,267.00",1720,6547.0,1917,37,0.208,0.633,0.48
712105533,"$2,235.00",1638,597.0,2905,56,0.733,0.912,0.806
720674133,"$3,735.00",2027,1708.0,1672,48,0.543,0.79,0.655
779216358,"$2,111.00",0,2111.0,773,17,0.0,0.531,0.133
717322833,"$10,604.00",1988,8616.0,1578,30,0.187,0.644,0.579
710279508,"$21,782.00",1006,20776.0,1537,35,0.046,0.654,0.591
712168833,"$2,133.00",1469,664.0,1426,37,0.689,0.831,0.682
780581508,"$16,677.00",1590,15087.0,1410,37,0.095,0.885,0.609
711957708,"$2,717.00",1591,1126.0,2064,33,0.586,1.596,1.062
778782858,"$3,980.00",930,3050.0,4449,82,0.234,0.72,0.608
712924383,"$8,411.00",979,7432.0,990,22,0.116,1.029,0.375
709366458,"$2,227.00",1394,833.0,1972,41,0.626,1.481,0.864
796990908,"$34,516.00",1872,32644.0,2227,61,0.054,1.068,1.103
715702758,"$1,860.00",0,1860.0,1731,29,0.0,0.992,0.611
788974608,"$2,829.00",2342,487.0,1561,41,0.828,0.991,1.05
714790008,"$3,764.00",0,3764.0,1572,57,0.0,0.583,0.357
787438983,"$4,559.00",1664,2895.0,1652,37,0.365,0.871,0.609
713834358,ERR_VAL,1492,3209.0,1679,32,0.317,0.805,0.455
710084883,"$1,631.00",0,1631.0,2962,57,0.0,1.893,1.111
710736558,"$8,096.00",1474,6622.0,1794,41,0.182,0.789,0.783
788915283,"$2,304.00",1589,715.0,1273,36,0.69,0.872,0.895
714916758,"$5,210.00",0,5210.0,1309,45,0.0,0.531,0.607
789611283,"$5,452.00",2091,3361.0,1347,30,0.384,0.813,0.5
773288958,"$7,475.00",1473,6002.0,1592,30,0.197,0.775,0.429
811721133,"$2,359.00",1242,1117.0,2021,50,0.526,1.043,0.613
813961233,"$4,237.00",1676,2561.0,2465,88,0.396,0.786,0.725
783020958,"$18,582.00",794,17788.0,1836,46,0.043,0.717,0.586
715764483,"$7,202.00",974,6228.0,1397,33,0.135,0.517,0.5
798110358,"$1,438.30",0,1438.3,1417,35,0.0,0.693,0.591
715745508,"$11,221.00",1279,9942.0,1564,45,0.114,1.116,1.647
714350658,"$18,889.00",1880,17009.0,2979,55,0.1,0.702,0.774
826478958,"$2,066.00",1601,465.0,1578,41,0.775,0.742,0.414
719127558,"$34,516.00",1075,33441.0,3015,65,0.031,0.727,0.477
712454958,"$2,742.00",1416,1326.0,1539,38,0.516,0.761,1.111
718561458,"$20,050.00",1225,18825.0,1306,26,0.061,0.907,0.238
822984108,"$3,046.00",2279,767.0,2330,69,0.748,0.611,0.643
719469333,"$6,193.00",695,5498.0,2456,69,0.112,0.632,0.725
720871383,"$5,634.00",1996,3638.0,2366,49,0.354,1.589,0.69
788827308,"$4,507.00",1574,2933.0,1793,38,0.349,0.744,0.652
710180958,"$3,040.00",2517,523.0,1598,31,0.828,0.493,0.476
778346283,"$21,006.00",1905,19101.0,1856,57,0.091,0.701,0.781
787547208,"$7,326.00",1710,5616.0,1852,62,0.233,1.171,1.0
714983283,"$3,651.00",0,3651.0,862,19,0.0,0.977,1.111
789344358,"$3,416.00",2468,948.0,1536,42,0.722,0.598,0.556
710406633,"$3,664.00",0,3664.0,1168,31,0.0,0.839,0.409
767653233,"$6,085.00",930,5155.0,3154,59,0.153,1.307,0.967
719461008,"$22,332.00",1748,20584.0,1318,28,0.078,0.841,0.647
789731433,"$2,063.00",1390,673.0,2602,42,0.674,0.877,0.556
775198608,"$4,429.00",0,4429.0,1970,40,0.0,1.065,0.818
717567333,"$3,991.00",1982,2009.0,1661,35,0.497,0.748,0.944
772794108,"$2,201.00",651,1550.0,3165,65,0.296,0.825,0.585
712072908,"$2,852.00",736,2116.0,1382,40,0.258,0.386,0.29
709328733,"$9,723.00",2459,7264.0,1258,24,0.253,0.444,1.0
788107683,"$5,325.00",1318,4007.0,1814,43,0.248,1.045,0.593
713757633,"$7,427.00",1303,6124.0,1596,42,0.175,0.61,0.909
713279808,"$5,619.00",1310,4309.0,1816,30,0.233,1.276,1.143
712440483,"$5,413.00",1836,3577.0,1164,43,0.339,0.766,0.593
715078383,"$7,646.00",1010,6636.0,1667,47,0.132,0.421,0.469
709214358,"$2,420.00",1422,998.0,1362,24,0.588,0.731,0.714
778399008,"$4,252.00",0,4252.0,1598,45,0.0,0.478,0.324
811534983,"$2,031.00",1069,962.0,1943,47,0.526,0.87,0.621
719728383,"$6,861.00",1598,5263.0,2228,39,0.233,2.103,0.95
718726833,"$3,327.00",0,3327.0,1665,36,0.0,1.089,0.636
780605508,"$2,885.00",1433,1452.0,1170,23,0.497,1.017,0.769
719450508,"$7,272.00",2037,5235.0,2333,56,0.28,0.795,0.697
711213108,"$34,516.00",0,34516.0,2305,60,0.0,0.845,0.714
708488208,"$2,515.00",1922,593.0,2231,58,0.764,1.181,0.611
717206508,"$2,798.00",1806,992.0,1543,35,0.645,0.765,0.591
821836008,"$34,516.00",2099,32417.0,1233,26,0.061,0.629,0.857
807244983,"$1,438.30",680,758.3,2283,55,0.473,0.512,0.571
821872758,"$12,609.00",2517,10092.0,2121,49,0.2,0.833,0.531
809959683,"$19,159.00",2108,17051.0,1813,52,0.11,0.69,0.576
715079208,"$9,642.00",2517,7125.0,1401,35,0.261,0.614,0.458
767049258,"$8,396.00",1672,6724.0,1475,35,0.199,0.602,0.75
709579383,"$6,978.00",1148,5830.0,1362,26,0.165,1.645,1.0
781923483,"$2,459.00",1733,726.0,2309,62,0.705,1.216,0.632
718654533,"$12,956.00",0,12956.0,2492,56,0.0,1.053,0.931
716169258,"$7,128.00",1560,5568.0,1468,44,0.219,0.573,0.76
713908683,"$18,749.00",1314,17435.0,1381,33,0.07,0.711,0.435
708212658,"$2,193.00",1260,933.0,1799,47,0.575,0.886,0.567
756013833,"$4,522.00",1861,2661.0,1806,38,0.412,0.957,0.727
719358333,"$2,157.00",574,1583.0,1663,33,0.266,0.825,0.32
713735508,"$11,927.00",675,11252.0,1986,36,0.057,0.574,0.636
805259733,"$11,341.00",0,11341.0,1731,46,0.0,0.412,0.586
738749733,"$7,345.00",1814,5531.0,1390,30,0.247,0.472,0.25
814833408,"$6,036.00",1409,4627.0,1741,45,0.233,0.56,0.364
719182308,"$2,096.00",1567,529.0,1559,49,0.748,0.778,1.042
818497758,"$1,906.00",1271,635.0,1343,37,0.667,0.574,0.682
719518308,"$5,039.00",0,5039.0,1390,23,0.0,0.757,0.769
709991883,"$6,214.00",1147,5067.0,938,35,0.185,0.861,0.75
770901258,"$1,512.00",810,702.0,2558,44,0.536,1.294,0.571
711499158,"$34,516.00",733,33783.0,3018,60,0.021,1.229,0.538
720445533,"$3,346.00",922,2424.0,1276,21,0.276,0.913,0.75
809951133,"$34,516.00",0,34516.0,2115,24,0.0,1.203,0.263
714657108,"$6,660.00",1362,5298.0,2660,51,0.205,1.36,0.759
789048858,"$2,234.00",1865,369.0,2115,59,0.835,0.732,0.439
771816408,"$9,671.00",704,8967.0,2955,66,0.073,0.699,0.941
798158808,"$6,605.00",1479,5126.0,2017,47,0.224,0.739,0.679
787685658,"$3,083.00",1898,1185.0,1448,30,0.616,1.042,2.0
720141408,"$5,456.00",951,4505.0,1096,27,0.174,0.737,0.588
788699808,"$4,394.00",0,4394.0,1538,43,0.0,0.889,0.536
708216108,"$4,088.00",1557,2531.0,2250,39,0.381,1.248,0.857
715074258,"$3,930.00",0,3930.0,2067,42,0.0,0.758,0.355
771653583,"$4,188.00",1147,3041.0,1276,25,0.274,1.042,1.083
717374358,"$3,637.00",1998,1639.0,2161,56,0.549,1.412,0.931
720836808,"$11,521.00",1147,10374.0,2260,68,0.1,1.023,1.125
818701383,"$2,253.00",1667,586.0,1641,45,0.74,0.884,0.667
717277833,"$2,339.00",2080,259.0,2294,45,0.889,1.067,0.452
778137108,"$30,503.00",2517,27986.0,1860,47,0.083,0.462,0.306
720973833,"$4,596.00",0,4596.0,2872,62,0.0,0.93,0.722
768490458,"$5,701.00",2517,3184.0,961,32,0.442,0.716,0.524
751487358,"$3,221.00",0,3221.0,1765,40,0.0,0.678,0.6
712742808,"$3,022.00",1142,1880.0,1184,21,0.378,0.403,0.615
712820208,"$2,699.00",1609,1090.0,2141,56,0.596,0.893,0.806
794649858,"$2,210.00",1624,586.0,1287,37,0.735,0.627,0.48
755262933,"$1,438.30",0,1438.3,1446,38,0.0,0.77,0.81
709541433,"$2,041.00",1687,354.0,1555,45,0.827,0.677,0.552
820622433,"$3,250.00",1698,1552.0,2006,58,0.522,0.767,0.568
712586583,"$1,643.00",1101,542.0,2152,50,0.67,0.713,0.471
709816158,"$34,516.00",0,34516.0,2183,60,0.0,0.791,1.069
712196508,"$29,543.00",1164,28379.0,1015,27,0.039,0.717,0.35
767269908,"$3,158.00",0,3158.0,2973,63,0.0,1.209,0.969
710927733,"$2,899.00",1999,900.0,1687,35,0.69,0.832,0.591
711310908,"$2,972.00",2160,812.0,2552,62,0.727,0.956,0.676
788862333,"$5,645.00",0,5645.0,1527,32,0.0,1.05,0.455
713194608,"$2,463.00",1751,712.0,2171,58,0.711,0.854,0.758
793550958,"$1,438.30",0,1438.3,1501,40,0.0,0.8,0.739
712607583,"$34,516.00",1477,33039.0,2395,50,0.043,1.234,0.724
713921058,"$2,897.00",1601,1296.0,1337,25,0.553,0.878,0.471
709183683,"$5,391.00",0,5391.0,1971,56,0.0,1.075,0.6
713407458,"$2,870.00",2284,586.0,3946,74,0.796,0.661,0.574
715241583,"$23,959.00",2517,21442.0,1870,45,0.105,0.926,0.667
710475408,"$14,918.00",2028,12890.0,2171,35,0.136,1.342,1.059
708971583,"$3,590.00",1924,1666.0,1472,37,0.536,0.573,0.762
714547458,"$2,297.00",0,2297.0,1941,51,0.0,0.511,0.417
827631483,"$25,058.00",1710,23348.0,2053,55,0.068,0.613,0.528
711159108,"$7,418.00",396,7022.0,911,26,0.053,0.826,1.0
789262683,"$3,012.00",0,3012.0,1315,23,0.0,0.538,0.278
712940508,"$4,562.00",1721,2841.0,1896,50,0.377,0.896,1.5
789733008,"$10,723.00",1529,9194.0,2938,63,0.143,1.426,0.703
714703158,"$1,578.00",760,818.0,2017,43,0.482,0.709,0.955
710255208,"$2,094.00",1560,534.0,1969,41,0.745,0.537,0.367
779236083,"$4,138.00",0,4138.0,2420,50,0.0,1.168,0.613
713438358,"$5,417.00",1904,3513.0,1768,56,0.351,0.496,0.556
715973583,"$34,516.00",1047,33469.0,1378,30,0.03,0.61,0.429
794113758,"$9,592.00",1968,7624.0,1821,55,0.205,0.61,0.447
709452633,"$8,881.00",2145,6736.0,2027,49,0.242,0.705,0.815
788210583,"$1,438.30",0,1438.3,1843,49,0.0,0.795,0.581
717784983,"$3,893.00",1157,2736.0,1536,39,0.297,1.169,0.773
786557358,"$3,242.00",799,2443.0,1424,37,0.246,0.459,0.028
768460908,"$6,035.00",1392,4643.0,1551,32,0.231,0.361,0.6
718899708,"$17,642.00",1846,15796.0,2148,54,0.105,0.72,0.862
714697533,"$4,327.00",0,4327.0,2344,48,0.0,0.624,0.297
713206683,"$34,516.00",0,34516.0,1028,26,0.0,0.64,0.3
708679383,"$4,852.00",1777,3075.0,1775,55,0.366,0.667,1.037
713067033,"$7,147.00",1424,5723.0,2539,50,0.199,0.821,1.273
789314133,"$10,320.00",1799,8521.0,1754,45,0.174,0.75,0.5
713956308,"$3,297.00",2297,1000.0,1894,56,0.697,0.744,0.556
711595833,"$9,981.00",807,9174.0,1456,30,0.081,0.655,0.667
779521533,"$3,329.00",1092,2237.0,1978,33,0.328,1.466,0.833
715225458,"$5,991.00",1993,3998.0,1867,53,0.333,0.673,0.767
716487408,"$3,235.00",2517,718.0,1637,43,0.778,1.091,0.87
719338383,"$6,259.00",1063,5196.0,1836,50,0.17,0.668,0.515
710523333,"$2,541.00",1616,925.0,1416,27,0.636,0.417,0.588
787489083,"$21,351.00",2517,18834.0,1887,32,0.118,0.818,0.882
720747633,"$8,998.00",1471,7527.0,1931,48,0.163,0.844,0.371
779480658,"$10,247.00",1600,8647.0,1754,44,0.156,0.63,0.692
711498258,"$20,311.00",1655,18656.0,1266,34,0.081,0.431,0.308
709316433,"$33,182.00",1997,31185.0,1630,43,0.06,0.755,0.87
778734108,"$1,686.00",1252,434.0,1758,42,0.743,0.575,1.1
778388358,"$4,742.00",855,3887.0,870,24,0.18,0.635,0.5
716773533,"$1,726.00",1215,511.0,1712,48,0.704,1.175,0.548
822130683,"$8,420.00",1389,7031.0,1114,34,0.165,0.522,0.545
717268458,"$3,352.00",1713,1639.0,1952,50,0.511,0.657,0.667
827888433,"$6,648.00",2242,4406.0,2089,60,0.337,0.79,0.579
716522583,"$2,335.00",1845,490.0,1362,33,0.79,0.537,0.269
789415983,"$12,397.00",1001,11396.0,1888,42,0.081,0.756,0.448
719819958,"$1,438.30",708,730.3,2243,43,0.492,1.212,0.483
769579608,"$2,240.00",1601,639.0,3795,70,0.715,0.833,0.75
772353408,"$5,330.00",1161,4169.0,1441,43,0.218,0.558,0.387
716615583,"$1,795.00",794,1001.0,1834,59,0.442,0.953,1.107
781131483,"$5,741.00",1894,3847.0,2170,51,0.33,1.111,0.962
719101908,"$2,002.00",1248,754.0,1585,40,0.623,0.502,0.905
720521808,"$25,662.00",1515,24147.0,1484,36,0.059,0.556,0.636
718136283,"$22,103.00",1515,20588.0,1541,29,0.069,0.506,0.318
778855383,"$1,438.30",0,1438.3,1975,40,0.0,1.028,0.6
779722308,"$12,355.00",0,12355.0,1044,28,0.0,0.912,0.273
818926833,"$2,000.00",0,2000.0,1944,42,0.0,0.782,0.75
721217283,"$8,713.00",1354,7359.0,2094,36,0.155,0.558,0.333
717167283,"$9,165.00",0,9165.0,1846,56,0.0,0.597,0.647
713371233,"$11,583.00",631,10952.0,3320,55,0.054,0.714,0.774
778426608,"$1,438.30",702,736.3,1805,53,0.488,0.805,0.606
713823033,"$8,149.00",0,8149.0,808,30,0.0,0.331,0.111
787515333,"$3,616.00",1151,2465.0,820,21,0.318,0.687,0.75
710944608,"$8,434.00",2222,6212.0,1414,27,0.263,0.691,0.929
718444233,"$9,791.00",1311,8480.0,1649,59,0.134,0.704,0.513
771099183,"$8,444.00",1945,6499.0,2497,74,0.23,0.703,0.609
770241333,"$2,228.00",1003,1225.0,2104,44,0.45,1.119,0.467
710819733,"$12,211.00",0,12211.0,903,29,0.0,0.642,0.526
772155108,"$1,438.30",0,1438.3,1445,38,0.0,0.702,0.31
798796233,"$1,586.00",1038,548.0,1724,24,0.654,0.973,0.714
815472108,"$2,247.00",1045,1202.0,1300,31,0.465,0.952,0.55
769145733,"$2,789.00",1584,1205.0,2688,60,0.568,0.996,0.714
783364233,"$4,241.00",0,4241.0,1798,45,0.0,0.607,0.731
772236108,"$8,398.00",1892,6506.0,1489,29,0.225,0.861,0.526
715640358,"$4,112.00",768,3344.0,1334,40,0.187,0.413,0.429
713529858,"$15,578.00",1383,14195.0,2492,71,0.089,0.794,0.614
715684308,"$4,008.00",1636,2372.0,1395,43,0.408,0.637,0.955
709451508,"$12,766.00",0,12766.0,1191,28,0.0,0.668,0.647
709204158,"$3,438.00",1129,2309.0,2331,56,0.328,0.605,0.436
713182458,"$16,692.00",2446,14246.0,1288,29,0.147,0.853,0.45
710624658,"$4,066.00",1639,2427.0,3040,56,0.403,1.749,0.931
716355783,"$13,080.00",0,13080.0,1999,44,0.0,0.685,0.571
716793108,"$1,934.00",1070,864.0,2334,61,0.553,0.448,0.452
716162583,"$3,230.00",2517,713.0,1931,57,0.779,0.615,0.425
714051033,"$3,615.00",1699,1916.0,1967,40,0.47,0.576,0.538
715007583,"$1,801.00",0,1801.0,3193,62,0.0,1.234,1.48
719139558,"$2,665.00",1567,1098.0,2514,64,0.588,0.586,0.455
794632308,"$28,822.00",2517,26305.0,1504,35,0.087,0.492,0.296
770662383,"$14,632.00",1158,13474.0,1399,36,0.079,0.501,0.5
714787383,"$6,715.00",1314,5401.0,1731,41,0.196,0.987,0.519
714700158,"$6,658.00",1761,4897.0,1309,40,0.264,0.489,0.6
710581758,"$3,360.00",1219,2141.0,1309,30,0.363,0.412,1.0
720497958,"$14,853.00",0,14853.0,1800,41,0.0,1.025,0.519
720920058,"$4,800.00",1212,3588.0,2935,62,0.252,1.254,0.879
710872233,"$4,610.00",0,4610.0,2280,49,0.0,0.794,0.4
709855608,"$1,438.30",981,457.3,1114,33,0.682,0.663,0.65
815484783,"$8,377.00",1211,7166.0,1797,44,0.145,0.813,1.2
771602883,"$4,147.00",1719,2428.0,1776,44,0.415,0.875,0.571
755953308,"$2,644.00",2207,437.0,1194,30,0.835,0.866,0.765
758408883,"$13,355.00",1631,11724.0,1921,37,0.122,1.113,0.85
717940008,"$3,251.00",1887,1364.0,3228,67,0.58,1.007,0.763
720917808,"$2,100.00",950,1150.0,2623,74,0.452,0.764,1.114
812801958,"$3,566.00",1401,2165.0,2425,54,0.393,0.903,0.8
714997683,"$14,915.00",1111,13804.0,1388,35,0.074,0.846,0.667
709379283,"$13,003.00",0,13003.0,1697,40,0.0,0.877,1.105
711840408,"$2,492.00",1424,1068.0,1375,30,0.571,0.485,0.364
785328408,"$1,758.00",1180,578.0,2013,41,0.671,0.744,0.367
719873808,"$5,510.00",1604,3906.0,1995,53,0.291,0.551,0.262
715528983,"$17,196.00",1646,15550.0,1466,41,0.096,0.542,1.278
720254883,"$5,877.00",1697,4180.0,2494,58,0.289,1.058,0.706
811980858,"$7,667.00",0,7667.0,1501,35,0.0,0.632,0.667
711330408,"$2,939.00",1865,1074.0,2077,47,0.635,0.932,0.679
718465458,"$5,898.00",1348,4550.0,1002,21,0.229,0.64,1.333
710616183,"$19,995.00",0,19995.0,1879,34,0.0,0.65,0.7
714580158,"$2,773.00",2080,693.0,3567,73,0.75,0.695,0.622
710798883,"$3,323.00",2310,1013.0,1599,47,0.695,0.749,0.808
720511608,"$16,049.00",799,15250.0,1989,33,0.05,0.777,0.571
708913233,"$3,601.00",1236,2365.0,1802,34,0.343,0.726,0.478
788038383,"$2,307.00",1385,922.0,2440,48,0.6,1.515,0.846
719905908,"$3,742.00",1175,2567.0,1505,31,0.314,0.514,0.824
807044958,"$2,937.00",869,2068.0,2171,45,0.296,1.493,0.875
719514783,"$3,209.00",2517,692.0,1292,37,0.784,0.431,0.762
787643658,"$12,554.00",2169,10385.0,1422,30,0.173,0.529,0.579
779138883,"$4,702.00",0,4702.0,1673,44,0.0,0.578,0.257
708173433,"$5,645.00",2324,3321.0,2482,57,0.412,0.655,0.727
778401033,"$14,308.00",1889,12419.0,1659,39,0.132,1.053,1.167
818375733,"$4,882.00",695,4187.0,1544,44,0.142,0.508,0.517
711048783,"$33,405.00",0,33405.0,1345,34,0.0,0.535,0.619
721415658,"$2,700.00",2220,480.0,2901,59,0.822,1.595,1.36
717961458,"$2,934.00",2381,553.0,3396,64,0.812,0.762,0.778
718563483,"$1,548.00",0,1548.0,2611,64,0.0,0.828,0.455
717128283,"$5,525.00",2409,3116.0,2305,33,0.436,0.929,0.941
718068933,"$5,750.00",1521,4229.0,2155,61,0.265,0.837,0.605
718623783,"$27,157.00",1547,25610.0,1535,38,0.057,0.487,0.267
716565258,"$12,830.00",0,12830.0,2526,54,0.0,0.774,0.588
712505658,"$5,530.00",1999,3531.0,1766,45,0.361,1.018,0.667
792565908,"$2,684.00",1474,1210.0,2346,51,0.549,1.042,1.04
709267308,"$2,437.00",1400,1037.0,1651,32,0.574,0.779,1.0
710035008,"$3,827.00",1397,2430.0,2491,64,0.365,0.88,1.0
790082508,"$34,516.00",1658,32858.0,2935,65,0.048,1.095,0.711
716866308,"$5,940.00",1101,4839.0,1872,34,0.185,0.942,1.125
709707033,"$13,162.00",0,13162.0,1424,38,0.0,0.512,0.583
718346658,"$1,963.00",1357,606.0,1861,51,0.691,0.689,0.7
824157858,"$18,713.00",1022,17691.0,1524,42,0.055,0.682,0.615
709735008,"$3,023.00",1435,1588.0,1920,34,0.475,0.62,0.619
814593858,"$6,103.00",1798,4305.0,1468,34,0.295,0.705,0.619
718416858,"$10,607.00",2517,8090.0,1903,40,0.237,1.197,0.538
710307933,"$2,917.00",2517,400.0,2471,60,0.863,0.833,0.875
715870758,"$34,516.00",1018,33498.0,2350,55,0.029,1.129,0.774
713819283,"$25,197.00",2517,22680.0,3002,58,0.1,0.721,0.812
710424408,"$2,743.00",1815,928.0,1210,25,0.662,0.567,1.273
709493283,"$4,111.00",1233,2878.0,1289,36,0.3,0.478,0.5
712489158,"$3,667.00",948,2719.0,2781,59,0.259,0.641,0.844
719013108,"$3,178.00",1800,1378.0,4605,86,0.566,0.89,0.623
721178583,"$5,674.00",0,5674.0,1096,29,0.0,0.906,0.526
717769008,"$11,444.00",1278,10166.0,2493,44,0.112,1.31,0.913
709986633,"$1,438.30",0,1438.3,2144,41,0.0,0.742,0.577
721062408,"$6,387.00",1597,4790.0,1294,26,0.25,0.689,0.529
771349458,"$5,657.00",1792,3865.0,1914,46,0.317,0.904,0.769
780557658,"$11,827.00",0,11827.0,1395,37,0.0,0.921,0.609
771441558,"$2,608.00",1589,1019.0,2073,47,0.609,0.982,0.516
756409758,"$3,203.00",2076,1127.0,1433,38,0.648,0.543,1.0
720009558,"$34,516.00",1540,32976.0,2574,72,0.045,1.038,0.756
778885158,"$2,472.00",2457,15.0,1392,33,0.994,0.693,0.737
715543908,"$2,147.00",1173,974.0,1352,37,0.546,0.653,0.37
717591483,"$3,416.00",2044,1372.0,1924,48,0.598,0.994,0.92
715042608,"$8,058.00",791,7267.0,2742,42,0.098,1.787,2.0
755959683,"$3,410.00",2281,1129.0,1296,31,0.669,0.518,0.348
715367058,"$19,044.00",0,19044.0,1780,44,0.0,0.721,0.76
714573258,"$1,606.00",798,808.0,2229,45,0.497,0.59,1.045
712281183,"$24,336.00",856,23480.0,1425,33,0.035,0.459,0.65
717670758,"$5,030.00",1327,3703.0,2523,71,0.264,0.803,0.775
720666333,"$24,577.00",0,24577.0,1897,39,0.0,0.75,0.393
771556308,"$3,517.00",1195,2322.0,2255,48,0.34,0.556,0.5
708931908,"$7,400.00",636,6764.0,1568,51,0.086,0.972,0.5
718894233,"$2,956.00",1391,1565.0,2116,63,0.471,0.698,0.575
771544533,"$3,578.00",0,3578.0,1015,36,0.0,0.759,0.44
708927108,"$12,778.00",507,12271.0,1133,28,0.04,0.967,0.4
717831783,"$1,942.00",1536,406.0,1371,38,0.791,0.615,0.407
709288383,"$29,961.00",789,29172.0,2337,69,0.026,0.833,0.605
710813733,"$33,791.00",0,33791.0,1546,41,0.0,0.712,0.577
721084833,"$17,657.00",2018,15639.0,1682,39,0.114,0.55,0.95
711258108,"$2,821.00",2415,406.0,1419,36,0.856,0.441,0.8
710149008,"$1,479.00",787,692.0,2139,70,0.532,0.865,0.556
711902058,"$1,438.30",0,1438.3,2492,55,0.0,1.623,0.897
716757033,"$6,859.00",1766,5093.0,3045,56,0.257,1.186,0.697
712688433,"$3,404.00",1568,1836.0,2406,65,0.461,1.055,0.857
713203908,"$2,158.00",1695,463.0,1833,27,0.785,0.766,0.588
711772008,"$1,890.00",666,1224.0,1483,36,0.352,0.691,0.5
708799983,"$18,386.00",890,17496.0,1698,43,0.048,0.361,0.483
778882758,"$3,602.00",2013,1589.0,1935,47,0.559,0.839,1.474
709157133,"$3,766.00",1049,2717.0,1514,51,0.279,0.666,0.645
741344808,"$5,634.00",2057,3577.0,2905,63,0.365,1.399,0.969
739692933,"$3,126.00",2517,609.0,1638,41,0.805,1.235,0.519
766429908,"$3,017.00",786,2231.0,1640,37,0.261,1.081,0.762
802087683,"$5,478.00",1491,3987.0,2456,55,0.272,1.304,0.571
712491108,"$13,046.00",1177,11869.0,2601,52,0.09,1.214,0.733
714767508,"$8,687.00",1146,7541.0,2279,33,0.132,1.8,1.357
720376008,"$6,174.00",1421,4753.0,2043,52,0.23,0.669,0.793
779126658,"$5,655.00",0,5655.0,2312,61,0.0,0.842,0.649
793222008,"$5,397.00",1784,3613.0,2056,49,0.331,0.904,0.633
720812433,"$28,465.00",0,28465.0,1693,37,0.0,0.696,1.056
717623583,"$3,444.00",2441,1003.0,2668,51,0.709,1.563,0.545
708878508,"$2,104.00",1267,837.0,1732,35,0.602,0.677,1.059
710043408,"$15,610.00",2048,13562.0,1916,58,0.131,0.657,0.526
789079758,"$34,516.00",1356,33160.0,1531,48,0.039,1.169,0.655
721311333,"$16,912.00",1590,15322.0,2413,41,0.094,1.274,0.708
710749458,"$5,462.00",1864,3598.0,1523,35,0.341,0.67,0.667
778275783,"$2,868.00",1434,1434.0,2909,64,0.5,0.777,0.488
799498158,"$2,685.00",1580,1105.0,1642,36,0.588,0.727,0.636
716334258,"$5,238.00",1365,3873.0,1834,43,0.261,1.027,1.263
716075208,"$4,561.00",2029,2532.0,1874,38,0.445,0.768,0.52
780276258,"$13,091.00",985,12106.0,1452,37,0.075,0.322,0.276
789282333,"$10,826.00",1274,9552.0,1355,34,0.118,0.602,0.619
811571733,"$2,600.00",1876,724.0,2625,45,0.722,0.606,0.364
709429533,"$2,561.00",0,2561.0,2047,41,0.0,1.021,0.864
715247508,"$7,087.00",1060,6027.0,1712,37,0.15,0.709,0.609
718784358,"$34,516.00",2517,31999.0,1969,46,0.073,0.975,1.3
751450008,"$10,266.00",1390,8876.0,1720,42,0.135,0.593,0.556
719227233,"$1,553.00",723,830.0,1954,43,0.466,0.666,0.344
711050058,"$6,732.00",0,6732.0,1644,45,0.0,0.856,0.731
779040408,"$12,181.00",1702,10479.0,1478,33,0.14,0.834,0.5
714024858,"$7,056.00",0,7056.0,1739,35,0.0,0.815,0.842
789849108,"$14,365.00",0,14365.0,2290,62,0.0,0.61,0.632
710391258,"$11,473.00",829,10644.0,2147,41,0.072,0.707,0.519
718830183,"$23,996.00",2517,21479.0,1339,29,0.105,0.488,0.381
779696883,"$2,998.00",1789,1209.0,1825,31,0.597,0.807,0.348
719249733,"$30,011.00",1232,28779.0,1676,41,0.041,0.944,0.783
737971833,"$2,405.00",1553,852.0,2503,40,0.646,1.156,0.667
772468983,"$21,927.00",1291,20636.0,1946,37,0.059,0.864,0.542
710990283,"$3,906.00",1851,2055.0,1839,33,0.474,0.73,0.833
808750458,"$10,029.00",606,9423.0,2192,58,0.06,0.727,0.657
719692983,"$4,934.00",1504,3430.0,2747,42,0.305,1.52,0.448
719125158,"$13,882.00",1452,12430.0,2685,71,0.105,0.771,0.511
787509408,"$2,347.00",0,2347.0,2595,56,0.0,0.863,0.333
719206308,"$4,116.00",1223,2893.0,1657,38,0.297,0.73,0.52
717141858,"$13,904.00",625,13279.0,3151,67,0.045,0.673,0.595
713172408,"$32,558.00",2016,30542.0,1440,37,0.062,0.506,0.423
720314583,"$12,902.00",1860,11042.0,1273,33,0.144,0.492,0.375
708347583,"$2,509.00",1144,1365.0,1804,38,0.456,0.692,0.583
711006783,"$2,484.00",2149,335.0,1200,28,0.865,0.669,0.647
718274283,"$2,780.00",0,2780.0,2469,67,0.0,0.565,0.811
803977008,"$5,219.00",1826,3393.0,1715,35,0.35,1.011,1.188
715216908,"$18,102.00",1381,16721.0,1486,32,0.076,0.513,0.143
779611008,"$4,532.00",0,4532.0,1885,55,0.0,0.734,0.528
811467708,"$22,399.00",1431,20968.0,2390,62,0.064,1.019,0.722
812597508,"$4,489.00",2498,1991.0,2153,58,0.556,0.779,0.568
718651083,"$10,329.00",514,9815.0,2461,68,0.05,0.708,0.838
708577308,"$2,637.00",1272,1365.0,1569,39,0.482,0.728,1.053
813990483,"$1,864.00",1384,480.0,1662,32,0.742,0.904,0.391
816319008,"$13,276.00",1917,11359.0,1901,33,0.144,1.075,0.833
789627258,"$1,935.00",1033,902.0,2498,60,0.534,0.623,1.0
713346558,"$6,784.00",891,5893.0,1900,28,0.131,1.047,0.556
708744933,"$19,127.00",1880,17247.0,1859,33,0.098,0.788,0.571
708828258,"$32,641.00",1551,31090.0,1327,30,0.048,0.488,0.304
713511108,"$1,438.30",847,591.3,1397,43,0.589,0.436,0.483
710208633,"$2,417.00",1929,488.0,1773,42,0.798,0.886,0.556
824165658,"$19,259.00",2266,16993.0,1388,27,0.118,0.92,0.929
826513233,"$3,796.00",2396,1400.0,2069,54,0.631,0.569,0.742
788789658,"$4,042.00",1744,2298.0,1471,37,0.431,0.582,0.542
717837858,"$17,603.00",1063,16540.0,2902,64,0.06,1.065,0.641
709382958,"$2,894.00",2077,817.0,1017,25,0.718,0.574,0.562
716253858,"$16,730.00",1956,14774.0,1740,43,0.117,0.675,0.536
713725683,"$3,282.00",1843,1439.0,2614,79,0.562,0.625,0.646
710364258,"$15,815.00",1217,14598.0,2135,48,0.077,1.266,0.846
816033783,"$1,672.00",957,715.0,2099,34,0.572,0.576,0.417
715065483,"$8,121.00",1595,6526.0,1914,45,0.196,0.743,0.5
718751133,"$3,182.00",2435,747.0,1670,30,0.765,0.868,0.765
713983308,"$3,182.00",1928,1254.0,1233,35,0.606,0.509,0.4
718418958,"$5,061.00",0,5061.0,1309,38,0.0,0.911,0.462
779367858,"$6,224.00",1898,4326.0,3014,58,0.305,1.103,0.706
711285633,"$2,735.00",1769,966.0,3306,71,0.647,1.465,0.972
714974658,"$2,464.00",1867,597.0,1219,35,0.758,0.6,1.333
716374308,"$3,477.00",1875,1602.0,1897,50,0.539,0.907,1.083
713416233,"$3,242.00",2076,1166.0,1841,46,0.64,0.612,0.533
797643708,"$27,858.00",1314,26544.0,1772,53,0.047,0.676,0.559
808292958,"$1,438.30",495,943.3,2546,40,0.344,1.062,0.333
719831958,"$34,516.00",0,34516.0,1793,44,0.0,0.646,0.833
708860358,"$6,361.00",694,5667.0,1499,31,0.109,0.844,0.938
717385983,"$2,490.00",0,2490.0,1645,30,0.0,0.859,0.667
719049033,"$14,057.00",1655,12402.0,2073,60,0.118,0.676,0.333
717581658,"$2,461.00",1586,875.0,1729,35,0.644,1.676,0.75
714347508,"$7,766.00",1278,6488.0,2423,74,0.165,0.806,0.609
803833608,"$21,308.00",564,20744.0,1322,38,0.026,0.448,0.652
712576908,"$4,516.00",2252,2264.0,1819,24,0.499,0.889,0.846
778511733,"$5,424.00",1812,3612.0,1634,44,0.334,0.513,0.76
721464783,"$1,764.00",1540,224.0,2094,47,0.873,0.937,0.958
821179233,"$1,493.00",932,561.0,1554,43,0.624,0.466,0.344
713126733,"$17,539.00",2517,15022.0,1220,30,0.144,0.743,0.765
719688408,"$34,516.00",0,34516.0,3530,68,0.0,0.534,0.659
779811183,"$2,149.00",1118,1031.0,1581,30,0.52,0.903,1.0
771086208,"$6,256.00",1530,4726.0,1629,43,0.245,0.647,0.344
715217733,"$11,922.00",792,11130.0,2154,61,0.066,0.667,0.525
813752433,"$4,075.00",1986,2089.0,2449,27,0.487,1.214,0.038
711876333,"$7,290.00",2151,5139.0,1312,29,0.295,0.583,0.526
715256658,"$5,965.00",688,5277.0,3382,58,0.115,0.673,1.071
711329658,"$9,007.00",1965,7042.0,1925,42,0.218,0.698,0.448
710227908,"$6,077.00",1397,4680.0,2837,74,0.23,0.834,0.609
716362008,"$1,808.00",1009,799.0,1744,35,0.558,0.796,0.944
714939708,"$12,810.00",0,12810.0,3174,74,0.0,1.363,1.114
708083283,"$3,421.00",2517,904.0,992,21,0.736,0.992,0.4
719431608,"$3,118.00",1528,1590.0,1291,24,0.49,0.604,0.6
769411758,"$20,013.00",922,19091.0,1518,39,0.046,0.655,0.625
714248733,"$4,395.00",1240,3155.0,2272,46,0.282,0.662,0.438
804481608,"$9,661.00",0,9661.0,2825,60,0.0,0.926,0.818
714631833,"$1,973.00",1324,649.0,1587,38,0.671,0.805,0.52
769751958,"$9,926.00",2018,7908.0,2235,57,0.203,0.618,0.357
717999183,"$4,108.00",1659,2449.0,2275,58,0.404,1.202,0.871
713075283,"$20,741.00",2504,18237.0,1818,51,0.121,0.8,1.04
711561108,"$16,335.00",892,15443.0,2733,71,0.055,0.673,0.919
709854483,"$4,588.00",2517,2071.0,2442,62,0.549,1.525,0.632
713630733,"$5,712.00",1955,3757.0,2617,54,0.342,0.969,0.8
717599283,"$5,335.00",1206,4129.0,1844,49,0.226,0.69,0.75
806407308,"$13,184.00",0,13184.0,2047,33,0.0,1.166,0.179
712730583,"$8,592.00",1201,7391.0,1842,50,0.14,0.778,0.852
712142733,"$1,910.00",1164,746.0,2028,39,0.609,0.744,1.053
720153258,"$6,210.00",1083,5127.0,3095,62,0.174,0.621,0.59
814086333,"$2,220.00",1337,883.0,1685,44,0.602,0.768,0.375
715524708,"$20,756.00",1710,19046.0,1502,31,0.082,0.816,0.824
713307708,"$2,895.00",2517,378.0,1541,37,0.869,0.322,0.609
714069858,"$3,539.00",2517,1022.0,1677,45,0.711,0.569,0.5
712789383,"$9,274.00",2097,7177.0,2048,59,0.226,0.776,0.639
787983633,"$3,187.00",2517,670.0,2072,33,0.79,1.214,0.833
758583708,"$2,802.00",2460,342.0,1406,28,0.878,1.029,0.077
717130383,"$2,334.00",707,1627.0,1386,30,0.303,0.561,0.5
720770883,"$1,438.30",0,1438.3,2249,61,0.0,0.76,0.564
716797758,"$3,519.00",0,3519.0,1670,33,0.0,0.548,0.65
713835258,"$3,088.00",2083,1005.0,1561,40,0.675,0.633,0.538
720677733,"$34,516.00",1002,33514.0,2579,68,0.029,1.345,0.7
718587858,"$11,906.00",2032,9874.0,1642,39,0.171,0.465,0.625
710263608,"$11,098.00",821,10277.0,2156,46,0.074,0.896,0.586
715055433,"$2,224.00",1772,452.0,2004,44,0.797,0.81,0.419
715498308,"$3,454.00",1603,1851.0,1575,41,0.464,1.078,0.519
708099183,"$5,723.00",1873,3850.0,2732,63,0.327,0.851,0.853
716452908,"$9,239.00",1421,7818.0,2246,44,0.154,0.823,0.833
789959283,"$4,061.00",1775,2286.0,1602,40,0.437,0.686,0.667
713536158,"$4,189.00",0,4189.0,1597,31,0.0,0.715,0.722
716750358,"$6,373.00",1562,4811.0,3483,82,0.245,0.573,0.64
815299833,"$2,228.00",1717,511.0,2334,61,0.771,1.625,0.848
721003008,"$3,261.00",2517,744.0,856,18,0.772,0.378,0.059
779883933,"$8,014.00",1402,6612.0,1596,34,0.175,0.873,0.789
716612958,"$10,980.00",1726,9254.0,1830,36,0.157,0.856,0.636
715859058,"$3,092.00",2165,927.0,1369,37,0.7,0.676,0.542
772031733,"$14,315.00",690,13625.0,2603,56,0.048,1.32,0.806
720668358,"$1,648.00",997,651.0,1776,36,0.605,0.776,0.565
778708533,"$1,730.00",1616,114.0,869,27,0.934,0.331,0.286
719649408,"$13,768.00",763,13005.0,1390,44,0.055,0.712,0.76
715457658,"$1,709.00",1465,244.0,1757,48,0.857,0.558,0.548
711934308,"$1,705.00",0,1705.0,3342,62,0.0,0.604,0.824
781326483,"$8,673.00",0,8673.0,2457,58,0.0,0.876,0.933
712557708,"$6,391.00",2317,4074.0,2274,61,0.363,0.831,1.033
789187908,"$11,102.00",1946,9156.0,1448,36,0.175,0.625,1.0
773297508,"$24,765.00",1999,22766.0,1544,36,0.081,1.013,0.714
716529258,"$31,864.00",0,31864.0,1591,35,0.0,1.009,0.75
708242283,"$5,346.00",0,5346.0,3253,80,0.0,0.928,0.818
789247458,"$2,801.00",1472,1329.0,2467,54,0.526,1.027,0.8
717100833,"$3,148.00",0,3148.0,1401,31,0.0,0.498,0.722
716870583,"$2,786.00",1628,1158.0,2853,55,0.584,1.314,0.667
719999508,"$11,894.00",816,11078.0,2438,45,0.069,1.561,0.607
721236408,"$7,535.00",2517,5018.0,1655,41,0.334,0.813,0.577
720122808,"$33,180.00",511,32669.0,797,14,0.015,0.681,0.273
716882658,"$2,986.00",1632,1354.0,2141,55,0.547,0.883,0.667
713734758,"$6,729.00",2375,4354.0,2080,50,0.353,0.579,0.351
709085358,"$2,601.00",1817,784.0,2542,67,0.699,0.663,0.675
715785933,"$3,380.00",1655,1725.0,1636,58,0.49,0.636,0.706
717159858,"$2,730.00",1351,1379.0,2319,61,0.495,0.623,0.743
713259858,"$3,324.00",0,3324.0,982,22,0.0,0.537,0.692
787516908,"$2,665.00",1844,821.0,1880,58,0.692,0.554,0.758
711145008,"$5,015.00",2053,2962.0,1325,29,0.409,0.442,0.381
715013733,"$6,905.00",2303,4602.0,1370,25,0.334,0.712,0.786
717098208,"$5,848.00",950,4898.0,1961,51,0.162,0.726,0.545
737982408,"$19,136.00",1608,17528.0,2501,55,0.084,0.728,0.528
713216883,"$3,500.00",1904,1596.0,2003,41,0.544,1.182,0.952
709361058,"$7,453.00",0,7453.0,1691,47,0.0,0.712,0.516
710312658,"$6,266.00",1819,4447.0,1456,27,0.29,0.744,1.077
773383158,"$4,945.00",0,4945.0,2743,69,0.0,1.033,0.769
716053083,"$27,992.00",0,27992.0,837,18,0.0,0.433,1.0
717667833,"$3,735.00",1285,2450.0,1877,33,0.344,1.034,1.2
716998608,"$6,703.00",1252,5451.0,1843,44,0.187,0.625,0.63
772086408,"$6,162.00",943,5219.0,1527,35,0.153,0.484,0.207
708597558,"$3,337.00",795,2542.0,3951,68,0.238,0.524,0.619
718011783,"$2,205.00",1337,868.0,1591,38,0.606,0.65,0.727
714360033,"$4,450.00",1444,3006.0,1326,44,0.324,0.465,0.419
811005858,"$1,438.30",0,1438.3,2914,70,0.0,0.916,0.591
794485158,"$2,172.00",1475,697.0,2447,46,0.679,1.158,1.3
708513183,"$4,323.00",1267,3056.0,3078,58,0.293,1.102,0.611
719353158,"$4,145.00",1468,2677.0,1238,36,0.354,0.579,0.5
711436083,"$2,032.00",1003,1029.0,2454,46,0.494,1.005,0.586
780374133,"$7,010.00",2103,4907.0,2413,48,0.3,1.007,1.087
739117233,"$3,205.00",1530,1675.0,2126,58,0.477,0.673,0.657
708486033,"$16,547.00",1521,15026.0,1782,48,0.092,0.555,0.333
795237183,"$5,930.00",0,5930.0,2041,32,0.0,1.19,0.684
788788758,"$7,469.00",1752,5717.0,2050,46,0.235,0.923,0.917
709635858,"$2,235.00",0,2235.0,1229,27,0.0,0.556,0.35
789701658,"$2,047.00",1196,851.0,2180,33,0.584,0.623,0.941
713484483,"$34,516.00",907,33609.0,2298,55,0.026,0.572,0.719
711954558,"$2,636.00",2357,279.0,1333,34,0.894,0.654,0.545
712655583,"$6,425.00",915,5510.0,2036,44,0.142,0.958,0.692
779686683,"$2,902.00",1668,1234.0,2088,34,0.575,0.621,0.478
711226758,"$4,002.00",1669,2333.0,2024,53,0.417,0.702,1.12
713241033,"$5,175.00",977,4198.0,2405,49,0.189,1.705,0.885
788754108,"$4,599.00",637,3962.0,2608,78,0.139,0.622,0.592
717013383,"$31,258.00",1518,29740.0,2866,53,0.049,0.917,0.893
712634133,"$2,683.00",1671,1012.0,1406,37,0.623,0.784,0.423
709537683,"$11,638.00",926,10712.0,563,15,0.08,0.262,0.364
778627983,"$1,829.00",1140,689.0,1610,49,0.623,0.325,0.4
720241758,"$8,276.00",1671,6605.0,1409,25,0.202,0.359,0.25
720814233,"$23,539.00",1261,22278.0,1485,38,0.054,0.484,0.462
785080308,"$2,352.00",0,2352.0,2344,48,0.0,1.467,0.92
713358633,"$11,371.00",1015,10356.0,2768,68,0.089,1.483,0.889
720392433,"$2,857.00",2517,340.0,1869,47,0.881,0.871,0.567
720282558,"$34,516.00",1568,32948.0,2873,73,0.045,0.878,0.659
821370858,"$6,690.00",1884,4806.0,1734,39,0.282,0.791,0.625
799249833,"$4,439.00",844,3595.0,2858,71,0.19,0.863,0.69
713016633,"$5,344.00",1582,3762.0,1984,36,0.296,0.537,1.0
814471983,"$27,310.00",0,27310.0,1537,41,0.0,0.919,1.05
779612808,"$2,531.00",2360,171.0,1263,35,0.932,0.955,0.591
716692683,"$9,096.00",0,9096.0,2318,54,0.0,0.768,0.688
790145733,"$34,516.00",0,34516.0,1112,26,0.0,0.927,0.368
716038533,"$7,169.00",902,6267.0,1438,35,0.126,0.834,0.591
714421233,"$5,399.00",1723,3676.0,1292,34,0.319,0.765,0.889
709783908,"$2,280.00",1170,1110.0,1924,50,0.513,0.603,0.667
812788233,"$6,315.00",1305,5010.0,2205,43,0.207,0.542,0.265
772452783,"$4,402.00",1640,2762.0,1774,46,0.373,0.719,1.0
714002658,"$27,732.00",1623,26109.0,1413,31,0.059,0.452,0.722
713464983,"$4,947.00",1053,3894.0,3479,76,0.213,1.195,0.81
713910108,"$3,946.00",2375,1571.0,1646,43,0.602,0.921,0.536
808169358,"$12,291.00",2289,10002.0,1683,50,0.186,0.685,0.471
714013083,"$3,067.00",1874,1193.0,1420,32,0.611,0.791,0.455
715381533,"$1,438.30",674,764.3,2451,55,0.469,1.769,1.292
717678408,"$8,633.00",2517,6116.0,2066,51,0.292,0.681,0.457
719143308,"$2,394.00",0,2394.0,2805,85,0.0,1.059,0.667
711509658,"$11,374.00",2517,8857.0,1088,26,0.221,1.015,1.167
757481283,"$6,921.00",2159,4762.0,1931,35,0.312,0.895,0.75
808681158,"$2,564.00",2379,185.0,1343,35,0.928,0.358,0.296
718867683,"$2,720.00",1904,816.0,1613,43,0.7,0.634,0.344
714618333,"$9,843.00",2154,7689.0,1402,35,0.219,0.733,0.667
794562783,"$21,691.00",661,21030.0,2534,51,0.03,0.767,0.962
708208758,"$1,826.00",883,943.0,2199,48,0.484,0.953,1.0
794504658,"$5,746.00",1829,3917.0,1562,44,0.318,0.649,0.913
714772758,"$2,926.00",1346,1580.0,1851,48,0.46,0.834,0.455
713830233,"$7,061.00",1813,5248.0,1831,60,0.257,0.744,0.5
713577483,"$5,589.00",1430,4159.0,1570,31,0.256,0.632,0.722
814513008,"$9,620.00",2033,7587.0,1735,43,0.211,0.667,0.387
712765158,"$2,539.00",2162,377.0,2386,47,0.852,0.635,0.382
714411108,"$3,642.00",610,3032.0,2790,68,0.167,0.676,0.581
720231108,"$3,451.00",0,3451.0,3031,57,0.0,0.744,0.676
709035708,"$1,841.00",1246,595.0,1819,35,0.677,0.759,0.522
720662508,"$5,764.00",1529,4235.0,1972,38,0.265,1.356,0.52
708623283,"$18,278.00",0,18278.0,2084,61,0.0,0.798,1.103
813247083,"$16,059.00",618,15441.0,1357,26,0.038,0.824,1.0
780078333,"$5,887.00",659,5228.0,1193,26,0.112,0.65,0.3
811915383,"$3,152.00",1986,1166.0,2530,50,0.63,1.328,0.724
719818983,"$12,464.00",0,12464.0,1195,35,0.0,0.864,0.522
716349183,"$4,784.00",0,4784.0,2160,54,0.0,0.905,0.929
710067183,"$1,950.00",0,1950.0,2074,81,0.0,0.803,0.8
771234558,"$7,478.00",0,7478.0,2213,62,0.0,0.847,0.771
820288233,"$1,438.30",0,1438.3,2731,39,0.0,0.764,0.5
717511533,"$1,707.00",1191,516.0,2950,87,0.698,0.669,0.977
711642108,"$4,016.00",917,3099.0,2572,35,0.228,1.246,0.591
712495233,"$2,370.00",1699,671.0,2411,53,0.717,0.889,0.656
718484283,"$3,478.00",2517,961.0,1409,49,0.724,0.685,0.75
717413658,"$1,539.00",989,550.0,1987,47,0.643,0.86,0.808
804668658,"$1,438.30",0,1438.3,947,20,0.0,0.506,0.053
715934283,"$3,142.00",1639,1503.0,3046,56,0.522,0.986,1.154
717499083,"$17,236.00",0,17236.0,3013,78,0.0,0.958,0.696
715279683,"$1,438.30",0,1438.3,1679,39,0.0,0.529,0.5
718971333,"$13,206.00",925,12281.0,2342,51,0.07,0.766,1.318
709219533,"$2,480.00",1351,1129.0,1359,36,0.545,0.522,0.565
709150608,"$2,898.00",0,2898.0,2632,64,0.0,1.154,0.778
788259558,"$1,570.00",1028,542.0,1430,28,0.655,0.742,1.333
802464033,"$4,460.00",1262,3198.0,1877,41,0.283,0.898,0.783
712757808,"$1,544.00",0,1544.0,1731,40,0.0,0.677,0.739
714457083,"$3,456.00",2219,1237.0,1332,24,0.642,0.636,0.5
713413758,"$2,751.00",1599,1152.0,2270,44,0.581,0.694,0.333
708741633,"$4,153.00",0,4153.0,1771,41,0.0,0.434,0.367
714043833,"$3,685.00",1396,2289.0,3016,85,0.379,0.974,0.809
789577833,"$8,902.00",1932,6970.0,969,29,0.217,0.781,1.071
787570758,"$2,944.00",1596,1348.0,2070,44,0.542,0.737,0.467
720371733,"$2,232.00",786,1446.0,1395,39,0.352,0.435,0.345
819117183,"$1,569.00",909,660.0,2169,48,0.579,1.288,1.182
711776433,"$23,622.00",1153,22469.0,2574,65,0.049,0.666,0.625
709583133,"$3,326.00",1442,1884.0,1627,54,0.434,0.711,1.077
719521983,"$6,116.00",1698,4418.0,1592,32,0.278,0.937,1.0
718415133,"$11,352.00",0,11352.0,1601,34,0.0,1.324,1.125
710594358,"$14,910.00",873,14037.0,2560,72,0.059,0.737,0.674
709730508,"$17,531.00",0,17531.0,4563,61,0.0,0.8,0.743
720462633,"$4,138.00",643,3495.0,1827,49,0.155,0.681,0.581
715005558,"$8,374.00",2147,6227.0,2472,65,0.256,1.113,1.167
779993208,"$7,049.00",0,7049.0,1475,27,0.0,0.988,1.7
787543008,"$3,851.00",1695,2156.0,2349,61,0.44,0.717,0.968
743265108,"$15,936.00",827,15109.0,2477,49,0.052,1.085,1.042
713770383,"$2,926.00",0,2926.0,2775,74,0.0,0.84,1.114
712392108,"$10,305.00",691,9614.0,1451,25,0.067,0.485,0.667
720145683,"$2,987.00",2517,470.0,1617,35,0.843,0.479,0.75
714832383,"$34,516.00",1965,32551.0,2949,70,0.057,1.044,1.0
772706283,"$6,275.00",1579,4696.0,1585,43,0.252,0.996,0.72
795920358,"$7,185.00",0,7185.0,2679,45,0.0,1.504,0.8
716277558,"$3,281.00",1961,1320.0,1779,47,0.598,0.744,0.808
764776833,"$3,077.00",1646,1431.0,1523,30,0.535,0.456,0.579
710795883,"$2,042.00",1864,178.0,2758,50,0.913,1.318,0.852
710428308,"$2,001.00",1553,448.0,1910,51,0.776,0.482,0.7
721096983,"$3,625.00",2517,1108.0,2616,46,0.694,1.158,1.3
715760733,"$7,803.00",1885,5918.0,1199,25,0.242,0.531,0.316
718227033,"$5,951.00",1702,4249.0,2565,53,0.286,1.264,0.71
720610008,"$15,796.00",812,14984.0,1339,23,0.051,0.719,0.15
719517258,"$7,558.00",1364,6194.0,3676,67,0.18,0.719,0.558
714111333,"$5,381.00",0,5381.0,1910,38,0.0,0.746,1.0
717551358,"$3,556.00",2517,1039.0,2279,56,0.708,0.983,0.6
813573333,"$2,661.00",1466,1195.0,1354,25,0.551,0.631,0.316
711709683,"$3,506.00",1405,2101.0,1999,48,0.401,0.766,0.655
712902483,"$2,066.00",1699,367.0,1895,43,0.822,0.624,0.536
710893533,"$8,329.00",877,7452.0,1570,56,0.105,0.432,0.333
719883858,"$2,774.00",0,2774.0,1258,33,0.0,0.721,0.435
719628033,"$4,134.00",1130,3004.0,2475,52,0.273,1.222,0.926
712043433,"$11,329.00",1180,10149.0,1213,33,0.104,0.648,0.571
769095558,"$9,055.00",1560,7495.0,1755,45,0.172,0.696,0.8
816094233,"$17,393.00",1409,15984.0,1692,38,0.081,0.608,0.652
758417508,"$5,908.00",0,5908.0,3313,72,0.0,0.822,0.756
721234308,"$5,825.00",1815,4010.0,2820,62,0.312,1.132,0.879
717138558,"$3,665.00",0,3665.0,1813,31,0.0,0.737,0.409
798120858,"$3,797.00",1425,2372.0,2555,44,0.375,1.505,0.833
709997958,"$3,478.00",0,3478.0,2133,54,0.0,0.65,0.543
712617408,"$13,734.00",0,13734.0,2566,74,0.0,0.855,0.762
720158208,"$3,034.00",2167,867.0,2058,49,0.714,0.711,0.485
716548083,"$2,973.00",2360,613.0,2593,57,0.794,1.257,0.781
717631008,"$24,296.00",0,24296.0,1886,48,0.0,0.781,0.5
813964383,"$8,969.00",1226,7743.0,2568,59,0.137,0.84,0.735
719952408,"$2,550.00",1623,927.0,1870,51,0.636,0.65,0.275
771028533,"$10,357.00",0,10357.0,911,25,0.0,0.506,0.19
771823308,"$1,475.00",986,489.0,1896,33,0.668,0.896,0.833
719854008,"$5,154.00",1407,3747.0,1694,32,0.273,0.666,0.778
713998233,"$3,586.00",1414,2172.0,2780,57,0.394,0.745,0.727
714746358,"$4,646.00",1680,2966.0,2234,35,0.362,1.238,0.667
713574708,"$1,640.00",1177,463.0,3124,66,0.718,0.695,0.784
714753258,"$2,379.00",1982,397.0,2966,50,0.833,1.194,1.381
712004208,"$3,422.00",0,3422.0,1973,59,0.0,0.929,0.686
719621958,"$4,365.00",0,4365.0,1720,40,0.0,0.32,0.379
819610908,"$32,938.00",2089,30849.0,1137,26,0.063,0.72,0.238
823948308,"$6,710.00",1942,4768.0,1727,37,0.289,0.777,0.85
712064358,"$2,507.00",1544,963.0,1999,34,0.616,0.906,0.789
816013383,"$6,184.00",0,6184.0,1712,27,0.0,1.016,0.286
758765808,"$2,029.00",1190,839.0,1802,40,0.586,0.628,0.481
780881358,"$16,659.00",0,16659.0,2551,74,0.0,1.012,0.609
709422183,"$2,203.00",1394,809.0,1788,45,0.633,0.57,0.364
779951058,"$5,122.00",1642,3480.0,1908,39,0.321,0.935,0.696
809941233,"$3,074.00",2390,684.0,1377,38,0.777,0.421,0.583
710844408,"$2,584.00",0,2584.0,1843,28,0.0,0.593,0.647
819002508,"$2,037.00",0,2037.0,2563,64,0.0,0.88,0.641
807141183,"$14,938.00",1412,13526.0,1930,36,0.095,0.677,0.636
711119358,"$2,014.00",896,1118.0,2460,52,0.445,1.055,0.857
808273533,"$1,818.00",0,1818.0,2054,55,0.0,0.651,0.774
716297658,"$14,926.00",0,14926.0,2405,55,0.0,0.635,0.667
716532258,"$2,827.00",1308,1519.0,3291,55,0.463,0.79,0.618
720540708,"$2,773.00",1507,1266.0,1197,25,0.543,1.06,1.083
720904233,"$16,033.00",560,15473.0,1158,31,0.035,0.963,1.067
720863133,"$3,213.00",2517,696.0,1855,39,0.783,0.507,0.773
714957108,"$3,616.00",0,3616.0,3133,72,0.0,0.912,1.0
790102008,"$5,924.00",1023,4901.0,3305,80,0.173,0.765,0.778
781933983,"$14,535.00",0,14535.0,2970,76,0.0,0.711,0.689
712643358,"$2,833.00",1609,1224.0,1335,23,0.568,0.78,1.3
716686158,"$1,479.00",601,878.0,1621,32,0.406,0.607,0.6
806894133,"$1,617.00",1347,270.0,2546,55,0.833,0.73,0.719
721344858,"$2,237.00",451,1786.0,2192,36,0.202,0.837,0.44
813230208,"$2,900.00",1782,1118.0,4686,64,0.614,1.351,0.561
716835033,"$13,126.00",2086,11040.0,1836,37,0.159,0.659,0.762
787500333,"$8,695.00",1407,7288.0,2030,58,0.162,0.634,0.706
768582033,"$6,692.00",1897,4795.0,3902,76,0.283,1.035,0.689
713992158,"$2,159.00",1004,1155.0,1353,30,0.465,0.603,0.111
719916408,"$2,501.00",1909,592.0,1850,34,0.763,0.956,1.125
789433758,"$6,338.00",2379,3959.0,1715,39,0.375,0.624,0.5
785011383,"$2,190.00",0,2190.0,1412,38,0.0,0.908,0.583
719283633,"$7,578.00",1628,5950.0,1325,29,0.215,0.721,1.231
710816358,"$2,963.00",1466,1497.0,2523,48,0.495,1.378,0.846
779653458,"$8,260.00",2077,6183.0,2323,47,0.251,1.167,0.621
716382708,"$8,309.00",858,7451.0,1165,35,0.103,0.888,0.4
710387583,"$3,864.00",1901,1963.0,1018,32,0.492,0.289,0.391
718772133,"$10,230.00",1082,9148.0,1484,34,0.106,0.658,0.545
711224733,"$22,382.00",0,22382.0,695,10,0.0,0.418,0.25
718360083,"$25,790.00",1798,23992.0,2443,70,0.07,0.973,0.556
716102583,"$2,675.00",2517,158.0,1959,56,0.941,0.957,1.0
720673008,"$1,652.00",812,840.0,1771,47,0.492,0.548,0.516
708459633,"$5,815.00",1698,4117.0,1604,42,0.292,0.896,0.448
712868733,"$2,595.00",2189,406.0,1562,27,0.844,0.276,0.174
713790708,"$3,421.00",2308,1113.0,2269,39,0.675,2.037,1.053
717648783,"$6,922.00",1704,5218.0,1449,28,0.246,0.278,0.217
714709983,"$6,979.00",898,6081.0,1665,44,0.129,0.565,0.375
819409608,"$2,594.00",0,2594.0,1457,43,0.0,0.526,0.387
717585858,"$16,915.00",1679,15236.0,2795,55,0.099,0.834,0.833
791856033,"$34,516.00",0,34516.0,1041,27,0.0,1.014,0.35
714474483,"$2,523.00",1877,646.0,2005,50,0.744,1.631,1.174
716448783,"$6,235.00",0,6235.0,1225,34,0.0,0.848,0.478
711065133,"$1,473.00",0,1473.0,2099,39,0.0,0.813,0.857
713769258,"$17,116.00",939,16177.0,2547,45,0.055,1.575,0.731
712288158,"$4,631.00",1991,2640.0,2864,37,0.43,1.669,0.947
714130233,"$3,047.00",2150,897.0,1602,37,0.706,0.882,1.312
789127533,"$32,338.00",1664,30674.0,3013,83,0.051,0.919,0.766
717038733,"$2,253.00",1375,878.0,1324,38,0.61,0.388,0.31
804840033,"$16,611.00",0,16611.0,1960,48,0.0,0.954,0.6
709363383,"$22,886.00",836,22050.0,2652,61,0.037,0.889,0.743
789760233,"$3,544.00",0,3544.0,2435,63,0.0,0.718,1.032
712058958,"$3,480.00",0,3480.0,2744,75,0.0,0.731,0.829
708295533,"$3,549.00",1880,1669.0,1215,22,0.53,0.624,0.571
817686633,"$1,438.30",737,701.3,2856,39,0.512,0.806,0.5
713738883,"$3,136.00",1422,1714.0,1260,34,0.453,0.591,0.889
721310283,"$34,516.00",933,33583.0,1804,32,0.027,0.946,0.6
803132733,"$6,814.00",1570,5244.0,1339,30,0.23,0.653,0.364
779852133,"$34,516.00",2098,32418.0,3093,66,0.061,0.741,0.784
716210283,"$8,500.00",2517,5983.0,1618,37,0.296,0.445,1.312
711615933,"$28,170.00",1859,26311.0,1013,28,0.066,0.568,0.75
785311158,"$6,610.00",928,5682.0,3328,69,0.14,0.894,0.683
717267108,"$15,755.00",1410,14345.0,2061,61,0.089,0.839,0.649
711636558,"$2,711.00",2073,638.0,1567,42,0.765,0.711,0.75
717504258,"$3,735.00",1199,2536.0,1573,35,0.321,0.886,0.75
718242333,"$10,216.00",1822,8394.0,2568,69,0.178,0.778,0.683
771844458,"$20,420.00",1657,18763.0,1804,41,0.081,1.038,0.864
708892833,"$13,662.00",0,13662.0,725,22,0.0,0.153,0.0
779465358,"$3,038.00",1460,1578.0,2243,38,0.481,0.98,0.462
720191883,"$7,050.00",659,6391.0,1236,36,0.093,0.52,1.0
710934033,"$1,775.00",1162,613.0,2169,43,0.655,0.93,0.536
714473658,"$8,960.00",1054,7906.0,1488,26,0.118,0.414,0.368
716569983,"$2,355.00",1773,582.0,1765,27,0.753,0.774,0.929
789833583,"$6,803.00",1332,5471.0,1476,30,0.196,0.809,0.579
818923158,"$2,145.00",1207,938.0,1275,31,0.563,0.521,0.476
716596308,"$3,919.00",1640,2279.0,1872,51,0.418,0.8,0.5
716620458,"$4,500.00",0,4500.0,2439,63,0.0,0.626,0.703
710251608,"$2,941.00",1173,1768.0,1453,27,0.399,0.436,0.35
710633808,"$7,102.00",0,7102.0,2411,41,0.0,0.537,0.281
719318583,"$6,866.00",2389,4477.0,862,13,0.348,0.395,0.182
819202533,"$10,378.00",1540,8838.0,1306,32,0.148,0.547,0.28
827360883,"$13,473.00",1335,12138.0,1593,46,0.099,0.814,0.484
771196083,"$18,178.00",0,18178.0,1837,37,0.0,0.922,0.682
809962908,"$8,171.00",852,7319.0,1909,52,0.104,0.639,0.733
788965683,"$1,438.30",0,1438.3,2170,41,0.0,0.782,0.464
817142433,"$8,082.00",2307,5775.0,1725,29,0.285,0.637,1.071
716993058,"$24,589.00",1640,22949.0,4291,78,0.067,0.4,0.625
713309583,"$2,967.00",2129,838.0,2177,59,0.718,1.075,0.788
710273658,"$3,092.00",1825,1267.0,2883,61,0.59,1.46,0.488
771429408,"$1,618.00",668,950.0,1515,31,0.413,0.552,0.476
719452308,"$2,498.00",1632,866.0,2048,35,0.653,0.712,1.188
818908833,"$2,564.00",0,2564.0,2038,45,0.0,1.026,0.364
780998133,"$10,540.00",1489,9051.0,1980,45,0.141,1.029,0.607
801726933,"$13,384.00",1853,11531.0,1899,33,0.138,0.807,0.833
788474658,"$16,208.00",1278,14930.0,1842,56,0.079,0.543,0.436
708438033,"$3,049.00",2198,851.0,2617,48,0.721,1.546,1.0
710562258,"$19,214.00",0,19214.0,3407,47,0.0,0.998,1.136
770764908,"$3,071.00",2517,554.0,1765,36,0.82,0.583,0.565
814776033,"$13,395.00",1678,11717.0,2650,69,0.125,1.006,0.865
715057383,"$17,126.00",1201,15925.0,3891,79,0.07,0.802,0.881
717970158,"$8,083.00",0,8083.0,3942,84,0.0,1.076,0.75
715168008,"$8,995.00",1547,7448.0,2398,61,0.172,0.923,0.794
720802833,"$2,404.00",1198,1206.0,2692,63,0.498,0.501,0.5
789370383,"$2,807.00",1845,962.0,1346,26,0.657,1.027,1.0
711782733,"$3,097.00",827,2270.0,1390,24,0.267,0.511,0.263
709000008,"$10,651.00",672,9979.0,2073,54,0.063,0.767,0.543
719381733,"$2,175.00",1404,771.0,3994,64,0.646,0.633,0.778
771169458,"$28,020.00",1470,26550.0,1723,36,0.052,1.226,1.25
709974108,"$2,640.00",1051,1589.0,3116,80,0.398,0.833,0.6
757024233,"$31,313.00",2152,29161.0,2555,62,0.069,0.679,0.676
768928833,"$7,304.00",0,7304.0,2717,63,0.0,1.144,0.703
720504633,"$3,254.00",0,3254.0,967,24,0.0,0.733,1.182
812441358,"$1,438.30",0,1438.3,2660,89,0.0,0.745,0.712
713287608,"$3,161.00",1220,1941.0,2412,62,0.386,0.82,0.824
711357858,"$7,246.00",0,7246.0,777,13,0.0,0.612,0.625
715478733,"$3,088.00",2517,571.0,2292,54,0.815,0.848,0.862
780382008,"$13,719.00",1384,12335.0,3774,63,0.101,1.201,0.658
715749858,"$4,726.00",1380,3346.0,1723,31,0.292,0.622,0.55
710951808,"$6,100.00",1520,4580.0,1668,32,0.249,0.853,0.882
713469333,"$19,279.00",1427,17852.0,1777,56,0.074,0.892,0.647
719243808,"$3,792.00",1625,2167.0,1888,39,0.429,0.618,0.625
772202058,"$2,084.00",1647,437.0,1597,37,0.79,0.664,0.542
711346383,"$34,516.00",0,34516.0,2804,70,0.0,0.636,0.842
711405333,"$6,849.00",2126,4723.0,1651,43,0.31,0.611,0.344
778407033,"$2,417.00",1932,485.0,2367,50,0.799,1.044,0.786
714862083,"$5,802.00",2490,3312.0,3386,53,0.429,0.849,1.038
711199008,"$2,919.00",2192,727.0,2399,57,0.751,1.073,0.966
709858533,"$2,462.00",2021,441.0,2320,57,0.821,0.966,0.676
718627458,"$1,947.00",0,1947.0,2119,52,0.0,0.838,1.0
711816108,"$18,563.00",0,18563.0,2395,45,0.0,0.729,0.552
717105258,"$3,992.00",1289,2703.0,2181,32,0.323,1.008,0.6
715822008,"$3,568.00",2175,1393.0,1913,35,0.61,1.368,0.667
714971583,"$7,776.00",831,6945.0,3063,87,0.107,1.007,0.891
713663508,"$1,438.30",0,1438.3,1088,22,0.0,0.835,1.444
709025583,"$9,355.00",715,8640.0,1138,38,0.076,0.422,0.727
812809083,"$19,636.00",1566,18070.0,2595,58,0.08,0.649,0.611
714073983,"$7,327.00",0,7327.0,1788,46,0.0,0.857,0.586
789297558,"$7,049.00",1932,5117.0,2602,51,0.274,0.804,0.545
710375283,"$2,033.00",1471,562.0,2236,55,0.724,0.672,0.41
712189233,"$5,153.00",2517,2636.0,3095,63,0.488,1.488,0.969
713767383,"$2,062.00",1665,397.0,2397,41,0.807,1.276,0.64
797414733,"$2,005.00",1517,488.0,2439,61,0.757,0.729,0.848
714151533,"$4,589.00",1622,2967.0,1569,33,0.353,0.425,0.269
720440583,"$2,263.00",1188,1075.0,1927,47,0.525,0.84,0.382
787494783,"$8,184.00",1205,6979.0,2140,49,0.147,0.965,0.69
819966033,"$9,238.00",0,9238.0,2522,68,0.0,0.809,0.478
710297133,"$30,210.00",1194,29016.0,3503,65,0.04,0.948,0.667
793355508,"$6,942.00",0,6942.0,2657,71,0.0,0.544,0.69
708580908,"$14,551.00",2517,12034.0,1373,35,0.173,0.92,0.591
719826333,"$1,438.30",0,1438.3,2557,67,0.0,0.946,0.763
780689733,"$11,332.00",633,10699.0,2758,56,0.056,1.514,1.24
744764433,"$30,967.00",817,30150.0,1473,35,0.026,0.378,0.522
714902283,"$7,866.00",0,7866.0,2843,53,0.0,0.747,0.828
789309558,"$2,718.00",1920,798.0,2570,49,0.706,1.604,1.042
713188383,"$3,084.00",2517,567.0,1446,22,0.816,0.651,0.833
719506983,"$17,302.00",1339,15963.0,1181,30,0.077,0.631,1.0
714804483,"$12,159.00",1665,10494.0,1426,34,0.137,0.608,0.545
748503708,"$2,797.00",1627,1170.0,1566,36,0.582,0.413,0.714
803587533,"$2,618.00",1812,806.0,3319,86,0.692,0.706,0.911
789777408,"$1,442.00",1428,14.0,1134,26,0.99,0.496,0.238
716811483,"$2,063.00",0,2063.0,1859,43,0.0,0.553,0.536
714118383,"$8,154.00",0,8154.0,2223,72,0.0,0.964,0.946
720532908,"$9,735.00",1245,8490.0,2967,80,0.128,1.079,0.739
765055833,"$4,310.00",2229,2081.0,1645,33,0.517,0.643,0.941
715310208,"$11,450.00",2129,9321.0,2197,45,0.186,0.956,0.957
718577958,"$8,906.00",0,8906.0,809,15,0.0,0.315,0.25
789167658,"$4,245.00",1815,2430.0,1534,34,0.428,0.846,0.545
789987183,"$21,953.00",1311,20642.0,1413,37,0.06,0.443,0.37
717730533,"$1,614.00",925,689.0,2659,63,0.573,0.598,0.75
708668283,"$5,140.00",2517,2623.0,1842,36,0.49,0.876,0.714
772360683,"$31,762.00",2517,29245.0,1515,36,0.079,0.735,0.714
712500933,"$11,692.00",648,11044.0,2997,56,0.055,1.265,0.867
804867183,"$16,043.00",0,16043.0,2599,47,0.0,1.509,1.136
826068183,"$15,488.00",1463,14025.0,2916,50,0.094,1.28,0.724
820044333,"$2,503.00",2185,318.0,4157,58,0.873,0.5,0.758
714211533,"$3,312.00",2491,821.0,2670,50,0.752,0.62,0.667
710287533,"$6,269.00",1169,5100.0,2221,57,0.186,0.743,0.727
720603558,"$20,337.00",1605,18732.0,2460,74,0.079,0.805,1.312
819258408,"$2,224.00",1106,1118.0,1698,41,0.497,0.501,0.367
717664008,"$3,100.00",2517,583.0,694,12,0.812,0.35,0.2
717437058,"$26,437.00",681,25756.0,2167,57,0.026,1.021,0.727
717327783,"$9,959.00",1476,8483.0,2760,44,0.148,0.952,1.0
712887633,"$25,008.00",876,24132.0,1753,43,0.035,0.859,1.048
716129208,"$2,031.00",0,2031.0,1678,36,0.0,0.752,0.8
718037433,"$1,654.00",1253,401.0,1887,60,0.758,0.508,0.538
709839858,"$4,608.00",1077,3531.0,1535,31,0.234,0.694,0.632
719686458,"$3,908.00",1629,2279.0,1903,30,0.417,0.775,0.5
721434483,"$2,798.00",1256,1542.0,2631,55,0.449,1.132,0.774
716096358,"$2,551.00",2253,298.0,3753,63,0.883,0.688,0.909
718244958,"$8,621.00",1251,7370.0,1989,37,0.145,0.696,0.48
711315783,"$7,451.00",683,6768.0,2165,49,0.092,0.924,0.96
821296083,"$2,617.00",1010,1607.0,2003,47,0.386,0.659,0.679
711562833,"$12,634.00",0,12634.0,717,18,0.0,0.323,0.286
716447733,"$6,407.00",963,5444.0,1921,43,0.15,1.052,0.72
719591283,"$1,438.30",0,1438.3,2412,58,0.0,0.945,0.657
789911808,"$2,672.00",1259,1413.0,2487,52,0.471,1.375,0.625
713195808,"$11,948.00",1281,10667.0,2792,51,0.107,1.159,0.889
717866133,"$2,677.00",1390,1287.0,2170,63,0.519,0.732,0.465
716670783,"$24,703.00",1085,23618.0,4776,63,0.044,0.998,0.575
789197508,"$2,240.00",1580,660.0,1518,36,0.705,0.745,0.8
713108433,ERR_VAL,1720,4332.0,1476,37,0.284,0.683,0.423
711403383,"$2,562.00",1968,594.0,2256,70,0.768,0.546,0.591
768212583,"$15,377.00",1516,13861.0,1848,49,0.099,0.627,1.042
720181758,"$8,654.00",0,8654.0,850,18,0.0,0.446,0.385
710632683,"$1,438.30",0,1438.3,2308,49,0.0,0.665,0.4
711836733,"$1,438.30",0,1438.3,1867,45,0.0,0.663,0.875
771183933,"$16,040.00",1220,14820.0,1923,49,0.076,0.862,0.4
711327558,"$2,801.00",1980,821.0,1600,45,0.707,0.882,0.406
788971308,"$2,658.00",1158,1500.0,1809,41,0.436,0.476,0.464
718950483,"$12,423.00",1910,10513.0,1208,38,0.154,0.405,0.357
714278958,"$9,347.00",1988,7359.0,2201,46,0.213,1.173,1.091
711817158,"$3,143.00",1075,2068.0,2510,57,0.342,0.643,0.629
765824058,"$5,106.00",1539,3567.0,3784,74,0.301,0.907,0.609
710109633,"$9,871.00",1061,8810.0,1683,34,0.107,0.545,0.478
713643858,"$1,525.00",1411,114.0,1911,47,0.925,0.66,0.958
716399583,"$19,630.00",1251,18379.0,2286,39,0.064,1.399,0.696
714516783,"$12,547.00",1378,11169.0,3360,56,0.11,1.12,0.75
710490708,"$17,686.00",0,17686.0,2047,46,0.0,0.733,0.533
780662133,"$3,257.00",2517,740.0,1534,35,0.773,0.539,0.591
715389708,"$4,824.00",2517,2307.0,1516,32,0.522,0.838,0.391
789607983,"$8,603.00",1046,7557.0,1758,40,0.122,0.826,0.739
720171033,"$11,498.00",1577,9921.0,4014,70,0.137,0.756,0.489
815104608,"$3,818.00",584,3234.0,2947,87,0.153,0.7,0.706
719660658,"$16,594.00",1931,14663.0,2134,47,0.116,0.702,0.808
714159858,"$5,387.00",2047,3340.0,1546,36,0.38,0.579,0.5
714225333,"$2,930.00",773,2157.0,1545,21,0.264,0.661,0.909
712204308,"$10,023.00",504,9519.0,2878,65,0.05,0.942,0.625
718468158,"$9,303.00",1599,7704.0,2261,37,0.172,1.408,0.542
711575058,"$2,956.00",2411,545.0,1896,31,0.816,0.971,0.824
735417408,"$2,218.00",1266,952.0,1941,58,0.571,0.709,0.568
717171408,"$9,959.00",0,9959.0,2021,41,0.0,0.57,0.783
814312308,"$5,335.00",1373,3962.0,1435,29,0.257,0.558,0.611
711786108,"$7,187.00",2014,5173.0,1159,26,0.28,0.649,0.733
712905708,"$2,590.00",1564,1026.0,1188,40,0.604,0.386,0.6
720050208,"$4,255.00",1748,2507.0,2236,57,0.411,0.516,0.541
793952133,"$2,778.00",2312,466.0,1680,33,0.832,0.727,1.062
798140283,"$10,711.00",1970,8741.0,1180,29,0.184,0.71,1.417
720427683,"$16,163.00",0,16163.0,2171,48,0.0,0.542,0.778
789970233,"$2,513.00",1126,1387.0,1454,30,0.448,0.324,0.25
713893308,"$3,291.00",1607,1684.0,1984,38,0.488,1.26,0.652
718843608,"$8,917.00",1091,7826.0,3327,80,0.122,1.152,0.86
752085108,"$4,955.00",1157,3798.0,1824,38,0.234,0.896,0.727
789435783,"$2,909.00",1274,1635.0,1532,26,0.438,0.593,0.3
711032058,"$34,516.00",2517,31999.0,2901,75,0.073,0.791,0.923
784719708,"$1,438.30",0,1438.3,1707,41,0.0,0.531,0.783
804663258,"$14,015.00",2065,11950.0,1903,49,0.147,0.704,0.633
716900433,"$2,540.00",1402,1138.0,2384,61,0.552,1.127,0.794
720909408,"$3,497.00",1665,1832.0,2337,61,0.476,0.627,0.564
712187808,"$3,682.00",0,3682.0,1826,35,0.0,0.685,0.75
718428033,"$4,430.00",1543,2887.0,3395,70,0.348,0.752,0.628
714892533,"$3,877.00",0,3877.0,2473,33,0.0,0.773,0.833
714985458,"$15,124.00",1974,13150.0,1850,44,0.131,0.826,0.571
716647983,"$7,712.00",962,6750.0,1574,34,0.125,0.418,0.062
712340733,"$19,373.00",1142,18231.0,1792,48,0.059,0.655,0.455
719293533,"$21,590.00",2517,19073.0,2567,70,0.117,0.813,0.795
715257708,"$3,657.00",1687,1970.0,2758,55,0.461,1.357,0.833
708331758,"$32,444.00",1843,30601.0,3725,60,0.057,1.127,0.622
709501683,"$5,830.00",1665,4165.0,2263,60,0.286,0.684,0.714
711692508,"$1,438.30",0,1438.3,1154,22,0.0,1.053,0.375
715612983,"$6,463.00",1660,4803.0,2336,49,0.257,0.995,1.722
709674333,"$2,400.00",0,2400.0,2677,70,0.0,1.064,0.892
805522758,"$2,311.00",1830,481.0,1701,33,0.792,1.289,1.357
781013958,"$3,585.00",1244,2341.0,1344,37,0.347,0.507,0.85
717495258,"$9,131.00",916,8215.0,1893,36,0.1,0.863,0.565
795052083,"$1,438.30",0,1438.3,3630,71,0.0,0.864,0.578
773389908,"$1,438.30",0,1438.3,2075,66,0.0,0.79,0.692
719320833,"$5,471.00",2056,3415.0,1992,46,0.376,0.465,0.704
816843933,"$8,823.00",1541,7282.0,1961,32,0.175,1.06,1.0
789196158,"$2,173.00",1520,653.0,1485,26,0.699,0.652,0.529
717930483,"$5,616.00",0,5616.0,1564,31,0.0,0.995,0.476
773442258,"$8,571.00",1616,6955.0,1397,28,0.189,0.6,0.647
719872833,"$2,803.00",0,2803.0,3347,71,0.0,0.565,0.732
721491258,"$3,924.00",2517,1407.0,1417,30,0.641,0.511,0.667
770575233,"$5,663.00",1149,4514.0,2553,61,0.203,0.767,0.794
715800708,"$3,955.00",2000,1955.0,1560,43,0.506,0.425,0.483
719996958,"$7,997.00",0,7997.0,2208,56,0.0,0.935,0.806
719889408,"$3,652.00",1351,2301.0,1561,39,0.37,0.836,0.625
708811233,"$12,702.00",2008,10694.0,1992,40,0.158,0.51,0.667
794627208,"$7,189.00",1550,5639.0,1935,52,0.216,0.538,0.368
719020983,"$12,421.00",2517,9904.0,1913,49,0.203,0.73,0.69
719131533,"$2,585.00",2008,577.0,3519,73,0.777,1.266,0.622
710449983,"$2,818.00",1656,1162.0,2916,45,0.588,1.404,0.957
715651833,"$2,351.00",0,2351.0,1593,35,0.0,0.881,0.591
720714933,"$3,143.00",2517,626.0,1323,25,0.801,0.625,0.923
789170283,"$6,514.00",978,5536.0,3084,63,0.15,0.843,0.658
810201783,"$3,119.00",1328,1791.0,2740,62,0.426,0.722,0.512
715517733,"$13,092.00",1962,11130.0,936,25,0.15,0.686,0.25
709042908,"$1,438.30",0,1438.3,2207,68,0.0,0.803,0.511
715023333,"$3,702.00",1118,2584.0,2585,64,0.302,1.04,0.778
720801033,"$9,095.00",2517,6578.0,1347,27,0.277,0.37,0.421
714345783,"$2,701.00",1572,1129.0,1469,36,0.582,0.475,0.5
779209083,"$1,813.00",1387,426.0,1468,32,0.765,0.406,0.231
713972658,ERR_VAL,996,4339.0,1454,43,0.187,0.469,0.433
710782458,"$2,469.00",1695,774.0,1615,36,0.687,0.842,0.333
711142308,"$3,091.00",0,3091.0,2572,65,0.0,0.665,0.548
824789283,"$2,683.00",1533,1150.0,2373,73,0.571,0.821,0.659
715187733,"$5,464.00",0,5464.0,2473,46,0.0,0.7,0.484
721014858,"$2,942.00",2022,920.0,1479,28,0.687,0.537,0.217
710363433,"$2,735.00",1348,1387.0,2441,58,0.493,0.805,0.45
715479483,"$15,279.00",1496,13783.0,2079,57,0.098,0.997,0.425
708243483,"$14,938.00",1155,13783.0,2248,51,0.077,0.995,0.645
714770808,"$4,328.00",670,3658.0,1580,54,0.155,0.396,0.543
720626058,"$34,516.00",934,33582.0,1768,52,0.027,0.681,0.576
709185108,"$5,824.00",1542,4282.0,1801,44,0.265,0.827,0.571
719596908,"$11,281.00",2118,9163.0,1255,30,0.188,0.534,0.304
719273733,"$7,959.00",998,6961.0,1855,29,0.125,0.773,0.318
717348258,"$4,459.00",1899,2560.0,2502,48,0.426,1.349,1.0
770882508,"$17,162.00",773,16389.0,2457,54,0.045,1.238,1.0
799026633,"$16,254.00",1518,14736.0,2502,55,0.093,1.256,0.571
718777008,"$3,278.00",1306,1972.0,1374,32,0.398,0.399,0.391
716128083,"$3,295.00",2002,1293.0,1191,34,0.608,0.599,0.545
721288158,"$25,033.00",2300,22733.0,2529,71,0.092,0.716,0.578
757881258,"$4,232.00",2092,2140.0,2565,69,0.494,0.604,0.865
715843533,"$2,703.00",1256,1447.0,2111,29,0.465,0.949,0.706
717234183,"$2,710.00",629,2081.0,1718,37,0.232,0.771,0.762
717260058,"$2,322.00",1284,1038.0,1573,27,0.553,0.673,0.929
709710783,"$5,931.00",0,5931.0,2730,71,0.0,0.668,0.614
787284858,"$3,300.00",1731,1569.0,1745,27,0.525,0.689,0.929
815845758,"$1,438.30",0,1438.3,1354,24,0.0,0.472,0.714
720639783,"$34,516.00",0,34516.0,2562,62,0.0,0.682,0.722
713331408,"$8,682.00",1647,7035.0,1792,36,0.19,0.971,0.8
778693458,"$12,616.00",0,12616.0,1376,29,0.0,1.054,0.611
788610258,"$9,652.00",2517,7135.0,3762,73,0.261,0.889,0.587
711173883,"$1,651.00",770,881.0,2516,54,0.466,0.736,0.385
717628608,"$2,576.00",1640,936.0,2568,34,0.637,1.128,0.889
789261558,"$2,212.00",1392,820.0,1387,34,0.629,0.573,0.7
770647233,"$2,157.00",1188,969.0,2111,59,0.551,0.847,0.639
718181433,"$8,705.00",1453,7252.0,2688,88,0.167,1.11,0.956
714460683,"$3,838.00",1736,2102.0,1467,29,0.452,0.445,0.706
716460933,"$10,306.00",1427,8879.0,1456,44,0.138,0.709,0.294
710787708,"$5,366.00",1271,4095.0,1748,38,0.237,0.558,0.9
713800158,"$2,994.00",2351,643.0,1540,32,0.785,0.469,0.185
712551258,"$4,247.00",0,4247.0,847,17,0.0,0.405,0.133
715379133,"$1,737.00",1145,592.0,1954,42,0.659,0.809,1.333
712091433,"$18,431.00",902,17529.0,2950,61,0.049,1.296,0.848
771756333,"$2,263.00",1794,469.0,2154,37,0.793,0.794,0.542
779895108,"$2,718.00",2156,562.0,1711,36,0.793,0.668,0.44
771976683,"$5,839.00",2130,3709.0,1640,44,0.365,0.687,0.333
716800908,"$5,137.00",0,5137.0,2496,49,0.0,0.699,0.581
789413958,"$11,909.00",1018,10891.0,1938,53,0.085,1.006,0.656
711574008,"$21,390.00",0,21390.0,2477,59,0.0,0.946,0.341
714138408,"$9,264.00",629,8635.0,4107,79,0.068,0.659,0.58
709334658,"$5,484.00",2517,2967.0,2025,51,0.459,0.489,0.378
709564683,"$4,739.00",0,4739.0,886,21,0.0,0.363,0.4
772292358,"$7,970.00",0,7970.0,1284,30,0.0,0.776,0.429
712933083,"$3,127.00",2378,749.0,2292,49,0.76,0.862,0.441
710497608,"$7,756.00",1670,6086.0,1858,51,0.215,0.78,0.545
721443408,"$34,516.00",676,33840.0,3508,58,0.02,0.814,0.871
709149408,"$5,605.00",1322,4283.0,2338,41,0.236,1.204,0.952
708446808,"$2,946.00",1359,1587.0,2017,48,0.461,0.746,0.455
824192658,"$8,886.00",0,8886.0,4148,79,0.0,0.694,0.756
711625683,"$3,104.00",862,2242.0,2781,74,0.278,1.057,0.682
717487983,"$19,435.00",2120,17315.0,2062,55,0.109,0.625,0.486
717301908,"$3,312.00",1624,1688.0,1973,55,0.49,0.573,0.667
718435158,"$34,516.00",0,34516.0,1930,36,0.0,0.986,0.44
714797733,"$5,246.00",0,5246.0,3189,56,0.0,0.969,0.556
719213133,"$2,432.00",1554,878.0,3670,60,0.639,1.158,0.818
798962058,"$3,103.00",2399,704.0,1836,48,0.773,0.581,0.655
718970058,"$30,746.00",1168,29578.0,1519,43,0.038,0.653,0.72
713021208,"$34,516.00",0,34516.0,1353,40,0.0,0.399,0.212
810856833,"$11,962.00",1025,10937.0,1907,52,0.086,0.694,0.926
787868958,"$14,690.00",979,13711.0,2746,68,0.067,0.811,0.511
708161133,"$6,629.00",1389,5240.0,3891,69,0.21,0.828,0.643
708174708,"$5,535.00",1276,4259.0,1764,38,0.231,0.636,0.9
708735183,"$2,544.00",1848,696.0,2289,49,0.726,0.804,0.441
708445608,"$3,305.00",2517,788.0,2027,57,0.762,0.766,1.036
778943883,"$34,516.00",888,33628.0,1959,42,0.026,1.299,0.909
788810658,"$9,466.00",0,9466.0,2503,70,0.0,0.818,0.489
789050883,"$5,297.00",0,5297.0,2655,62,0.0,0.779,0.55
714531108,"$4,260.00",1775,2485.0,2109,52,0.417,1.239,0.625
711635358,"$7,291.00",2517,4774.0,2198,56,0.345,0.83,0.697
803648508,"$13,882.00",758,13124.0,1646,42,0.055,0.5,0.75
813200058,"$6,500.00",1786,4714.0,1497,27,0.275,0.524,0.35
805261983,"$1,626.00",979,647.0,2847,61,0.602,1.467,0.968
715206408,"$6,662.00",0,6662.0,3264,83,0.0,0.934,0.766
788684508,"$5,846.00",1732,4114.0,2056,41,0.296,0.611,0.64
737933883,"$8,063.00",2149,5914.0,2042,49,0.267,0.722,0.69
768655158,"$6,224.00",1092,5132.0,2222,39,0.175,0.919,0.56
774437583,"$4,597.00",2442,2155.0,1504,38,0.531,0.512,0.357
713104458,"$7,869.00",0,7869.0,998,25,0.0,0.692,0.562
715462008,"$17,884.00",2096,15788.0,2031,49,0.117,0.477,0.633
715366083,"$1,438.30",978,460.3,947,33,0.68,0.773,0.571
712322058,"$2,046.00",1694,352.0,3432,49,0.828,0.853,0.96
719737833,"$6,370.00",0,6370.0,1783,40,0.0,0.855,0.667
789530208,"$2,737.00",2517,220.0,1619,37,0.92,0.533,0.48
717885183,"$2,622.00",2489,133.0,2717,79,0.949,0.84,0.549
716244033,"$7,266.00",906,6360.0,1741,27,0.125,0.676,0.421
711614658,"$2,258.00",1338,920.0,2511,55,0.593,0.86,0.774
804598908,"$6,510.00",2055,4455.0,2238,49,0.316,1.042,0.531
719161683,"$2,508.00",1580,928.0,1607,44,0.63,0.44,0.419
719327808,"$4,006.00",2517,1489.0,1157,34,0.628,0.557,0.619
714038433,"$3,252.00",1987,1265.0,2953,72,0.611,0.658,0.714
710129283,"$16,317.00",0,16317.0,2944,71,0.0,0.742,0.972
709367433,"$2,109.00",1542,567.0,2261,56,0.731,0.67,0.6
719729433,"$7,023.00",1726,5297.0,2535,51,0.246,1.178,0.759
717192933,"$8,302.00",2517,5785.0,1576,34,0.303,0.661,0.789
711734508,"$9,959.00",1209,8750.0,1584,28,0.121,0.548,0.273
715153158,"$3,636.00",1884,1752.0,4254,79,0.518,0.924,0.491
712149033,"$5,184.00",1856,3328.0,1834,55,0.358,0.553,0.571
713901108,"$14,575.00",0,14575.0,3444,80,0.0,1.251,0.702
719415858,"$3,107.00",1720,1387.0,2460,71,0.554,0.661,0.69
719385558,"$1,438.30",0,1438.3,1281,32,0.0,0.757,1.0
779528658,"$3,092.00",1115,1977.0,2133,41,0.361,0.802,0.783
721508283,"$8,322.00",0,8322.0,3700,62,0.0,0.86,1.0
757753083,"$10,110.00",1229,8881.0,4063,74,0.122,0.65,0.48
797753283,"$2,707.00",2036,671.0,1926,33,0.752,0.827,0.941
807523008,"$4,397.00",2007,2390.0,2473,47,0.456,0.892,1.136
711416958,"$5,795.00",0,5795.0,2322,65,0.0,0.746,0.585
780865308,"$9,760.00",1657,8103.0,4542,86,0.17,1.134,0.87
708423933,"$6,103.00",0,6103.0,3203,64,0.0,0.532,0.829
714321408,"$2,246.00",1326,920.0,1429,32,0.59,0.543,0.455
771852483,"$4,930.00",0,4930.0,3343,77,0.0,1.019,0.638
708185208,"$3,178.00",1118,2060.0,2010,31,0.352,0.643,0.55
714920208,"$3,003.00",1810,1193.0,3148,68,0.603,0.719,0.789
789952158,"$2,318.00",2069,249.0,2689,57,0.893,1.399,0.781
713237958,"$2,638.00",2092,546.0,1868,43,0.793,0.591,0.344
715956258,"$2,004.00",0,2004.0,1974,60,0.0,0.681,0.364
769196433,"$2,414.00",2276,138.0,2000,62,0.943,0.567,0.59
778942233,"$1,438.30",648,790.3,1267,27,0.451,0.477,1.077
708651933,"$2,043.00",1928,115.0,2311,57,0.944,0.791,0.839
720467583,"$34,516.00",2517,31999.0,3072,67,0.073,0.685,0.675
716549058,"$3,111.00",2290,821.0,1998,41,0.736,1.612,0.464
713533983,"$2,585.00",1207,1378.0,1590,33,0.467,0.44,0.32
787463508,"$2,469.00",2410,59.0,1027,20,0.976,0.544,0.176
710256708,"$8,744.00",1712,7032.0,2579,68,0.196,0.895,0.659
708980283,"$4,185.00",2517,1668.0,2179,55,0.601,0.861,0.774
719484408,"$4,759.00",1459,3300.0,2903,57,0.307,1.24,0.9
710023233,"$24,457.00",1300,23157.0,2739,65,0.053,0.914,0.912
789101883,"$14,244.00",1673,12571.0,2729,66,0.117,0.699,0.535
778381608,"$6,572.00",417,6155.0,1766,46,0.063,0.584,0.533
787492908,"$23,381.00",905,22476.0,4357,73,0.039,0.645,0.521
709932558,"$3,471.00",2517,954.0,1771,34,0.725,0.743,0.889
780219483,"$2,250.00",1041,1209.0,1339,28,0.463,0.678,0.867
708590658,"$15,965.00",2312,13653.0,1619,40,0.145,0.59,0.538
715143333,"$9,433.00",1578,7855.0,3910,81,0.167,0.66,0.653
801048483,"$9,180.00",1814,7366.0,2646,49,0.198,0.628,0.633
711913833,"$8,818.00",1437,7381.0,1865,31,0.163,0.649,0.938
715413483,"$4,066.00",1028,3038.0,3888,77,0.253,0.972,0.604
715750758,"$9,031.00",1535,7496.0,1602,35,0.17,0.69,0.591
714062958,"$9,887.00",994,8893.0,2552,64,0.101,0.488,0.455
710458758,"$4,161.00",2491,1670.0,1203,30,0.599,0.41,0.579
719494983,"$2,740.00",2069,671.0,1997,44,0.755,0.418,0.419
710586483,"$6,152.00",0,6152.0,968,23,0.0,0.391,0.533
772637058,"$8,167.00",1740,6427.0,2141,51,0.213,1.455,0.7
718229133,"$23,742.00",0,23742.0,3783,57,0.0,0.769,0.676
718423533,"$16,791.00",1181,15610.0,2983,74,0.07,0.55,0.682
781089708,"$26,783.00",1285,25498.0,2495,46,0.048,0.59,0.769
773082033,"$25,516.00",1363,24153.0,2317,38,0.053,1.172,0.727
815288583,"$4,815.00",1591,3224.0,2501,36,0.33,1.409,0.714
720431433,"$3,198.00",2308,890.0,1402,35,0.722,0.724,0.842
709164408,"$2,218.00",1696,522.0,730,20,0.765,0.367,0.429
710567508,"$23,462.00",2202,21260.0,1387,33,0.094,0.571,0.65
719427333,"$2,252.00",1737,515.0,1291,27,0.771,0.685,0.5
714765408,"$2,557.00",1990,567.0,2266,57,0.778,0.575,0.357
709785783,"$2,300.00",0,2300.0,1485,34,0.0,0.877,0.478
809290308,"$3,540.00",1173,2367.0,1912,45,0.331,1.106,0.667
779598183,"$22,938.00",1700,21238.0,3428,54,0.074,0.636,0.5
779783508,"$13,129.00",901,12228.0,2564,56,0.069,0.825,0.474
719568333,"$34,516.00",1900,32616.0,1668,36,0.055,1.002,0.714
719207733,"$3,396.00",802,2594.0,1418,36,0.236,0.548,0.5
715533108,"$4,712.00",955,3757.0,2568,62,0.203,0.855,0.59
714816258,"$7,638.00",947,6691.0,2336,58,0.124,0.682,0.611
787573683,"$2,624.00",1319,1305.0,4189,74,0.503,0.768,0.609
804310758,"$17,934.00",1578,16356.0,2005,48,0.088,0.593,0.778
792912708,"$15,198.00",2098,13100.0,3183,64,0.138,0.8,0.73
719078283,"$3,191.00",2517,674.0,1501,35,0.789,0.719,0.591
708620283,"$6,053.00",2001,4052.0,2208,59,0.331,0.743,0.595
770985633,"$5,510.00",2027,3483.0,1980,42,0.368,0.898,0.68
780094008,"$12,875.00",1119,11756.0,1624,40,0.087,0.401,0.429
716420358,"$2,602.00",1490,1112.0,3151,78,0.573,0.66,0.66
825756333,"$2,041.00",1885,156.0,2118,48,0.924,0.587,0.778
755273658,"$2,548.00",1683,865.0,2055,54,0.661,0.75,0.636
709096908,"$4,698.00",984,3714.0,1865,35,0.209,0.373,0.458
714840858,"$2,222.00",1551,671.0,3302,65,0.698,0.932,0.585
721205508,"$8,217.00",0,8217.0,1848,56,0.0,0.678,0.514
786493908,"$10,091.00",0,10091.0,3347,64,0.0,1.121,0.778
803963808,"$19,074.00",0,19074.0,3762,74,0.0,0.804,1.0
806170158,"$34,516.00",542,33974.0,3899,78,0.016,0.866,0.857
751469808,"$12,852.00",1945,10907.0,1606,33,0.151,0.659,0.941
721055058,"$12,763.00",2517,10246.0,2599,46,0.197,1.631,0.917
709794333,"$2,827.00",1430,1397.0,1608,30,0.506,0.885,1.308
718361583,"$8,242.00",0,8242.0,1559,44,0.0,0.434,0.467
714327183,"$1,825.00",1389,436.0,2878,54,0.761,1.595,0.636
808909008,"$1,438.30",0,1438.3,1448,31,0.0,0.589,0.292
716207508,"$5,497.00",1517,3980.0,1981,38,0.276,0.624,0.357
768965208,"$6,778.00",865,5913.0,3158,71,0.128,0.992,0.775
720185058,"$4,267.00",0,4267.0,1067,23,0.0,0.862,0.769
715220508,"$3,273.00",2517,756.0,2726,57,0.769,1.465,0.727
712112733,"$9,371.00",1541,7830.0,2518,67,0.164,0.781,0.971
712298883,"$1,438.30",663,775.3,2987,73,0.461,0.384,0.622
717813558,"$8,389.00",1960,6429.0,1334,38,0.234,0.384,0.407
716823408,"$28,410.00",1608,26802.0,2278,77,0.057,0.913,1.139
719089383,"$6,168.00",2371,3797.0,4303,80,0.384,0.668,0.509
710039208,"$2,111.00",966,1145.0,3871,87,0.458,0.923,0.706
780237033,"$3,141.00",1819,1322.0,1539,35,0.579,0.497,0.522
720986958,"$8,307.00",2517,5790.0,2293,36,0.303,1.743,0.8
709473708,"$30,753.00",1661,29092.0,1780,33,0.054,0.681,0.941
708593883,"$2,731.00",1573,1158.0,1813,38,0.576,0.943,0.727
710241858,"$2,890.00",0,2890.0,2040,36,0.0,0.545,0.44
715392558,"$34,516.00",0,34516.0,2848,56,0.0,1.03,0.75
717399183,"$8,058.00",1176,6882.0,2774,52,0.146,1.164,0.625
817925058,"$5,660.00",2401,3259.0,1932,35,0.424,0.779,0.346
715043508,"$9,515.00",0,9515.0,4642,61,0.0,0.79,0.605
716610558,"$10,962.00",1559,9403.0,2724,71,0.142,0.708,0.651
716768808,"$23,848.00",1967,21881.0,1591,43,0.082,0.462,0.72
795810633,"$10,144.00",1295,8849.0,1234,24,0.128,0.758,1.182
779925033,"$2,997.00",1969,1028.0,2807,60,0.657,1.235,0.714
790225758,"$2,647.00",620,2027.0,2262,47,0.234,0.664,0.424
713879283,"$4,580.00",1300,3280.0,1694,34,0.284,0.519,0.7
715968858,"$2,608.00",1630,978.0,1822,33,0.625,0.521,0.32
767687208,"$34,516.00",1180,33336.0,2329,69,0.034,0.801,0.605
778728783,"$3,156.00",2095,1061.0,2739,56,0.664,1.281,0.75
713637783,"$24,936.00",2053,22883.0,1810,38,0.082,0.716,0.727
718162908,"$26,101.00",614,25487.0,1472,48,0.024,0.397,0.412
708664008,"$14,270.00",0,14270.0,1222,37,0.0,0.398,0.423
711929058,"$25,618.00",1209,24409.0,2157,49,0.047,1.228,1.882
770781558,"$3,230.00",2517,713.0,1914,31,0.779,0.677,0.348
790048158,"$8,881.00",1865,7016.0,2632,54,0.21,1.279,1.077
721258158,"$11,037.00",1491,9546.0,2429,63,0.135,0.651,0.75
786480183,"$16,763.00",0,16763.0,3626,69,0.0,0.88,0.683
721378008,"$2,621.00",1461,1160.0,2718,71,0.557,0.775,0.775
786566733,"$4,939.00",1190,3749.0,3764,64,0.241,0.557,0.524
794551383,"$4,419.00",1218,3201.0,4535,75,0.276,0.879,0.562
820981383,"$9,235.00",1796,7439.0,1739,42,0.194,0.958,0.448
713366583,"$3,055.00",1685,1370.0,1405,40,0.552,0.541,0.481
767311008,"$19,412.00",770,18642.0,1576,41,0.04,0.755,0.952
716624133,"$12,786.00",1880,10906.0,1205,19,0.147,0.702,0.462
712727283,"$4,666.00",1275,3391.0,1281,28,0.273,0.397,0.75
716059608,"$4,894.00",1505,3389.0,3277,67,0.308,0.78,0.558
708292833,"$27,389.00",1250,26139.0,2754,60,0.046,0.641,0.463
720013083,"$2,132.00",797,1335.0,3265,74,0.374,0.779,0.574
710540883,"$6,590.00",0,6590.0,2449,67,0.0,0.714,0.634
709212183,"$3,176.00",1470,1706.0,1634,53,0.463,0.388,0.472
713424108,"$4,288.00",2349,1939.0,2591,57,0.548,0.718,0.541
718476033,"$20,130.00",2355,17775.0,2444,49,0.117,0.716,0.633
815001108,"$5,945.00",1685,4260.0,3598,67,0.283,0.9,0.718
709802208,"$3,350.00",0,3350.0,2849,61,0.0,1.316,0.694
713445183,"$4,008.00",1841,2167.0,2794,58,0.459,1.504,1.148
717310458,"$5,780.00",938,4842.0,2960,65,0.162,0.988,0.757
789158433,"$2,497.00",1674,823.0,2922,53,0.67,0.701,0.963
788761608,"$10,286.00",2286,8000.0,2564,57,0.222,0.671,0.462
709916058,"$2,347.00",2163,184.0,1631,40,0.922,0.615,0.29
789804933,"$23,125.00",1236,21889.0,2536,69,0.053,0.995,0.865
780070833,"$3,034.00",2517,517.0,1617,29,0.83,0.63,1.417
772776033,"$7,081.00",1874,5207.0,2249,47,0.265,0.699,1.35
719804208,ERR_VAL,1873,4951.0,1933,48,0.274,0.563,0.655
715077483,"$1,438.30",772,666.3,2250,40,0.537,1.451,0.905
717000858,"$2,683.00",1738,945.0,2274,52,0.648,0.745,0.733
792402483,"$12,280.00",985,11295.0,4263,70,0.08,0.841,1.0
712973733,"$14,607.00",1480,13127.0,1393,38,0.101,0.346,0.462
813213558,"$2,267.00",1469,798.0,3709,64,0.648,0.716,0.684
718215033,"$2,556.00",2260,296.0,1401,30,0.884,0.487,0.579
717207408,"$12,512.00",666,11846.0,2995,60,0.053,0.914,0.875
711426033,"$11,332.00",946,10386.0,3806,65,0.083,0.857,0.667
719233833,"$3,073.00",526,2547.0,1944,55,0.171,0.702,0.618
716864733,"$34,516.00",2315,32201.0,1805,46,0.067,0.599,0.704
821168733,"$5,323.00",2301,3022.0,1783,33,0.432,0.68,0.65
710135058,"$9,078.00",1501,7577.0,1543,34,0.165,0.51,0.545
720228708,"$27,029.00",1347,25682.0,1302,27,0.05,0.381,0.421
718618458,"$9,859.00",1305,8554.0,4345,72,0.132,0.722,0.674
719470458,"$4,026.00",243,3783.0,1102,27,0.06,0.738,0.8
719587158,"$2,608.00",1799,809.0,2565,72,0.69,0.732,0.636
715499808,"$3,552.00",2517,1035.0,1342,26,0.709,0.465,1.0
718589133,"$4,613.00",1619,2994.0,2328,62,0.351,0.697,0.722
789235383,"$10,386.00",1909,8477.0,2119,52,0.184,1.43,1.08
773364483,"$34,516.00",1298,33218.0,1906,39,0.038,0.757,0.773
713548158,"$2,657.00",1611,1046.0,2349,41,0.606,0.599,0.464
720264783,"$5,031.00",1327,3704.0,1433,34,0.264,0.553,0.889
715319958,"$34,516.00",787,33729.0,1312,32,0.023,0.763,0.6
710528583,"$1,612.00",835,777.0,2148,40,0.518,0.588,0.379
809990883,"$2,423.00",1773,650.0,2038,64,0.732,0.574,0.362
714412308,"$7,140.00",0,7140.0,916,18,0.0,0.401,0.2
772303458,"$3,377.00",948,2429.0,1407,44,0.281,0.461,0.467
721243083,"$34,516.00",2408,32108.0,1187,40,0.07,0.796,0.6
711990933,"$2,295.00",0,2295.0,3292,62,0.0,0.699,0.824
819977058,"$3,150.00",1543,1607.0,3432,71,0.49,0.998,0.972
721467258,"$2,165.00",1135,1030.0,1541,33,0.524,0.707,0.833
719976558,"$4,249.00",1562,2687.0,1881,49,0.368,0.773,0.815
718824783,"$2,966.00",1433,1533.0,1986,50,0.483,0.49,0.613
713303733,"$1,612.00",744,868.0,1564,33,0.462,0.636,0.5
711129483,"$14,593.00",1504,13089.0,3447,72,0.103,0.668,0.895
779618433,"$8,327.00",1551,6776.0,4428,82,0.186,0.463,0.822
797757333,"$34,516.00",1580,32936.0,4149,86,0.046,0.707,0.755
814497483,"$6,479.00",1393,5086.0,1618,47,0.215,0.468,0.958
709623483,"$18,442.00",1470,16972.0,1281,36,0.08,0.491,0.8
709056558,"$2,800.00",2517,283.0,1994,41,0.899,0.816,0.64
708238833,"$3,032.00",2215,817.0,1387,30,0.731,0.408,0.579
813261408,"$2,151.00",1338,813.0,3446,58,0.622,0.926,1.0
720424608,"$24,073.00",1084,22989.0,1341,37,0.045,0.847,1.176
798022683,"$25,517.00",321,25196.0,2508,44,0.013,0.769,0.294
769756983,"$7,709.00",2227,5482.0,2520,61,0.289,1.295,0.848
712674183,"$4,065.00",2180,1885.0,1271,36,0.536,0.321,0.2
708900408,"$13,169.00",1499,11670.0,4370,83,0.114,0.603,0.537
713625483,"$11,811.00",2508,9303.0,1469,29,0.212,0.476,0.812
716869458,"$7,440.00",704,6736.0,2251,63,0.095,0.551,0.537
788723133,"$12,714.00",976,11738.0,2240,53,0.077,0.649,0.395
794462133,"$3,735.00",1978,1757.0,1749,41,0.53,0.675,0.577
712604133,"$25,882.00",1699,24183.0,1736,48,0.066,0.428,0.371
714397983,"$3,877.00",1495,2382.0,1942,42,0.386,0.783,0.75
788269158,"$3,280.00",1806,1474.0,2534,78,0.551,0.963,0.95
715898058,"$11,023.00",0,11023.0,1656,41,0.0,0.539,0.367
711906033,"$6,182.00",1131,5051.0,3546,63,0.183,0.566,0.615
711367308,"$2,186.00",1185,1001.0,2614,67,0.542,0.998,0.861
790186458,"$17,996.00",864,17132.0,1589,30,0.048,0.597,0.667
712040433,"$2,306.00",2200,106.0,2097,57,0.954,0.697,0.541
709616958,"$26,556.00",1583,24973.0,3168,73,0.06,0.694,0.738
714633858,"$5,779.00",2517,3262.0,2102,32,0.436,1.201,1.133
794818833,"$5,494.00",2078,3416.0,2661,58,0.378,0.79,0.871
711219333,"$7,571.00",2264,5307.0,2273,49,0.299,0.696,0.485
713384508,"$2,897.00",1398,1499.0,2698,73,0.483,0.907,0.872
772514808,"$3,131.00",2379,752.0,2315,63,0.76,0.748,0.853
710808108,"$4,274.00",2517,1757.0,2257,54,0.589,0.666,0.8
778973658,"$4,980.00",906,4074.0,2273,66,0.182,0.721,0.886
712005108,"$3,156.00",2155,1001.0,1376,44,0.683,0.438,0.571
804577833,"$6,861.00",2101,4760.0,3974,63,0.306,0.464,0.909
715028283,"$15,554.00",2497,13057.0,2836,61,0.161,1.027,0.605
789786258,"$26,570.00",1915,24655.0,2118,33,0.072,1.454,1.062
715421058,"$22,224.00",979,21245.0,3346,69,0.044,1.255,1.156
797166633,"$10,606.00",1713,8893.0,2694,61,0.162,0.899,0.906
711041508,"$5,865.00",2517,3348.0,2623,47,0.429,1.348,1.35
712847208,"$5,369.00",1854,3515.0,1898,50,0.345,0.959,0.786
779174133,"$5,188.00",753,4435.0,1540,30,0.145,0.591,0.429
715680933,"$17,742.00",1463,16279.0,3369,55,0.082,0.803,0.774
770871708,"$2,591.00",0,2591.0,2123,56,0.0,0.601,0.697
772643058,"$2,800.00",1834,966.0,1571,36,0.655,0.615,0.636
718199133,"$6,543.00",2260,4283.0,1519,31,0.345,0.448,0.632
721475133,"$26,053.00",829,25224.0,2768,70,0.032,0.669,0.628
766322883,"$6,316.00",1344,4972.0,2401,71,0.213,0.823,0.732
771197433,"$4,658.00",588,4070.0,1351,30,0.126,0.856,1.5
709516458,"$6,476.00",0,6476.0,2723,66,0.0,0.551,0.65
716456808,"$8,087.00",1263,6824.0,2429,69,0.156,0.615,0.643
716819958,"$9,033.00",845,8188.0,1661,35,0.094,0.663,0.4
779449308,"$3,206.00",0,3206.0,3253,72,0.0,1.065,0.532
784891458,"$28,751.00",2158,26593.0,1502,34,0.075,0.536,0.789
790004883,"$2,938.00",1995,943.0,1352,30,0.679,0.514,0.429
770262183,"$5,715.00",1741,3974.0,2324,67,0.305,0.816,1.03
715277583,"$2,111.00",1209,902.0,2803,61,0.573,0.594,0.605
815510883,"$11,862.00",2282,9580.0,2576,74,0.192,0.837,0.85
713997183,"$2,791.00",2160,631.0,2214,56,0.774,0.825,0.6
715107033,"$6,551.00",1440,5111.0,2429,77,0.22,0.629,0.453
720706008,"$4,533.00",1977,2556.0,2679,69,0.436,0.664,0.605
710108133,"$1,854.00",1528,326.0,1307,39,0.824,0.444,0.393
718983333,"$6,704.00",1354,5350.0,1331,30,0.202,0.411,0.364
714030183,"$34,516.00",1494,33022.0,3259,65,0.043,1.229,0.585
710496708,"$5,489.00",1513,3976.0,4085,65,0.276,0.87,0.548
714935883,"$10,619.00",607,10012.0,4074,65,0.057,0.883,0.477
718972758,"$2,481.00",1287,1194.0,1825,51,0.519,0.465,0.821
711827958,"$5,100.00",1970,3130.0,1032,26,0.386,0.371,0.368
778724058,"$5,905.00",726,5179.0,3982,65,0.123,0.85,0.857
809620833,"$9,293.00",0,9293.0,2314,59,0.0,0.897,1.034
718920708,"$5,240.00",1451,3789.0,2172,38,0.277,1.198,0.81
771051783,"$4,182.00",741,3441.0,1297,24,0.177,0.885,1.182
715970133,"$9,857.00",0,9857.0,3448,103,0.0,0.699,0.635
806889633,"$20,117.00",1226,18891.0,2906,58,0.061,1.4,1.0
717338733,"$6,012.00",0,6012.0,2801,72,0.0,0.968,0.674
779223858,"$6,369.00",0,6369.0,2675,47,0.0,1.454,1.136
769980333,"$13,005.00",2152,10853.0,3023,53,0.165,1.424,0.767
716112933,"$1,575.00",592,983.0,644,15,0.376,0.236,0.154
788783133,"$6,679.00",1207,5472.0,1649,29,0.181,0.538,0.381
816325533,"$6,458.00",1802,4656.0,2315,49,0.279,0.923,0.581
720113433,"$20,803.00",1446,19357.0,2073,43,0.07,0.736,0.654
717233058,"$5,540.00",1240,4300.0,1524,31,0.224,0.843,0.824
710233683,"$2,801.00",2403,398.0,1526,44,0.858,0.884,1.0
778327908,"$2,419.00",2380,39.0,4099,73,0.984,0.695,0.659
716400633,"$5,156.00",1427,3729.0,2057,54,0.277,0.48,0.421
787488108,"$14,228.00",1953,12275.0,1970,51,0.137,0.651,0.645
771649083,"$10,257.00",1021,9236.0,1508,30,0.1,0.467,0.429
789853533,"$3,032.00",0,3032.0,1037,14,0.0,0.949,2.5
806256333,"$1,438.30",312,1126.3,1786,26,0.217,0.657,0.733
796336833,"$32,096.00",0,32096.0,2619,69,0.0,0.766,0.917
713763633,"$3,014.00",794,2220.0,1488,30,0.263,0.5,0.579
710942358,"$5,762.00",1890,3872.0,3814,88,0.328,0.938,0.66
713974533,"$2,555.00",1701,854.0,3127,45,0.666,1.492,1.25
787231233,"$34,516.00",1731,32785.0,2421,63,0.05,0.605,0.575
719810583,"$2,140.00",1361,779.0,1280,34,0.636,0.46,1.0
717124983,"$4,760.00",0,4760.0,1459,20,0.0,0.564,0.538
787523283,"$26,372.00",1365,25007.0,2291,56,0.052,1.394,1.0
719493858,"$8,203.00",654,7549.0,2910,63,0.08,0.588,0.909
709897983,"$2,655.00",1527,1128.0,1921,26,0.575,0.715,0.444
717225258,"$13,655.00",1048,12607.0,2383,59,0.077,0.509,0.595
803148033,"$12,169.00",1935,10234.0,1599,38,0.159,0.435,0.652
779474958,"$2,956.00",1823,1133.0,2144,58,0.617,0.969,0.812
712060158,"$2,598.00",1645,953.0,2483,59,0.633,0.765,0.903
713292933,"$10,566.00",726,9840.0,2156,64,0.069,0.893,1.207
710982858,"$8,232.00",2259,5973.0,2849,67,0.274,1.158,1.31
714542058,"$26,365.00",680,25685.0,3411,68,0.026,0.498,0.789
712319058,"$4,671.00",1933,2738.0,2468,58,0.414,0.986,0.706
744483633,"$14,869.00",0,14869.0,2753,48,0.0,1.624,1.087
714947883,"$2,300.00",1965,335.0,1693,27,0.854,0.596,0.688
788776908,"$2,797.00",1802,995.0,3525,63,0.644,0.675,0.75
714802458,"$2,657.00",2115,542.0,3580,77,0.796,0.688,0.711
721485708,"$9,149.00",1806,7343.0,1220,36,0.197,0.35,0.333
716378658,"$2,629.00",1476,1153.0,1725,41,0.561,0.537,0.414
713375658,"$3,176.00",0,3176.0,2298,67,0.0,0.652,0.457
717828108,"$21,875.00",2517,19358.0,1327,31,0.115,0.409,0.409
788784258,"$3,007.00",1664,1343.0,1475,31,0.553,0.34,0.632
718875483,"$17,404.00",1745,15659.0,4491,78,0.1,0.54,0.66
811111083,"$2,863.00",2517,346.0,1458,39,0.879,0.583,0.696
715749108,"$34,516.00",2429,32087.0,3205,57,0.07,0.742,0.727
780197133,"$13,919.00",1266,12653.0,3699,67,0.091,0.438,0.523
719146008,"$18,672.00",2517,16155.0,1126,35,0.135,0.799,0.591
717727308,"$4,204.00",499,3705.0,4740,67,0.119,0.635,0.523
718445883,"$6,859.00",2489,4370.0,1617,26,0.363,0.65,1.0
795997908,"$16,050.00",1480,14570.0,3215,56,0.092,1.326,0.806
710159658,"$34,516.00",1024,33492.0,2436,71,0.03,0.72,0.651
716068683,"$16,766.00",1535,15231.0,3093,77,0.092,1.042,0.878
778844433,"$20,895.00",1808,19087.0,3210,65,0.087,0.572,0.667
715161633,"$7,881.00",2517,5364.0,3068,77,0.319,0.738,0.711
773270058,"$13,427.00",0,13427.0,1337,27,0.0,0.521,0.588
714120258,"$2,281.00",1677,604.0,2735,58,0.735,1.027,1.071
720076458,"$10,974.00",0,10974.0,1327,26,0.0,0.591,1.0
720693033,"$8,925.00",168,8757.0,741,10,0.019,0.447,0.429
719978583,"$5,265.00",0,5265.0,3281,68,0.0,0.524,0.744
712784058,"$17,156.00",2517,14639.0,1142,33,0.147,0.717,0.32
717261708,"$13,457.00",1248,12209.0,1548,41,0.093,0.512,0.519
803665983,"$2,742.00",2184,558.0,3829,72,0.796,0.592,0.532
815838633,"$3,890.00",2286,1604.0,1889,51,0.588,0.633,0.457
826706208,"$17,198.00",0,17198.0,4042,62,0.0,0.803,0.722
721218408,"$3,401.00",1713,1688.0,1924,54,0.504,0.773,0.317
779484408,"$18,951.00",1243,17708.0,2874,58,0.066,1.148,0.657
710416533,"$1,454.00",888,566.0,3060,56,0.611,1.19,0.647
719706483,"$27,499.00",1188,26311.0,2202,46,0.043,0.544,0.394
712206858,"$32,964.00",2231,30733.0,3094,45,0.068,1.731,1.647
709886583,"$7,411.00",633,6778.0,2761,77,0.085,0.762,0.604
711040758,"$7,200.00",0,7200.0,3006,83,0.0,0.894,0.93
817197333,"$12,007.00",956,11051.0,2678,50,0.08,0.832,0.471
718929708,"$3,147.00",1602,1545.0,1558,23,0.509,0.569,0.643
721150833,"$5,110.00",1942,3168.0,3028,76,0.38,0.749,0.583
714514983,"$5,438.00",2214,3224.0,5029,75,0.407,0.668,0.562
779888658,"$17,450.00",2193,15257.0,1426,38,0.126,0.419,0.462
715883358,"$18,352.00",1509,16843.0,1454,29,0.082,0.898,1.071
713363583,"$5,030.00",2326,2704.0,3345,69,0.462,0.856,1.3
772935108,"$34,516.00",802,33714.0,1823,27,0.023,0.899,0.8
820075983,"$1,585.00",1535,50.0,2299,49,0.968,0.462,0.485
721502958,"$3,251.00",1919,1332.0,1406,31,0.59,0.56,0.24
708596283,"$2,858.00",1251,1607.0,2844,73,0.438,0.576,0.622
710325258,"$34,516.00",1847,32669.0,3284,65,0.054,0.527,0.477
708823908,"$16,443.00",1363,15080.0,4252,64,0.083,0.688,0.684
826401858,"$3,687.00",1655,2032.0,2448,63,0.449,0.742,0.5
709554483,"$4,840.00",2517,2323.0,1637,22,0.52,0.445,1.0
710545158,"$15,108.00",0,15108.0,3738,68,0.0,1.015,0.744
788621658,"$1,909.00",1753,156.0,1457,24,0.918,0.788,0.6
716713533,"$19,063.00",1236,17827.0,3393,58,0.065,0.542,0.871
712338033,"$15,982.00",1691,14291.0,1687,40,0.106,0.808,0.739
711639708,"$1,438.30",0,1438.3,1794,45,0.0,0.66,0.875
720216108,"$2,549.00",2130,419.0,2605,61,0.836,0.693,0.794
718708908,"$5,967.00",2350,3617.0,1426,29,0.394,0.543,0.812
802890333,"$2,182.00",1558,624.0,1660,34,0.714,0.457,0.789
712965183,"$2,689.00",2101,588.0,1188,35,0.781,0.416,0.75
796170933,"$30,622.00",0,30622.0,3600,66,0.0,1.329,0.784
712816833,"$4,203.00",1965,2238.0,1425,32,0.468,0.441,0.778
814829583,"$6,453.00",0,6453.0,4822,74,0.0,0.76,0.609
798769458,"$3,318.00",927,2391.0,3011,83,0.279,0.934,0.804
818034558,"$22,075.00",1506,20569.0,2337,40,0.068,0.794,0.818
719483358,"$6,746.00",1750,4996.0,2962,54,0.259,0.962,0.862
719647383,"$4,408.00",1463,2945.0,2001,49,0.332,0.728,0.485
714909108,"$4,838.00",1338,3500.0,2641,67,0.277,0.707,0.595
793678608,ERR_VAL,0,34516.0,3568,57,0.0,0.938,0.676
720854358,"$3,823.00",2130,1693.0,2026,49,0.557,0.371,0.441
709126833,"$21,670.00",2183,19487.0,4121,81,0.101,0.995,0.761
788896983,"$7,928.00",1228,6700.0,1537,37,0.155,0.632,0.682
715731033,"$33,996.00",949,33047.0,3569,77,0.028,0.846,0.571
717636933,"$4,365.00",0,4365.0,3542,57,0.0,0.598,1.111
772658658,"$2,248.00",0,2248.0,4439,77,0.0,0.735,0.54
755943033,"$1,901.00",1176,725.0,2450,52,0.619,0.612,0.857
772399983,"$34,516.00",1433,33083.0,1966,31,0.042,0.728,0.55
826130133,"$31,680.00",1812,29868.0,1121,25,0.057,0.483,0.562
719238183,"$1,872.00",1167,705.0,2238,45,0.623,0.517,0.607
802666083,"$2,055.00",0,2055.0,3656,63,0.0,1.064,0.75
713682708,"$10,991.00",1328,9663.0,3692,60,0.121,1.027,0.714
712774008,"$3,939.00",2517,1422.0,1489,34,0.639,0.376,0.545
717627333,"$2,127.00",1995,132.0,1363,37,0.938,0.374,0.37
779542608,"$34,010.00",1340,32670.0,1739,39,0.039,0.744,0.5
715322958,"$6,971.00",1506,5465.0,3575,67,0.216,0.57,0.675
779100408,"$1,741.00",1328,413.0,2629,61,0.763,0.69,0.649
715352883,"$24,904.00",0,24904.0,5176,71,0.0,0.636,0.479
789963033,"$1,438.30",0,1438.3,1603,39,0.0,0.647,0.444
710687508,"$2,621.00",1858,763.0,2148,47,0.709,0.987,1.043
789656358,"$11,115.00",1292,9823.0,3956,74,0.116,0.797,0.609
715720083,"$13,241.00",0,13241.0,3157,76,0.0,1.002,0.551
716584158,"$14,438.00",2517,11921.0,2090,47,0.174,0.853,0.88
815727183,"$5,228.00",1443,3785.0,2683,62,0.276,0.934,0.938
717066408,"$5,550.00",1518,4032.0,2540,62,0.274,1.182,0.771
708104658,"$1,438.30",890,548.3,2928,48,0.619,1.143,1.4
718016808,"$2,064.00",1282,782.0,1475,27,0.621,0.455,0.929
814571058,"$3,450.00",2517,933.0,2545,64,0.73,0.652,0.778
714757908,"$34,516.00",1380,33136.0,2163,56,0.04,0.66,0.4
710345808,"$30,030.00",2028,28002.0,1828,38,0.068,0.601,1.111
814752558,"$2,151.00",1163,988.0,2513,62,0.541,0.849,0.59
721284258,"$7,181.00",2517,4664.0,1636,39,0.351,0.545,0.56
719336583,"$27,745.00",1300,26445.0,1525,21,0.047,0.482,0.5
797638383,"$4,852.00",2016,2836.0,3561,73,0.415,0.576,0.622
708434733,"$6,735.00",2289,4446.0,1249,28,0.34,0.661,0.75
711802758,"$6,128.00",1895,4233.0,1700,42,0.309,0.583,0.355
720620058,"$23,124.00",1746,21378.0,1959,50,0.076,0.807,0.724
819169683,"$3,436.00",1650,1786.0,1972,37,0.48,0.788,0.947
709757583,"$3,176.00",1510,1666.0,2074,48,0.475,0.885,0.92
789307833,"$8,874.00",1590,7284.0,1849,56,0.179,0.698,0.647
823912308,"$3,402.00",1813,1589.0,1767,28,0.533,0.653,0.647
720746208,"$2,689.00",2077,612.0,1356,33,0.772,0.378,0.435
709121283,"$1,556.00",1278,278.0,1615,35,0.821,0.46,0.591
714093108,"$7,372.00",1210,6162.0,1707,56,0.164,0.946,0.514
718368333,"$5,713.00",789,4924.0,3323,61,0.138,0.678,0.525
806752533,"$2,965.00",1635,1330.0,2553,59,0.551,0.7,0.553
758521983,"$9,819.00",1200,8619.0,2198,40,0.122,0.602,0.538
779473308,"$8,186.00",0,8186.0,2411,67,0.0,0.737,0.426
709376508,"$3,846.00",1285,2561.0,1815,47,0.334,0.608,0.621
712589658,"$13,131.00",1965,11166.0,1795,37,0.15,0.695,0.48
712141683,"$2,944.00",753,2191.0,3457,61,0.256,0.707,0.848
712494108,"$34,516.00",1954,32562.0,1872,52,0.057,0.436,0.486
721350783,"$5,660.00",2006,3654.0,1569,39,0.354,0.779,0.773
710133858,"$7,554.00",1848,5706.0,4150,64,0.245,0.767,0.524
719152383,"$2,494.00",1316,1178.0,2946,57,0.528,1.486,1.036
715174158,"$25,215.00",1445,23770.0,2588,48,0.057,1.033,1.0
780040758,"$2,606.00",1818,788.0,1999,50,0.698,0.703,1.174
719525358,"$8,133.00",1942,6191.0,3310,76,0.239,0.572,0.583
710892408,"$3,101.00",1257,1844.0,1681,32,0.405,0.416,0.524
713295183,"$24,446.00",1854,22592.0,3897,75,0.076,0.782,0.786
789871233,"$2,361.00",1342,1019.0,4316,78,0.568,0.6,0.529
712663533,"$2,441.00",1656,785.0,3903,62,0.678,0.762,0.824
820906233,"$8,532.00",2165,6367.0,3242,63,0.254,0.707,0.75
821163408,"$16,954.00",1588,15366.0,3411,60,0.094,0.878,0.875
708947208,"$2,900.00",2029,871.0,2631,72,0.7,0.846,0.6
715261458,"$6,827.00",0,6827.0,2621,49,0.0,0.754,0.815
789310833,"$4,513.00",1950,2563.0,3164,62,0.432,0.83,0.59
818294958,"$27,347.00",719,26628.0,4040,77,0.026,0.695,0.674
713902983,"$1,676.00",1372,304.0,4381,77,0.819,0.522,0.571
771693933,"$2,802.00",1977,825.0,1757,33,0.706,0.431,0.833
827984658,"$23,870.00",0,23870.0,1885,39,0.0,0.604,0.345
789012633,"$4,868.00",1090,3778.0,2907,69,0.224,0.679,0.816
807237783,"$20,437.00",1020,19417.0,4166,66,0.05,0.563,0.737
803408733,"$2,239.00",1338,901.0,2466,60,0.598,0.567,0.579
824667708,"$2,428.00",1027,1401.0,3007,84,0.423,0.824,0.867
807165033,"$15,027.00",0,15027.0,3533,59,0.0,0.811,0.788
809984133,"$32,056.00",1887,30169.0,2730,68,0.059,0.831,0.7
718949433,"$34,516.00",919,33597.0,3415,79,0.027,0.919,0.756
751227183,"$5,346.00",1539,3807.0,2283,51,0.288,0.777,0.889
716331408,"$2,143.00",0,2143.0,1353,36,0.0,0.853,0.333
714199983,"$34,516.00",2317,32199.0,3927,68,0.067,0.699,0.7
774172158,"$23,507.00",1990,21517.0,2650,65,0.085,0.631,0.912
708171858,"$1,864.00",1081,783.0,2607,44,0.58,1.416,1.75
709074108,"$23,032.00",840,22192.0,2787,73,0.036,0.739,0.698
721304133,"$4,277.00",1578,2699.0,1855,49,0.369,0.84,1.042
787430733,"$2,771.00",1446,1325.0,1706,27,0.522,0.686,0.227
711225933,"$2,265.00",1935,330.0,2306,61,0.854,0.653,0.525
717478983,"$2,853.00",1961,892.0,2697,68,0.687,0.866,0.789
720949083,"$3,075.00",2517,558.0,3534,53,0.819,0.922,0.71
712851108,"$15,340.00",2331,13009.0,2965,51,0.152,0.565,0.594
713151258,"$3,065.00",0,3065.0,3524,69,0.0,0.716,0.605
799731033,"$1,438.30",0,1438.3,3044,91,0.0,0.892,0.896
822138333,"$7,118.00",813,6305.0,3964,66,0.114,0.475,0.65
708532308,"$11,419.00",2517,8902.0,3000,70,0.22,1.211,1.059
713718558,"$2,403.00",0,2403.0,3393,64,0.0,0.727,0.882
778939683,"$2,821.00",951,1870.0,1452,38,0.337,0.577,1.923
713322633,"$2,706.00",2517,189.0,1682,39,0.93,0.506,0.625
754671558,"$2,999.00",1958,1041.0,2073,48,0.653,0.611,0.714
719291283,"$2,226.00",1607,619.0,2660,62,0.722,0.656,1.0
720659283,"$3,351.00",1847,1504.0,1910,43,0.551,0.67,0.593
719535558,"$5,570.00",1858,3712.0,4129,72,0.334,0.783,0.636
771032658,"$10,448.00",1569,8879.0,1604,39,0.15,0.482,0.444
709468683,"$2,174.00",1397,777.0,1755,39,0.643,0.62,0.5
719455908,"$31,501.00",0,31501.0,3742,75,0.0,0.698,0.786
816890883,"$21,695.00",1257,20438.0,2266,74,0.058,0.793,0.48
709826058,"$34,516.00",2435,32081.0,1805,34,0.071,0.732,0.619
735008958,"$13,650.00",1253,12397.0,1703,53,0.092,0.743,0.71
713766183,"$16,156.00",2517,13639.0,4160,81,0.156,0.804,0.653
719148633,"$2,413.00",2015,398.0,1398,24,0.835,0.47,0.714
789266208,"$5,920.00",1589,4331.0,1408,28,0.268,0.512,0.273
718373658,"$5,841.00",2463,3378.0,3817,81,0.422,1.047,0.761
712255458,"$8,418.00",2051,6367.0,2879,63,0.244,0.847,0.703
789494133,"$2,490.00",1259,1231.0,2441,53,0.506,1.079,0.514
714178458,"$20,640.00",1603,19037.0,1792,53,0.078,0.532,0.395
717595908,"$9,453.00",2188,7265.0,1688,45,0.231,0.572,0.452
798114033,"$7,949.00",1514,6435.0,3355,58,0.19,0.857,0.657
709479558,"$2,758.00",2168,590.0,3073,86,0.786,1.046,0.792
778148283,"$20,148.00",1084,19064.0,3921,74,0.054,0.79,0.542
719363283,"$1,438.30",0,1438.3,1904,47,0.0,0.691,0.382
716225433,"$26,566.00",2517,24049.0,3103,65,0.095,0.985,0.625
719882583,"$13,477.00",2057,11420.0,3866,67,0.153,0.684,0.634
711076533,"$9,706.00",1968,7738.0,3435,58,0.203,1.022,0.706
820651908,"$7,457.00",0,7457.0,3162,64,0.0,0.717,0.73
710884683,"$34,516.00",807,33709.0,3937,80,0.023,0.967,1.051
797468658,"$19,081.00",2431,16650.0,1536,31,0.127,0.37,0.476
716375883,"$2,447.00",1558,889.0,1716,38,0.637,0.511,0.462
711534183,"$28,830.00",0,28830.0,3533,57,0.0,0.786,0.966
721083258,"$2,563.00",1638,925.0,2064,46,0.639,0.681,0.917
717986058,"$5,240.00",1608,3632.0,2712,64,0.307,1.243,0.778
804610908,"$3,397.00",1962,1435.0,3295,66,0.578,0.483,0.61
717602733,"$1,842.00",0,1842.0,4165,67,0.0,0.726,0.634
770952933,"$2,383.00",1938,445.0,1616,37,0.813,0.597,0.682
713233908,"$20,791.00",0,20791.0,2883,93,0.0,0.744,0.755
755365233,"$19,900.00",1581,18319.0,3948,96,0.079,0.838,0.846
715105908,"$32,024.00",1232,30792.0,2507,64,0.038,1.04,0.882
712658283,"$3,701.00",969,2732.0,3222,86,0.262,1.079,0.623
708796458,"$4,199.00",1903,2296.0,3016,67,0.453,1.059,0.763
713557533,"$4,353.00",1655,2698.0,2664,81,0.38,0.806,0.884
710524533,"$4,913.00",2517,2396.0,899,28,0.512,0.348,0.273
713412558,"$5,454.00",1108,4346.0,2674,67,0.203,1.021,0.675
720000708,"$2,172.00",1381,791.0,2945,69,0.636,1.145,0.408
718934058,"$2,845.00",2517,328.0,2396,51,0.885,0.686,0.5
710607408,"$18,570.00",1524,17046.0,3999,96,0.082,1.385,0.846
717613233,"$25,907.00",745,25162.0,2058,56,0.029,0.607,0.806
821710308,"$2,206.00",2018,188.0,1739,35,0.915,0.648,0.667
716089983,"$12,050.00",1732,10318.0,2015,46,0.144,0.804,0.704
720430083,"$2,107.00",1008,1099.0,3913,67,0.478,0.953,0.523
712071708,"$2,107.00",1351,756.0,1320,35,0.641,0.521,0.522
770721858,"$3,539.00",2517,1022.0,1463,31,0.711,0.346,0.632
751381458,"$27,175.00",775,26400.0,3814,72,0.029,0.543,0.8
715629783,"$17,905.00",980,16925.0,4399,64,0.055,0.731,0.778
768886533,"$4,940.00",1199,3741.0,3246,57,0.243,1.57,0.9
711023508,"$3,161.00",1389,1772.0,1547,30,0.439,0.307,0.429
711291558,"$2,464.00",0,2464.0,2636,50,0.0,0.502,0.429
714929283,"$3,203.00",2229,974.0,2625,52,0.696,1.146,0.625
716285358,"$1,835.00",1017,818.0,2801,79,0.554,0.82,0.519
710958033,"$1,993.00",0,1993.0,4075,76,0.0,0.539,0.689
711368283,"$34,516.00",1629,32887.0,3448,53,0.047,1.078,1.038
807275733,"$7,130.00",873,6257.0,2498,37,0.122,0.53,0.321
708231183,"$12,539.00",910,11629.0,2643,72,0.073,0.856,0.674
789690483,"$8,208.00",0,8208.0,3135,39,0.0,1.568,1.167
789338583,"$26,222.00",1073,25149.0,1988,30,0.041,1.288,0.579
717411483,"$34,173.00",1194,32979.0,3731,69,0.035,1.056,0.816
720799608,"$3,377.00",1720,1657.0,1621,32,0.509,0.491,0.391
714112383,"$5,882.00",2335,3547.0,1380,30,0.397,0.579,0.667
717994608,"$7,158.00",0,7158.0,2113,60,0.0,0.904,0.875
798558783,"$5,833.00",1747,4086.0,3732,75,0.3,0.551,0.531
716875083,"$4,152.00",0,4152.0,2351,42,0.0,0.804,0.312
714603558,"$11,699.00",1758,9941.0,2007,46,0.15,0.869,1.0
789903708,"$4,505.00",1562,2943.0,3968,68,0.347,0.604,0.619
801989733,"$7,667.00",1193,6474.0,3915,76,0.156,1.101,0.617
789504183,"$34,516.00",0,34516.0,2574,62,0.0,0.572,0.771
714574083,"$2,937.00",2159,778.0,2511,51,0.735,0.67,0.7
717978033,"$5,257.00",1572,3685.0,2822,73,0.299,0.732,0.659
711256908,"$10,331.00",957,9374.0,3695,81,0.093,0.699,0.653
721023708,"$17,557.00",0,17557.0,2142,62,0.0,0.667,0.378
714522258,"$4,366.00",1590,2776.0,1596,37,0.364,0.475,0.423
714247458,"$8,037.00",2276,5761.0,3271,71,0.283,0.406,0.543
780416433,"$8,740.00",734,8006.0,2169,38,0.084,1.072,0.652
713644758,"$8,514.00",2013,6501.0,4098,74,0.236,0.664,0.542
712700358,"$2,002.00",1377,625.0,2411,60,0.688,0.671,0.714
779873508,"$3,132.00",1815,1317.0,3607,60,0.58,1.018,0.935
779342958,"$2,010.00",1070,940.0,3625,85,0.532,0.906,0.635
711738333,"$7,567.00",1776,5791.0,2361,45,0.235,1.275,0.875
709413933,"$2,381.00",651,1730.0,1920,46,0.273,0.592,0.586
720323208,"$34,516.00",2398,32118.0,4976,88,0.069,0.917,0.692
708132783,"$16,411.00",1179,15232.0,3929,71,0.072,0.849,0.732
713372583,"$1,438.30",0,1438.3,3786,67,0.0,0.676,0.523
710092683,"$3,735.00",1421,2314.0,1837,47,0.38,0.57,0.741
779284833,"$22,127.00",1799,20328.0,3591,63,0.081,0.758,0.75
713426358,"$5,685.00",0,5685.0,2395,62,0.0,1.334,1.0
717132633,"$7,348.00",1466,5882.0,3066,61,0.2,1.236,0.694
714967233,"$11,188.00",0,11188.0,2109,47,0.0,0.658,0.621
767587833,"$3,650.00",2512,1138.0,4599,75,0.688,0.739,0.471
714954033,"$5,076.00",1223,3853.0,2675,57,0.241,0.83,0.629
716154258,"$32,658.00",1482,31176.0,2023,37,0.045,0.941,0.542
755399433,"$28,634.00",926,27708.0,4549,68,0.032,0.622,0.659
709876008,"$3,414.00",1473,1941.0,1803,49,0.431,0.597,1.13
709918158,"$12,315.00",0,12315.0,2028,51,0.0,0.895,0.545
713350908,"$2,690.00",1912,778.0,3636,68,0.711,0.692,0.7
715759458,"$12,165.00",0,12165.0,4066,74,0.0,1.16,0.682
713976258,"$1,792.00",989,803.0,3102,63,0.552,1.202,0.703
790174608,"$19,300.00",1181,18119.0,2660,70,0.061,0.764,0.795
771335358,"$8,120.00",2098,6022.0,3161,54,0.258,0.826,0.688
708382083,"$2,292.00",0,2292.0,2584,60,0.0,0.976,0.5
771829758,"$21,434.00",1345,20089.0,2143,46,0.063,0.603,0.586
767333808,"$3,424.00",0,3424.0,4929,74,0.0,0.765,0.574
721385433,"$2,787.00",1201,1586.0,1662,39,0.431,0.372,0.625
794293908,"$8,696.00",1482,7214.0,2847,67,0.17,1.002,0.971
720409608,"$32,446.00",1974,30472.0,1717,39,0.061,0.621,0.696
717830583,"$9,133.00",2140,6993.0,4101,88,0.234,0.649,0.63
715455708,"$5,116.00",1468,3648.0,2361,49,0.287,0.91,0.633
719108358,"$18,974.00",2517,16457.0,2783,56,0.133,1.369,1.0
769323183,"$12,101.00",2517,9584.0,2086,44,0.208,0.733,0.76
820020258,"$5,379.00",962,4417.0,1778,40,0.179,0.827,0.29
719234883,"$32,676.00",2134,30542.0,3990,88,0.065,0.797,0.76
807349158,"$34,516.00",1491,33025.0,2243,60,0.043,0.93,0.935
710799783,"$15,202.00",1779,13423.0,3143,60,0.117,1.392,0.579
778456983,"$2,222.00",1205,1017.0,1823,49,0.542,0.395,0.361
708644208,"$5,858.00",0,5858.0,3355,77,0.0,0.853,0.604
711659958,"$2,692.00",1869,823.0,1594,36,0.694,0.744,0.895
798988983,"$7,165.00",2037,5128.0,3553,78,0.284,0.83,0.902
710760258,"$1,438.30",0,1438.3,4740,81,0.0,1.084,0.653
799700208,"$26,988.00",1587,25401.0,3732,70,0.059,0.968,0.795
772401933,"$2,517.00",0,2517.0,3569,62,0.0,0.946,0.771
787460883,"$11,091.00",0,11091.0,1234,34,0.0,0.522,0.308
770937183,"$10,745.00",2084,8661.0,3502,87,0.194,0.847,0.933
715468083,"$34,516.00",1686,32830.0,3146,66,0.049,0.562,0.65
807161508,"$2,590.00",1748,842.0,2804,52,0.675,0.626,0.486
772268058,"$2,722.00",1473,1249.0,3129,69,0.541,0.737,0.683
710166783,"$8,228.00",0,8228.0,4277,80,0.0,0.942,0.702
804820233,"$11,777.00",1781,9996.0,2763,62,0.151,0.565,0.879
708758658,"$34,516.00",543,33973.0,3951,76,0.016,0.745,0.9
714011358,"$14,821.00",0,14821.0,2876,60,0.0,0.661,0.622
712401033,"$1,438.30",928,510.3,2186,59,0.645,0.851,0.686
771212508,"$6,131.00",1270,4861.0,2825,93,0.207,0.913,0.824
821150958,"$2,047.00",665,1382.0,3452,66,0.325,0.605,0.692
792272658,"$22,380.00",1220,21160.0,3756,73,0.055,0.884,0.78
809818008,"$12,893.00",1620,11273.0,2300,60,0.126,0.576,0.463
803231058,"$3,351.00",1474,1877.0,4294,66,0.44,0.393,0.737
715698633,"$5,093.00",2376,2717.0,2341,57,0.467,0.822,0.541
720450108,"$1,438.30",0,1438.3,1585,37,0.0,0.576,0.609
719076858,"$2,165.00",1952,213.0,2651,81,0.902,0.822,0.841
720016308,"$1,927.00",1319,608.0,4199,77,0.684,0.672,0.75
712443558,"$22,125.00",0,22125.0,1994,57,0.0,0.645,0.727
711835758,"$34,516.00",2099,32417.0,1756,35,0.061,0.449,0.25
709284333,"$5,260.00",1116,4144.0,2546,62,0.212,0.664,0.879
788122533,"$1,438.30",0,1438.3,1336,32,0.0,0.706,0.882
709206333,"$4,333.00",0,4333.0,1558,40,0.0,0.463,0.538
713039808,"$6,637.00",0,6637.0,1801,48,0.0,0.675,0.6
801700233,"$3,174.00",2462,712.0,3140,74,0.776,0.772,0.721
716815308,"$4,396.00",1489,2907.0,3942,69,0.339,1.258,0.816
821149008,"$34,516.00",0,34516.0,1661,40,0.0,0.539,0.6
720580383,"$1,438.30",0,1438.3,3637,80,0.0,0.868,0.86
780202908,"$6,853.00",1480,5373.0,2833,70,0.216,0.513,0.556
787504158,"$2,570.00",2230,340.0,1755,42,0.868,0.686,0.448
716183283,"$2,166.00",890,1276.0,3563,70,0.411,1.024,0.892
824168808,"$3,647.00",1480,2167.0,2271,60,0.406,0.76,0.364
712936908,"$11,684.00",1786,9898.0,2969,88,0.153,0.806,0.796
719855958,"$4,475.00",0,4475.0,3367,66,0.0,0.706,0.737
710112933,"$16,604.00",1716,14888.0,2580,61,0.103,1.025,0.649
768364233,"$5,446.00",1885,3561.0,1505,33,0.346,0.643,0.32
771725808,"$28,700.00",769,27931.0,3395,71,0.027,0.901,0.578
780686358,"$2,888.00",1676,1212.0,3798,58,0.58,0.534,0.812
712762758,"$9,451.00",1280,8171.0,3179,79,0.135,0.681,0.975
714392808,"$13,933.00",1019,12914.0,3504,62,0.073,0.875,0.771
713089458,"$6,130.00",808,5322.0,3411,78,0.132,0.747,0.592
826780683,"$15,008.00",0,15008.0,3943,85,0.0,0.784,0.771
780251658,"$4,583.00",1586,2997.0,2395,57,0.346,0.828,0.781
772273983,"$5,268.00",2191,3077.0,2138,40,0.416,0.622,0.429
737944908,"$14,976.00",1463,13513.0,1599,36,0.098,0.635,0.565
720688158,"$2,282.00",0,2282.0,2751,68,0.0,0.741,0.659
719902908,"$5,130.00",0,5130.0,1434,31,0.0,0.407,0.292
771682533,"$5,702.00",0,5702.0,3928,75,0.0,0.773,0.744
708193008,"$14,480.00",0,14480.0,1616,43,0.0,0.703,0.654
772449858,"$7,570.00",1388,6182.0,3849,70,0.183,0.909,0.591
715992558,"$12,878.00",1628,11250.0,1968,59,0.126,0.542,0.735
708502908,"$26,218.00",0,26218.0,3925,88,0.0,0.74,0.833
720132258,"$34,516.00",1323,33193.0,3422,78,0.038,0.934,0.529
708704433,"$2,804.00",2090,714.0,2812,77,0.745,1.248,1.081
720906033,"$5,801.00",1176,4625.0,2987,52,0.203,1.12,0.857
719961183,"$2,271.00",1278,993.0,1550,33,0.563,0.375,0.65
718838808,"$3,107.00",2354,753.0,2720,48,0.758,1.248,1.182
710268858,"$2,001.00",1217,784.0,3162,99,0.608,0.775,0.707
788360283,"$1,438.30",0,1438.3,2557,55,0.0,0.865,0.618
717914808,"$4,465.00",703,3762.0,4044,66,0.157,1.026,0.65
802884933,"$3,264.00",1348,1916.0,1665,32,0.413,0.756,0.524
714436383,"$26,856.00",0,26856.0,4222,75,0.0,0.581,0.471
718785483,"$34,516.00",1435,33081.0,4238,85,0.042,1.13,0.809
708816408,"$21,756.00",0,21756.0,3063,71,0.0,0.817,0.511
715363908,"$4,726.00",1551,3175.0,3658,70,0.328,0.544,0.628
709163358,"$34,516.00",2517,31999.0,1727,35,0.073,0.465,0.458
827643858,"$5,596.00",0,5596.0,3212,64,0.0,0.833,0.422
711251133,"$15,326.00",0,15326.0,2990,55,0.0,1.159,0.964
716896833,"$11,373.00",1319,10054.0,1976,35,0.116,0.693,0.75
789193383,"$2,644.00",1691,953.0,3495,70,0.64,0.755,0.628
712801758,"$2,673.00",2517,156.0,3052,63,0.942,0.714,0.75
719836083,"$7,477.00",1752,5725.0,1543,34,0.234,0.294,0.172
718291233,"$16,227.00",917,15310.0,4314,67,0.057,0.479,0.634
718682883,"$19,110.00",2449,16661.0,4478,76,0.128,1.0,0.727
771503958,"$2,993.00",1265,1728.0,4089,72,0.423,0.579,0.674
771960708,"$3,290.00",2461,829.0,3591,80,0.748,0.797,0.739
717427983,"$11,176.00",2422,8754.0,2682,64,0.217,1.003,0.641
712737108,"$21,416.00",0,21416.0,4221,75,0.0,0.702,0.923
771599283,"$2,492.00",1668,824.0,1606,32,0.669,0.651,0.882
717237708,"$14,265.00",1878,12387.0,3982,58,0.132,0.847,0.871
710703708,"$16,985.00",968,16017.0,2961,56,0.057,0.455,0.647
712513458,"$7,469.00",1899,5570.0,3150,70,0.254,0.999,0.489
709690158,"$4,592.00",2517,2075.0,1470,33,0.548,0.572,0.737
709959858,"$4,341.00",0,4341.0,3825,63,0.0,0.613,0.537
720683958,"$34,516.00",0,34516.0,4077,67,0.0,0.742,0.763
780704358,"$27,710.00",0,27710.0,4014,73,0.0,0.777,0.659
717843783,"$13,431.00",1583,11848.0,2338,71,0.118,0.621,0.69
718318383,"$2,645.00",1499,1146.0,4251,69,0.567,0.67,0.533
708849858,"$14,028.00",1435,12593.0,3683,73,0.102,0.57,0.738
712652283,"$34,516.00",774,33742.0,3030,74,0.022,0.989,0.805
793461933,"$5,699.00",1006,4693.0,2835,57,0.177,0.734,0.9
720084183,"$16,284.00",0,16284.0,3018,75,0.0,0.889,0.5
767114958,"$3,226.00",2073,1153.0,3250,70,0.643,1.035,0.591
709216533,"$2,803.00",778,2025.0,3142,64,0.278,0.55,0.561
720897783,"$34,516.00",2010,32506.0,2776,59,0.058,0.594,0.735
773503308,"$2,192.00",1569,623.0,4010,79,0.716,0.706,0.717
719963433,"$8,318.00",1945,6373.0,3676,77,0.234,1.487,1.139
708139833,"$6,391.00",0,6391.0,2323,44,0.0,0.632,0.419
710664558,"$4,736.00",945,3791.0,3927,73,0.2,0.835,0.659
713687508,"$9,944.00",1606,8338.0,3159,69,0.162,0.62,0.568
816312633,"$4,717.00",0,4717.0,2349,66,0.0,0.563,0.347
712019883,"$12,778.00",1528,11250.0,3337,69,0.12,0.777,0.769
718216008,"$16,920.00",2157,14763.0,3275,60,0.127,0.629,0.5
718345233,"$3,240.00",2517,723.0,1904,41,0.777,0.636,0.519
771228183,"$4,704.00",0,4704.0,3294,87,0.0,1.177,0.891
789430083,"$14,987.00",1425,13562.0,4470,83,0.095,0.8,0.844
779524833,"$3,554.00",1563,1991.0,3640,59,0.44,0.893,0.735
823621083,"$9,227.00",938,8289.0,3948,74,0.102,0.735,0.721
715563558,"$7,522.00",1057,6465.0,2533,62,0.141,1.197,1.138
715424283,"$1,677.00",0,1677.0,3059,50,0.0,1.369,0.613
807209808,"$2,319.00",1630,689.0,3739,68,0.703,0.846,0.659
716578158,"$2,722.00",1592,1130.0,3205,49,0.585,1.319,0.633
708911508,"$2,046.00",0,2046.0,3446,71,0.0,0.936,0.578
717332733,"$34,516.00",0,34516.0,2851,80,0.0,1.06,0.739
710681808,"$18,531.00",1548,16983.0,2484,52,0.084,0.833,0.857
708740808,"$4,112.00",0,4112.0,2949,54,0.0,0.777,1.25
711728208,"$34,516.00",0,34516.0,4143,68,0.0,0.991,0.659
720562008,"$34,516.00",1263,33253.0,2759,65,0.037,0.603,0.806
709012083,"$4,683.00",2514,2169.0,2010,45,0.537,0.58,0.731
771073908,"$1,438.30",0,1438.3,1406,27,0.0,0.425,0.5
718174908,"$4,224.00",2417,1807.0,1458,29,0.572,0.522,1.071
709550958,"$7,133.00",0,7133.0,2689,62,0.0,0.612,0.59
720411183,"$10,253.00",1857,8396.0,3042,66,0.181,1.193,0.941
720776508,"$4,210.00",0,4210.0,4248,65,0.0,1.224,0.857
755615208,"$12,630.00",1822,10808.0,4084,66,0.144,0.947,0.571
708147108,"$21,084.00",2517,18567.0,2309,71,0.119,0.763,0.543
827476983,"$3,639.00",2178,1461.0,1865,42,0.599,0.451,0.5
716682258,"$31,945.00",1591,30354.0,3650,62,0.05,0.711,0.676
708563433,"$5,894.00",477,5417.0,1616,32,0.081,1.015,0.455
772277508,"$2,209.00",0,2209.0,3292,52,0.0,1.299,0.857
712515558,"$23,447.00",1515,21932.0,2834,77,0.065,0.622,0.638
719342808,"$4,180.00",688,3492.0,3750,76,0.165,0.747,0.727
788957358,"$4,930.00",2227,2703.0,4224,77,0.452,0.801,0.791
778386033,"$3,417.00",1749,1668.0,2068,34,0.512,0.57,0.619
820060758,"$4,785.00",1965,2820.0,3651,59,0.411,0.8,0.553
713271708,"$12,685.00",0,12685.0,4454,74,0.0,0.674,0.574
720555483,"$21,374.00",0,21374.0,4100,79,0.0,0.631,0.681
709405758,"$1,911.00",1217,694.0,1965,49,0.637,0.363,0.256
769463433,"$8,666.00",0,8666.0,3593,71,0.0,0.682,0.578
786087633,"$2,759.00",2501,258.0,1650,34,0.906,0.505,0.7
738627708,"$5,984.00",0,5984.0,1838,42,0.0,0.551,0.556
719527833,"$23,000.00",1097,21903.0,3886,70,0.048,1.095,0.667
715921758,"$1,438.30",0,1438.3,2882,68,0.0,0.579,0.619
717280158,"$2,976.00",1817,1159.0,3332,60,0.611,0.739,0.667
714179658,"$34,516.00",0,34516.0,1996,48,0.0,0.852,0.548
806637558,"$1,438.30",0,1438.3,1539,40,0.0,0.425,0.6
714828708,"$16,099.00",0,16099.0,3656,88,0.0,0.562,0.76
711989358,"$19,595.00",1187,18408.0,3811,62,0.061,0.875,0.824
720188508,"$13,193.00",1749,11444.0,4071,64,0.133,0.671,0.73
719528958,"$8,184.00",1508,6676.0,4134,71,0.184,0.789,0.821
713110908,"$2,607.00",1966,641.0,1719,45,0.754,0.65,0.607
721179708,"$5,758.00",0,5758.0,4422,76,0.0,0.433,0.407
716363658,"$25,873.00",582,25291.0,3920,84,0.022,0.769,0.647
711443808,"$2,695.00",1657,1038.0,4068,53,0.615,0.813,0.963
778952058,"$20,860.00",1496,19364.0,3435,56,0.072,0.816,0.697
713642133,"$1,892.00",1049,843.0,4558,60,0.554,1.122,1.609
778908783,"$27,751.00",1018,26733.0,1427,25,0.037,0.426,0.667
778170633,"$34,516.00",657,33859.0,3661,71,0.019,0.723,0.868
714670533,"$24,580.00",2517,22063.0,3069,62,0.102,0.509,0.771
771833433,"$29,893.00",0,29893.0,2063,48,0.0,0.519,0.846
772758783,"$21,165.00",735,20430.0,3343,60,0.035,0.624,0.667
788959758,"$9,148.00",561,8587.0,3451,59,0.061,0.774,0.967
716878533,"$10,979.00",1889,9090.0,1425,33,0.172,0.475,0.5
713267133,"$6,519.00",851,5668.0,3088,65,0.131,0.679,0.711
716263533,"$2,509.00",1464,1045.0,3166,72,0.583,1.25,0.946
719026383,"$2,664.00",0,2664.0,3135,59,0.0,1.071,0.903
821755233,"$14,999.00",1123,13876.0,3441,69,0.075,0.539,0.468
709683633,"$10,332.00",948,9384.0,2914,67,0.092,0.843,0.763
714318033,"$10,226.00",1638,8588.0,3321,57,0.16,1.053,1.036
828291858,"$12,050.00",1821,10229.0,2381,40,0.151,0.63,0.481
779647608,"$26,124.00",0,26124.0,4199,92,0.0,0.735,0.586
787605558,"$9,816.00",0,9816.0,3489,81,0.0,0.673,0.528
771534408,"$2,783.00",2379,404.0,3897,74,0.855,0.912,1.0
716219808,"$15,942.00",0,15942.0,1742,41,0.0,0.723,0.323
715690908,"$12,222.00",1260,10962.0,3418,78,0.103,1.138,0.733
789125733,"$4,002.00",1402,2600.0,2114,53,0.35,0.579,0.514
717271983,"$34,516.00",1388,33128.0,3261,64,0.04,0.791,0.684
709695333,"$10,227.00",1695,8532.0,3577,82,0.166,0.875,0.783
712233183,"$4,265.00",1622,2643.0,3244,62,0.38,0.708,0.879
716645883,"$13,867.00",0,13867.0,4297,68,0.0,0.659,0.744
711762408,"$2,243.00",0,2243.0,4023,63,0.0,0.697,0.75
818305008,"$11,239.00",1375,9864.0,3978,89,0.122,0.94,0.78
788159433,"$22,558.00",818,21740.0,3855,70,0.036,0.987,0.591
709104333,"$34,516.00",891,33625.0,2687,64,0.026,0.926,0.778
708112008,"$23,510.00",1049,22461.0,1661,35,0.045,0.438,0.296
714731208,"$1,651.00",1433,218.0,4050,58,0.868,0.985,0.611
710006958,"$8,693.00",796,7897.0,4755,69,0.092,0.864,0.533
815062383,"$4,549.00",1193,3356.0,1914,33,0.262,0.445,0.5
778447908,"$3,558.00",0,3558.0,4136,65,0.0,0.57,0.912
720725058,"$7,176.00",0,7176.0,1375,33,0.0,0.45,0.65
803415183,"$34,516.00",657,33859.0,4614,76,0.019,0.641,0.689
708582858,"$18,293.00",0,18293.0,2958,63,0.0,0.571,0.432
779833908,"$18,332.00",1376,16956.0,4095,67,0.075,0.6,0.675
818687958,"$6,383.00",1436,4947.0,4462,88,0.225,0.845,0.66
708714108,"$13,441.00",2517,10924.0,1894,49,0.187,0.734,0.633
754872333,"$20,114.00",0,20114.0,4740,88,0.0,0.82,0.796
718637208,"$2,019.00",1387,632.0,1689,36,0.687,0.56,0.714
816772908,"$34,516.00",1793,32723.0,4533,78,0.052,0.767,0.472
711935283,"$1,438.30",0,1438.3,1427,36,0.0,0.414,0.333
716950758,"$8,017.00",0,8017.0,1657,43,0.0,0.559,0.654
716497908,"$8,519.00",0,8519.0,3698,65,0.0,0.873,0.625
809358708,"$34,516.00",2135,32381.0,3514,63,0.062,0.488,0.703
716037708,"$9,474.00",1021,8453.0,3240,54,0.108,0.557,0.588
717804783,"$6,587.00",824,5763.0,4160,70,0.125,1.262,0.842
715338783,"$2,999.00",0,2999.0,3018,80,0.0,0.812,0.778
779645658,"$7,154.00",1472,5682.0,3607,59,0.206,1.002,0.735
787565433,"$4,039.00",1397,2642.0,1494,36,0.346,0.396,0.286
717287883,"$5,516.00",2517,2999.0,1532,24,0.456,0.473,0.5
715746633,"$5,577.00",689,4888.0,4256,70,0.124,0.985,1.121
720635883,"$8,628.00",1500,7128.0,2902,60,0.174,0.688,0.818
710077008,"$30,137.00",1368,28769.0,3522,74,0.045,0.721,0.897
804437658,"$9,778.00",2154,7624.0,3413,66,0.22,0.5,0.692
780000258,"$20,912.00",0,20912.0,4172,84,0.0,0.725,0.787
825785508,"$14,699.00",1049,13650.0,4890,64,0.071,0.534,0.561
720252858,"$10,350.00",0,10350.0,3396,63,0.0,0.826,0.8
710017758,"$11,346.00",0,11346.0,3784,67,0.0,0.665,0.457
711750183,"$15,987.00",1345,14642.0,3640,56,0.084,0.729,0.867
718364283,"$19,711.00",0,19711.0,3602,72,0.0,1.037,1.0
711638658,"$8,650.00",1929,6721.0,2878,63,0.223,0.777,1.032
711046383,"$34,516.00",1316,33200.0,3542,60,0.038,0.818,0.714
720877083,"$9,748.00",1354,8394.0,3323,66,0.139,0.893,0.833
715662258,"$2,454.00",2060,394.0,3777,75,0.839,0.804,0.596
715570533,"$34,516.00",0,34516.0,1632,44,0.0,0.464,0.333
758202858,"$4,255.00",1681,2574.0,3453,72,0.395,0.65,0.5
712872183,"$3,271.00",1367,1904.0,2464,92,0.418,0.704,1.0
710014683,"$3,480.00",724,2756.0,2807,65,0.208,0.722,0.806
716934333,"$13,306.00",2458,10848.0,3556,68,0.185,0.516,0.581
778523733,"$13,637.00",0,13637.0,3625,73,0.0,0.566,0.659
716353083,"$6,733.00",1028,5705.0,4444,72,0.153,0.553,0.565
753642933,"$2,728.00",1365,1363.0,4293,83,0.5,0.648,0.976
708151008,"$6,250.00",644,5606.0,2433,41,0.103,1.06,1.158
789646158,"$3,653.00",881,2772.0,3297,66,0.241,0.846,0.692
712423233,"$22,919.00",1368,21551.0,3752,71,0.06,0.942,0.919
719806233,"$34,516.00",0,34516.0,2686,59,0.0,0.531,0.788
786509358,"$4,198.00",1782,2416.0,2051,36,0.424,1.526,1.0
711502908,"$7,532.00",0,7532.0,3550,68,0.0,0.476,0.619
748617858,"$4,587.00",1704,2883.0,2968,65,0.371,0.903,0.806
721532583,"$12,250.00",2165,10085.0,1995,39,0.177,0.641,0.696
789244308,"$17,753.00",1899,15854.0,3986,64,0.107,0.851,0.73
709330383,"$12,535.00",2049,10486.0,3283,74,0.163,0.683,0.609
719136183,"$3,541.00",1444,2097.0,3410,69,0.408,0.664,0.683
716939358,"$14,622.00",0,14622.0,4632,67,0.0,0.959,0.457
778155558,"$23,973.00",0,23973.0,3560,71,0.0,0.779,0.511
713461533,"$29,200.00",1310,27890.0,3042,73,0.045,1.092,1.028
803776533,"$10,077.00",0,10077.0,2118,52,0.0,0.639,0.576
714857508,"$8,667.00",1775,6892.0,3939,69,0.205,0.729,0.533
720348933,"$12,871.00",758,12113.0,3060,60,0.059,0.778,1.069
721158108,"$2,346.00",0,2346.0,3982,72,0.0,0.394,0.532
789043008,"$9,919.00",0,9919.0,2058,70,0.0,0.496,0.842
713362158,"$17,087.00",0,17087.0,3519,70,0.0,0.761,0.591
712623258,"$5,505.00",2517,2988.0,2272,42,0.457,0.729,0.448
708494583,"$1,902.00",0,1902.0,3731,53,0.0,0.693,0.893
718394658,"$4,254.00",2464,1790.0,2366,62,0.579,0.764,0.722
719398158,"$9,854.00",1886,7968.0,3912,76,0.191,0.921,0.949
711885258,"$7,711.00",988,6723.0,2078,42,0.128,0.884,0.68
789161358,"$3,213.00",2517,696.0,2666,46,0.783,1.275,1.0
787581858,"$3,132.00",1466,1666.0,3612,59,0.468,0.689,0.595
779198133,"$9,977.00",2088,7889.0,3530,61,0.209,0.65,0.743
708314808,"$5,659.00",1393,4266.0,1570,40,0.246,0.436,0.6
720508233,"$17,161.00",0,17161.0,1898,42,0.0,0.552,0.556
717134058,"$5,018.00",1131,3887.0,4028,81,0.225,0.624,0.8
783366483,"$11,474.00",1063,10411.0,3242,74,0.093,0.686,0.451
715412583,"$7,925.00",1445,6480.0,3815,65,0.182,0.75,0.806
719562108,"$12,793.00",1650,11143.0,2671,67,0.129,0.783,0.763
754457883,"$4,834.00",0,4834.0,1876,35,0.0,0.998,1.059
742552683,"$1,438.30",688,750.3,4208,86,0.478,0.976,0.72
711455133,"$12,948.00",1839,11109.0,2481,42,0.142,1.113,0.68
716387733,"$5,662.00",1484,4178.0,1693,25,0.262,0.434,0.25
772571508,"$2,799.00",0,2799.0,2311,43,0.0,0.696,0.654
718815108,"$6,030.00",1315,4715.0,3420,81,0.218,0.623,0.841
719266158,"$6,779.00",1359,5420.0,3434,65,0.2,0.737,0.512
720708183,"$15,248.00",1242,14006.0,4758,83,0.081,0.725,0.456
767523933,"$15,583.00",0,15583.0,3938,69,0.0,0.873,1.091
797466033,"$2,576.00",1754,822.0,2880,69,0.681,1.027,0.468
771886233,"$25,270.00",1090,24180.0,1941,51,0.043,0.819,1.318
712612233,"$8,717.00",719,7998.0,2067,59,0.082,0.556,0.595
716516208,"$1,438.30",0,1438.3,3748,64,0.0,0.674,0.829
709950858,"$33,755.00",2301,31454.0,3458,71,0.068,0.751,0.651
779882508,"$7,282.00",0,7282.0,3364,69,0.0,0.74,0.816
717472833,"$7,260.00",713,6547.0,4253,73,0.098,0.833,0.78
712665633,"$12,952.00",1864,11088.0,3472,51,0.144,0.414,0.457
709562358,"$5,353.00",1594,3759.0,4456,79,0.298,0.973,0.837
715391433,"$11,741.00",1560,10181.0,2143,41,0.133,0.773,0.783
708722583,"$2,609.00",1656,953.0,3024,64,0.635,0.657,0.6
720452508,"$11,167.00",0,11167.0,3848,74,0.0,0.622,0.762
714566958,"$20,882.00",1420,19462.0,2291,40,0.068,0.857,0.6
816084333,"$34,516.00",1230,33286.0,3260,63,0.036,0.72,1.1
806179683,"$3,071.00",2044,1027.0,4433,68,0.666,0.91,0.659
806244183,"$2,267.00",0,2267.0,4544,84,0.0,0.875,0.75
787999533,"$6,617.00",2517,4100.0,3595,68,0.38,0.459,0.659
718358808,"$3,276.00",0,3276.0,3758,61,0.0,0.972,0.694
718474683,"$10,097.00",2139,7958.0,3092,67,0.212,1.408,0.763
716908158,"$8,260.00",2517,5743.0,3299,64,0.305,1.049,0.73
713984208,"$5,776.00",874,4902.0,4029,72,0.151,0.894,0.636
713013483,"$1,438.30",915,523.3,3754,58,0.636,0.464,0.611
754599558,"$7,207.00",2002,5205.0,3825,70,0.278,0.828,0.707
788739633,"$2,106.00",238,1868.0,2136,40,0.113,0.61,0.905
712411908,"$21,158.00",0,21158.0,4071,67,0.0,0.633,0.811
717538683,"$22,906.00",1132,21774.0,3204,64,0.049,0.942,0.73
709447908,"$2,648.00",2309,339.0,3281,63,0.872,1.006,0.853
816834933,"$30,702.00",673,30029.0,2652,64,0.022,0.721,0.524
718963158,"$34,516.00",0,34516.0,3230,64,0.0,0.759,0.561
714358008,"$17,054.00",0,17054.0,4659,72,0.0,0.673,0.6
720758808,"$16,317.00",0,16317.0,1995,54,0.0,0.566,0.929
708255633,"$3,761.00",1710,2051.0,3240,65,0.455,0.627,0.585
716101308,"$2,173.00",0,2173.0,4251,60,0.0,0.857,0.714
715986258,"$15,845.00",1675,14170.0,4037,68,0.106,0.514,0.447
715858008,"$8,061.00",2517,5544.0,1224,31,0.312,0.352,0.409
806226933,"$34,516.00",0,34516.0,3660,59,0.0,0.928,1.107
708361833,"$19,430.00",0,19430.0,3650,80,0.0,1.012,0.633
778422933,"$19,127.00",985,18142.0,3323,56,0.051,0.966,0.931
708957183,"$2,708.00",2517,191.0,2198,41,0.929,0.568,0.864
718000383,"$23,566.00",1147,22419.0,4274,64,0.049,0.629,0.641
714466458,"$2,532.00",2124,408.0,3400,76,0.839,0.715,0.727
719608308,"$9,829.00",2517,7312.0,2927,73,0.256,0.59,1.212
792995808,"$7,226.00",1689,5537.0,3474,67,0.234,0.83,0.763
716211258,"$4,072.00",0,4072.0,1966,43,0.0,0.464,1.15
779289033,"$21,646.00",1778,19868.0,3328,61,0.082,1.071,0.794
719356008,"$1,438.30",0,1438.3,4548,69,0.0,1.022,0.917
718503108,"$14,046.00",1994,12052.0,3792,77,0.142,0.437,0.604
779661033,"$25,620.00",1107,24513.0,3503,66,0.043,0.971,0.65
813053733,"$34,516.00",278,34238.0,3029,49,0.008,0.817,0.4
718354683,"$21,358.00",1225,20133.0,3646,77,0.057,0.681,0.75
720529308,"$1,856.00",0,1856.0,1805,46,0.0,0.5,0.769
787578183,"$1,438.30",0,1438.3,3204,68,0.0,1.041,0.838
737952333,"$2,586.00",0,2586.0,3435,65,0.0,0.631,0.585
779498058,"$3,281.00",1272,2009.0,2006,34,0.388,0.799,0.545
799707858,"$7,115.00",2000,5115.0,3584,57,0.281,0.769,0.966
719543208,"$13,220.00",848,12372.0,3789,72,0.064,0.825,0.565
797743233,"$5,996.00",865,5131.0,4542,77,0.144,0.511,0.481
710658483,"$9,080.00",2174,6906.0,2098,46,0.239,0.653,0.586
715399908,"$7,563.00",1465,6098.0,4175,67,0.194,0.511,0.718
710288883,"$8,749.00",1654,7095.0,5054,73,0.189,0.695,0.553
719912808,"$14,973.00",0,14973.0,4288,72,0.0,0.706,0.6
720247158,"$7,108.00",600,6508.0,3787,68,0.084,0.813,0.619
718672233,"$23,007.00",1239,21768.0,3395,63,0.054,0.713,0.465
789593058,"$24,248.00",1020,23228.0,3311,84,0.042,1.19,0.75
710278458,"$11,617.00",2517,9100.0,1643,43,0.217,0.457,0.483
714467733,"$30,428.00",1721,28707.0,4178,69,0.057,0.717,0.605
803026008,"$6,805.00",1448,5357.0,3463,65,0.213,0.836,0.711
772000533,"$14,257.00",1113,13144.0,1809,23,0.078,0.406,0.278
811035483,"$34,516.00",0,34516.0,1641,35,0.0,0.521,0.591
715480983,"$5,719.00",892,4827.0,3403,68,0.156,0.589,0.417
819997983,"$9,517.00",1869,7648.0,1453,26,0.196,0.821,0.857
807593058,"$5,317.00",0,5317.0,2003,29,0.0,0.699,0.318
720437358,"$2,526.00",2303,223.0,3596,69,0.912,0.836,0.568
719465733,"$2,971.00",0,2971.0,4458,63,0.0,1.154,0.615
711978858,"$6,834.00",900,5934.0,4422,70,0.132,0.605,0.628
814364808,"$3,002.00",1002,2000.0,2624,46,0.334,1.033,1.0
788820933,"$16,727.00",1380,15347.0,3511,73,0.083,0.605,0.622
713316558,"$4,573.00",0,4573.0,3776,70,0.0,0.703,0.944
779856483,"$15,410.00",0,15410.0,3368,69,0.0,0.638,0.533
717085983,"$3,299.00",2517,782.0,4312,84,0.763,0.981,0.787
788030208,"$13,453.00",2517,10936.0,1904,42,0.187,0.619,0.448
709914858,"$6,362.00",1705,4657.0,5169,84,0.268,0.644,0.474
716111808,"$2,679.00",2011,668.0,1723,28,0.751,0.466,0.75
708618933,"$4,369.00",2049,2320.0,3259,80,0.469,0.865,0.6
720446508,"$1,721.00",1037,684.0,2681,57,0.603,0.721,0.727
756488883,"$2,196.00",1619,577.0,2040,65,0.737,0.656,0.711
708414033,"$2,845.00",1153,1692.0,3730,66,0.405,0.836,0.941
756727233,"$21,144.00",1190,19954.0,4895,66,0.056,0.5,0.784
720379533,"$3,952.00",0,3952.0,2066,37,0.0,0.809,0.233
720340383,"$3,518.00",2035,1483.0,4034,82,0.578,0.567,0.673
771453033,"$17,343.00",1280,16063.0,3170,57,0.074,1.314,0.629
708747708,"$3,498.00",0,3498.0,2512,56,0.0,1.109,0.867
712460433,"$9,121.00",1426,7695.0,4112,80,0.156,0.666,0.481
719801508,"$20,230.00",798,19432.0,4314,82,0.039,0.592,0.708
720983733,"$15,422.00",864,14558.0,2136,54,0.056,0.578,0.8
713657733,"$9,132.00",800,8332.0,3809,71,0.088,0.62,0.511
709955958,"$8,054.00",1023,7031.0,3374,45,0.127,0.75,0.875
719099583,"$1,640.00",1444,196.0,1360,33,0.88,0.423,0.222
719513733,"$8,739.00",0,8739.0,4276,69,0.0,0.715,0.769
710654808,"$1,818.00",0,1818.0,2308,44,0.0,0.672,0.467
719651358,"$24,949.00",1749,23200.0,4092,77,0.07,0.626,0.54
718917408,"$3,115.00",1136,1979.0,3704,70,0.365,0.499,0.458
808753758,"$29,695.00",1525,28170.0,4109,71,0.051,0.529,0.614
711699183,"$7,261.00",1079,6182.0,3723,58,0.149,1.312,1.071
711196458,"$1,621.00",580,1041.0,1893,41,0.358,0.421,0.171
772565883,"$33,472.00",2517,30955.0,4719,70,0.075,0.633,0.667
717203958,"$11,512.00",988,10524.0,1842,32,0.086,0.569,1.133
769701258,"$12,463.00",1319,11144.0,3996,71,0.106,0.655,0.543
714933783,"$8,511.00",0,8511.0,3775,62,0.0,0.88,0.676
717650133,"$4,821.00",1426,3395.0,3571,58,0.296,0.898,0.933
708707808,"$2,480.00",1584,896.0,3438,66,0.639,0.874,0.784
717331758,"$34,516.00",2517,31999.0,4228,83,0.073,0.765,0.596
801385458,"$8,596.00",2019,6577.0,4017,80,0.235,0.677,0.6
710605458,"$7,223.00",1963,5260.0,4127,70,0.272,0.852,0.842
719570733,"$1,629.00",978,651.0,3766,83,0.6,0.552,0.694
708646233,"$17,116.00",1289,15827.0,3632,50,0.075,0.559,0.923
766006758,"$7,216.00",2321,4895.0,1734,38,0.322,0.491,0.583
710695083,"$28,397.00",1421,26976.0,1635,31,0.05,0.635,0.824
709224033,"$13,720.00",0,13720.0,1830,36,0.0,0.671,0.241
795991758,"$7,553.00",660,6893.0,4079,67,0.087,0.549,0.457
709381383,"$2,952.00",2517,435.0,3830,77,0.853,0.809,0.51
810321933,"$11,229.00",1054,10175.0,1898,36,0.094,0.552,1.571
716235783,"$7,109.00",866,6243.0,4047,75,0.122,0.572,0.667
758833758,"$1,862.00",845,1017.0,3520,68,0.454,0.604,0.889
713579733,"$4,511.00",754,3757.0,2597,71,0.167,0.905,0.919
804649833,"$2,533.00",1126,1407.0,3436,74,0.445,0.788,0.574
780971583,"$2,016.00",797,1219.0,3772,62,0.395,1.108,0.879
804673308,"$3,893.00",0,3893.0,1866,37,0.0,0.662,0.947
788747358,"$5,530.00",2034,3496.0,4836,68,0.368,0.647,0.744
713199558,"$1,737.00",813,924.0,3669,58,0.468,0.756,0.812
713777883,"$6,853.00",1679,5174.0,3543,52,0.245,0.975,1.0
771081558,"$34,516.00",1190,33326.0,2862,78,0.034,0.832,0.733
710229333,"$11,068.00",1254,9814.0,3812,64,0.113,0.418,0.641
720406233,"$5,546.00",1829,3717.0,1770,46,0.33,0.673,1.0
767784708,"$7,277.00",504,6773.0,2356,40,0.069,0.582,0.29
712052058,"$9,426.00",1574,7852.0,4212,75,0.167,0.791,0.531
715278708,"$1,594.00",927,667.0,3851,65,0.582,0.985,0.806
827049558,"$2,158.00",1170,988.0,4421,89,0.542,0.73,0.679
710248233,"$3,490.00",1421,2069.0,3392,80,0.407,1.125,0.86
712146558,"$2,364.00",1619,745.0,3230,65,0.685,0.585,0.711
715179933,"$15,704.00",0,15704.0,4253,91,0.0,0.924,0.685
709215708,"$18,253.00",2517,15736.0,3737,73,0.138,0.91,0.587
710668458,"$3,696.00",0,3696.0,3405,76,0.0,0.916,0.727
718828083,"$8,748.00",2284,6464.0,3533,73,0.261,0.839,0.587
720781158,"$5,608.00",1243,4365.0,3829,74,0.222,0.497,0.396
716938383,"$34,516.00",0,34516.0,3811,61,0.0,0.743,0.743
709976358,"$3,236.00",0,3236.0,3952,80,0.0,0.797,0.739
715688958,"$2,736.00",2043,693.0,4550,84,0.747,0.801,0.75
709830783,"$34,516.00",1686,32830.0,4039,72,0.049,0.937,0.756
715354983,"$6,327.00",0,6327.0,3653,77,0.0,0.666,0.674
713532858,"$4,728.00",1386,3342.0,4077,70,0.293,0.756,0.628
721295658,"$34,516.00",2517,31999.0,3975,63,0.073,0.945,0.537
720313083,"$6,276.00",2289,3987.0,2637,68,0.365,0.637,0.388
720724008,"$13,430.00",2356,11074.0,3717,67,0.175,0.718,0.675
712828533,"$2,796.00",0,2796.0,4820,74,0.0,0.563,0.644
717007458,"$2,457.00",1051,1406.0,3256,71,0.428,0.982,0.919
710728458,"$7,075.00",1396,5679.0,4409,75,0.197,0.532,0.531
717720108,"$12,386.00",980,11406.0,3274,69,0.079,0.656,0.568
720648483,"$32,210.00",1115,31095.0,1821,53,0.035,0.62,0.514
770146008,"$2,136.00",1502,634.0,1908,37,0.703,0.648,0.37
714829683,"$10,851.00",1101,9750.0,3688,65,0.101,0.702,0.757
717015333,"$2,717.00",1953,764.0,3974,70,0.719,0.809,0.556
757837458,"$3,578.00",663,2915.0,4065,79,0.185,0.674,0.646
719240358,"$10,698.00",1790,8908.0,4095,67,0.167,0.981,0.914
719036883,"$4,668.00",0,4668.0,4163,77,0.0,0.896,0.453
714000108,"$6,772.00",0,6772.0,3658,66,0.0,0.483,0.65
720786033,"$10,696.00",1206,9490.0,2489,38,0.113,0.958,0.9
708917133,"$11,851.00",0,11851.0,4498,73,0.0,0.43,0.622
818929158,"$11,558.00",0,11558.0,2220,53,0.0,0.545,0.828
709513458,"$9,551.00",1833,7718.0,3213,52,0.192,1.675,1.476
717705858,"$29,923.00",0,29923.0,2528,52,0.0,0.937,0.793
716573058,"$1,438.30",0,1438.3,1598,40,0.0,0.499,0.29
827695683,"$34,516.00",1329,33187.0,3906,77,0.039,0.574,0.51
819189108,"$9,033.00",0,9033.0,4456,85,0.0,0.78,0.635
716977758,"$3,675.00",2517,1158.0,1913,35,0.685,0.766,0.667
714901383,"$9,183.00",2191,6992.0,4503,69,0.239,0.582,0.643
718500633,"$7,924.00",1896,6028.0,3270,58,0.239,1.161,0.933
713516433,"$5,383.00",737,4646.0,2934,80,0.137,0.956,0.633
715140933,"$21,425.00",1459,19966.0,3704,60,0.068,1.061,0.538
712642533,"$32,866.00",2098,30768.0,3788,76,0.064,0.549,0.689
721498008,"$1,438.30",0,1438.3,3966,57,0.0,0.978,0.781
717189183,"$10,467.00",1961,8506.0,2665,65,0.187,0.713,0.667
708902883,"$12,856.00",0,12856.0,3364,61,0.0,0.51,0.564
817889583,"$9,721.00",0,9721.0,2260,46,0.0,0.826,1.0
717242058,"$3,981.00",0,3981.0,2134,42,0.0,0.764,0.355
715628733,"$7,587.00",0,7587.0,3157,59,0.0,0.82,0.844
716613933,"$3,417.00",1482,1935.0,3651,60,0.434,0.705,0.818
712709508,"$8,012.00",0,8012.0,2645,63,0.0,0.596,0.8
716306583,"$3,812.00",2517,1295.0,2325,45,0.66,0.586,0.731
720026058,"$21,378.00",1284,20094.0,3526,64,0.06,1.101,0.684
756397458,"$12,873.00",0,12873.0,3170,70,0.0,1.005,0.842
712644483,"$20,229.00",1217,19012.0,4270,62,0.06,0.741,0.55
814489683,"$5,387.00",795,4592.0,2596,59,0.148,0.837,1.034
789111483,"$16,546.00",1850,14696.0,4255,75,0.112,0.729,0.562
709573533,"$11,191.00",0,11191.0,3914,71,0.0,0.58,0.775
807137808,"$17,576.00",0,17576.0,3494,67,0.0,0.667,0.718
711861258,"$4,182.00",0,4182.0,4046,57,0.0,0.691,0.629
717222033,"$1,647.00",1198,449.0,4272,76,0.727,0.76,0.81
716617608,"$1,560.00",995,565.0,1936,58,0.638,0.615,0.657
716786808,"$1,659.00",0,1659.0,3838,66,0.0,0.585,0.692
718882008,"$22,487.00",889,21598.0,4960,73,0.04,0.528,0.46
770975133,"$5,403.00",1854,3549.0,4382,74,0.343,0.712,0.542
715234008,"$4,717.00",1590,3127.0,4216,67,0.337,0.802,0.595
709326183,"$5,180.00",1211,3969.0,3447,74,0.234,0.809,0.85
721233033,"$4,915.00",464,4451.0,1474,36,0.094,0.242,0.091
712319958,"$12,154.00",2517,9637.0,3853,71,0.207,0.864,0.775
712198983,"$3,258.00",0,3258.0,3169,67,0.0,0.784,0.489
772103208,"$13,349.00",0,13349.0,3534,78,0.0,0.882,0.902
779502333,"$34,516.00",0,34516.0,1480,37,0.0,0.321,0.276
718737708,"$31,458.00",1202,30256.0,4202,66,0.038,0.673,0.61
821351958,"$1,438.30",0,1438.3,3308,54,0.0,0.785,1.0
716142858,"$10,961.00",1391,9570.0,3914,77,0.127,0.662,0.75
826079508,"$8,904.00",1886,7018.0,3654,65,0.212,0.945,0.757
773236983,"$2,498.00",2258,240.0,1839,29,0.904,0.992,0.706
826717533,"$16,105.00",724,15381.0,4631,76,0.045,0.949,0.767
789334458,"$34,516.00",1858,32658.0,4197,67,0.054,0.622,0.523
814092858,"$2,222.00",694,1528.0,4372,65,0.312,0.903,0.711
708355683,"$16,815.00",0,16815.0,2976,65,0.0,0.938,0.512
803124408,"$11,538.00",0,11538.0,1926,53,0.0,0.507,0.432
789964983,"$9,569.00",0,9569.0,1724,35,0.0,0.598,0.25
720303933,"$3,340.00",1282,2058.0,4526,82,0.384,0.724,0.547
708665133,"$3,654.00",1172,2482.0,4003,67,0.321,0.938,0.595
828236133,"$10,541.00",1387,9154.0,4269,92,0.132,0.72,0.614
712000758,"$34,516.00",1959,32557.0,3997,54,0.057,0.888,0.929
715378383,"$34,516.00",1893,32623.0,3639,76,0.055,0.748,1.0
769985883,"$1,613.00",0,1613.0,3549,65,0.0,0.635,0.444
709297608,"$1,438.30",0,1438.3,1585,32,0.0,0.399,0.455
716971833,"$13,126.00",0,13126.0,4496,61,0.0,0.725,0.848
801373833,"$1,922.00",710,1212.0,2920,46,0.369,0.951,1.421
716040783,"$14,521.00",0,14521.0,4178,66,0.0,0.41,0.467
817977933,"$1,931.00",1531,400.0,2288,48,0.793,0.778,0.714
827055333,"$8,513.00",1042,7471.0,2015,37,0.122,0.702,0.682
772116408,"$2,421.00",1029,1392.0,2377,56,0.425,0.675,0.75
734924658,"$1,478.00",792,686.0,4123,67,0.536,0.873,0.489
711775383,"$2,466.00",0,2466.0,4059,66,0.0,1.077,0.65
715019058,"$2,501.00",1845,656.0,2933,65,0.738,0.668,0.806
780715683,"$13,602.00",0,13602.0,3582,69,0.0,0.699,0.683
827341383,"$3,094.00",1317,1777.0,3607,81,0.426,0.957,0.884
708757233,"$2,485.00",1489,996.0,3697,77,0.599,0.779,0.833
710504283,"$14,817.00",1463,13354.0,4014,70,0.099,0.795,0.628
713919183,"$13,824.00",1582,12242.0,4630,74,0.114,0.522,0.644
713171358,"$1,438.30",0,1438.3,3880,74,0.0,0.749,0.721
773140683,"$3,797.00",1202,2595.0,4191,65,0.317,0.695,0.757
716358033,"$6,189.00",0,6189.0,5004,65,0.0,0.538,0.806
826410708,"$22,956.00",1407,21549.0,5554,64,0.061,0.709,0.6
789717708,"$3,943.00",1135,2808.0,4180,82,0.288,0.672,0.783
711679533,"$5,569.00",968,4601.0,2600,60,0.174,0.949,0.714
711342483,"$2,418.00",1720,698.0,3896,58,0.711,1.019,0.812
720242733,"$1,963.00",1549,414.0,3718,75,0.789,0.778,0.596
721213833,"$7,966.00",1423,6543.0,3780,75,0.179,0.987,0.923
756624183,"$7,742.00",2024,5718.0,3507,69,0.261,0.929,0.568
717622308,"$2,074.00",1688,386.0,4232,75,0.814,0.62,0.5
714629358,"$4,948.00",0,4948.0,1796,41,0.0,0.392,0.519
744307008,"$4,988.00",0,4988.0,3890,74,0.0,0.619,0.644
708871158,"$28,701.00",0,28701.0,3516,57,0.0,1.165,0.727
710979033,"$6,607.00",2517,4090.0,3046,73,0.381,0.854,0.78
818903583,"$16,034.00",1597,14437.0,3628,59,0.1,0.775,0.903
712980333,"$24,149.00",1848,22301.0,2584,66,0.077,0.731,0.833
717655458,"$16,903.00",1507,15396.0,3819,61,0.089,0.97,0.525
822112383,"$1,438.30",0,1438.3,3769,73,0.0,0.618,0.659
711538758,"$24,657.00",633,24024.0,1954,46,0.026,0.358,0.394
719987733,"$5,026.00",0,5026.0,1844,37,0.0,0.564,0.609
719184783,"$9,352.00",1429,7923.0,3536,71,0.153,0.728,0.69
715857183,"$4,939.00",1296,3643.0,2150,43,0.262,0.911,0.87
719657583,"$9,502.00",2457,7045.0,2310,57,0.259,0.915,0.676
789713208,"$2,936.00",326,2610.0,2692,29,0.111,0.935,0.526
802031583,"$22,855.00",0,22855.0,3711,83,0.0,0.741,0.804
711529383,"$6,602.00",1224,5378.0,3163,73,0.185,0.665,0.825
715371108,"$3,728.00",0,3728.0,1632,42,0.0,0.358,0.448
712988958,"$2,021.00",1731,290.0,3253,62,0.857,0.986,0.722
713005908,"$2,255.00",1733,522.0,4772,83,0.769,0.903,0.729
712236483,"$15,704.00",1991,13713.0,4487,71,0.127,0.699,0.543
711852783,"$5,746.00",1572,4174.0,3446,56,0.274,0.937,1.0
780056733,"$8,436.00",2517,5919.0,2627,63,0.298,0.807,1.032
796903083,"$1,438.30",0,1438.3,2584,42,0.0,0.838,0.448
716014983,"$8,340.00",1902,6438.0,3755,77,0.228,0.81,0.833
712521783,"$15,108.00",1288,13820.0,3713,65,0.085,0.684,0.512
780045708,"$15,104.00",1204,13900.0,4259,79,0.08,0.824,0.58
719488008,"$2,490.00",1281,1209.0,1902,34,0.514,0.551,0.619
772137183,"$31,668.00",810,30858.0,1822,36,0.026,0.643,0.5
779709033,"$5,735.00",2410,3325.0,3908,75,0.42,0.616,0.63
709716258,"$7,633.00",1707,5926.0,1807,58,0.224,0.529,0.657
737986083,"$23,642.00",2049,21593.0,3139,54,0.087,0.719,0.636
713343333,"$6,698.00",1327,5371.0,4065,77,0.198,0.798,0.711
779331558,"$1,438.30",0,1438.3,2598,59,0.0,0.683,0.595
714973758,"$1,438.30",1002,436.3,2004,25,0.697,1.306,0.667
718009158,"$2,563.00",1860,703.0,3774,83,0.726,0.68,0.804
789597408,"$17,814.00",0,17814.0,4712,76,0.0,0.82,0.689
712165308,"$7,738.00",947,6791.0,4255,61,0.122,0.845,0.694
821768658,"$13,114.00",2247,10867.0,2474,51,0.171,1.003,0.417
719341683,"$34,516.00",1067,33449.0,4281,72,0.031,0.487,0.636
708637758,"$17,345.00",545,16800.0,3523,64,0.031,0.905,0.829
779974758,"$8,706.00",868,7838.0,3203,54,0.1,0.991,0.929
821815458,"$19,272.00",1519,17753.0,3398,67,0.079,0.557,0.763
711708408,"$4,798.00",0,4798.0,3967,72,0.0,0.583,0.636
812449758,"$12,254.00",0,12254.0,2129,42,0.0,0.705,0.355
715682208,"$9,549.00",0,9549.0,4629,76,0.0,0.712,0.652
719914908,"$11,568.00",1846,9722.0,1701,44,0.16,0.755,1.095
714744783,"$6,197.00",1219,4978.0,3825,67,0.197,0.552,0.675
710809833,"$34,516.00",0,34516.0,3193,53,0.0,0.834,0.559
720942333,"$5,137.00",0,5137.0,2043,52,0.0,0.612,1.0
709423158,"$1,791.00",1337,454.0,3592,46,0.747,0.763,0.917
718307433,"$7,238.00",2111,5127.0,2025,36,0.292,1.085,1.118
772607433,"$4,514.00",2016,2498.0,4107,59,0.447,0.313,0.639
801709308,"$5,366.00",968,4398.0,4558,56,0.18,0.992,0.75
778502958,"$29,812.00",2031,27781.0,2385,50,0.068,0.767,0.515
806656083,"$9,559.00",1514,8045.0,4064,70,0.158,0.716,0.556
823635033,"$8,353.00",1535,6818.0,4200,83,0.184,1.323,0.804
718739508,"$5,455.00",1217,4238.0,3863,67,0.223,0.66,0.811
709272333,"$9,899.00",2023,7876.0,4579,73,0.204,0.445,0.622
721538883,"$15,578.00",0,15578.0,4449,81,0.0,0.716,0.723
718835583,"$15,641.00",2379,13262.0,3769,76,0.152,0.816,0.617
827970933,"$3,504.00",1698,1806.0,4439,70,0.485,0.575,0.628
719888358,"$18,432.00",1422,17010.0,2748,58,0.077,1.357,0.933
717030633,"$2,369.00",1405,964.0,3034,51,0.593,0.624,0.889
716332533,"$3,509.00",1819,1690.0,4712,84,0.518,0.894,0.909
822964683,"$2,469.00",1491,978.0,4351,62,0.604,0.869,0.632
719335233,"$14,335.00",938,13397.0,3610,75,0.065,0.445,0.531
779683683,"$4,005.00",1985,2020.0,2344,34,0.496,1.356,0.7
712653183,"$1,976.00",1694,282.0,3675,81,0.857,1.054,0.841
715485483,"$3,664.00",0,3664.0,1479,44,0.0,0.419,0.913
788912658,"$3,734.00",0,3734.0,3144,62,0.0,0.954,0.722
711396483,"$6,033.00",0,6033.0,4505,74,0.0,0.834,0.721
789220008,"$4,531.00",0,4531.0,1425,27,0.0,0.491,1.077
716436483,"$6,245.00",0,6245.0,2521,50,0.0,0.554,0.667
717661908,"$34,516.00",0,34516.0,2681,55,0.0,0.711,0.618
778459833,"$11,880.00",2025,9855.0,1789,42,0.17,0.835,1.471
769448658,"$4,188.00",0,4188.0,3492,69,0.0,0.565,0.683
720119808,"$24,126.00",948,23178.0,3342,52,0.039,0.616,0.677
721523658,"$34,516.00",772,33744.0,3699,77,0.022,0.979,0.878
711176133,"$2,295.00",1015,1280.0,3366,82,0.442,1.04,0.708
794560833,"$5,496.00",0,5496.0,1913,34,0.0,0.548,0.308
718197108,"$12,342.00",0,12342.0,1430,37,0.0,0.431,0.423
713750583,"$1,928.00",1125,803.0,2190,30,0.584,0.911,0.667
769576608,"$12,814.00",1010,11804.0,3566,76,0.079,0.869,0.551
708626058,"$5,242.00",1465,3777.0,4098,68,0.279,1.025,0.789
710333883,"$8,808.00",390,8418.0,1905,42,0.044,0.628,0.448
715401633,"$4,469.00",2002,2467.0,2111,38,0.448,0.669,0.462
755220783,"$8,031.00",1167,6864.0,3576,77,0.145,0.549,0.791
789603183,"$9,728.00",0,9728.0,3756,57,0.0,0.806,0.727
767564358,"$4,748.00",1008,3740.0,3197,70,0.212,0.484,0.707
789744033,"$19,999.00",1007,18992.0,3183,69,0.05,0.987,0.5
709887483,"$6,331.00",1420,4911.0,3527,69,0.224,0.529,0.438
779765058,"$9,662.00",817,8845.0,3817,70,0.085,0.679,0.489
789177333,"$1,693.00",1088,605.0,2104,40,0.643,0.532,0.739
717262833,"$2,964.00",2043,921.0,4345,69,0.689,0.692,0.468
714878508,"$5,483.00",535,4948.0,2051,49,0.098,0.681,0.633
711079308,"$15,186.00",0,15186.0,1884,33,0.0,0.483,0.435
794510358,"$33,408.00",0,33408.0,3754,77,0.0,0.816,0.878
715033533,"$3,125.00",2517,608.0,4422,71,0.805,0.73,0.732
779400183,"$2,934.00",2517,417.0,2484,55,0.858,0.868,0.774
716636808,"$34,516.00",0,34516.0,3572,55,0.0,0.754,0.667
708733983,"$5,349.00",2391,2958.0,2122,46,0.447,0.671,0.394
710521383,"$9,810.00",1838,7972.0,2247,41,0.187,0.661,0.64
720075558,"$7,084.00",0,7084.0,3838,66,0.0,0.889,0.737
716468658,"$3,537.00",0,3537.0,4101,80,0.0,0.647,0.702
717569283,"$8,896.00",1338,7558.0,4252,70,0.15,0.741,0.591
787491483,"$30,733.00",1153,29580.0,3455,80,0.038,0.987,0.702
779995833,"$10,177.00",1748,8429.0,3557,64,0.172,0.622,0.939
714215058,"$6,848.00",0,6848.0,4006,82,0.0,0.962,0.822
789407958,"$17,165.00",1153,16012.0,4063,62,0.067,0.578,0.676
715118058,"$20,274.00",2100,18174.0,5274,66,0.104,0.584,0.61
713672208,"$19,939.00",0,19939.0,3342,76,0.0,1.03,0.462
720865383,"$3,378.00",1852,1526.0,4437,50,0.548,0.483,1.0
713701533,"$9,773.00",1998,7775.0,3578,71,0.204,0.782,0.775
778895883,"$3,668.00",0,3668.0,4430,76,0.0,0.62,0.617
719655258,"$3,196.00",0,3196.0,3412,72,0.0,0.578,0.674
711205758,"$34,516.00",0,34516.0,2534,43,0.0,1.492,0.433
806264958,"$7,030.00",994,6036.0,3211,69,0.141,0.725,0.725
714659133,"$9,410.00",0,9410.0,2178,41,0.0,0.586,0.864
716425833,"$34,516.00",1229,33287.0,1797,35,0.036,0.427,0.296
712166583,"$4,096.00",1468,2628.0,3490,66,0.358,0.627,0.737
713124558,"$7,210.00",782,6428.0,4249,75,0.108,0.733,0.5
714048783,"$8,026.00",2202,5824.0,4072,72,0.274,0.586,0.6
708784908,"$18,064.00",2039,16025.0,4435,88,0.113,0.89,0.796
714332658,"$5,596.00",1086,4510.0,3896,65,0.194,0.587,0.757
719169783,"$6,897.00",640,6257.0,2781,57,0.093,1.052,0.839
718270833,"$13,991.00",1580,12411.0,4100,74,0.113,0.864,0.721
721268133,"$11,366.00",2109,9257.0,3495,70,0.186,0.993,0.795
795343683,"$1,707.00",989,718.0,3935,76,0.579,0.555,0.52
715611933,"$23,692.00",2402,21290.0,3632,62,0.101,0.942,0.676
711184983,"$11,191.00",0,11191.0,3839,73,0.0,0.808,0.78
779601783,"$3,476.00",700,2776.0,4364,88,0.201,0.604,0.517
784263558,"$27,781.00",0,27781.0,3184,61,0.0,1.0,0.743
720795858,"$10,534.00",0,10534.0,3456,72,0.0,0.985,0.636
756629133,"$2,721.00",0,2721.0,2088,37,0.0,0.734,0.682
714387108,"$10,458.00",0,10458.0,3481,51,0.0,0.587,0.5
712164333,"$12,544.00",1636,10908.0,1758,51,0.13,0.503,0.457
714429258,"$11,464.00",0,11464.0,3660,55,0.0,1.02,1.037
796791258,"$3,104.00",1791,1313.0,4006,76,0.577,1.048,0.81
711220683,"$11,770.00",1813,9957.0,3280,70,0.154,0.623,0.667
717582558,"$34,516.00",1185,33331.0,3874,72,0.034,0.725,0.714
714779733,"$10,998.00",1586,9412.0,2237,33,0.144,0.907,0.435
817965858,"$2,757.00",1785,972.0,3766,69,0.647,0.735,0.605
717358158,"$5,489.00",1189,4300.0,3215,64,0.217,0.95,0.882
720301458,"$19,709.00",1924,17785.0,3000,64,0.098,0.468,0.641
826471458,"$6,967.00",1767,5200.0,1919,38,0.254,0.54,0.52
794579658,"$23,424.00",2517,20907.0,3537,73,0.107,0.762,0.738
717052158,"$21,718.00",2386,19332.0,3492,66,0.11,0.743,0.692
818311533,"$4,908.00",1429,3479.0,3535,65,0.291,0.745,0.667
716156508,"$1,470.00",0,1470.0,4095,63,0.0,0.64,0.75
711191808,"$34,516.00",1793,32723.0,4256,82,0.052,0.545,0.783
712084383,"$7,936.00",2081,5855.0,4247,81,0.262,0.941,0.841
788641758,"$14,366.00",888,13478.0,3868,66,0.062,0.638,0.61
788768883,"$9,231.00",1642,7589.0,4676,68,0.178,0.416,0.659
713277783,"$18,679.00",905,17774.0,2168,55,0.048,0.541,0.486
717451833,"$20,356.00",2517,17839.0,4547,67,0.124,0.607,0.861
712291308,"$2,259.00",1721,538.0,1852,38,0.762,0.682,0.81
712852233,"$6,663.00",765,5898.0,4583,78,0.115,1.129,0.857
712312908,"$2,424.00",0,2424.0,3890,66,0.0,0.662,0.65
773457558,"$15,677.00",1227,14450.0,3818,81,0.078,0.76,0.588
716194683,"$2,334.00",1138,1196.0,2155,48,0.488,0.826,0.714
720563058,"$1,816.00",1052,764.0,4175,65,0.579,0.547,0.667
719502183,"$4,950.00",1829,3121.0,4529,73,0.369,0.671,0.872
712287333,"$34,516.00",2055,32461.0,4048,74,0.06,0.589,0.51
716944983,"$24,172.00",2517,21655.0,1658,27,0.104,0.424,0.5
718115733,"$9,037.00",1544,7493.0,1627,27,0.171,0.321,0.5
827691858,"$7,616.00",1251,6365.0,2006,52,0.164,0.581,0.405
716431833,"$11,209.00",1165,10044.0,4614,96,0.104,0.966,0.714
717265983,"$9,908.00",2066,7842.0,3749,80,0.209,0.463,0.667
769578858,"$18,737.00",0,18737.0,4010,76,0.0,0.797,0.767
712815858,"$5,330.00",0,5330.0,3525,79,0.0,0.515,0.837
815851233,"$19,032.00",0,19032.0,1726,42,0.0,0.417,0.312
779425608,"$5,916.00",983,4933.0,3752,75,0.166,0.761,0.974
811532208,"$16,277.00",1170,15107.0,3634,62,0.072,0.95,0.676
713896533,"$9,442.00",838,8604.0,3157,63,0.089,0.654,0.853
712546233,"$2,990.00",0,2990.0,4065,76,0.0,0.598,0.767
772148058,"$2,210.00",759,1451.0,2755,53,0.343,0.892,0.559
771776808,"$1,527.00",0,1527.0,1877,38,0.0,0.531,0.462
715905633,"$6,022.00",1433,4589.0,3433,68,0.238,0.955,0.943
778282758,"$26,729.00",1052,25677.0,4140,69,0.039,1.034,0.816
717886008,"$6,102.00",0,6102.0,4527,67,0.0,0.639,0.558
709985133,"$6,803.00",2296,4507.0,2603,47,0.337,0.754,1.043
709289358,"$8,101.00",1266,6835.0,3226,53,0.156,0.615,0.71
720457608,"$4,632.00",0,4632.0,4306,63,0.0,0.637,0.75
780612558,"$1,996.00",1850,146.0,3421,55,0.927,0.952,0.719
714216033,"$11,600.00",738,10862.0,3488,80,0.064,0.692,0.778
710577708,"$2,657.00",1983,674.0,2591,59,0.746,0.831,0.903
719462433,"$8,464.00",1002,7462.0,4227,92,0.118,0.598,0.84
769063308,"$29,003.00",2323,26680.0,1676,36,0.08,0.671,0.714
715136583,"$5,000.00",942,4058.0,4077,81,0.188,0.604,0.653
710915358,"$14,963.00",1616,13347.0,3242,58,0.108,0.755,1.0
709841433,"$3,855.00",1188,2667.0,3885,83,0.308,0.927,0.627
710509758,"$28,200.00",765,27435.0,2507,64,0.027,0.68,0.641
720527058,"$2,310.00",1306,1004.0,4343,74,0.565,0.525,0.682
711787383,"$1,960.00",1428,532.0,3782,64,0.729,0.57,0.641
715824108,"$3,773.00",1291,2482.0,4697,75,0.342,0.878,0.667
719474583,"$9,771.00",1776,7995.0,2778,53,0.182,0.46,0.472
719282433,"$6,417.00",1372,5045.0,3280,71,0.214,1.154,0.69
772669833,"$16,037.00",0,16037.0,3048,70,0.0,0.558,0.75
789365508,"$14,839.00",512,14327.0,1453,26,0.035,0.176,0.13
806641683,"$34,516.00",1461,33055.0,3416,70,0.042,0.646,0.707
781117533,"$20,968.00",0,20968.0,2823,61,0.0,0.64,0.794
710294808,"$2,188.00",1241,947.0,4509,67,0.567,0.782,0.675
718788258,"$30,314.00",776,29538.0,3290,82,0.026,0.705,0.64
716404383,"$18,799.00",2517,16282.0,2315,52,0.134,0.813,0.625
824795358,"$1,638.00",1038,600.0,4150,70,0.634,0.718,0.591
715196508,"$3,538.00",0,3538.0,4123,74,0.0,0.653,0.762
779051808,"$2,546.00",1348,1198.0,4145,75,0.529,0.877,0.596
720695583,"$10,775.00",1787,8988.0,3432,70,0.166,0.648,0.75
826414083,"$4,798.00",1017,3781.0,4225,79,0.212,0.458,0.681
708426483,"$5,816.00",716,5100.0,3534,73,0.123,0.923,1.147
787472283,"$20,533.00",1321,19212.0,3918,78,0.064,0.716,0.5
716948283,"$9,890.00",0,9890.0,3497,69,0.0,0.653,0.683
778375458,"$30,820.00",1724,29096.0,3402,75,0.056,0.948,0.923
718504983,"$6,091.00",0,6091.0,3340,60,0.0,0.56,0.579
709625733,"$9,690.00",1115,8575.0,4620,64,0.115,0.542,0.488
719357058,"$6,797.00",1428,5369.0,3962,70,0.21,0.747,0.795
709626858,"$4,985.00",1379,3606.0,4222,61,0.277,0.896,0.605
711843708,"$2,125.00",0,2125.0,2860,38,0.0,0.654,0.727
711349083,"$4,012.00",0,4012.0,2962,60,0.0,1.073,0.765
721462458,"$23,858.00",1179,22679.0,3784,69,0.049,0.671,0.683
780833058,"$2,619.00",2271,348.0,3835,60,0.867,0.61,0.818
769962933,"$6,728.00",1192,5536.0,5244,75,0.177,0.687,0.471
719095533,"$2,680.00",1652,1028.0,3382,58,0.616,1.132,0.758
709718058,"$2,936.00",2181,755.0,4650,78,0.743,0.478,0.625
819151083,"$7,478.00",1775,5703.0,4042,79,0.237,0.54,0.491
770778108,"$2,527.00",1419,1108.0,3585,68,0.562,0.797,0.943
718877883,"$5,644.00",2517,3127.0,2440,44,0.446,0.86,0.76
710376708,"$2,837.00",1377,1460.0,3928,54,0.485,0.564,0.8
718366983,"$18,584.00",2446,16138.0,3504,64,0.132,0.76,0.882
719604858,"$5,941.00",0,5941.0,2196,37,0.0,0.522,0.233
714549558,"$9,576.00",0,9576.0,2362,49,0.0,0.817,0.4
822955008,"$9,569.00",0,9569.0,2287,49,0.0,0.94,0.581
712986483,"$15,412.00",0,15412.0,3993,73,0.0,0.589,0.659
779597133,"$2,663.00",1784,879.0,4317,81,0.67,0.785,0.929
758426583,"$1,438.30",1031,407.3,3308,72,0.717,0.582,0.674
716805408,"$5,376.00",804,4572.0,4511,74,0.15,0.51,0.682
711275433,"$18,873.00",0,18873.0,2021,38,0.0,0.636,0.52
778968408,"$5,341.00",0,5341.0,1955,47,0.0,0.771,0.808
827117808,"$9,904.00",2513,7391.0,1152,28,0.254,0.0,0.0
804462633,"$7,084.00",0,7084.0,2287,44,0.0,0.523,0.294
709321908,"$7,498.00",2319,5179.0,1676,51,0.309,0.484,0.759
714907908,"$5,450.00",1674,3776.0,3722,77,0.307,0.588,0.711
818336508,"$32,719.00",1650,31069.0,4037,60,0.05,0.717,0.714
712597233,"$3,250.00",1721,1529.0,1714,32,0.53,0.446,0.391
711964533,"$6,111.00",2517,3594.0,4155,68,0.412,0.733,0.659
716705433,"$12,590.00",931,11659.0,4182,78,0.074,1.068,0.696
717983058,"$1,982.00",1068,914.0,3058,58,0.539,0.881,0.871
709587783,"$25,133.00",0,25133.0,4033,73,0.0,0.461,0.327
709804533,"$17,818.00",1451,16367.0,3973,74,0.081,0.632,0.451
712076358,"$5,155.00",868,4287.0,3535,57,0.168,0.882,1.111
711670308,"$6,006.00",1576,4430.0,3199,65,0.262,0.504,0.548
720717108,"$2,571.00",1210,1361.0,3647,59,0.471,0.972,0.686
784789758,"$3,269.00",1601,1668.0,3966,74,0.49,1.168,0.947
788792583,"$7,277.00",0,7277.0,4458,71,0.0,0.758,0.578
710657508,"$3,788.00",1325,2463.0,3975,65,0.35,0.607,0.477
716393958,"$28,262.00",1483,26779.0,3855,66,0.052,0.668,0.61
770708133,"$2,169.00",1330,839.0,3833,64,0.613,0.905,1.065
766131033,"$3,767.00",976,2791.0,3163,60,0.259,1.021,0.818
719816583,"$8,989.00",552,8437.0,2309,49,0.061,0.699,0.633
715376508,"$2,838.00",2517,321.0,3493,65,0.887,0.625,0.711
709300458,"$7,199.00",1031,6168.0,4041,73,0.143,1.212,0.698
778340733,"$8,495.00",1537,6958.0,1950,31,0.181,0.919,0.938
708195633,"$34,516.00",1182,33334.0,2440,54,0.034,0.613,0.543
714729933,"$14,164.00",1525,12639.0,3749,59,0.108,0.543,0.686
794514108,"$3,604.00",0,3604.0,4051,65,0.0,0.934,0.667
812501358,"$1,752.00",611,1141.0,4864,76,0.349,0.465,0.462
718961208,"$4,204.00",0,4204.0,3799,85,0.0,1.073,0.604
814459833,"$8,017.00",0,8017.0,3042,55,0.0,0.539,0.528
720363258,"$2,778.00",1640,1138.0,4007,75,0.59,0.82,0.705
714496083,"$6,649.00",1781,4868.0,1609,28,0.268,0.546,0.474
713004933,"$6,813.00",2332,4481.0,2634,51,0.342,0.58,0.378
712011633,"$2,797.00",850,1947.0,3652,64,0.304,0.953,1.37
772466508,"$18,004.00",2517,15487.0,2030,45,0.14,0.569,0.452
708225483,"$11,242.00",1561,9681.0,4246,81,0.139,0.829,0.8
788923758,"$10,693.00",2517,8176.0,4138,76,0.235,0.88,0.727
789150633,"$3,026.00",1888,1138.0,3687,58,0.624,0.762,0.812
710809083,"$1,438.30",787,651.3,4587,58,0.547,0.914,0.568
787669233,"$34,516.00",1046,33470.0,3435,76,0.03,1.001,0.727
708119658,"$12,836.00",1034,11802.0,2519,53,0.081,0.663,0.472
737921733,"$1,892.00",1604,288.0,1581,34,0.848,0.476,0.417
765940683,"$11,277.00",1747,9530.0,2033,56,0.155,0.503,0.867
719732433,"$12,815.00",1017,11798.0,3771,78,0.079,0.532,0.66
715491483,"$24,016.00",0,24016.0,3693,62,0.0,0.748,0.722
783381933,"$3,482.00",1942,1540.0,3512,63,0.558,0.926,0.853
811554708,"$26,516.00",1434,25082.0,3609,76,0.054,0.472,0.551
719536608,"$2,285.00",1931,354.0,4944,78,0.845,0.69,0.66
720753183,"$9,617.00",2035,7582.0,4247,76,0.212,1.004,0.854
714505683,"$34,516.00",0,34516.0,3250,63,0.0,0.506,0.658
711942783,"$2,354.00",1909,445.0,4048,61,0.811,0.833,0.848
714031983,"$11,533.00",1418,10115.0,4038,63,0.123,0.546,0.615
711372258,"$5,042.00",1002,4040.0,2897,62,0.199,1.108,0.632
710825658,"$2,584.00",1614,970.0,4045,78,0.625,0.675,0.733
716575758,"$1,438.30",0,1438.3,1859,41,0.0,0.588,0.464
714732183,"$3,402.00",1607,1795.0,3188,65,0.472,0.432,0.667
714097683,"$1,809.00",0,1809.0,2123,44,0.0,0.569,0.571
720568083,"$8,624.00",0,8624.0,2428,53,0.0,0.574,0.893
708121908,"$22,917.00",0,22917.0,2045,45,0.0,0.574,0.5
778710783,"$18,410.00",974,17436.0,3778,83,0.053,0.857,0.694
713745783,"$34,516.00",1452,33064.0,2336,49,0.042,0.887,1.13
711043983,"$34,516.00",1259,33257.0,3275,67,0.036,0.547,0.595
716438433,"$10,130.00",1449,8681.0,4002,66,0.143,0.819,0.571
709435533,"$3,099.00",0,3099.0,1401,44,0.0,0.279,0.419
711080358,"$19,849.00",2205,17644.0,3657,66,0.111,0.796,0.737
718677858,"$2,283.00",1053,1230.0,4571,72,0.461,0.854,0.756
720259308,"$6,347.00",569,5778.0,3927,82,0.09,0.668,0.577
719346708,"$2,758.00",1675,1083.0,3820,72,0.607,0.882,0.636
719874633,"$34,516.00",0,34516.0,1891,34,0.0,0.596,0.214
720286908,"$3,469.00",0,3469.0,3680,80,0.0,0.956,0.951
719168883,"$5,155.00",0,5155.0,2753,45,0.0,1.014,0.607
789893808,"$34,516.00",1230,33286.0,2100,38,0.036,0.608,0.407
772472208,"$4,092.00",996,3096.0,2298,48,0.243,0.644,0.655
710402508,"$4,675.00",0,4675.0,3487,69,0.0,0.863,0.683
710218233,"$2,297.00",1044,1253.0,3161,65,0.455,0.591,0.711
714212358,"$5,260.00",1706,3554.0,2142,57,0.324,0.359,0.676
812956983,"$3,458.00",1989,1469.0,3409,59,0.575,0.707,1.034
780241758,"$3,943.00",2517,1426.0,3527,59,0.638,0.467,0.788
711580908,"$3,028.00",2258,770.0,4119,81,0.746,1.058,0.884
712835433,"$1,438.30",0,1438.3,4869,73,0.0,0.806,0.825
716461683,"$11,884.00",1339,10545.0,4134,72,0.113,0.556,1.0
713617608,"$34,516.00",1844,32672.0,4217,79,0.053,1.051,0.795
714622833,"$26,058.00",1664,24394.0,3489,58,0.064,0.916,0.611
712115958,"$2,808.00",2264,544.0,3562,74,0.806,0.544,0.682
712033833,"$1,874.00",1341,533.0,3899,70,0.716,0.952,0.75
714548733,"$34,516.00",0,34516.0,2655,64,0.0,0.524,0.829
719523108,"$11,236.00",576,10660.0,4253,80,0.051,0.637,0.6
710881008,"$6,380.00",1238,5142.0,4119,66,0.194,0.903,0.61
715098333,"$34,516.00",761,33755.0,4313,82,0.022,0.916,0.547
708211383,"$2,664.00",0,2664.0,3906,74,0.0,0.731,0.574
715054683,"$1,645.00",0,1645.0,3838,60,0.0,0.771,0.463
710670633,"$5,797.00",1779,4018.0,2131,33,0.307,0.785,0.571
784560258,"$21,721.00",1247,20474.0,3937,63,0.057,0.657,0.658
710871108,"$31,756.00",1459,30297.0,4759,70,0.046,0.687,0.556
787770858,"$8,333.00",774,7559.0,3889,81,0.093,0.984,0.723
721104708,"$2,067.00",1966,101.0,3033,41,0.951,0.91,0.708
717461283,"$2,214.00",570,1644.0,2066,45,0.257,0.688,0.25
803028858,"$3,775.00",0,3775.0,2031,36,0.0,0.581,0.385
716628633,"$4,388.00",1519,2869.0,4406,74,0.346,0.787,0.574
813380058,"$4,100.00",863,3237.0,3593,51,0.21,0.992,0.821
770135358,"$5,157.00",1485,3672.0,4417,77,0.288,0.699,0.711
719301258,"$15,939.00",0,15939.0,3982,68,0.0,0.791,0.943
711340233,"$9,216.00",2059,7157.0,3630,78,0.223,0.763,0.56
710002833,"$3,413.00",2517,896.0,4355,71,0.737,0.984,0.919
808705758,"$20,348.00",1732,18616.0,1624,27,0.085,0.674,0.688
710839308,"$5,015.00",1671,3344.0,3161,77,0.333,0.689,0.878
768687183,"$2,440.00",1083,1357.0,3017,53,0.444,0.907,0.71
720541758,"$4,948.00",1655,3293.0,3711,64,0.334,0.562,0.524
712263258,"$2,468.00",0,2468.0,3371,62,0.0,1.057,0.676
779662308,"$1,438.30",710,728.3,3808,80,0.494,0.683,0.569
719260608,"$34,516.00",1566,32950.0,3961,53,0.045,1.106,0.893
803319633,"$3,183.00",1358,1825.0,3988,81,0.427,0.657,0.688
708170508,"$1,438.30",0,1438.3,1651,42,0.0,0.461,0.5
711891933,"$12,945.00",1582,11363.0,3369,59,0.122,0.496,0.788
802875333,"$2,458.00",0,2458.0,3377,54,0.0,0.819,0.929
719991783,"$34,516.00",2183,32333.0,3644,67,0.063,0.739,0.634
745435533,"$2,617.00",2517,100.0,3104,70,0.962,0.78,0.75
718063083,"$6,500.00",2025,4475.0,4738,82,0.312,0.656,0.673
710713608,"$24,528.00",2396,22132.0,4070,67,0.098,0.81,0.718
720487308,"$15,898.00",0,15898.0,4184,54,0.0,1.049,1.077
719770158,"$8,516.00",0,8516.0,2189,37,0.0,0.549,0.276
712283808,"$10,062.00",1149,8913.0,1964,44,0.114,0.76,0.467
779737233,"$9,589.00",628,8961.0,3971,66,0.065,0.695,0.784
751076058,"$5,826.00",0,5826.0,3756,73,0.0,0.689,0.921
736552308,"$3,521.00",672,2849.0,3291,65,0.191,0.655,0.757
720578058,"$8,386.00",2375,6011.0,4101,67,0.283,0.539,0.718
714932658,"$15,449.00",0,15449.0,4098,81,0.0,0.783,0.588
804708633,"$7,323.00",0,7323.0,4666,87,0.0,0.518,0.776
716271183,"$8,924.00",0,8924.0,1720,42,0.0,0.547,0.4
712442508,"$1,438.30",783,655.3,3464,70,0.544,0.733,0.795
719165508,"$18,965.00",2262,16703.0,3066,69,0.119,0.592,0.816
826467333,"$7,976.00",585,7391.0,4082,74,0.073,0.925,0.682
721027083,"$3,054.00",1862,1192.0,3543,87,0.61,0.589,0.812
713764458,"$10,620.00",2090,8530.0,3453,68,0.197,0.88,0.838
816261858,"$3,984.00",2245,1739.0,1821,39,0.564,0.612,0.696
710850633,"$2,507.00",1613,894.0,3325,67,0.643,1.082,0.675
805282908,"$7,599.00",1100,6499.0,4401,71,0.145,0.365,0.651
771246708,"$31,954.00",2297,29657.0,4371,82,0.072,0.516,0.64
785119833,"$19,666.00",1180,18486.0,3391,54,0.06,0.898,0.636
716780283,"$6,628.00",1735,4893.0,4050,89,0.262,0.587,0.935
716546283,"$13,049.00",943,12106.0,3944,72,0.072,0.686,0.674
721308033,"$3,036.00",2517,519.0,2609,42,0.829,0.882,0.615
779270883,"$16,575.00",0,16575.0,3982,77,0.0,0.76,0.878
822061683,"$23,391.00",1977,21414.0,4106,85,0.085,0.558,0.809
710678658,"$4,944.00",1151,3793.0,3684,64,0.233,0.801,0.829
712943508,"$6,921.00",1023,5898.0,4608,79,0.148,0.816,0.927
816263808,"$18,026.00",755,17271.0,2760,56,0.042,0.931,1.0
714162033,"$5,216.00",1519,3697.0,3434,49,0.291,0.887,0.69
711238908,ERR_VAL,1758,5941.0,5103,62,0.228,0.641,0.771
713971608,"$7,232.00",1830,5402.0,4337,71,0.253,1.002,0.543
715193433,"$8,476.00",0,8476.0,3889,67,0.0,0.675,0.489
713111883,"$25,837.00",1812,24025.0,3783,70,0.07,0.686,0.75
716911608,"$1,536.00",1017,519.0,3816,71,0.662,0.589,0.449
822898758,"$4,453.00",973,3480.0,3239,66,0.219,0.908,0.65
712085733,"$34,516.00",880,33636.0,3491,64,0.025,0.687,0.455
718583133,"$4,389.00",981,3408.0,3598,75,0.224,0.65,0.705
772095858,"$13,429.00",1246,12183.0,3929,66,0.093,1.055,0.737
780074733,"$1,840.00",1565,275.0,4518,72,0.851,0.95,0.5
710182383,"$17,846.00",1568,16278.0,3626,77,0.088,1.064,0.878
713418558,"$9,013.00",0,9013.0,3819,71,0.0,0.597,0.614
715445883,"$18,862.00",2105,16757.0,4449,86,0.112,0.832,0.686
718599108,"$3,230.00",1172,2058.0,4419,64,0.363,0.514,0.73
711546333,"$7,958.00",1559,6399.0,4962,72,0.196,0.726,0.714
721513833,"$5,619.00",1504,4115.0,2808,72,0.268,0.775,0.6
771669183,"$4,854.00",1212,3642.0,3651,70,0.25,0.308,0.556
774760458,"$3,807.00",2517,1290.0,1739,36,0.661,0.506,0.5
713453733,"$2,529.00",1654,875.0,3428,84,0.654,0.528,0.68
804415083,"$4,097.00",655,3442.0,2611,51,0.16,1.084,0.545
711419133,"$3,057.00",1077,1980.0,4449,77,0.352,0.934,0.878
710691633,"$1,957.00",1152,805.0,4546,78,0.589,0.899,0.5
715008858,"$2,941.00",655,2286.0,4099,66,0.223,0.616,0.571
771424908,"$11,252.00",1129,10123.0,1766,31,0.1,0.462,0.476
771215583,"$24,534.00",1475,23059.0,3505,60,0.06,0.528,0.935
711012783,"$33,384.00",0,33384.0,2066,46,0.0,0.631,0.769
827408058,"$2,232.00",2002,230.0,3803,68,0.897,1.107,0.511
713904708,"$7,582.00",1942,5640.0,4926,85,0.256,0.823,0.635
807596358,"$13,884.00",1204,12680.0,4650,70,0.087,0.575,0.556
708788583,"$6,167.00",0,6167.0,1648,43,0.0,0.422,0.536
713446083,"$11,545.00",1732,9813.0,3996,65,0.15,0.871,0.548
717888108,"$2,872.00",2517,355.0,3635,62,0.876,0.606,0.824
819714408,"$5,666.00",2386,3280.0,1981,42,0.421,0.564,1.0
716853258,"$4,417.00",0,4417.0,4253,72,0.0,0.904,0.895
719455083,"$2,991.00",1508,1483.0,3734,64,0.504,0.703,0.882
779299233,"$13,109.00",1375,11734.0,3563,73,0.105,0.742,0.553
771922008,"$5,443.00",1889,3554.0,4416,64,0.347,0.421,0.6
708887433,"$2,717.00",0,2717.0,3150,59,0.0,0.736,0.475
713214558,"$2,628.00",2195,433.0,3608,68,0.835,0.635,0.417
718038483,"$16,054.00",0,16054.0,3449,75,0.0,0.446,0.705
714053358,"$3,216.00",0,3216.0,4039,81,0.0,0.683,1.077
713730933,"$1,438.30",0,1438.3,1739,44,0.0,0.314,0.467
762775908,"$12,295.00",1292,11003.0,4177,63,0.105,0.537,0.75
713181558,"$5,794.00",0,5794.0,4201,73,0.0,0.732,0.587
713079108,"$1,858.00",925,933.0,3660,72,0.498,1.056,0.6
804426858,"$2,593.00",1660,933.0,1974,33,0.64,0.562,1.062
788379933,"$12,420.00",0,12420.0,4422,70,0.0,0.709,0.628
713740533,"$2,775.00",1664,1111.0,2478,52,0.6,0.809,0.926
712235433,"$2,886.00",0,2886.0,2326,50,0.0,0.587,0.429
811705233,"$7,037.00",0,7037.0,4099,71,0.0,0.583,0.69
714594933,"$7,065.00",990,6075.0,3758,65,0.14,0.503,0.711
714377058,"$1,896.00",0,1896.0,2186,50,0.0,0.747,0.562
827114058,"$11,634.00",0,11634.0,4447,74,0.0,0.52,0.574
708654933,"$15,987.00",193,15794.0,2021,46,0.012,0.435,0.394
720283758,"$13,735.00",1733,12002.0,1783,43,0.126,0.614,0.654
801994458,"$3,880.00",2517,1363.0,3163,65,0.649,0.673,0.97
718834233,"$6,899.00",0,6899.0,3848,71,0.0,0.771,0.69
719196858,"$6,508.00",2276,4232.0,4254,77,0.35,1.008,0.711
708451233,"$5,090.00",1650,3440.0,3707,72,0.324,0.58,0.44
718735908,"$7,015.00",0,7015.0,1799,51,0.0,0.456,0.645
789339633,"$30,560.00",0,30560.0,3736,55,0.0,0.721,0.719
804833058,"$4,384.00",0,4384.0,1832,49,0.0,0.684,0.581
712542258,"$2,950.00",2000,950.0,4742,79,0.678,0.882,0.837
713639058,"$1,511.00",0,1511.0,1329,35,0.0,0.432,0.591
709560258,"$4,946.00",0,4946.0,2239,38,0.0,0.54,0.407
718317258,"$7,477.00",1960,5517.0,3618,76,0.262,1.008,0.583
720362058,"$32,182.00",0,32182.0,1937,46,0.0,0.52,0.704
712606158,"$5,715.00",1214,4501.0,3685,63,0.212,0.858,0.658
713162358,"$9,595.00",509,9086.0,4050,72,0.053,0.625,0.5
710673558,"$21,952.00",1600,20352.0,4087,70,0.073,0.878,0.628
710096658,"$2,606.00",1978,628.0,2191,42,0.759,0.443,0.5
721313808,"$2,826.00",1741,1085.0,4488,73,0.616,0.669,0.825
778924158,"$1,438.30",0,1438.3,3749,77,0.0,0.71,0.604
719602908,"$5,667.00",812,4855.0,2064,42,0.143,0.62,0.4
820383558,"$6,366.00",1344,5022.0,3258,58,0.211,0.492,0.758
717953283,"$2,122.00",1189,933.0,4379,45,0.56,0.398,1.143
710327508,"$1,687.00",1290,397.0,4247,87,0.765,0.709,0.706
785134758,"$14,320.00",0,14320.0,4077,77,0.0,0.754,0.791
811970808,"$5,972.00",1885,4087.0,3491,65,0.316,0.973,0.711
718676283,"$8,771.00",1662,7109.0,3779,72,0.189,0.555,0.756
720439533,"$7,112.00",1358,5754.0,4951,73,0.191,0.553,0.587
793720908,"$7,333.00",875,6458.0,3636,48,0.119,0.807,1.286
708937608,"$2,001.00",1366,635.0,4590,66,0.683,0.86,0.571
769189083,"$1,438.30",639,799.3,4427,85,0.444,0.768,0.735
713455233,"$34,516.00",1416,33100.0,4026,65,0.041,0.491,0.512
719563158,"$4,207.00",1921,2286.0,3850,75,0.457,0.766,0.562
753118533,"$1,555.00",986,569.0,4686,75,0.634,0.865,0.667
713265858,"$34,516.00",1344,33172.0,4795,92,0.039,0.523,0.673
709713033,"$6,846.00",0,6846.0,1735,35,0.0,0.62,0.522
711608958,"$2,071.00",1035,1036.0,4092,74,0.5,0.754,0.947
708633783,"$11,336.00",0,11336.0,1809,39,0.0,0.691,0.345
714532158,"$15,221.00",1166,14055.0,3848,68,0.077,0.839,0.619
720950283,"$21,359.00",0,21359.0,2064,63,0.0,0.551,0.853
809797158,"$19,366.00",1592,17774.0,3627,66,0.082,0.679,1.0
713692683,"$2,243.00",1944,299.0,3216,77,0.867,0.942,0.674
710748483,"$2,923.00",1934,989.0,3861,68,0.662,0.577,0.7
720868683,"$7,853.00",1343,6510.0,1814,37,0.171,0.491,0.37
787532808,"$16,386.00",2236,14150.0,3293,66,0.136,1.004,0.833
709453833,"$11,164.00",859,10305.0,4227,67,0.077,0.915,0.634
712114458,"$2,960.00",1835,1125.0,3941,64,0.62,0.532,0.455
811013658,"$10,816.00",871,9945.0,3221,68,0.081,0.606,0.581
789180933,"$2,917.00",2216,701.0,4524,67,0.76,0.81,0.489
717151383,"$2,568.00",1603,965.0,3616,85,0.624,0.432,0.545
712470033,"$4,539.00",2053,2486.0,2960,67,0.452,0.705,0.861
717840108,"$4,806.00",1357,3449.0,1771,35,0.282,0.573,0.346
709131033,"$2,025.00",1701,324.0,4056,71,0.84,0.628,0.578
721506708,"$6,249.00",2517,3732.0,3988,68,0.403,0.751,0.789
716039433,"$1,686.00",1271,415.0,3445,64,0.754,1.087,0.73
710874933,"$10,239.00",2224,8015.0,2149,40,0.217,0.545,1.105
794682483,"$4,284.00",1094,3190.0,3095,64,0.255,0.63,0.524
709229358,"$2,601.00",1604,997.0,4835,80,0.617,0.853,0.702
772177308,"$1,738.00",0,1738.0,2572,62,0.0,1.124,0.938
715016508,"$4,527.00",0,4527.0,2441,37,0.0,0.801,0.37
716071233,"$34,516.00",1934,32582.0,4613,73,0.056,0.626,0.553
818308533,"$3,532.00",0,3532.0,3162,56,0.0,0.82,0.6
711000933,"$4,846.00",2490,2356.0,3724,61,0.514,0.788,0.605
760104333,"$11,392.00",0,11392.0,3246,63,0.0,0.821,0.703
718201383,"$22,036.00",1560,20476.0,2139,48,0.071,0.555,0.714
779450958,"$2,772.00",1782,990.0,4739,88,0.643,0.718,0.796
717990183,"$7,474.00",2444,5030.0,5100,79,0.327,0.619,0.717
721252683,"$34,516.00",1501,33015.0,3368,64,0.043,0.813,0.641
710505483,"$11,117.00",0,11117.0,3099,69,0.0,0.814,0.816
711587433,"$10,714.00",2407,8307.0,4328,71,0.225,0.378,0.543
720964683,"$5,420.00",0,5420.0,3477,60,0.0,0.81,0.622
711478233,"$2,652.00",2496,156.0,3691,58,0.941,0.561,1.071
717096858,"$6,492.00",719,5773.0,4828,78,0.111,0.711,0.529
719739108,"$11,352.00",2517,8835.0,4021,56,0.222,0.751,0.806
717432933,"$3,167.00",1387,1780.0,4587,76,0.438,0.899,0.551
721501308,"$7,015.00",918,6097.0,4410,70,0.131,0.957,0.591
714169083,"$34,516.00",1639,32877.0,4959,74,0.047,0.688,0.805
710194683,"$3,244.00",2260,984.0,2313,39,0.697,0.711,0.857
715365183,"$2,431.00",0,2431.0,3323,65,0.0,0.886,1.097
715448058,"$3,050.00",1824,1226.0,1973,50,0.598,0.771,1.381
779008158,"$2,191.00",1655,536.0,4961,71,0.755,1.008,0.821
712822758,"$5,677.00",1403,4274.0,2730,58,0.247,0.951,0.758
798687258,"$2,577.00",1812,765.0,4134,62,0.703,0.666,0.824
717380133,"$3,305.00",1909,1396.0,4218,72,0.578,0.371,0.636
709693833,"$9,261.00",1605,7656.0,2468,44,0.173,0.571,0.419
804847308,"$1,564.00",0,1564.0,4018,69,0.0,0.516,0.605
716321583,"$12,740.00",1173,11567.0,3441,55,0.092,1.04,0.719
712685733,"$34,516.00",1698,32818.0,3498,68,0.049,0.823,0.619
781306758,"$3,091.00",2517,574.0,1844,49,0.814,0.602,0.633
743912958,"$3,812.00",1103,2709.0,4080,65,0.289,0.757,0.625
712294083,"$3,778.00",0,3778.0,2367,45,0.0,0.739,0.452
716630508,"$12,698.00",2361,10337.0,4425,75,0.186,0.799,0.63
711334983,"$26,229.00",0,26229.0,2077,46,0.0,0.504,0.643
717442758,"$8,346.00",1452,6894.0,4141,79,0.174,1.194,0.612
709137558,"$5,395.00",2084,3311.0,4689,69,0.386,0.798,0.725
714366708,"$1,490.00",1069,421.0,3790,85,0.717,0.84,0.889
711925608,"$18,274.00",1623,16651.0,3886,81,0.089,0.681,0.8
721202058,"$4,409.00",785,3624.0,4160,61,0.178,0.838,0.649
716931183,"$7,560.00",788,6772.0,4296,68,0.104,1.193,0.7
800164083,"$20,783.00",1257,19526.0,3819,76,0.06,0.724,0.617
719682183,"$6,188.00",2517,3671.0,1997,43,0.407,0.713,1.048
710984133,"$27,876.00",557,27319.0,4654,88,0.02,0.768,0.66
780307233,"$1,924.00",1471,453.0,3521,58,0.765,1.485,1.0
716434533,"$29,149.00",0,29149.0,2106,56,0.0,0.615,0.697
828215508,"$1,438.30",0,1438.3,1785,33,0.0,0.639,0.32
716138958,"$3,160.00",1180,1980.0,3740,68,0.373,1.0,0.7
709276908,"$1,438.30",0,1438.3,3990,75,0.0,0.783,0.596
815767983,"$1,438.30",0,1438.3,4869,66,0.0,0.555,0.737
712812408,"$1,535.00",0,1535.0,1921,41,0.0,0.544,0.464
712403358,"$1,438.30",696,742.3,4307,76,0.484,0.888,0.9
717826308,"$2,331.00",1798,533.0,4061,66,0.771,0.847,0.692
753443583,"$8,156.00",0,8156.0,3992,73,0.0,0.663,0.553
721428333,"$8,109.00",541,7568.0,3609,77,0.067,0.958,0.604
719910333,"$5,853.00",1190,4663.0,3595,80,0.203,0.936,0.667
713585958,"$5,997.00",0,5997.0,1457,42,0.0,0.406,0.5
712866933,"$10,824.00",0,10824.0,3700,73,0.0,0.962,0.738
719219883,"$9,300.00",769,8531.0,3651,67,0.083,0.68,0.718
779170008,"$5,351.00",0,5351.0,4596,78,0.0,0.763,0.5
779727558,"$2,097.00",1250,847.0,4148,71,0.596,0.699,0.543
714373308,"$2,266.00",0,2266.0,3634,66,0.0,0.565,0.65
715000383,"$13,598.00",852,12746.0,4047,76,0.063,0.785,0.81
710493558,"$1,803.00",0,1803.0,1979,37,0.0,0.415,0.321
778839108,"$6,292.00",0,6292.0,3687,74,0.0,0.515,0.644
715548183,"$23,566.00",1670,21896.0,3129,79,0.071,0.735,0.837
712545183,"$1,765.00",1487,278.0,3333,66,0.842,0.738,1.0
779032308,"$4,964.00",2316,2648.0,3279,66,0.467,0.793,0.941
721500108,"$3,741.00",0,3741.0,4402,55,0.0,0.959,0.833
713389233,"$31,631.00",0,31631.0,3418,58,0.0,0.632,0.758
718811058,"$5,014.00",1887,3127.0,4391,66,0.376,0.806,0.571
717084708,"$2,484.00",1543,941.0,3802,68,0.621,0.703,0.447
778247358,"$7,636.00",0,7636.0,3880,67,0.0,0.801,0.811
710702733,"$11,096.00",0,11096.0,3949,69,0.0,0.881,0.683
815240358,"$25,027.00",1501,23526.0,3357,62,0.06,1.063,0.771
715165758,"$27,391.00",587,26804.0,2862,56,0.021,0.821,1.24
827964858,"$3,266.00",859,2407.0,2151,46,0.263,0.74,0.438
773667708,"$7,050.00",1008,6042.0,2176,39,0.143,0.639,0.56
717400533,"$2,704.00",789,1915.0,4839,92,0.292,1.039,0.769
713586858,"$11,721.00",1175,10546.0,4187,73,0.1,0.779,0.825
711393483,"$2,432.00",0,2432.0,4340,76,0.0,1.293,0.767
812979408,"$15,142.00",0,15142.0,2458,41,0.0,0.761,0.577
711877458,"$1,936.00",0,1936.0,4072,72,0.0,0.705,0.756
714351558,"$1,829.00",0,1829.0,3950,65,0.0,0.576,0.548
828343083,"$2,786.00",1793,993.0,3646,68,0.644,0.803,0.659
790002783,"$19,595.00",610,18985.0,4079,65,0.031,0.582,0.585
708615183,"$3,828.00",1146,2682.0,4558,90,0.299,0.681,0.636
718509858,"$4,786.00",0,4786.0,4347,69,0.0,0.789,0.683
718540308,"$22,143.00",730,21413.0,4263,62,0.033,0.871,0.632
778180158,ERR_VAL,1887,5263.0,3636,69,0.264,0.455,0.643
778242708,"$25,502.00",1450,24052.0,4323,81,0.057,0.797,0.688
806947308,"$20,178.00",1553,18625.0,1735,44,0.077,0.324,0.375
714899283,"$5,258.00",1994,3264.0,3972,73,0.379,0.725,0.587
708386958,"$1,561.00",0,1561.0,1947,28,0.0,0.502,0.556
710986758,"$11,550.00",1505,10045.0,3891,76,0.13,1.034,0.9
718220358,"$28,618.00",0,28618.0,1712,41,0.0,0.685,0.414
710568333,"$6,623.00",1823,4800.0,2293,47,0.275,0.811,0.567
712656783,"$8,136.00",2517,5619.0,2179,40,0.309,0.674,0.429
717483558,"$19,156.00",1353,17803.0,3547,61,0.071,1.41,0.649
721440633,"$7,982.00",897,7085.0,4387,71,0.112,0.778,0.511
738899658,"$3,120.00",2517,603.0,2468,43,0.807,0.736,0.536
711423558,"$4,606.00",0,4606.0,4181,63,0.0,0.857,1.032
721522533,"$2,005.00",1143,862.0,4311,70,0.57,0.824,0.591
708558408,"$9,949.00",1597,8352.0,3776,83,0.161,0.659,0.596
714727833,"$2,892.00",2517,375.0,2257,48,0.87,0.777,0.714
714365883,"$7,093.00",918,6175.0,3877,75,0.129,0.56,0.744
715856208,"$1,896.00",1119,777.0,4028,76,0.59,0.671,0.767
708944958,"$3,569.00",1030,2539.0,4612,75,0.289,1.09,0.923
771516333,"$4,663.00",0,4663.0,3831,81,0.0,0.892,0.761
772051308,"$2,553.00",1823,730.0,3853,69,0.714,0.574,0.683
788350908,"$5,362.00",1110,4252.0,3548,69,0.207,0.651,0.5
818322033,"$2,873.00",1247,1626.0,3943,80,0.434,0.889,0.702
716288958,"$7,840.00",0,7840.0,4062,71,0.0,0.726,0.578
712347258,"$2,209.00",0,2209.0,4419,68,0.0,0.749,0.619
779072733,"$1,971.00",0,1971.0,4979,77,0.0,0.613,0.571
710003958,"$1,438.30",665,773.3,4100,84,0.462,0.75,0.615
715287708,"$6,230.00",1173,5057.0,3769,77,0.188,0.607,0.54
708774708,"$2,636.00",1589,1047.0,3858,70,0.603,0.864,0.522
713535033,"$22,243.00",1377,20866.0,3200,91,0.062,0.567,0.717
719314683,"$2,855.00",527,2328.0,3645,69,0.185,0.678,0.605
789293358,"$7,578.00",1794,5784.0,5328,78,0.237,0.62,0.625
787638408,"$8,440.00",2087,6353.0,4161,74,0.247,0.804,0.644
715974783,"$4,186.00",0,4186.0,4590,69,0.0,0.888,0.816
716134533,"$22,074.00",0,22074.0,4406,80,0.0,1.199,0.739
708834483,"$17,667.00",0,17667.0,1775,42,0.0,0.569,0.556
780168333,"$26,548.00",1829,24719.0,3450,83,0.069,0.685,1.024
711557508,"$3,532.00",764,2768.0,4066,74,0.216,0.681,0.574
772506858,"$8,795.00",2517,6278.0,4552,81,0.286,0.625,0.588
765692658,"$2,162.00",1882,280.0,3825,70,0.87,0.934,0.75
720598308,"$34,516.00",1126,33390.0,1736,35,0.033,0.575,0.4
709912683,"$34,516.00",2374,32142.0,4390,77,0.069,0.81,0.604
815353083,"$34,516.00",2361,32155.0,1853,36,0.068,0.529,0.385
720093333,"$3,491.00",2506,985.0,4855,79,0.718,0.873,0.58
717281658,"$6,060.00",1687,4373.0,3953,65,0.278,0.563,0.711
765731433,"$7,860.00",0,7860.0,3512,76,0.0,0.598,0.617
712050933,"$25,190.00",0,25190.0,1533,41,0.0,0.467,0.323
787361583,"$13,911.00",2160,11751.0,2204,60,0.155,0.73,0.667
709921158,"$2,281.00",1751,530.0,4241,76,0.768,0.761,0.854
714781908,"$5,652.00",548,5104.0,3710,70,0.097,0.647,0.458
717592758,"$1,606.00",1578,28.0,2418,44,0.983,0.85,0.467
821339433,"$2,777.00",2118,659.0,4442,64,0.763,1.036,0.829
715174983,"$2,223.00",597,1626.0,3331,67,0.269,0.572,0.675
710863308,"$2,916.00",1074,1842.0,4020,84,0.368,0.774,0.68
806824908,"$16,476.00",1374,15102.0,4717,71,0.083,0.459,0.69
710592933,"$9,598.00",1092,8506.0,2216,54,0.114,0.6,0.588
771881283,"$18,570.00",1892,16678.0,4036,78,0.102,0.748,0.773
708687483,"$13,626.00",0,13626.0,1711,30,0.0,0.411,0.25
719147208,"$2,298.00",0,2298.0,4814,88,0.0,0.776,0.63
709607733,"$9,191.00",1666,7525.0,4275,83,0.181,0.815,0.766
713184858,"$1,438.30",818,620.3,4196,71,0.569,0.917,1.088
719929758,"$4,181.00",0,4181.0,3057,54,0.0,0.912,0.688
759127158,"$2,592.00",0,2592.0,4177,85,0.0,0.767,0.771
780717483,"$7,540.00",773,6767.0,4755,58,0.103,0.688,0.706
708507483,"$1,477.00",0,1477.0,4802,82,0.0,0.756,0.864
787617483,"$2,628.00",1542,1086.0,4335,76,0.587,0.93,0.727
816608808,"$8,916.00",0,8916.0,2773,62,0.0,0.631,0.676
716727258,"$1,481.00",0,1481.0,4435,67,0.0,0.698,0.718
813890883,"$1,555.00",0,1555.0,3811,65,0.0,0.583,0.711
768256908,"$8,580.00",1636,6944.0,1880,37,0.191,0.393,0.233
811095483,"$21,163.00",2517,18646.0,1732,35,0.119,0.569,0.458
720168558,"$2,936.00",0,2936.0,4876,74,0.0,0.842,0.542
719309133,"$1,438.30",0,1438.3,3877,70,0.0,0.798,0.556
721451208,"$30,540.00",0,30540.0,1980,36,0.0,0.602,0.8
772879158,"$7,357.00",1069,6288.0,3943,64,0.145,0.77,0.641
712934583,"$11,879.00",0,11879.0,3490,62,0.0,0.735,0.938
710088483,"$21,877.00",1073,20804.0,3283,56,0.049,0.908,1.0
753534633,"$7,255.00",0,7255.0,3148,62,0.0,0.9,0.824
710932683,"$6,394.00",0,6394.0,3470,69,0.0,0.656,0.917
714751158,"$34,516.00",2517,31999.0,1789,48,0.073,0.376,0.455
718109808,"$5,597.00",1118,4479.0,4599,89,0.2,0.753,0.648
713227233,"$32,535.00",0,32535.0,4374,79,0.0,0.792,0.795
718342158,"$4,391.00",1933,2458.0,1849,36,0.44,0.579,0.385
804606033,"$8,738.00",1172,7566.0,3121,60,0.134,0.65,0.395
720755658,"$1,592.00",0,1592.0,4172,70,0.0,0.745,0.75
711795633,"$3,675.00",0,3675.0,3798,53,0.0,0.664,0.472
716654808,"$24,593.00",0,24593.0,2084,31,0.0,0.777,0.55
817616433,"$7,613.00",0,7613.0,4268,69,0.0,0.68,0.725
716390958,"$26,107.00",0,26107.0,1697,47,0.0,0.55,0.424
716564433,"$4,287.00",0,4287.0,1635,41,0.0,0.294,0.242
719530158,"$9,843.00",1273,8570.0,3677,66,0.129,0.563,0.571
710621283,"$10,733.00",783,9950.0,3910,66,0.073,0.732,0.65
716714733,"$3,460.00",955,2505.0,3642,69,0.276,0.644,0.769
720921408,"$1,996.00",1544,452.0,3760,69,0.774,0.919,0.683
789185508,"$5,536.00",756,4780.0,3918,70,0.137,0.635,0.628
807014583,"$1,469.00",0,1469.0,4331,89,0.0,0.915,0.935
721388283,"$5,597.00",0,5597.0,4844,58,0.0,0.596,0.871
716022258,"$8,960.00",2222,6738.0,1853,40,0.248,0.382,0.333
789362058,"$5,693.00",0,5693.0,4003,64,0.0,0.928,0.684
771460158,"$4,098.00",1776,2322.0,3939,84,0.433,0.673,0.647
714147858,"$18,358.00",1044,17314.0,3920,85,0.057,0.524,0.491
708394908,"$2,337.00",1442,895.0,3945,65,0.617,0.659,0.548
778433283,"$8,989.00",0,8989.0,2031,53,0.0,0.47,1.038
720637008,"$2,124.00",1426,698.0,3210,52,0.671,0.966,0.733
716877258,"$3,968.00",1374,2594.0,4641,65,0.346,0.703,0.711
812973708,"$2,793.00",1661,1132.0,3247,69,0.595,1.117,0.865
788760633,"$13,513.00",1495,12018.0,3503,68,0.111,0.505,0.511
718602708,"$16,351.00",1541,14810.0,3475,82,0.094,0.763,0.673
712365483,ERR_VAL,1731,7888.0,3690,76,0.18,0.712,0.52
789154833,"$19,030.00",912,18118.0,4137,72,0.048,0.894,0.532
715849983,"$2,107.00",0,2107.0,4007,82,0.0,0.975,0.952
780336258,"$2,517.00",1257,1260.0,4528,75,0.499,0.834,0.786
716567433,"$3,179.00",1229,1950.0,4337,82,0.387,0.781,1.05
713057658,"$3,968.00",935,3033.0,4128,72,0.236,0.649,0.674
718191483,"$5,065.00",1362,3703.0,3555,75,0.269,0.68,0.471
811527933,"$10,885.00",1758,9127.0,2291,39,0.162,0.8,0.773
778617708,"$1,438.30",864,574.3,2299,40,0.601,0.766,0.481
785055108,"$10,817.00",1142,9675.0,3889,60,0.106,0.722,0.818
822961533,"$13,666.00",0,13666.0,3998,70,0.0,0.808,1.0
709124883,"$2,149.00",1796,353.0,5228,93,0.836,0.628,0.661
772574283,"$7,191.00",0,7191.0,1654,30,0.0,0.565,0.579
761240358,"$2,155.00",1219,936.0,4295,77,0.566,0.805,0.791
708469533,"$5,395.00",1439,3956.0,3523,79,0.267,0.781,0.717
769927533,"$3,222.00",1422,1800.0,4613,72,0.441,0.662,0.6
718545033,"$2,042.00",1567,475.0,5146,78,0.767,0.744,0.733
714972558,"$1,610.00",0,1610.0,2729,45,0.0,0.889,0.406
772204758,"$3,809.00",1165,2644.0,2306,46,0.306,0.634,0.643
709039533,"$5,544.00",1095,4449.0,3829,55,0.198,0.572,0.964
716492583,"$2,388.00",1708,680.0,4539,89,0.715,0.903,0.745
766381908,"$2,473.00",1263,1210.0,4597,80,0.511,0.71,0.6
719109783,"$13,103.00",1809,11294.0,4323,72,0.138,0.724,0.5
796236258,"$2,465.00",1128,1337.0,4030,86,0.458,0.613,0.483
709700058,"$6,081.00",989,5092.0,4451,70,0.163,1.222,0.429
716905158,"$21,815.00",0,21815.0,3904,72,0.0,0.807,1.118
718851783,"$34,516.00",2386,32130.0,3924,65,0.069,0.698,0.512
709709283,"$3,458.00",321,3137.0,2256,40,0.093,0.586,0.29
711993258,"$8,264.00",2057,6207.0,4240,73,0.249,0.821,0.587
780105483,"$1,697.00",377,1320.0,2799,49,0.222,1.048,0.485
718350033,"$3,069.00",1881,1188.0,2909,58,0.613,1.111,1.522
715294083,"$10,309.00",0,10309.0,1760,40,0.0,0.451,0.6
710905908,"$4,983.00",1355,3628.0,1939,30,0.272,0.66,0.5
721387008,"$3,103.00",1783,1320.0,4792,69,0.575,0.479,0.643
715411608,"$1,663.00",1112,551.0,2978,61,0.669,0.588,0.906
710598408,"$2,695.00",0,2695.0,4557,94,0.0,0.816,0.843
718521258,"$18,178.00",0,18178.0,3445,76,0.0,0.744,0.767
713138433,"$14,782.00",1020,13762.0,3206,54,0.069,0.683,0.8
718819158,"$2,488.00",2196,292.0,4361,75,0.883,0.733,0.63
718871358,"$1,785.00",0,1785.0,4964,82,0.0,0.649,0.907
720186258,"$4,701.00",1170,3531.0,4136,77,0.249,0.547,0.604
710197308,"$1,438.30",0,1438.3,4089,73,0.0,1.017,0.872
817086783,"$2,826.00",2162,664.0,2005,32,0.765,0.924,0.684
749211483,"$4,597.00",1905,2692.0,4932,67,0.414,0.906,0.914
789749433,"$2,591.00",2340,251.0,4730,82,0.903,0.608,0.708
715082133,"$2,494.00",1492,1002.0,3407,61,0.598,0.744,0.694
714946908,"$5,039.00",1352,3687.0,3300,68,0.268,0.797,0.545
716711433,"$7,897.00",157,7740.0,2270,46,0.02,0.699,0.394
712429458,"$4,772.00",1770,3002.0,4054,72,0.371,0.545,0.674
708406083,"$3,436.00",2493,943.0,5211,90,0.726,0.824,0.765
720029508,"$12,064.00",1312,10752.0,4100,67,0.109,0.462,0.675
709227033,"$9,065.00",1548,7517.0,4030,73,0.171,0.872,0.78
720846558,"$34,516.00",0,34516.0,2512,45,0.0,0.665,0.324
716475183,"$10,290.00",753,9537.0,4326,81,0.073,0.858,0.761
714296358,"$3,433.00",2486,947.0,4831,78,0.724,0.838,0.529
719998233,"$34,516.00",964,33552.0,2922,71,0.028,0.521,0.775
719217483,"$3,240.00",1775,1465.0,4200,67,0.548,0.754,0.675
720479058,"$1,438.30",851,587.3,4379,64,0.592,0.983,0.829
779192283,"$6,462.00",2517,3945.0,4156,77,0.39,0.842,0.833
716385033,"$4,408.00",1201,3207.0,4157,71,0.272,0.77,0.651
711588708,"$1,438.30",458,980.3,1863,42,0.318,0.613,0.312
714492783,"$1,438.30",0,1438.3,1517,38,0.0,0.346,0.407
709192233,"$1,773.00",0,1773.0,1764,30,0.0,0.228,0.111
797998158,"$4,555.00",0,4555.0,3646,66,0.0,1.031,1.2
714021183,"$30,666.00",1046,29620.0,3709,66,0.034,0.801,0.886
780710433,"$1,575.00",0,1575.0,4241,77,0.0,1.32,0.974
780068283,"$1,891.00",922,969.0,3822,69,0.488,0.812,0.533
719930658,"$16,634.00",1946,14688.0,3455,72,0.117,0.926,1.0
755593983,"$7,985.00",0,7985.0,3873,72,0.0,1.032,0.674
770938533,"$3,304.00",1370,1934.0,3914,70,0.415,0.954,0.667
714121083,"$6,247.00",1508,4739.0,5158,68,0.241,1.01,0.447
779210283,"$3,645.00",2517,1128.0,4142,74,0.691,0.749,0.644
709739283,"$21,329.00",2119,19210.0,4206,75,0.099,0.644,1.027
716230158,"$7,234.00",2000,5234.0,4272,83,0.276,0.754,0.596
708724908,"$2,262.00",0,2262.0,4113,83,0.0,0.806,0.627
789025083,"$1,438.30",860,578.3,4655,82,0.598,0.79,0.864
713804058,"$4,187.00",2199,1988.0,4647,81,0.525,0.908,0.884
718791708,"$16,362.00",2268,14094.0,2228,37,0.139,0.841,0.85
785529708,"$34,516.00",0,34516.0,4333,70,0.0,0.711,0.628
794528283,"$2,748.00",878,1870.0,3383,67,0.32,0.633,0.558
794856033,"$5,242.00",470,4772.0,4306,77,0.09,0.805,0.604
712939533,"$21,585.00",986,20599.0,3789,70,0.046,0.631,0.75
708178608,"$2,488.00",0,2488.0,4226,73,0.0,1.05,0.521
716556258,"$9,966.00",0,9966.0,4401,60,0.0,0.966,1.069
708404883,"$27,804.00",0,27804.0,2761,57,0.0,1.301,0.966
709742958,"$15,626.00",1148,14478.0,3386,65,0.073,1.028,0.711
772695033,"$18,800.00",2517,16283.0,1575,23,0.134,0.482,0.211
714850158,"$1,963.00",1516,447.0,4150,75,0.772,0.872,0.744
708831858,"$4,579.00",1506,3073.0,1915,44,0.329,0.443,0.375
718076733,"$25,824.00",1170,24654.0,3101,73,0.045,0.684,0.78
714336333,"$3,429.00",1268,2161.0,4422,64,0.37,0.703,1.783
780006783,"$15,809.00",0,15809.0,3109,48,0.0,0.992,0.412
779741883,"$2,493.00",831,1662.0,4274,68,0.333,0.581,0.581
780657708,"$6,593.00",0,6593.0,3520,69,0.0,0.667,0.769
771342183,"$1,625.00",0,1625.0,2314,43,0.0,0.689,0.433
712901283,"$2,121.00",0,2121.0,1464,32,0.0,0.618,0.778
802101858,"$4,757.00",1978,2779.0,4220,71,0.416,0.959,0.775
718473558,"$8,668.00",0,8668.0,1402,38,0.0,0.275,0.31
743590608,"$21,869.00",950,20919.0,4233,71,0.043,0.866,0.775
720146733,"$2,480.00",1890,590.0,4114,66,0.762,0.652,0.737
788252358,"$8,190.00",1716,6474.0,3529,84,0.21,0.781,0.787
717740658,"$1,850.00",942,908.0,4134,78,0.509,0.757,0.625
714567708,"$2,483.00",2049,434.0,4421,74,0.825,0.69,0.51
711208083,"$2,925.00",1447,1478.0,4455,77,0.495,0.563,0.604
709708233,"$7,066.00",0,7066.0,1695,38,0.0,0.479,0.31
709957158,"$2,514.00",2251,263.0,3942,65,0.895,0.852,0.625
828288333,"$3,640.00",659,2981.0,3756,70,0.181,0.938,0.842
709178733,"$5,527.00",1120,4407.0,2281,37,0.203,0.442,0.48
721325133,"$31,625.00",0,31625.0,4503,77,0.0,0.559,0.674
816606333,"$32,409.00",0,32409.0,4218,66,0.0,0.943,0.571
720454158,"$9,827.00",600,9227.0,2840,63,0.061,0.477,0.537
717444558,"$2,623.00",1714,909.0,5237,76,0.653,0.807,0.81
816756783,"$2,993.00",2249,744.0,4106,81,0.751,0.863,0.528
715474833,"$12,944.00",1399,11545.0,4389,84,0.108,0.507,0.68
718271958,"$6,401.00",1471,4930.0,4465,63,0.23,0.655,0.703
708924783,"$5,506.00",2129,3377.0,4024,62,0.387,0.705,0.55
717669483,"$34,516.00",0,34516.0,1737,38,0.0,0.551,0.9
809360883,"$17,673.00",1783,15890.0,3160,59,0.101,1.003,1.36
717176508,"$2,656.00",1166,1490.0,4171,80,0.439,0.586,0.818
711571383,"$6,118.00",1092,5026.0,4434,81,0.178,0.757,0.62
713444058,"$17,437.00",2225,15212.0,3381,51,0.128,0.814,0.594
713253858,"$1,461.00",0,1461.0,2176,40,0.0,0.563,0.379
719609433,"$1,965.00",1525,440.0,4671,69,0.776,0.855,0.816
797234508,"$30,899.00",0,30899.0,1481,20,0.0,0.502,0.333
714537258,"$8,876.00",1132,7744.0,3779,78,0.128,0.844,0.814
793412958,"$2,440.00",1501,939.0,4382,88,0.615,0.744,0.66
714680208,"$1,652.00",1318,334.0,4533,69,0.798,0.593,0.533
715240683,"$15,535.00",1302,14233.0,3718,66,0.084,0.461,0.61
803796708,"$13,354.00",0,13354.0,1097,28,0.0,0.018,0.077
717368208,"$26,723.00",0,26723.0,2138,43,0.0,0.716,0.593
802662858,"$3,949.00",2024,1925.0,3495,64,0.513,0.667,0.882
780206958,"$5,937.00",2120,3817.0,4228,70,0.357,0.654,0.75
779906658,"$18,806.00",1192,17614.0,3142,62,0.063,0.745,0.824
772341783,"$3,512.00",2517,995.0,1801,48,0.717,0.597,0.548
711491283,"$1,975.00",1264,711.0,2959,63,0.64,0.671,0.8
720211533,"$2,888.00",821,2067.0,4713,77,0.284,0.931,1.026
715409733,"$2,263.00",0,2263.0,2385,33,0.0,0.752,0.375
710974308,"$26,792.00",1671,25121.0,3587,66,0.062,0.938,0.571
715732533,"$9,375.00",1625,7750.0,2108,51,0.173,0.532,0.5
713722608,"$2,806.00",2514,292.0,1757,35,0.896,0.341,0.4
709101258,"$1,478.00",524,954.0,2180,46,0.355,0.751,0.643
708588408,"$6,836.00",1607,5229.0,4421,74,0.235,0.524,0.542
721427358,"$8,757.00",0,8757.0,2108,47,0.0,0.507,0.516
717099408,"$10,529.00",0,10529.0,4583,87,0.0,0.729,0.851
715155033,"$2,122.00",975,1147.0,5224,85,0.459,0.807,0.667
789586833,"$2,883.00",1732,1151.0,4053,85,0.601,0.638,0.635
709338633,"$2,339.00",0,2339.0,1542,45,0.0,0.493,0.607
714106833,"$5,225.00",2290,2935.0,4239,69,0.438,0.962,0.683
741116058,"$2,582.00",1399,1183.0,2144,42,0.542,0.559,0.909
813755658,"$11,524.00",0,11524.0,3598,72,0.0,0.682,0.532
718855983,"$13,039.00",1840,11199.0,4010,69,0.141,0.793,0.5
711245433,"$2,509.00",0,2509.0,2281,41,0.0,0.702,0.367
814219008,"$1,456.00",867,589.0,3953,69,0.595,0.725,0.725
711916533,"$5,612.00",1884,3728.0,4734,83,0.336,0.77,0.886
715182108,"$3,025.00",1912,1113.0,4626,78,0.632,0.674,0.773
717078933,"$4,205.00",2517,1688.0,4256,69,0.599,0.652,0.725
719491233,"$3,515.00",2517,998.0,4313,72,0.716,1.051,0.8
789520533,"$26,174.00",1864,24310.0,4551,65,0.071,0.684,0.667
714738033,"$1,602.00",1044,558.0,5428,85,0.652,0.781,0.635
718576908,"$29,939.00",0,29939.0,4305,63,0.0,0.963,0.658
715093383,"$2,115.00",1598,517.0,4450,68,0.756,0.934,0.545
717195933,"$5,298.00",0,5298.0,2431,37,0.0,0.857,0.542
747107508,"$2,433.00",1947,486.0,4269,88,0.8,0.816,0.76
717920583,"$1,443.00",0,1443.0,4673,59,0.0,0.875,0.735
710516283,"$9,758.00",1792,7966.0,4134,60,0.184,0.626,0.765
787593558,"$4,562.00",2258,2304.0,3740,55,0.495,0.861,0.833
778747608,"$1,438.30",0,1438.3,4022,61,0.0,0.907,0.649
714431058,"$4,210.00",1597,2613.0,4342,72,0.379,0.733,0.674
708801108,"$1,438.30",0,1438.3,2113,38,0.0,0.429,0.267
715948833,"$24,931.00",1353,23578.0,5031,79,0.054,0.612,0.646
770667408,"$8,854.00",2382,6472.0,4768,81,0.269,0.67,0.929
823590483,"$2,230.00",1716,514.0,4027,75,0.77,0.811,0.5
710635083,"$28,327.00",582,27745.0,3475,52,0.021,0.912,0.733
716408058,"$2,500.00",1298,1202.0,3673,72,0.519,0.626,0.565
713803158,"$9,246.00",0,9246.0,4611,91,0.0,0.658,0.569
713593683,"$11,155.00",1583,9572.0,3504,60,0.142,1.061,0.765
709339758,"$11,926.00",1766,10160.0,3778,84,0.148,0.875,0.75
789382758,"$5,501.00",0,5501.0,2050,51,0.0,0.519,0.821
813427833,"$2,110.00",844,1266.0,4812,77,0.4,1.109,0.604
717846108,"$12,994.00",904,12090.0,3734,74,0.07,0.627,0.85
720968583,"$29,551.00",2095,27456.0,3226,63,0.071,1.1,0.853
721437333,"$5,054.00",2517,2537.0,2027,39,0.498,0.605,0.393
709134333,"$3,136.00",2253,883.0,4674,67,0.718,0.722,0.763
712630608,"$6,109.00",1549,4560.0,4430,69,0.254,0.683,0.865
712404483,"$3,989.00",2514,1475.0,5189,82,0.63,0.469,0.519
717812133,"$3,315.00",1243,2072.0,4006,65,0.375,0.709,0.548
714926508,"$34,516.00",1938,32578.0,2275,46,0.056,0.807,0.438
771474108,"$1,794.00",1019,775.0,4455,63,0.568,0.692,0.658
709774608,"$5,993.00",1582,4411.0,3464,64,0.264,0.44,0.684
718802283,"$8,320.00",0,8320.0,4128,82,0.0,0.421,0.491
711626658,"$1,930.00",0,1930.0,1971,45,0.0,0.331,0.25
789354783,"$2,329.00",1465,864.0,4286,86,0.629,0.815,0.72
720486408,"$1,438.30",756,682.3,4436,73,0.526,1.012,0.622
717793983,"$18,128.00",0,18128.0,2503,49,0.0,0.71,0.885
718582158,"$10,642.00",1715,8927.0,4183,74,0.161,0.705,0.762
713127708,"$2,230.00",0,2230.0,3766,63,0.0,0.896,0.909
717112533,"$6,946.00",0,6946.0,4058,88,0.0,0.745,0.725
713681433,"$9,716.00",874,8842.0,5007,91,0.09,0.775,0.655
718846008,"$4,377.00",1500,2877.0,3900,62,0.343,0.789,0.938
714119283,"$2,516.00",0,2516.0,2257,51,0.0,0.53,0.545
713056083,"$34,516.00",0,34516.0,4037,87,0.0,0.775,0.706
718538958,"$1,844.00",0,1844.0,4564,82,0.0,0.729,0.608
710353233,"$13,233.00",1106,12127.0,4288,47,0.084,0.882,0.621
713853858,"$34,516.00",1433,33083.0,2589,57,0.042,0.758,0.676
710342508,"$1,593.00",0,1593.0,4004,76,0.0,0.718,0.652
787563858,"$8,589.00",685,7904.0,3553,63,0.08,0.858,0.909
799239033,"$1,714.00",0,1714.0,2279,46,0.0,0.661,0.533
710733183,"$1,438.30",845,593.3,3631,67,0.587,0.642,0.763
718489608,"$2,433.00",1948,485.0,4668,69,0.801,0.752,0.643
758824608,"$21,148.00",1746,19402.0,3370,69,0.083,0.853,0.769
780984408,"$7,487.00",1953,5534.0,4070,63,0.261,0.891,0.658
814483608,"$5,798.00",2517,3281.0,1860,43,0.434,0.58,0.433
708848208,"$34,516.00",1757,32759.0,4223,81,0.051,0.786,0.653
719713683,"$7,608.00",2373,5235.0,4921,81,0.312,0.95,0.62
715514133,"$2,184.00",0,2184.0,1973,42,0.0,0.671,0.556
715955208,"$2,189.00",1833,356.0,4530,72,0.837,0.56,0.846
794707083,"$3,495.00",0,3495.0,2131,41,0.0,0.639,0.464
805313808,"$8,018.00",134,7884.0,2409,38,0.017,0.717,0.31
772922883,"$20,543.00",0,20543.0,1874,42,0.0,0.547,0.615
715716333,"$18,819.00",0,18819.0,4273,87,0.0,0.894,0.977
714502458,"$17,811.00",643,17168.0,3748,79,0.036,0.842,0.646
712444533,"$14,418.00",0,14418.0,3880,68,0.0,1.043,0.7
797748708,"$3,936.00",2024,1912.0,5001,66,0.514,0.988,0.692
780203883,"$5,738.00",0,5738.0,4375,73,0.0,0.852,0.622
720616908,"$34,516.00",0,34516.0,3918,67,0.0,0.452,1.094
817038333,"$1,513.00",725,788.0,4042,72,0.479,0.791,0.714
713333433,"$18,075.00",0,18075.0,1477,30,0.0,0.531,0.5
710820783,"$5,989.00",0,5989.0,4246,78,0.0,0.668,0.857
720338658,"$2,490.00",1623,867.0,2998,60,0.652,0.79,0.622
803938908,"$2,659.00",0,2659.0,4546,81,0.0,0.84,0.884
787921383,"$34,516.00",2297,32219.0,1461,43,0.067,0.416,0.536
787849833,"$13,490.00",1672,11818.0,4205,75,0.124,0.799,0.415
721143258,"$1,664.00",798,866.0,4804,66,0.48,0.703,0.535
709335558,"$7,753.00",1643,6110.0,3367,65,0.212,0.798,0.806
806619333,"$2,909.00",2085,824.0,5154,80,0.717,1.035,0.86
719378658,"$34,516.00",1384,33132.0,4745,69,0.04,0.887,0.605
720670458,"$3,476.00",1560,1916.0,3496,58,0.449,0.894,0.871
716955783,"$16,026.00",1160,14866.0,4418,59,0.072,0.386,0.639
817970208,"$2,705.00",1334,1371.0,4501,67,0.493,0.886,0.675
708506508,"$2,884.00",1144,1740.0,4887,90,0.397,0.783,0.698
750147483,"$24,299.00",2517,21782.0,5320,62,0.104,0.723,0.771
715540233,"$20,755.00",2276,18479.0,4615,79,0.11,0.801,0.837
807584958,"$21,096.00",0,21096.0,1882,39,0.0,0.637,0.345
720686583,"$6,457.00",0,6457.0,4487,73,0.0,0.531,0.431
820637433,"$1,603.00",0,1603.0,4041,66,0.0,0.467,0.571
716346183,"$9,051.00",1557,7494.0,4169,72,0.172,0.621,0.5
715405758,"$10,057.00",0,10057.0,2383,42,0.0,0.792,0.448
710094108,"$2,043.00",1725,318.0,5212,79,0.844,0.686,0.646
713168733,"$2,802.00",2403,399.0,3887,61,0.858,0.636,0.419
708614058,"$1,960.00",1690,270.0,3870,67,0.862,0.63,0.558
718088133,"$2,348.00",1061,1287.0,1901,27,0.452,1.062,1.25
720614658,"$2,978.00",0,2978.0,3879,95,0.0,0.49,0.583
716695533,"$2,017.00",1557,460.0,3875,75,0.772,0.738,0.974
717091533,"$13,613.00",1172,12441.0,4253,84,0.086,0.657,0.75
713231658,"$5,553.00",1117,4436.0,3744,52,0.201,0.914,0.793
715675458,"$6,346.00",578,5768.0,3837,85,0.091,0.55,0.604
712463883,"$34,516.00",1406,33110.0,3342,63,0.041,1.261,0.969
708489258,"$1,438.30",988,450.3,3561,72,0.687,0.556,0.5
708403308,"$15,133.00",1663,13470.0,4392,68,0.11,0.646,0.511
769684158,"$2,502.00",1488,1014.0,3763,75,0.595,0.56,0.875
710349258,"$2,589.00",2052,537.0,4133,68,0.793,0.636,0.789
713940033,"$2,049.00",1460,589.0,3514,79,0.713,0.599,0.646
713482608,"$3,560.00",751,2809.0,4060,79,0.211,1.096,0.975
714571008,"$1,438.30",0,1438.3,4553,78,0.0,1.044,1.167
715354008,"$25,937.00",0,25937.0,3785,68,0.0,0.936,0.7
819363708,"$2,387.00",1482,905.0,3909,67,0.621,0.868,0.675
712014708,"$2,912.00",1501,1411.0,4518,90,0.515,0.825,0.875
788717358,"$7,062.00",1255,5807.0,3432,68,0.178,0.672,0.744
710413533,"$12,186.00",1080,11106.0,4785,66,0.089,0.842,0.65
718515483,"$3,570.00",2517,1053.0,3289,47,0.705,0.69,0.958
715059258,"$3,072.00",1970,1102.0,4245,82,0.641,0.671,0.952
713852958,"$31,501.00",1810,29691.0,3893,81,0.057,0.71,0.62
767835558,"$5,928.00",2517,3411.0,3536,69,0.425,0.817,0.769
721531683,"$8,482.00",0,8482.0,4076,81,0.0,0.563,0.688
720660558,"$23,911.00",2100,21811.0,4770,89,0.088,0.988,0.712
814845933,"$1,438.30",0,1438.3,3628,74,0.0,0.794,0.644
773155533,"$3,261.00",814,2447.0,4739,89,0.25,0.85,0.712
711199908,"$2,317.00",1232,1085.0,3057,71,0.532,0.733,0.919
721398858,"$33,913.00",0,33913.0,4160,76,0.0,0.901,0.9
715664808,"$34,516.00",0,34516.0,2427,51,0.0,0.688,0.645
715500558,"$1,637.00",774,863.0,4120,78,0.473,1.126,1.0
719239158,"$5,448.00",0,5448.0,3912,72,0.0,0.549,0.565
820633833,"$5,152.00",948,4204.0,4074,72,0.184,0.953,1.057
720551733,"$15,195.00",0,15195.0,2631,41,0.0,0.726,0.64
718487958,"$2,799.00",1303,1496.0,3971,76,0.466,0.763,0.551
710533233,"$1,438.30",0,1438.3,2139,47,0.0,0.508,0.567
778878633,"$1,817.00",885,932.0,3400,67,0.487,0.621,0.675
720197058,"$3,443.00",0,3443.0,2505,45,0.0,0.832,0.452
716317458,"$4,281.00",0,4281.0,1723,44,0.0,0.447,0.375
718569258,"$2,029.00",974,1055.0,4170,73,0.48,0.624,0.553
711649908,"$1,438.30",1055,383.3,4208,67,0.734,0.901,0.675
720879708,"$28,186.00",1308,26878.0,2853,64,0.046,0.679,0.73
815761908,"$34,516.00",0,34516.0,3722,72,0.0,0.896,0.756
711850533,"$3,818.00",0,3818.0,4272,71,0.0,0.885,0.578
721028283,"$11,494.00",1160,10334.0,3353,86,0.101,0.463,0.593
710763783,"$28,142.00",762,27380.0,3676,47,0.027,0.982,1.35
720432858,"$2,316.00",1510,806.0,3471,63,0.652,0.554,0.75
772525308,"$10,533.00",1689,8844.0,3651,69,0.16,0.359,0.605
767354208,"$14,322.00",0,14322.0,3993,75,0.0,0.602,0.531
715670058,"$34,516.00",1662,32854.0,3806,76,0.048,0.504,0.9
713856708,"$6,798.00",2517,4281.0,4327,79,0.37,0.873,0.881
758086458,"$1,438.30",0,1438.3,4111,62,0.0,0.646,0.55
717035283,"$2,445.00",848,1597.0,2216,39,0.347,0.771,0.56
709604958,"$2,585.00",1847,738.0,3480,64,0.715,0.627,0.6
714931458,"$1,438.30",0,1438.3,4102,78,0.0,0.607,0.857
711047658,"$1,781.00",1315,466.0,4775,83,0.738,0.704,0.729
718110858,"$1,606.00",0,1606.0,2628,41,0.0,0.87,0.64
716385858,"$2,205.00",1245,960.0,4921,90,0.565,0.925,0.8
708812133,"$2,270.00",1647,623.0,4110,75,0.726,0.759,0.923
787655058,"$2,568.00",1875,693.0,4254,85,0.73,0.578,0.735
803113383,"$3,292.00",0,3292.0,2222,54,0.0,0.482,0.636
721273008,"$10,797.00",1252,9545.0,1739,38,0.116,0.489,0.226
711629733,"$5,371.00",1499,3872.0,3282,66,0.279,0.737,0.65
718410258,"$13,441.00",0,13441.0,4207,80,0.0,0.513,0.702
719745558,"$9,137.00",1729,7408.0,4626,77,0.189,0.974,0.75
820282383,"$5,848.00",2517,3331.0,2000,32,0.43,0.561,0.28
793543758,"$10,614.00",784,9830.0,4601,77,0.074,0.73,0.638
778224858,"$4,035.00",1003,3032.0,4589,89,0.249,0.583,0.648
712555233,"$4,205.00",710,3495.0,2023,38,0.169,0.504,0.727
718516533,"$2,586.00",2196,390.0,3944,78,0.849,0.693,0.857
708923658,"$7,234.00",1420,5814.0,4466,92,0.196,0.539,0.736
717708783,"$34,516.00",1417,33099.0,4303,77,0.041,0.966,0.638
780688383,"$21,114.00",0,21114.0,3534,56,0.0,0.697,1.0
718821783,"$2,522.00",1704,818.0,4697,73,0.676,0.988,0.698
718163808,"$11,309.00",0,11309.0,4809,71,0.0,0.474,0.479
712693908,"$13,883.00",783,13100.0,1871,32,0.056,0.749,0.684
711286533,"$13,448.00",0,13448.0,5067,62,0.0,0.667,0.722
711655683,"$25,991.00",0,25991.0,2996,62,0.0,0.639,0.879
718188858,"$2,537.00",1097,1440.0,4964,84,0.432,0.874,0.909
718514283,"$1,438.30",794,644.3,3895,67,0.552,0.807,0.558
708642708,"$13,019.00",0,13019.0,1484,33,0.0,0.487,0.435
811475733,"$3,339.00",0,3339.0,2432,48,0.0,0.694,0.6
712089108,"$28,390.00",1141,27249.0,4631,76,0.04,0.919,0.949
710761533,"$23,665.00",1624,22041.0,4190,87,0.069,0.574,0.706
714963558,"$1,438.30",0,1438.3,4374,71,0.0,0.951,0.775
714834258,"$2,459.00",1127,1332.0,4343,83,0.458,0.765,0.886
713788083,"$1,624.00",0,1624.0,1897,35,0.0,0.299,0.25
719583558,"$8,900.00",1700,7200.0,4710,70,0.191,0.906,0.556
744705408,"$5,239.00",1172,4067.0,4241,61,0.224,0.825,0.968
713240133,"$9,351.00",1482,7869.0,5099,60,0.158,0.464,0.714
815015283,"$2,655.00",1650,1005.0,4025,62,0.621,0.701,0.59
718072758,"$3,173.00",2517,656.0,4030,73,0.793,0.708,0.622
709127808,"$6,243.00",1331,4912.0,3502,57,0.213,0.8,1.036
715080258,"$6,730.00",1093,5637.0,4814,89,0.162,1.01,0.854
709567758,"$2,490.00",2225,265.0,3339,71,0.894,0.566,0.543
780067158,"$1,746.00",1107,639.0,1907,47,0.634,0.539,0.621
715357308,"$4,141.00",1424,2717.0,3512,65,0.344,0.574,0.477
720559908,"$11,684.00",653,11031.0,4900,61,0.056,0.622,0.743
720339558,"$2,363.00",494,1869.0,3887,71,0.209,0.736,0.651
809599158,"$34,516.00",0,34516.0,1626,28,0.0,0.671,0.4
793269933,"$28,829.00",0,28829.0,4540,78,0.0,0.463,0.56
809978733,"$1,438.30",746,692.3,4415,77,0.519,0.913,0.878
788996058,"$2,730.00",1970,760.0,3841,69,0.722,0.848,0.865
712575708,"$1,994.00",1175,819.0,4455,82,0.589,0.794,0.547
789625383,"$9,727.00",1626,8101.0,3543,62,0.167,1.006,0.676
719730258,"$33,771.00",0,33771.0,3819,75,0.0,0.791,0.829
793717608,"$10,452.00",1120,9332.0,3592,79,0.107,0.802,0.795
709798908,"$2,858.00",0,2858.0,2611,43,0.0,1.058,0.483
716077458,"$4,707.00",1121,3586.0,3188,71,0.238,0.604,0.651
813435108,"$3,537.00",0,3537.0,4726,78,0.0,0.763,0.814
708084558,"$8,258.00",1771,6487.0,1447,23,0.214,0.0,0.0
719880408,"$3,072.00",1611,1461.0,3992,57,0.524,0.682,0.727
719343633,"$8,892.00",889,8003.0,4900,89,0.1,0.67,0.745
718711158,"$3,841.00",2517,1324.0,2680,51,0.655,0.841,0.545
717443658,"$1,920.00",0,1920.0,4715,81,0.0,0.688,0.841
715976433,"$7,802.00",1885,5917.0,4212,75,0.242,0.643,0.744
719038008,"$1,705.00",1192,513.0,4862,41,0.699,0.763,0.242
709143183,"$1,822.00",1605,217.0,2538,39,0.881,0.756,0.696
710186958,"$9,294.00",2000,7294.0,4431,82,0.215,0.637,0.673
709274583,"$12,248.00",1323,10925.0,4806,91,0.108,0.882,0.896
816864483,"$10,264.00",803,9461.0,4003,74,0.078,0.802,0.721
708271833,"$15,069.00",1843,13226.0,3464,67,0.122,0.84,0.558
821759658,"$4,650.00",204,4446.0,2014,54,0.044,0.685,0.8
820920408,"$3,685.00",0,3685.0,4012,59,0.0,0.762,0.639
718403358,"$7,231.00",2517,4714.0,3912,67,0.348,0.865,0.763
713476758,"$10,007.00",1586,8421.0,4309,77,0.158,0.921,0.711
720690933,"$2,641.00",1584,1057.0,4279,67,0.6,0.809,0.718
719252583,"$3,095.00",1488,1607.0,4642,92,0.481,0.924,0.878
712783083,"$3,607.00",0,3607.0,2013,35,0.0,0.504,0.458
771204108,"$1,954.00",1179,775.0,3896,67,0.603,0.867,0.718
817247658,"$21,317.00",0,21317.0,3814,67,0.0,0.833,1.03
821749608,"$19,402.00",0,19402.0,1937,51,0.0,0.58,0.594
714389883,"$8,063.00",1485,6578.0,4275,77,0.184,0.872,0.833
713648208,"$3,097.00",2409,688.0,4624,86,0.778,0.912,0.87
826261008,"$1,438.30",0,1438.3,2054,46,0.0,0.736,0.586
824163333,"$3,161.00",2424,737.0,4307,66,0.767,0.617,0.784
709444983,"$2,435.00",2432,3.0,1460,32,0.999,0.12,0.103
769575783,"$1,603.00",749,854.0,2644,43,0.467,0.733,0.483
720334833,"$4,710.00",1869,2841.0,4719,91,0.397,0.858,0.655
709563258,"$2,751.00",2253,498.0,2108,40,0.819,0.497,0.481
708205083,"$1,438.30",0,1438.3,4815,81,0.0,0.767,0.653
715276683,"$24,287.00",1676,22611.0,5495,69,0.069,0.506,0.816
721254858,"$1,694.00",1074,620.0,3857,70,0.634,0.78,0.75
712257258,"$1,457.00",0,1457.0,1441,39,0.0,0.493,0.393
789616158,"$25,045.00",0,25045.0,3444,52,0.0,1.018,0.926
708773583,"$10,859.00",1710,9149.0,3987,64,0.157,0.974,0.829
711110733,"$16,928.00",1519,15409.0,3355,66,0.09,0.894,0.886
714043008,"$4,297.00",0,4297.0,4310,76,0.0,0.797,0.767
780602733,"$8,302.00",1294,7008.0,3221,66,0.156,0.558,0.61
823557333,"$2,734.00",2517,217.0,4457,86,0.921,0.7,0.955
772825308,"$27,374.00",1509,25865.0,4231,60,0.055,0.803,0.714
713251008,"$2,960.00",1853,1107.0,3921,63,0.626,0.949,0.853
711175083,"$9,110.00",0,9110.0,2999,75,0.0,0.662,0.786
756477333,"$1,539.00",0,1539.0,4793,71,0.0,0.944,0.614
712294983,"$1,947.00",1160,787.0,4496,71,0.596,1.227,1.29
717023508,"$2,667.00",1551,1116.0,4883,85,0.582,0.672,0.735
709869708,"$3,062.00",2039,1023.0,4037,71,0.666,1.057,0.821
772133808,"$3,114.00",1059,2055.0,4342,62,0.34,0.78,0.771
768196008,"$14,948.00",2158,12790.0,3094,56,0.144,0.844,1.0
708916083,"$1,749.00",0,1749.0,2510,38,0.0,1.006,0.407
789526458,"$2,534.00",1706,828.0,3965,57,0.673,0.793,1.111
716079708,"$2,503.00",2373,130.0,4647,65,0.948,0.697,0.806
720087708,"$1,854.00",0,1854.0,5245,89,0.0,0.885,0.712
714259533,"$4,092.00",622,3470.0,5001,88,0.152,0.775,0.492
714691683,"$13,284.00",607,12677.0,4942,76,0.046,0.857,0.652
768420558,"$4,830.00",1469,3361.0,3365,63,0.304,0.634,0.75
778364583,"$5,911.00",916,4995.0,1656,31,0.155,0.471,0.722
719186433,"$11,012.00",1328,9684.0,3793,86,0.121,0.617,0.654
719951208,"$19,188.00",0,19188.0,4366,69,0.0,0.453,0.816
720182658,"$18,056.00",940,17116.0,4473,72,0.052,0.629,0.6
789022233,"$1,438.30",754,684.3,4457,69,0.524,0.74,0.683
778353183,"$3,201.00",984,2217.0,5155,77,0.307,0.639,0.925
713789883,"$1,479.00",1004,475.0,5116,75,0.679,0.827,0.974
773018583,"$3,144.00",2216,928.0,4717,75,0.705,0.741,0.562
771354633,"$1,854.00",1480,374.0,3292,73,0.798,0.853,0.921
717308433,"$1,960.00",0,1960.0,2253,39,0.0,0.493,0.345
712271958,"$9,782.00",1793,7989.0,3672,75,0.183,0.886,0.923
716736858,"$3,144.00",0,3144.0,3774,80,0.0,0.561,0.818
713796033,"$4,738.00",0,4738.0,1900,36,0.0,0.641,0.5
710812533,"$34,516.00",154,34362.0,1987,46,0.004,0.602,0.586
782555058,"$1,438.30",856,582.3,4432,92,0.595,0.792,0.736
714864333,"$34,516.00",0,34516.0,1370,38,0.0,0.536,0.357
787918158,"$2,156.00",1114,1042.0,4106,66,0.517,0.603,0.833
779070033,"$1,938.00",0,1938.0,3974,56,0.0,0.536,0.931
789945933,"$1,438.30",0,1438.3,3560,67,0.0,0.925,0.861
720810783,"$3,781.00",1692,2089.0,2310,43,0.448,0.791,0.72
809538783,"$1,438.30",1058,380.3,4109,72,0.736,0.56,0.8
715987758,"$3,261.00",0,3261.0,3081,50,0.0,1.012,0.667
711967158,"$2,211.00",1370,841.0,4359,79,0.62,0.781,0.927
712325433,"$1,493.00",792,701.0,4131,80,0.53,0.688,0.702
716470683,"$20,631.00",2048,18583.0,4827,77,0.099,0.676,0.711
713289183,"$2,255.00",1647,608.0,4270,76,0.73,0.848,0.767
711549408,"$1,507.00",961,546.0,4126,90,0.638,0.678,0.667
709523508,"$11,097.00",0,11097.0,4836,83,0.0,0.648,0.566
717578358,"$8,162.00",1704,6458.0,4334,80,0.209,0.819,0.739
711673983,"$18,721.00",1568,17153.0,4537,81,0.084,0.788,0.8
713388108,"$5,210.00",0,5210.0,2162,36,0.0,0.64,0.161
715679733,"$1,736.00",1513,223.0,3462,67,0.872,0.829,0.558
779694183,"$1,864.00",1427,437.0,3833,73,0.766,0.725,0.587
788544108,"$6,611.00",1041,5570.0,4037,74,0.157,0.744,0.682
715583283,"$7,942.00",2087,5855.0,4068,66,0.263,0.754,0.61
719917233,"$13,382.00",1159,12223.0,1828,45,0.087,0.404,0.5
717103758,"$18,550.00",0,18550.0,2616,42,0.0,0.908,0.826
714621183,"$2,650.00",1646,1004.0,4512,80,0.621,0.747,0.509
721365033,"$1,696.00",0,1696.0,2095,43,0.0,0.857,0.536
712999008,"$2,628.00",1771,857.0,4316,72,0.674,0.788,0.6
780790008,"$1,457.00",563,894.0,3967,69,0.386,0.711,0.568
779499933,"$34,516.00",1259,33257.0,4300,94,0.036,0.671,0.741
717200508,"$3,056.00",2038,1018.0,4734,73,0.667,0.675,0.659
716995083,"$2,650.00",1049,1601.0,4218,64,0.396,0.874,0.73
718137183,"$3,331.00",2251,1080.0,5379,92,0.676,1.044,0.643
787507833,"$3,343.00",1820,1523.0,4507,63,0.544,0.727,0.703
810974958,"$4,123.00",1760,2363.0,2447,40,0.427,0.869,0.429
717967833,"$2,677.00",1555,1122.0,4757,81,0.581,0.639,0.688
712267983,"$3,023.00",2517,506.0,2477,42,0.833,0.646,0.615
717376758,"$2,238.00",1324,914.0,4108,72,0.592,0.762,0.846
718250883,"$3,875.00",1397,2478.0,2312,49,0.361,0.573,0.581
717491058,"$20,803.00",1747,19056.0,4012,60,0.084,0.311,0.429
802243458,"$2,760.00",0,2760.0,1759,34,0.0,0.576,0.214
714485508,"$9,086.00",1254,7832.0,3906,81,0.138,0.93,0.8
711377808,"$21,142.00",0,21142.0,4360,66,0.0,0.812,1.357
718565733,"$3,653.00",1769,1884.0,4423,67,0.484,0.825,0.763
712723608,"$1,713.00",0,1713.0,3999,66,0.0,0.678,1.062
789948408,"$34,516.00",1718,32798.0,5220,74,0.05,0.51,0.423
734909358,"$6,548.00",1244,5304.0,4354,79,0.19,0.667,0.927
719267283,"$1,953.00",1554,399.0,4598,71,0.796,0.581,0.651
780684933,"$3,051.00",1783,1268.0,4887,69,0.584,0.732,0.725
720330558,"$25,256.00",966,24290.0,2048,40,0.038,0.488,0.333
720784833,"$1,630.00",1243,387.0,1884,43,0.763,0.4,0.303
789059958,"$34,516.00",1045,33471.0,3574,75,0.03,0.848,0.923
797138883,"$10,800.00",1491,9309.0,3966,77,0.138,0.543,0.638
721448283,"$1,876.00",1536,340.0,2579,47,0.819,0.712,0.469
710552733,"$4,963.00",0,4963.0,2335,40,0.0,0.637,0.429
742778358,"$16,739.00",1229,15510.0,4014,69,0.073,0.497,0.568
713933658,"$2,463.00",1621,842.0,4118,70,0.658,0.568,0.591
788142483,"$34,516.00",1278,33238.0,4699,73,0.037,0.51,0.622
789705408,"$4,743.00",1687,3056.0,3739,55,0.356,0.957,0.618
780378633,"$9,382.00",1455,7927.0,3412,71,0.155,0.482,0.821
817422408,"$2,059.00",1118,941.0,4110,71,0.543,0.788,1.152
781297983,"$20,410.00",1196,19214.0,3525,78,0.059,0.726,0.733
710671608,"$6,798.00",918,5880.0,3961,69,0.135,0.671,0.605
719967708,"$6,472.00",2128,4344.0,3592,66,0.329,0.58,0.833
711879633,"$2,766.00",1985,781.0,4480,70,0.718,0.796,0.75
716444733,"$1,438.30",0,1438.3,4271,79,0.0,0.907,0.756
718460958,"$3,283.00",1856,1427.0,4498,64,0.565,1.103,0.829
789953733,"$2,470.00",1961,509.0,4519,78,0.794,0.802,0.733
770278833,"$20,695.00",1250,19445.0,3924,82,0.06,0.605,0.783
787291308,"$4,228.00",1709,2519.0,4389,79,0.404,0.493,0.58
710644158,"$31,743.00",1332,30411.0,4293,73,0.042,0.665,0.622
717095733,"$3,212.00",2517,695.0,4284,69,0.784,0.785,1.3
813338733,"$5,884.00",1382,4502.0,4477,82,0.235,0.91,0.745
787536933,"$1,724.00",0,1724.0,4768,80,0.0,0.669,0.86
714384783,"$2,468.00",0,2468.0,2017,37,0.0,0.5,0.762
713847858,"$1,438.30",0,1438.3,1849,43,0.0,0.409,0.536
809809008,"$3,111.00",1541,1570.0,4570,68,0.495,0.656,0.511
719446833,"$2,799.00",1532,1267.0,4214,83,0.547,0.583,0.537
720570333,"$1,912.00",1163,749.0,4786,81,0.608,0.871,0.723
815308683,"$18,927.00",887,18040.0,3101,54,0.047,1.065,1.0
810875958,"$2,016.00",395,1621.0,2473,44,0.196,0.711,0.571
717775608,"$4,830.00",1970,2860.0,4850,80,0.408,0.799,0.633
718766058,"$1,438.30",0,1438.3,2123,37,0.0,0.65,0.542
710656683,"$1,986.00",1614,372.0,4442,64,0.813,0.554,0.73
768390708,"$2,877.00",1136,1741.0,4006,68,0.395,0.756,0.478
713263758,"$2,312.00",1997,315.0,5085,78,0.864,0.787,0.773
754564308,"$2,644.00",2126,518.0,3601,66,0.804,0.748,0.65
827890758,"$2,062.00",1302,760.0,3785,63,0.631,0.631,0.75
779945508,"$3,510.00",1881,1629.0,3808,81,0.536,0.66,0.884
720807183,"$15,026.00",916,14110.0,3281,63,0.061,0.721,0.8
709309308,"$27,186.00",0,27186.0,1704,34,0.0,0.504,0.478
715844733,"$2,174.00",877,1297.0,4596,71,0.403,0.644,0.449
712332183,"$29,535.00",895,28640.0,3934,74,0.03,0.952,0.644
790123983,"$2,974.00",2090,884.0,4297,88,0.703,0.975,0.833
711721458,"$1,438.30",0,1438.3,2329,43,0.0,0.658,0.593
716860233,"$8,148.00",701,7447.0,4124,87,0.086,0.819,0.891
714678408,"$2,646.00",1983,663.0,4727,83,0.749,0.7,0.804
708798483,"$2,054.00",0,2054.0,2567,43,0.0,0.87,0.593
708501783,"$34,516.00",1477,33039.0,1868,40,0.043,0.324,0.212
713645883,"$1,879.00",1486,393.0,5202,88,0.791,0.836,0.692
718622658,"$15,913.00",1696,14217.0,4472,86,0.107,0.632,0.792
710641008,"$8,685.00",0,8685.0,2473,56,0.0,0.666,0.6
718547358,"$2,676.00",1740,936.0,3863,69,0.65,0.735,0.725
716177583,"$1,438.30",0,1438.3,4722,89,0.0,0.657,0.745
713417433,"$1,711.00",0,1711.0,4496,77,0.0,0.983,0.925
713043183,"$2,572.00",1969,603.0,4313,84,0.766,0.644,0.787
719328858,"$4,535.00",0,4535.0,2342,40,0.0,0.831,0.6
718501983,"$5,950.00",1117,4833.0,4682,89,0.188,0.57,0.679
803800533,"$2,088.00",975,1113.0,2866,59,0.467,1.144,0.735
771790083,"$10,466.00",2080,8386.0,4116,64,0.199,0.648,0.684
712817808,"$4,761.00",1561,3200.0,2045,53,0.328,0.69,1.65
811697958,"$1,488.00",755,733.0,4451,65,0.507,0.783,0.711
817089408,"$19,114.00",1754,17360.0,4413,69,0.092,0.865,0.725
803406558,"$7,536.00",1272,6264.0,4189,86,0.169,0.683,0.911
717297708,"$2,441.00",1672,769.0,4439,74,0.685,0.893,0.682
808756458,"$13,189.00",1205,11984.0,3821,83,0.091,0.708,0.66
718352358,"$1,914.00",0,1914.0,2687,41,0.0,0.677,0.414
780638958,"$2,468.00",1850,618.0,4483,77,0.75,0.775,0.54
721026033,"$2,564.00",1258,1306.0,2673,43,0.491,1.156,0.87
719894433,"$1,679.00",951,728.0,2492,43,0.566,0.706,0.593
812493033,"$3,410.00",1110,2300.0,5102,63,0.326,0.63,0.615
718256658,"$2,728.00",0,2728.0,4554,75,0.0,0.879,0.744
711421233,"$7,119.00",1513,5606.0,4969,84,0.213,0.925,0.909
710335983,"$3,532.00",869,2663.0,4297,64,0.246,1.038,0.778
720108783,"$7,459.00",1717,5742.0,4328,68,0.23,1.001,0.581
818259558,"$2,294.00",1582,712.0,3951,79,0.69,0.775,0.881
708511983,"$1,663.00",0,1663.0,3950,82,0.0,0.778,0.864
708838908,"$5,129.00",1654,3475.0,3192,61,0.322,0.618,0.848
778720533,"$1,722.00",0,1722.0,2141,35,0.0,0.863,0.346
793015083,"$2,586.00",1270,1316.0,4481,77,0.491,0.675,0.925
821336133,"$8,708.00",996,7712.0,3927,60,0.114,0.527,0.935
713905608,"$8,869.00",0,8869.0,3270,63,0.0,0.721,0.8
779164608,"$2,641.00",1336,1305.0,4224,77,0.506,1.019,0.791
714835833,"$34,516.00",1048,33468.0,4192,73,0.03,0.864,0.738
823863033,"$34,516.00",1473,33043.0,4254,73,0.043,0.642,0.587
713321508,"$1,965.00",1175,790.0,4579,87,0.598,0.657,0.74
708992733,"$1,513.00",0,1513.0,4759,98,0.0,0.854,0.719
709488108,"$10,543.00",0,10543.0,1841,39,0.0,0.509,0.5
716094333,"$17,764.00",1459,16305.0,2750,57,0.082,0.964,0.9
778567983,"$1,438.30",0,1438.3,4512,77,0.0,1.196,0.833
712178883,"$6,371.00",1946,4425.0,3592,79,0.305,0.582,0.756
717490008,"$19,188.00",1622,17566.0,4282,52,0.085,0.75,0.926
718282983,"$3,076.00",2257,819.0,4522,75,0.734,0.795,0.471
747208083,"$2,822.00",1501,1321.0,4344,68,0.532,1.043,1.194
820276908,"$4,139.00",0,4139.0,2232,41,0.0,0.547,0.464
719960133,"$34,516.00",904,33612.0,3910,68,0.026,0.726,0.659
711062958,"$4,121.00",2084,2037.0,3462,49,0.506,0.807,1.042
714917583,"$10,074.00",1079,8995.0,3338,65,0.107,0.813,0.711
767256933,"$2,621.00",598,2023.0,4852,85,0.228,0.967,0.771
712568358,"$3,394.00",0,3394.0,3115,69,0.0,0.454,0.816
789182358,"$17,628.00",1414,16214.0,3991,76,0.08,0.603,0.617
716989683,"$4,480.00",2465,2015.0,3331,74,0.55,0.772,0.682
827968383,"$3,370.00",2284,1086.0,4084,70,0.678,0.673,0.628
819647358,"$12,871.00",0,12871.0,2413,53,0.0,0.598,0.606
788966958,"$3,112.00",2023,1089.0,4613,86,0.65,0.757,0.593
789502308,"$1,551.00",790,761.0,2379,46,0.509,0.811,0.769
756458508,"$1,682.00",930,752.0,3309,67,0.553,0.903,1.03
714643983,"$2,758.00",2017,741.0,4119,73,0.731,0.883,1.028
711606558,"$1,909.00",866,1043.0,4697,83,0.454,0.88,0.844
824155458,"$11,332.00",1647,9685.0,4674,72,0.145,0.542,0.714
710445183,"$7,567.00",2496,5071.0,4076,60,0.33,0.709,0.579
802834158,"$6,743.00",1737,5006.0,1934,30,0.258,0.598,0.579
712038258,"$32,838.00",1717,31121.0,2538,42,0.052,0.995,0.4
712864683,"$1,438.30",0,1438.3,1693,37,0.0,0.373,0.423
813971283,"$2,510.00",1508,1002.0,3623,63,0.601,0.728,0.853
764211033,"$3,199.00",2517,682.0,4483,87,0.787,0.699,0.776
721424583,"$1,918.00",900,1018.0,4237,76,0.469,0.873,0.9
713886333,"$18,660.00",728,17932.0,1682,43,0.039,0.403,0.303
711741708,"$7,591.00",0,7591.0,2302,42,0.0,0.648,0.5
794217108,"$14,315.00",1348,12967.0,3694,67,0.094,0.681,0.718
715339758,"$18,038.00",1184,16854.0,4168,64,0.066,0.827,0.6
709610283,"$1,853.00",0,1853.0,4544,72,0.0,0.846,0.565
714575208,"$4,951.00",2002,2949.0,4192,62,0.404,0.684,0.55
716758908,"$34,516.00",2213,32303.0,4492,71,0.064,0.584,0.821
778915233,"$1,757.00",331,1426.0,2377,47,0.188,0.879,0.516
789466008,"$24,033.00",612,23421.0,3578,75,0.025,0.635,0.531
716635758,"$3,276.00",2331,945.0,4345,68,0.712,0.567,0.511
771819258,"$3,614.00",0,3614.0,4561,82,0.0,0.671,0.907
713451408,"$1,943.00",1654,289.0,3392,70,0.851,0.648,0.591
780146658,"$3,795.00",2517,1278.0,1633,32,0.663,0.563,0.778
711675108,"$4,075.00",2189,1886.0,3956,71,0.537,0.695,0.732
755467683,"$3,001.00",482,2519.0,2403,42,0.161,0.814,0.615
792864858,"$5,726.00",834,4892.0,2311,58,0.146,0.569,0.487
713009208,"$2,077.00",1634,443.0,4292,66,0.787,0.771,0.833
772231233,"$2,157.00",721,1436.0,4250,85,0.334,0.769,0.889
720510333,"$2,037.00",1349,688.0,4574,84,0.662,0.743,0.714
780199233,"$14,914.00",1102,13812.0,4478,87,0.074,0.823,0.673
711700158,"$1,580.00",620,960.0,4384,70,0.392,0.746,0.522
788275083,"$15,483.00",1719,13764.0,4678,80,0.111,0.686,0.509
708804633,"$1,916.00",0,1916.0,2888,39,0.0,1.041,0.444
714479358,"$3,610.00",1554,2056.0,2216,34,0.43,0.501,0.308
711406758,"$1,667.00",0,1667.0,4385,80,0.0,0.686,0.951
821424483,"$1,438.30",0,1438.3,4242,70,0.0,0.826,0.458
769438608,"$1,942.00",860,1082.0,2522,42,0.443,0.708,0.312
822068583,"$2,231.00",0,2231.0,3946,48,0.0,0.712,1.286
711371208,"$6,465.00",1863,4602.0,4490,68,0.288,0.399,0.789
788832033,"$8,599.00",938,7661.0,3015,64,0.109,0.537,0.73
713452533,"$1,438.30",0,1438.3,3427,64,0.0,0.512,0.829
720212508,"$4,402.00",697,3705.0,3325,76,0.158,0.7,0.652
717825033,"$5,444.00",2499,2945.0,4509,80,0.459,0.468,0.667
779926608,"$1,438.30",0,1438.3,4697,82,0.0,0.909,0.907
713608383,"$1,438.30",0,1438.3,1632,36,0.0,0.43,0.44
710125608,"$2,679.00",1558,1121.0,4756,73,0.582,0.997,0.553
712724733,"$2,766.00",1731,1035.0,3959,71,0.626,0.569,0.732
718286658,"$25,293.00",1140,24153.0,4059,80,0.045,1.01,0.86
714195108,"$2,707.00",1796,911.0,4077,70,0.663,0.597,1.059
720867708,"$1,748.00",1103,645.0,2335,41,0.631,0.739,0.708
752573508,"$4,034.00",1867,2167.0,3718,72,0.463,0.656,0.756
768661758,"$26,129.00",1752,24377.0,4919,75,0.067,0.742,0.744
721126833,"$14,902.00",0,14902.0,2038,39,0.0,0.312,0.625
716093133,"$12,228.00",2137,10091.0,3831,68,0.175,0.553,0.511
771092433,"$1,724.00",0,1724.0,4434,67,0.0,0.936,0.811
712807758,"$1,438.30",0,1438.3,2476,32,0.0,0.502,0.778
721514883,"$16,665.00",1147,15518.0,4657,78,0.069,0.799,0.696
824140908,"$20,974.00",0,20974.0,1246,27,0.0,0.0,0.0
712971708,"$3,139.00",1089,2050.0,4648,80,0.347,1.034,0.778
716471508,"$19,865.00",0,19865.0,4350,83,0.0,0.59,0.766
782548758,"$2,069.00",1288,781.0,5668,82,0.623,0.81,0.64
720444408,"$2,231.00",1791,440.0,2576,42,0.803,0.82,0.75
717389433,"$33,371.00",0,33371.0,3638,67,0.0,0.649,0.634
714292533,"$2,544.00",0,2544.0,3593,64,0.0,0.759,1.0
709585758,"$34,516.00",0,34516.0,4004,86,0.0,0.791,0.755
712096758,"$5,370.00",653,4717.0,4504,81,0.122,0.782,0.929
811463283,"$22,437.00",1389,21048.0,3283,50,0.062,0.917,1.273
789358908,"$3,573.00",0,3573.0,2562,36,0.0,0.842,0.44
718146258,"$1,959.00",0,1959.0,3737,71,0.0,0.454,0.614
710779083,"$1,661.00",0,1661.0,4338,77,0.0,0.672,0.925
709166883,"$5,363.00",0,5363.0,4121,78,0.0,0.67,0.625
712554183,"$3,009.00",721,2288.0,4070,71,0.24,0.68,0.614
721315233,"$18,535.00",1192,17343.0,3780,70,0.064,0.646,0.667
714766383,"$2,171.00",1415,756.0,4992,77,0.652,0.773,0.833
797491683,"$34,516.00",1964,32552.0,2234,49,0.057,0.624,0.361
714157908,"$2,376.00",1515,861.0,3795,71,0.638,0.72,0.614
714588408,"$2,882.00",0,2882.0,4446,68,0.0,0.722,0.744
719627133,"$3,277.00",2481,796.0,3965,59,0.757,0.606,0.844
714125883,"$2,514.00",1845,669.0,3696,71,0.734,0.683,0.614
712865583,"$3,301.00",2517,784.0,3939,69,0.762,0.842,1.226
779363283,"$12,391.00",784,11607.0,4376,86,0.063,0.875,0.72
779224758,"$2,168.00",1485,683.0,3828,86,0.685,0.546,0.72
718775808,"$7,762.00",1319,6443.0,5153,77,0.17,0.793,0.75
710267583,"$12,587.00",815,11772.0,3914,83,0.065,0.576,0.766
711305208,"$14,785.00",1088,13697.0,4354,70,0.074,0.961,0.489
717531483,"$3,433.00",964,2469.0,4444,87,0.281,0.526,0.642
709170108,"$2,425.00",0,2425.0,1522,36,0.0,0.187,0.2
716056158,"$11,619.00",0,11619.0,2395,49,0.0,0.631,0.361
711326583,"$3,989.00",0,3989.0,4274,68,0.0,0.997,0.545
715406658,"$2,173.00",596,1577.0,2738,45,0.274,0.81,0.406
712814658,"$2,393.00",1499,894.0,4755,82,0.626,0.784,0.745
773228133,"$1,677.00",0,1677.0,2437,41,0.0,0.869,0.708
710453283,"$2,035.00",0,2035.0,4107,82,0.0,0.779,0.783
795266208,"$8,842.00",0,8842.0,4493,79,0.0,0.624,0.756
779090883,"$2,483.00",1297,1186.0,3478,64,0.522,0.744,0.939
712309758,"$13,921.00",1201,12720.0,4351,75,0.086,0.556,0.923
716625033,"$2,761.00",0,2761.0,2753,43,0.0,1.047,0.654
790112133,"$2,623.00",1647,976.0,4388,83,0.628,0.735,0.804
797238108,"$3,232.00",824,2408.0,3915,74,0.255,0.796,0.644
715588008,"$31,978.00",1659,30319.0,2333,51,0.052,0.556,1.217
713977308,"$34,516.00",2061,32455.0,3820,76,0.06,0.564,0.767
719059083,"$6,225.00",1596,4629.0,4129,71,0.256,0.826,0.651
708797583,"$2,672.00",0,2672.0,2576,39,0.0,1.038,0.5
708809283,"$10,360.00",2517,7843.0,2414,28,0.243,0.632,0.273
771529608,"$10,747.00",1027,9720.0,4538,63,0.096,0.925,0.658
715776033,"$3,135.00",0,3135.0,4116,68,0.0,0.572,0.7
778619358,"$1,438.30",860,578.3,4754,79,0.598,0.761,0.837
715717608,"$3,189.00",0,3189.0,4813,86,0.0,0.91,0.755
789204933,"$8,963.00",0,8963.0,4511,76,0.0,0.744,0.689
711100608,"$1,723.00",0,1723.0,2574,43,0.0,1.038,0.72
713591283,"$2,161.00",1404,757.0,4389,77,0.65,0.68,0.878
719344608,"$3,901.00",1001,2900.0,4313,72,0.257,0.822,1.323
787659483,"$1,438.30",801,637.3,4223,60,0.557,0.595,0.579
822948708,"$3,131.00",849,2282.0,3108,62,0.271,0.992,0.59
710080383,"$2,331.00",1709,622.0,4417,69,0.733,0.851,0.816
715596783,"$1,895.00",1146,749.0,4333,72,0.605,0.685,0.714
798773208,"$26,496.00",1406,25090.0,3691,75,0.053,0.96,0.705
768624258,"$1,583.00",234,1349.0,2541,36,0.148,0.639,0.385
721412208,"$1,438.30",904,534.3,3887,79,0.629,0.761,0.837
708129933,"$2,072.00",1544,528.0,4210,64,0.745,0.903,0.939
719703483,"$2,707.00",1367,1340.0,4646,73,0.505,0.794,0.78
708290208,"$13,608.00",1190,12418.0,3118,76,0.087,0.553,0.767
710431158,"$10,273.00",1657,8616.0,3778,70,0.161,0.71,0.591
816528333,"$2,609.00",1115,1494.0,4546,59,0.427,0.753,0.903
778760808,"$8,431.00",1862,6569.0,2008,37,0.221,0.59,0.682
718025808,"$5,852.00",1935,3917.0,3689,55,0.331,0.829,0.618
815860008,"$3,140.00",2183,957.0,5109,78,0.695,0.58,0.733
780126033,"$12,914.00",1227,11687.0,2082,54,0.095,0.392,0.459
720135333,"$8,694.00",961,7733.0,1753,49,0.111,0.551,0.441
719174433,"$1,735.00",0,1735.0,2467,35,0.0,0.74,0.346
821521983,"$2,286.00",1641,645.0,4321,89,0.718,0.947,0.712
716961933,"$3,589.00",1808,1781.0,4262,70,0.504,0.75,0.667
712834533,"$2,673.00",1275,1398.0,4119,75,0.477,0.691,1.027
710544033,"$9,437.00",2024,7413.0,4715,78,0.214,0.664,0.696
710622333,"$2,751.00",2258,493.0,4386,67,0.821,0.634,0.675
714277758,"$11,557.00",1050,10507.0,4064,75,0.091,0.754,0.786
713166333,"$14,831.00",1302,13529.0,4467,73,0.088,0.916,0.698
714346608,"$1,495.00",0,1495.0,2220,50,0.0,0.528,0.562
778284783,"$2,791.00",1979,812.0,4617,70,0.709,0.807,0.628
714721608,"$9,703.00",941,8762.0,4190,81,0.097,0.721,1.025
716453883,"$3,889.00",1839,2050.0,4423,63,0.473,0.911,0.703
713876958,"$14,140.00",845,13295.0,5036,76,0.06,0.715,0.689
794967408,"$9,106.00",975,8131.0,3863,74,0.107,0.588,0.644
798481383,"$2,694.00",0,2694.0,2684,38,0.0,0.872,0.31
718697583,"$19,629.00",0,19629.0,4073,79,0.0,0.766,0.881
711799458,"$6,507.00",1452,5055.0,4544,89,0.223,0.802,0.854
823904133,"$10,195.00",0,10195.0,2489,54,0.0,0.629,0.385
718005108,"$2,096.00",1711,385.0,3692,68,0.816,0.746,0.744
717877533,"$11,314.00",0,11314.0,3761,70,0.0,0.674,0.628
711883833,"$1,837.00",665,1172.0,4752,88,0.362,0.844,0.66
711646908,ERR_VAL,2517,5304.0,2010,43,0.322,0.408,0.344
718171308,"$1,984.00",0,1984.0,2506,46,0.0,0.89,0.643
709627983,"$2,535.00",1699,836.0,4497,68,0.67,0.72,0.789
716580933,"$1,970.00",1224,746.0,4533,65,0.621,0.54,0.625
713600958,"$34,516.00",2076,32440.0,3647,65,0.06,0.812,0.667
772248408,"$2,694.00",1833,861.0,3366,56,0.68,1.044,1.074
720196158,"$4,476.00",0,4476.0,3350,67,0.0,0.683,0.634
770024733,"$1,699.00",0,1699.0,2520,49,0.0,0.602,0.531
710912733,"$1,953.00",1762,191.0,4590,91,0.902,0.743,0.655
712860858,"$5,264.00",0,5264.0,4943,70,0.0,0.852,0.795
708702258,"$3,698.00",478,3220.0,2051,31,0.129,0.611,0.632
797169633,"$34,516.00",825,33691.0,3127,51,0.024,0.982,0.962
709922508,"$2,712.00",0,2712.0,5207,79,0.0,0.835,0.927
712802733,"$5,486.00",685,4801.0,2965,70,0.125,0.879,0.556
716981358,"$2,107.00",941,1166.0,4858,73,0.447,0.975,0.738
758787333,"$18,096.00",2404,15692.0,3880,68,0.133,0.734,0.478
720519333,"$2,721.00",1885,836.0,2594,48,0.693,0.853,0.455
717387933,"$2,976.00",2257,719.0,3837,57,0.758,0.75,0.781
738195708,"$16,741.00",1225,15516.0,3608,56,0.073,0.641,0.514
708560733,"$3,714.00",2517,1197.0,4715,85,0.678,0.857,0.848
717001908,"$6,936.00",0,6936.0,2874,44,0.0,0.883,0.63
768972558,"$11,099.00",0,11099.0,3980,77,0.0,0.89,0.75
716899233,"$15,987.00",1965,14022.0,4542,70,0.123,0.722,0.591
715567608,"$4,406.00",1247,3159.0,3964,76,0.283,1.037,0.854
713264583,"$34,516.00",1153,33363.0,4486,71,0.033,0.89,0.69
716769783,"$5,104.00",736,4368.0,3943,78,0.144,0.679,0.696
719564208,"$7,195.00",0,7195.0,2751,47,0.0,1.035,1.136
716680983,"$1,956.00",1053,903.0,4924,70,0.538,0.941,0.795
715719033,"$3,317.00",2517,800.0,3772,74,0.759,0.862,1.0
713229633,"$2,759.00",0,2759.0,2061,47,0.0,0.535,0.424
788246958,"$6,038.00",0,6038.0,4375,81,0.0,0.666,0.688
720419358,"$2,942.00",2100,842.0,4548,71,0.714,0.694,0.821
772545858,"$5,095.00",0,5095.0,3808,89,0.0,0.729,0.508
771431133,"$1,438.30",0,1438.3,3778,69,0.0,0.571,0.816
717800358,"$10,111.00",868,9243.0,4791,68,0.086,0.748,0.889
798041508,"$3,201.00",2517,684.0,1880,42,0.786,0.445,0.355
710626758,"$2,761.00",0,2761.0,3706,65,0.0,0.619,0.585
718982058,"$5,987.00",1405,4582.0,4011,72,0.235,0.952,0.674
791822733,"$5,630.00",748,4882.0,4904,81,0.133,0.804,0.761
718762308,"$6,622.00",2126,4496.0,3668,60,0.321,1.041,0.818
716841783,"$18,733.00",1292,17441.0,5080,85,0.069,0.442,0.491
794524833,"$2,265.00",1345,920.0,4009,73,0.594,0.808,0.49
721359183,"$2,907.00",1537,1370.0,4390,76,0.529,0.79,1.0
715014633,"$8,791.00",0,8791.0,2579,51,0.0,0.894,0.594
714372333,"$2,302.00",0,2302.0,2256,40,0.0,0.52,0.667
766946058,"$5,489.00",1665,3824.0,4010,75,0.303,0.742,0.786
708549033,"$2,055.00",1276,779.0,5025,70,0.621,0.869,0.707
708378108,"$2,147.00",771,1376.0,4631,76,0.359,0.69,0.767
826168083,"$1,757.00",1307,450.0,4750,72,0.744,0.769,0.756
779320008,"$2,900.00",2517,383.0,2180,31,0.868,0.719,0.409
715312158,"$2,670.00",2079,591.0,3895,59,0.779,0.649,0.788
711688983,"$21,382.00",1692,19690.0,3060,66,0.079,0.731,0.65
714393708,"$2,254.00",533,1721.0,4913,84,0.236,1.043,0.909
789477483,"$4,433.00",1488,2945.0,3847,76,0.336,0.669,0.9
712481733,"$1,438.30",739,699.3,4078,77,0.514,0.727,0.54
713153733,"$2,520.00",1473,1047.0,2061,36,0.585,0.515,0.241
780201633,"$5,655.00",1154,4501.0,2189,51,0.204,0.702,0.7
709285683,"$1,438.30",0,1438.3,4509,74,0.0,0.836,0.451
789823383,"$2,786.00",1635,1151.0,4532,82,0.587,0.921,1.0
709980783,"$3,961.00",1729,2232.0,4066,63,0.437,0.783,0.8
772054458,"$2,476.00",1944,532.0,4025,65,0.785,0.881,0.585
788095158,"$11,606.00",0,11606.0,2623,39,0.0,0.797,0.393
717045033,"$8,459.00",757,7702.0,4677,87,0.089,0.648,0.673
710503308,"$9,554.00",2337,7217.0,4049,71,0.245,0.79,0.69
757167633,"$4,388.00",642,3746.0,3836,81,0.146,0.815,0.723
779739783,"$19,826.00",1389,18437.0,3561,73,0.07,0.614,0.659
758653833,"$2,173.00",0,2173.0,4392,83,0.0,0.922,0.766
771288258,"$2,545.00",1894,651.0,4660,68,0.744,0.911,0.789
716855058,"$1,757.00",0,1757.0,2557,45,0.0,0.89,0.406
708433683,"$3,164.00",2201,963.0,4410,86,0.696,0.679,0.623
713175483,"$6,022.00",871,5151.0,3745,74,0.145,0.6,0.423
709500183,"$1,804.00",0,1804.0,2077,44,0.0,0.537,0.419
789238683,"$22,664.00",0,22664.0,4586,89,0.0,0.749,0.745
710502258,"$2,527.00",2204,323.0,4598,85,0.872,0.9,0.771
715445058,"$3,547.00",2517,1030.0,2715,45,0.71,0.805,0.731
719464758,"$1,438.30",604,834.3,4219,83,0.42,0.81,0.694
708442158,"$6,182.00",1516,4666.0,3801,61,0.245,1.137,0.968
718524783,"$29,715.00",0,29715.0,2128,39,0.0,0.399,0.345
717093858,"$2,154.00",1490,664.0,3664,63,0.692,0.727,0.853
711654558,"$2,179.00",1632,547.0,4025,69,0.749,0.801,0.683
718924983,"$4,906.00",1302,3604.0,4833,80,0.265,0.862,0.905
717463608,"$2,346.00",1407,939.0,4116,79,0.6,0.77,0.975
715779333,"$4,753.00",0,4753.0,3895,71,0.0,0.856,0.578
708117933,"$1,880.00",0,1880.0,2469,34,0.0,0.519,0.417
789563658,"$12,155.00",0,12155.0,4618,60,0.0,0.446,0.875
709239483,"$2,721.00",1527,1194.0,4622,88,0.561,0.743,0.725
766456683,"$6,160.00",2258,3902.0,3986,80,0.367,0.717,0.6
779703258,"$2,069.00",1393,676.0,4962,70,0.673,0.875,0.75
709719333,"$28,422.00",1258,27164.0,4841,80,0.044,0.672,0.6
717016833,"$1,438.30",0,1438.3,4282,69,0.0,0.797,0.725
711017433,"$1,438.30",0,1438.3,4416,68,0.0,0.735,0.744
712777233,"$1,671.00",0,1671.0,2701,51,0.0,0.725,0.889
712706058,"$1,491.00",0,1491.0,1970,46,0.0,0.551,0.484
720905133,"$11,422.00",1095,10327.0,2439,45,0.096,0.773,0.8
712947333,"$5,139.00",0,5139.0,1653,44,0.0,0.33,0.692
806995683,"$4,783.00",2517,2266.0,2870,50,0.526,1.024,1.174
720575058,"$2,589.00",1693,896.0,4259,83,0.654,0.878,0.766
770828358,"$8,138.00",0,8138.0,4839,61,0.0,0.596,0.649
721361433,"$4,502.00",1785,2717.0,4469,87,0.396,1.014,0.812
770268933,"$33,521.00",928,32593.0,4115,66,0.028,0.732,0.535
789209283,"$4,361.00",806,3555.0,4518,84,0.185,0.627,0.75
716204883,"$7,026.00",1728,5298.0,3935,66,0.246,0.669,1.0
715506258,"$16,388.00",2001,14387.0,4477,83,0.122,0.547,0.66
711871758,"$2,905.00",2517,388.0,2487,39,0.866,0.725,0.393
772655733,"$2,404.00",1887,517.0,4489,75,0.785,0.592,0.744
719519058,"$1,477.00",0,1477.0,2419,49,0.0,0.719,0.531
716873733,"$3,556.00",2517,1039.0,2639,53,0.708,0.651,0.71
780383358,"$5,649.00",748,4901.0,4683,72,0.132,1.077,0.946
718522308,"$14,345.00",960,13385.0,4045,72,0.067,0.817,0.946
716308683,"$6,524.00",1993,4531.0,4267,66,0.305,0.815,0.886
719056833,"$2,281.00",920,1361.0,3968,66,0.403,0.576,0.833
712303908,"$2,633.00",1924,709.0,3407,66,0.731,0.806,0.535
715572783,"$7,693.00",0,7693.0,4573,93,0.0,0.579,0.632
713641233,"$10,262.00",1888,8374.0,3553,65,0.184,0.508,0.757
712854633,"$11,320.00",0,11320.0,2845,57,0.0,0.669,0.727
779340183,"$2,482.00",916,1566.0,4295,72,0.369,0.632,0.532
771952683,"$3,035.00",0,3035.0,3847,63,0.0,1.222,0.658
716639058,"$26,308.00",0,26308.0,3278,53,0.0,0.647,0.828
779027733,"$6,721.00",1115,5606.0,3718,51,0.166,0.79,0.759
713368833,"$6,205.00",2233,3972.0,3906,64,0.36,0.662,0.684
713926308,"$2,624.00",1458,1166.0,4487,61,0.556,0.809,0.743
720206658,"$1,479.00",458,1021.0,1811,44,0.31,0.466,0.517
708720558,"$4,489.00",0,4489.0,3773,64,0.0,0.693,0.455
713857758,"$5,842.00",198,5644.0,1828,44,0.034,0.396,0.517
711255858,"$8,777.00",1668,7109.0,4141,83,0.19,0.85,0.66
798717783,"$3,250.00",0,3250.0,4752,84,0.0,0.601,0.75
710674533,"$15,060.00",0,15060.0,1611,42,0.0,0.545,0.4
718642458,"$2,126.00",1321,805.0,2992,72,0.621,0.596,1.0
709788783,"$4,907.00",773,4134.0,5088,71,0.158,0.517,0.651
752199183,"$3,553.00",0,3553.0,4923,89,0.0,0.844,0.648
789707433,"$2,515.00",1313,1202.0,4370,68,0.522,0.981,0.7
717448383,"$4,428.00",0,4428.0,2331,36,0.0,0.865,0.286
779468808,"$1,616.00",0,1616.0,4961,78,0.0,0.794,0.814
790000608,"$6,723.00",968,5755.0,3838,67,0.144,0.832,0.811
770917608,"$2,756.00",1911,845.0,4656,62,0.693,0.774,0.879
716307558,"$2,897.00",1506,1391.0,2214,46,0.52,0.618,0.484
719048133,"$5,456.00",0,5456.0,3470,65,0.0,0.337,0.625
771488583,"$3,569.00",0,3569.0,4186,72,0.0,0.706,0.636
717202908,"$34,198.00",1804,32394.0,4270,59,0.053,0.934,0.639
720696558,"$34,516.00",1311,33205.0,4485,85,0.038,0.6,0.771
788989083,"$2,817.00",1864,953.0,4535,82,0.662,0.7,0.745
720398958,"$2,126.00",1257,869.0,4340,70,0.591,0.632,0.892
716530533,"$2,573.00",1640,933.0,4094,77,0.637,0.873,0.638
714499908,"$2,016.00",1303,713.0,3243,63,0.646,0.599,0.615
708879483,"$4,006.00",1646,2360.0,5006,89,0.411,0.746,0.534
716044383,"$5,869.00",0,5869.0,4191,65,0.0,0.713,0.857
781320783,"$4,586.00",0,4586.0,2529,43,0.0,0.812,0.433
711657783,"$1,438.30",0,1438.3,4617,67,0.0,0.872,0.634
715423233,"$1,790.00",796,994.0,3539,57,0.445,0.722,0.966
719264058,"$5,862.00",2306,3556.0,4305,51,0.393,0.807,1.318
711120333,"$7,411.00",1341,6070.0,4278,80,0.181,0.799,0.633
714100008,"$5,667.00",2517,3150.0,2176,38,0.444,0.684,0.267
798030933,"$15,594.00",0,15594.0,4745,75,0.0,0.631,0.786
708223383,"$11,410.00",979,10431.0,2736,38,0.086,1.049,0.462
708705783,"$1,584.00",1214,370.0,2628,41,0.766,0.887,0.64
778949133,"$13,298.00",1694,11604.0,3476,66,0.127,0.824,0.784
709017258,"$2,114.00",0,2114.0,2872,45,0.0,0.875,0.5
709161108,"$2,540.00",0,2540.0,1531,31,0.0,0.212,0.107
716842908,"$1,762.00",1051,711.0,4986,80,0.596,0.785,0.739
787513533,"$2,245.00",1503,742.0,3344,54,0.669,0.754,0.543
717949983,"$8,168.00",2137,6031.0,3554,82,0.262,0.659,0.822
714089658,"$2,238.00",0,2238.0,2063,42,0.0,0.452,0.5
718863258,"$3,881.00",2517,1364.0,2463,38,0.649,0.815,0.407
717549408,"$20,485.00",0,20485.0,3024,51,0.0,0.751,1.04
807600633,"$9,856.00",671,9185.0,5408,83,0.068,0.662,0.729
770293758,"$2,111.00",1047,1064.0,4830,82,0.496,0.971,0.952
765584208,"$2,905.00",2079,826.0,4444,84,0.716,0.789,0.909
811989858,"$32,244.00",0,32244.0,3501,65,0.0,0.647,0.757
721276383,"$5,624.00",1216,4408.0,3843,66,0.216,0.691,1.0
708585933,"$1,656.00",1429,227.0,4258,77,0.863,0.777,0.75
713283933,"$3,032.00",0,3032.0,2273,44,0.0,0.429,0.517
714915633,"$15,699.00",0,15699.0,1793,40,0.0,0.569,0.6
709236633,"$6,608.00",2270,4338.0,4033,58,0.344,0.75,0.657
827948133,"$5,062.00",1423,3639.0,4535,68,0.281,0.775,0.417
718946358,"$1,547.00",0,1547.0,4348,63,0.0,0.792,0.615
714400308,"$11,060.00",1647,9413.0,4545,83,0.149,0.938,0.766
789670533,"$1,438.30",0,1438.3,4300,67,0.0,0.66,0.675
770942283,"$3,670.00",0,3670.0,4811,68,0.0,0.797,0.889
827074758,"$1,538.00",868,670.0,5228,61,0.564,0.828,0.694
818326083,"$1,438.30",886,552.3,4385,91,0.616,0.822,0.717
712292133,"$2,330.00",2294,36.0,2107,40,0.985,0.456,0.333
709449333,"$3,170.00",1428,1742.0,4097,72,0.45,0.876,0.565
788840283,"$2,120.00",1527,593.0,4741,86,0.72,0.744,0.72
716013858,"$20,231.00",1434,18797.0,5002,78,0.071,0.543,0.66
712229283,"$1,438.30",0,1438.3,2306,46,0.0,0.738,0.484
751422258,"$5,583.00",0,5583.0,3317,71,0.0,0.748,0.821
715691808,"$7,764.00",621,7143.0,3955,72,0.08,0.67,0.756
794273283,"$25,670.00",0,25670.0,2709,51,0.0,0.952,0.645
788838033,"$3,841.00",0,3841.0,2832,48,0.0,0.794,0.846
712778658,"$2,001.00",909,1092.0,4238,63,0.454,0.772,0.8
789580908,"$8,512.00",1471,7041.0,4056,81,0.173,0.867,0.841
778965183,"$5,869.00",2517,3352.0,4166,85,0.429,0.505,0.809
714462558,"$5,791.00",0,5791.0,4556,67,0.0,0.645,0.861
789013833,"$34,516.00",399,34117.0,2118,41,0.012,0.726,0.519
800869758,"$2,191.00",1414,777.0,3967,76,0.645,0.635,0.767
807426033,"$2,865.00",1176,1689.0,3462,61,0.41,0.665,0.906
720091083,"$6,467.00",1887,4580.0,4098,61,0.292,0.442,0.605
711918033,"$1,468.00",1074,394.0,2050,32,0.732,0.697,0.524
709679658,"$5,386.00",0,5386.0,4846,84,0.0,0.777,0.68
779296908,"$1,438.30",576,862.3,5098,66,0.4,0.774,0.833
720682308,"$5,402.00",892,4510.0,4770,83,0.165,0.782,0.596
714084483,"$3,855.00",211,3644.0,1724,34,0.055,0.485,0.308
719495958,"$2,983.00",0,2983.0,2509,46,0.0,0.865,0.586
789775308,"$1,438.30",1120,318.3,4880,77,0.779,0.817,0.75
714726858,"$4,871.00",0,4871.0,2773,34,0.0,0.89,0.789
709749483,"$2,636.00",1953,683.0,4584,70,0.741,0.916,0.591
710926383,"$1,553.00",1177,376.0,4549,68,0.758,0.638,0.659
717172308,"$3,304.00",0,3304.0,1731,32,0.0,0.532,0.28
771795933,"$34,516.00",2517,31999.0,2376,55,0.073,0.7,0.486
785024808,"$3,378.00",2134,1244.0,4464,83,0.632,0.541,0.93
710277183,"$2,313.00",1775,538.0,4317,68,0.767,0.773,0.545
714647808,"$2,434.00",0,2434.0,4628,73,0.0,0.788,0.622
709857033,"$1,438.30",0,1438.3,4148,84,0.0,0.578,0.714
714283458,"$14,544.00",0,14544.0,4064,92,0.0,0.768,0.769
804829533,"$24,621.00",471,24150.0,2864,51,0.019,0.85,0.759
716702358,"$2,337.00",698,1639.0,4048,83,0.299,0.836,0.886
720028683,"$2,720.00",1926,794.0,3806,61,0.708,0.602,0.794
757044033,"$1,965.00",1021,944.0,3968,57,0.52,0.516,0.781
719672283,"$33,122.00",1587,31535.0,3145,63,0.048,0.475,0.75
719054733,"$1,438.30",797,641.3,4673,69,0.554,0.87,0.568
793336383,"$2,709.00",2034,675.0,4915,92,0.751,0.606,0.84
795599883,"$2,404.00",284,2120.0,2511,51,0.118,0.866,0.5
715650783,"$4,499.00",0,4499.0,4906,75,0.0,0.765,0.667
711819708,"$4,734.00",2517,2217.0,2275,55,0.532,0.483,0.897
713041683,"$4,697.00",0,4697.0,1867,34,0.0,0.544,0.478
779544708,"$34,516.00",668,33848.0,3931,77,0.019,0.894,0.791
712967508,"$2,572.00",1093,1479.0,5038,86,0.425,0.615,0.83
710231433,"$3,110.00",2378,732.0,3395,75,0.765,0.974,0.829
817960533,"$1,734.00",857,877.0,4741,84,0.494,0.752,0.714
713431008,"$3,562.00",0,3562.0,4198,77,0.0,0.753,0.75
709663608,"$1,536.00",0,1536.0,1973,36,0.0,0.571,0.333
754851783,"$19,198.00",2218,16980.0,4423,90,0.116,0.802,0.667
808743558,"$4,540.00",2517,2023.0,4804,66,0.554,0.89,0.737
778905033,"$1,438.30",1226,212.3,3889,60,0.852,0.638,0.818
720844008,"$1,990.00",1747,243.0,5216,87,0.878,0.924,0.891
714286383,"$3,422.00",1039,2383.0,3337,65,0.304,0.475,0.512
718767183,"$2,192.00",1464,728.0,4905,89,0.668,0.66,0.978
712707408,"$5,152.00",1713,3439.0,3919,57,0.332,0.746,1.036
789859833,"$2,515.00",1767,748.0,4388,67,0.703,0.665,0.675
812411058,"$2,094.00",0,2094.0,2690,46,0.0,0.897,0.484
712311258,"$1,906.00",1259,647.0,4634,54,0.661,0.932,0.862
778397358,"$5,096.00",0,5096.0,2574,43,0.0,0.808,0.483
715340733,"$2,222.00",0,2222.0,4792,62,0.0,0.843,0.722
797495958,"$3,015.00",0,3015.0,4277,80,0.0,0.927,0.951
720384633,"$3,786.00",0,3786.0,3403,70,0.0,0.715,0.489
810868758,"$12,078.00",1687,10391.0,2384,52,0.14,0.482,1.167
719105433,"$6,448.00",1087,5361.0,4990,85,0.169,0.868,0.667
715609533,"$5,398.00",0,5398.0,1887,36,0.0,0.621,0.333
712160058,"$1,438.30",0,1438.3,2146,44,0.0,0.656,0.63
779130108,"$1,438.30",0,1438.3,2527,49,0.0,0.835,0.69
712335858,"$2,620.00",2081,539.0,4867,67,0.794,0.99,0.763
789643383,"$13,435.00",0,13435.0,3575,56,0.0,0.747,1.154
717733158,"$3,186.00",2517,669.0,4197,84,0.79,0.59,0.909
713205108,"$1,950.00",1062,888.0,3873,76,0.545,0.48,0.854
719749083,"$7,098.00",2224,4874.0,3465,59,0.313,0.864,0.788
811762383,"$2,250.00",1788,462.0,4908,71,0.795,0.523,1.152
708710283,"$34,516.00",2038,32478.0,4067,75,0.059,1.007,1.206
708542283,"$2,495.00",2061,434.0,4399,70,0.826,0.849,0.707
720667383,"$3,086.00",2213,873.0,4684,81,0.717,0.695,0.8
822952158,"$1,520.00",0,1520.0,4256,73,0.0,0.566,0.622
716922633,"$4,043.00",2517,1526.0,2600,47,0.623,0.602,0.621
709081683,"$4,599.00",1438,3161.0,4208,69,0.313,0.832,0.865
710211783,"$1,438.30",0,1438.3,2264,39,0.0,0.777,0.625
720364158,"$7,869.00",1251,6618.0,4314,83,0.159,0.722,0.729
713064783,"$5,362.00",2057,3305.0,4205,83,0.384,0.763,0.766
709873683,"$16,541.00",1428,15113.0,4352,82,0.086,0.846,0.907
758106108,"$7,486.00",1758,5728.0,4604,70,0.235,0.613,0.707
711445233,"$1,438.30",0,1438.3,4653,78,0.0,0.813,0.95
778912683,"$8,365.00",1504,6861.0,4778,88,0.18,0.679,0.956
780496833,"$2,846.00",0,2846.0,2122,44,0.0,0.747,0.419
720057183,"$7,789.00",957,6832.0,3412,70,0.123,0.724,0.842
789081408,"$1,438.30",170,1268.3,2527,45,0.118,0.889,0.406
720634683,"$2,220.00",0,2220.0,2456,45,0.0,0.737,0.452
808732458,"$6,626.00",1558,5068.0,2838,49,0.235,1.02,1.333
719947533,"$5,547.00",0,5547.0,4585,79,0.0,0.85,0.795
715452408,"$1,734.00",987,747.0,4727,67,0.569,0.879,0.914
718103733,"$2,934.00",933,2001.0,4253,66,0.318,0.898,0.737
788705358,"$14,527.00",2070,12457.0,3965,58,0.142,0.525,0.568
772105608,"$2,646.00",872,1774.0,4246,80,0.33,0.865,0.739
718396533,"$8,185.00",1556,6629.0,4527,83,0.19,0.806,0.93
712949733,"$6,340.00",1985,4355.0,3536,61,0.313,0.403,0.419
772036233,"$5,711.00",0,5711.0,4320,72,0.0,0.583,0.674
713285058,"$2,258.00",1600,658.0,4275,76,0.709,0.607,0.551
710289783,"$2,086.00",2007,79.0,2537,48,0.962,1.051,0.6
780390108,"$3,256.00",1013,2243.0,5079,81,0.311,0.988,0.841
720585183,"$14,854.00",2136,12718.0,3659,68,0.144,0.568,0.581
711831558,"$7,184.00",1207,5977.0,3244,58,0.168,0.657,1.0
710854008,"$6,541.00",1119,5422.0,3902,63,0.171,0.496,0.432
717017808,"$9,065.00",641,8424.0,4693,83,0.071,0.788,0.627
823615983,"$3,682.00",2517,1165.0,1642,35,0.684,0.379,0.25
807587433,"$1,438.30",0,1438.3,2229,40,0.0,0.699,0.6
709987683,"$2,286.00",0,2286.0,2798,40,0.0,1.057,0.481
714435408,"$12,663.00",1028,11635.0,3297,54,0.081,0.791,0.688
718994583,"$1,438.30",816,622.3,4777,69,0.567,0.842,0.917
793616883,"$1,438.30",668,770.3,5205,78,0.464,0.931,0.773
779978283,"$5,056.00",0,5056.0,4428,78,0.0,0.905,0.696
713370033,"$1,438.30",0,1438.3,2014,53,0.0,0.503,0.472
710482533,"$30,928.00",2005,28923.0,3863,72,0.065,0.52,0.756
778830933,"$1,804.00",1040,764.0,5308,78,0.576,1.002,0.773
736145283,"$1,669.00",0,1669.0,3591,59,0.0,0.698,0.788
778718658,"$9,725.00",0,9725.0,4062,65,0.0,0.75,0.711
719482008,"$21,696.00",1036,20660.0,3354,76,0.048,0.965,0.854
715004808,"$2,992.00",1845,1147.0,4339,84,0.617,0.707,0.75
718208358,"$34,516.00",830,33686.0,3789,57,0.024,0.54,0.541
713380308,"$1,734.00",0,1734.0,4092,76,0.0,0.593,1.054
716477133,"$1,438.30",838,600.3,3910,75,0.583,0.61,0.63
713949858,"$1,438.30",886,552.3,1674,42,0.616,0.24,0.312
827619933,"$9,673.00",0,9673.0,3541,87,0.0,0.655,0.851
779135808,"$3,609.00",1026,2583.0,4318,81,0.284,0.67,0.588
719751483,"$1,438.30",576,862.3,2567,48,0.4,0.849,0.6
708219858,"$6,423.00",0,6423.0,4295,70,0.0,1.051,0.795
779681433,"$14,899.00",0,14899.0,1519,26,0.0,0.381,0.368
720169383,"$3,224.00",2111,1113.0,3707,74,0.655,0.601,0.682
718056033,"$4,135.00",1606,2529.0,3334,56,0.388,0.734,0.6
789226683,"$4,969.00",1187,3782.0,3878,82,0.239,0.714,0.783
822902508,"$8,376.00",1219,7157.0,4015,77,0.146,0.644,0.75
780462183,"$3,454.00",2065,1389.0,4026,67,0.598,0.816,0.718
715502808,"$25,944.00",1987,23957.0,4442,76,0.077,0.566,0.767
788755158,"$1,438.30",535,903.3,3016,80,0.372,0.678,0.739
780038058,"$1,556.00",0,1556.0,2283,46,0.0,0.69,0.586
709536483,"$8,701.00",215,8486.0,1999,41,0.025,0.527,0.414
712563408,"$5,600.00",2517,3083.0,2296,46,0.449,0.628,0.586
771222558,"$2,900.00",2018,882.0,4467,79,0.696,0.705,0.756
708145908,"$4,906.00",2185,2721.0,3999,71,0.445,0.66,1.088
717755058,"$2,687.00",1317,1370.0,4096,76,0.49,0.58,0.727
789109983,"$4,464.00",1418,3046.0,3870,73,0.318,0.92,0.46
802600233,"$1,438.30",869,569.3,4124,59,0.604,0.791,0.967
720449208,"$2,221.00",1814,407.0,4758,64,0.817,0.82,0.641
719557983,"$2,966.00",2371,595.0,4416,83,0.799,0.969,0.844
766111383,"$1,593.00",1091,502.0,4136,67,0.685,0.87,0.718
789367083,"$2,450.00",1490,960.0,3778,64,0.608,0.747,0.684
710538183,"$1,529.00",563,966.0,4220,83,0.368,0.785,0.844
708534033,"$6,274.00",883,5391.0,4726,82,0.141,0.626,0.708
716739258,"$1,438.30",0,1438.3,3932,62,0.0,0.679,0.771
788940558,"$2,134.00",1085,1049.0,4224,75,0.508,0.656,1.027
714722808,"$17,158.00",1211,15947.0,4153,91,0.071,0.778,0.685
713249883,"$3,359.00",873,2486.0,4572,81,0.26,0.785,0.688
714207483,"$11,997.00",1424,10573.0,4125,80,0.119,0.749,0.86
720068808,"$3,302.00",1980,1322.0,3899,65,0.6,0.625,0.711
778601733,"$2,687.00",1689,998.0,2370,34,0.629,0.714,0.789
709779258,"$1,438.30",0,1438.3,4075,71,0.0,0.939,0.614
713696808,"$1,801.00",316,1485.0,2252,42,0.175,0.494,0.4
720044658,"$4,573.00",2076,2497.0,2720,46,0.454,0.839,0.484
716373483,"$2,860.00",2517,343.0,1544,45,0.88,0.38,0.364
714305508,"$13,387.00",0,13387.0,3706,81,0.0,0.746,0.62
712202433,"$2,283.00",1020,1263.0,3687,68,0.447,0.944,1.125
716600733,"$2,033.00",228,1805.0,2572,43,0.112,0.904,0.72
778372158,"$2,506.00",1549,957.0,4747,91,0.618,0.752,0.936
714176133,"$1,438.30",735,703.3,4220,87,0.511,0.762,0.673
708969633,"$2,447.00",2195,252.0,4544,80,0.897,0.717,0.667
715765758,"$1,438.30",814,624.3,4217,72,0.566,0.675,0.5
803097333,"$10,873.00",1514,9359.0,5089,82,0.139,0.879,0.783
710411358,"$7,596.00",2199,5397.0,2164,45,0.289,0.633,0.5
715660308,"$2,921.00",2412,509.0,2612,33,0.826,0.823,0.375
711866358,"$10,136.00",0,10136.0,4429,78,0.0,0.428,0.472
710738883,"$2,187.00",1094,1093.0,4222,61,0.5,0.843,0.649
717822108,"$3,302.00",2517,785.0,4613,85,0.762,0.785,0.932
714407058,"$30,997.00",2330,28667.0,3821,81,0.075,0.65,0.841
710744433,"$2,578.00",2424,154.0,4077,78,0.94,0.517,0.625
778959258,"$1,438.30",0,1438.3,2585,45,0.0,0.905,0.5
713320008,"$3,034.00",468,2566.0,4172,66,0.154,0.553,0.784
766795983,"$1,438.30",0,1438.3,4692,91,0.0,0.756,0.596
716256483,"$2,611.00",1824,787.0,4232,80,0.699,0.711,0.633
712364283,"$2,222.00",1398,824.0,3960,79,0.629,0.785,0.756
714620358,"$3,328.00",2517,811.0,2196,47,0.756,0.553,0.621
709145958,"$2,440.00",1002,1438.0,1533,42,0.411,0.061,0.105
709787733,"$9,723.00",1307,8416.0,4043,76,0.134,0.803,0.9
809071083,"$2,346.00",2150,196.0,4592,90,0.916,0.666,0.8
721165608,"$26,142.00",0,26142.0,3969,78,0.0,0.651,0.902
716668308,"$12,405.00",0,12405.0,3151,39,0.0,0.949,0.444
708760458,"$17,655.00",0,17655.0,3692,79,0.0,0.583,0.549
720333783,"$4,941.00",786,4155.0,3822,50,0.159,0.833,1.083
789212883,"$1,644.00",0,1644.0,2533,44,0.0,0.82,0.517
711341433,"$3,095.00",2010,1085.0,3901,77,0.649,0.668,0.711
720235608,"$3,828.00",0,3828.0,4470,58,0.0,0.599,0.812
716890533,"$2,182.00",1722,460.0,5377,86,0.789,0.937,0.654
708491508,"$13,906.00",1430,12476.0,3856,68,0.103,0.772,1.061
718542858,"$10,588.00",994,9594.0,4623,84,0.094,0.786,0.585
717750858,"$2,973.00",2446,527.0,3769,78,0.823,0.612,0.95
712450008,"$4,045.00",0,4045.0,2438,41,0.0,0.66,0.464
827628408,"$2,165.00",1465,700.0,3672,64,0.677,0.622,0.73
713492583,"$5,845.00",0,5845.0,2308,35,0.0,0.504,0.591
718054833,"$15,341.00",1016,14325.0,2916,65,0.066,0.709,0.548
788770908,"$3,035.00",1498,1537.0,4275,67,0.494,0.903,0.675
710175783,"$1,986.00",1042,944.0,4303,59,0.525,0.593,0.788
715429608,"$4,602.00",1517,3085.0,3520,66,0.33,1.292,1.0
714058308,"$2,689.00",2384,305.0,1941,53,0.887,0.365,0.656
717965808,"$9,383.00",829,8554.0,5783,73,0.088,0.515,0.622
709265208,"$1,438.30",780,658.3,4422,59,0.542,0.66,0.844
713114133,"$1,443.00",0,1443.0,2092,38,0.0,0.529,0.31
721349883,"$2,847.00",2082,765.0,3672,59,0.731,0.787,0.553
758965158,"$15,638.00",1729,13909.0,4396,83,0.111,0.843,0.566
749722908,"$10,700.00",1346,9354.0,4054,68,0.126,0.639,0.7
709495833,"$1,438.30",0,1438.3,1944,36,0.0,0.421,0.5
717575958,"$1,694.00",479,1215.0,2349,42,0.283,0.838,0.312
714406158,"$7,939.00",0,7939.0,2269,42,0.0,0.551,0.312
767243208,"$2,555.00",1587,968.0,4193,79,0.621,1.088,0.881
711515433,"$2,850.00",2517,333.0,4320,85,0.883,0.625,0.735
720190908,"$8,973.00",1300,7673.0,4699,72,0.145,0.568,0.714
818814933,"$6,960.00",1536,5424.0,3112,79,0.221,0.437,0.549
719794383,"$4,167.00",0,4167.0,5039,85,0.0,0.917,0.809
709766808,"$5,099.00",1178,3921.0,3819,82,0.231,0.912,0.864
709666908,"$2,782.00",1782,1000.0,4669,93,0.641,0.853,0.755
794653983,"$1,480.00",1017,463.0,5245,80,0.687,1.008,0.86
716593533,"$5,070.00",0,5070.0,3651,76,0.0,1.01,0.652
714113658,"$2,757.00",1425,1332.0,3992,76,0.517,0.574,1.054
708776658,"$5,774.00",1519,4255.0,4444,70,0.263,0.458,0.667
712225008,"$6,054.00",1103,4951.0,3998,80,0.182,0.613,0.739
787450758,"$19,090.00",0,19090.0,4712,88,0.0,0.53,0.517
789099783,"$2,069.00",839,1230.0,4117,70,0.406,0.923,0.707
711751533,"$2,447.00",1973,474.0,4784,75,0.806,0.476,0.562
708367908,"$3,022.00",1627,1395.0,4390,82,0.538,0.835,0.783
714951858,"$4,473.00",0,4473.0,4047,56,0.0,0.543,0.75
720436008,"$5,267.00",0,5267.0,4196,81,0.0,0.631,0.588
718984533,"$7,199.00",1274,5925.0,4552,100,0.177,0.639,0.786
716982483,"$1,438.30",0,1438.3,4497,79,0.0,0.584,0.612
708681708,"$3,245.00",0,3245.0,1977,29,0.0,0.553,0.261
720202008,"$3,888.00",2517,1371.0,4377,88,0.647,0.641,0.725
714483033,"$14,728.00",0,14728.0,4660,85,0.0,0.708,0.735
711468708,"$1,438.30",0,1438.3,1986,52,0.0,0.406,0.486
821724483,"$11,272.00",1744,9528.0,1455,34,0.155,0.347,0.214
716402508,"$2,705.00",1681,1024.0,4265,87,0.621,0.577,0.776
721189008,"$12,270.00",0,12270.0,4578,67,0.0,0.543,0.811
712867983,"$3,006.00",633,2373.0,5177,66,0.211,0.733,0.65
713814408,"$7,901.00",1184,6717.0,3667,66,0.15,0.863,0.784
716671983,"$5,983.00",1885,4098.0,4141,65,0.315,0.601,0.711
708252108,"$7,362.00",1907,5455.0,4065,65,0.259,0.693,0.711
717212958,"$3,046.00",2415,631.0,3153,57,0.793,0.492,0.583
713048733,"$34,516.00",1871,32645.0,4054,75,0.054,0.356,0.364
779841483,"$12,972.00",1424,11548.0,2238,36,0.11,0.525,0.2
710701233,"$17,785.00",1259,16526.0,3890,72,0.071,0.806,1.118
718837683,"$3,029.00",1505,1524.0,2394,50,0.497,0.56,0.471
718127958,"$9,097.00",1656,7441.0,4174,85,0.182,0.813,0.7
718685358,"$1,438.30",0,1438.3,4488,84,0.0,0.827,0.826
771559158,"$2,375.00",1163,1212.0,4769,80,0.49,0.917,0.905
710138883,"$8,109.00",0,8109.0,1835,43,0.0,0.601,0.344
711197658,"$2,618.00",2026,592.0,4198,68,0.774,0.669,0.619
709045683,"$3,549.00",0,3549.0,3921,63,0.0,0.584,0.8
708272808,"$2,718.00",1474,1244.0,3542,59,0.542,0.71,0.639
720292983,"$2,230.00",1796,434.0,4929,61,0.805,0.637,0.488
709112508,"$3,802.00",1300,2502.0,2165,36,0.342,0.627,0.385
712840608,"$2,736.00",993,1743.0,4078,85,0.363,1.06,0.977
788920308,"$2,258.00",1250,1008.0,4368,75,0.554,0.611,0.596
718160358,"$1,438.30",0,1438.3,2492,35,0.0,0.885,0.296
719325783,"$2,954.00",2517,437.0,1909,28,0.852,0.619,0.474
712885533,"$11,882.00",1472,10410.0,3291,62,0.124,0.413,0.722
719268333,"$1,438.30",0,1438.3,4205,88,0.0,0.929,0.66
721004133,"$1,438.30",538,900.3,4093,73,0.374,0.675,0.659
714103908,"$2,778.00",743,2035.0,4515,74,0.267,0.812,0.51
771502383,"$2,474.00",1539,935.0,4884,80,0.622,0.649,0.509
713014533,"$5,632.00",1596,4036.0,3557,64,0.283,0.951,1.065
713980383,"$11,025.00",0,11025.0,1902,28,0.0,0.501,0.273
711294258,"$2,642.00",2377,265.0,4780,88,0.9,0.829,0.725
719954733,"$30,357.00",1255,29102.0,4435,68,0.041,0.788,0.889
711561933,"$2,201.00",1420,781.0,4256,70,0.645,0.762,0.591
826077033,"$2,002.00",0,2002.0,2423,39,0.0,0.803,0.857
711555483,"$8,777.00",2517,6260.0,4551,83,0.287,0.696,0.729
715194183,"$2,575.00",411,2164.0,2423,43,0.16,0.833,0.593
716929233,"$5,182.00",1607,3575.0,5235,92,0.31,0.874,0.586
709014558,"$3,783.00",0,3783.0,4383,82,0.0,0.59,0.783
710636208,"$34,516.00",0,34516.0,3847,74,0.0,0.922,0.805
815525508,"$1,515.00",0,1515.0,3894,60,0.0,0.819,0.818
718746933,"$2,865.00",2022,843.0,3441,66,0.706,0.547,0.65
715686183,"$2,711.00",0,2711.0,4795,65,0.0,0.636,1.031
741778458,"$2,341.00",1550,791.0,3406,57,0.662,0.656,1.478
801056358,"$13,287.00",1864,11423.0,3851,75,0.14,0.603,0.705
709486158,"$1,438.30",0,1438.3,4530,72,0.0,0.896,0.636
713826183,"$1,639.00",0,1639.0,2242,44,0.0,0.481,0.571
803342358,"$5,668.00",2517,3151.0,3382,56,0.444,0.704,0.931
780292683,"$24,542.00",2354,22188.0,984,24,0.096,0.314,0.263
788646858,"$1,959.00",1268,691.0,4275,61,0.647,0.731,0.649
711116133,"$1,838.00",0,1838.0,2461,47,0.0,0.743,1.136
708584208,"$3,111.00",2517,594.0,2367,41,0.809,0.646,0.519
789097833,"$3,927.00",720,3207.0,4230,93,0.183,0.63,0.898
709443633,"$4,345.00",838,3507.0,4770,62,0.193,0.593,0.722
767280633,"$3,003.00",1454,1549.0,4378,96,0.484,0.595,0.548
713096583,"$1,438.30",544,894.3,2294,40,0.378,0.543,0.739
721033908,"$2,541.00",1053,1488.0,4552,82,0.414,0.926,0.745
756025233,"$2,422.00",1014,1408.0,2437,44,0.419,0.688,0.467
711977508,"$1,440.00",1211,229.0,2141,40,0.841,0.465,0.481
772076208,"$26,108.00",1146,24962.0,3677,70,0.044,0.476,0.892
710666583,"$2,516.00",2312,204.0,2321,36,0.919,0.625,0.5
712369308,"$3,646.00",1047,2599.0,1969,38,0.287,0.633,0.52
794784633,"$2,214.00",2123,91.0,4478,77,0.959,0.64,0.791
716437533,"$11,862.00",0,11862.0,4101,88,0.0,0.52,0.66
715109508,"$8,729.00",1427,7302.0,5347,96,0.163,0.829,0.524
795392433,"$2,423.00",0,2423.0,4651,69,0.0,0.663,0.568
712721358,"$4,073.00",2517,1556.0,2059,43,0.618,0.575,0.433
720118908,"$9,916.00",0,9916.0,3477,65,0.0,0.793,0.667
799486158,"$1,438.30",949,489.3,4222,65,0.66,0.736,0.667
718980633,"$6,452.00",1151,5301.0,4835,84,0.178,0.884,0.714
717336408,"$1,952.00",1411,541.0,2452,44,0.723,0.642,0.63
709546608,"$1,438.30",647,791.3,4803,64,0.45,0.889,0.684
823624158,"$4,500.00",0,4500.0,4579,78,0.0,0.761,0.814
771688983,"$2,252.00",1811,441.0,4201,68,0.804,0.68,1.125
708701358,"$2,370.00",2031,339.0,4000,79,0.857,0.889,0.975
712048008,"$2,610.00",1988,622.0,4127,69,0.762,0.576,0.533
710712783,"$2,294.00",1787,507.0,3904,76,0.779,0.748,0.854
716626008,"$5,062.00",1659,3403.0,4243,102,0.328,0.836,0.672
718284408,"$2,415.00",1452,963.0,3970,68,0.601,0.609,0.619
717414933,"$2,918.00",2049,869.0,3818,61,0.702,0.501,0.605
713032233,"$2,708.00",2271,437.0,4812,83,0.839,0.61,0.766
714234858,"$3,666.00",1739,1927.0,4735,84,0.474,0.779,0.826
714818058,"$1,438.30",0,1438.3,4591,74,0.0,0.71,0.644
708731658,"$1,438.30",0,1438.3,1587,42,0.0,0.387,0.448
708706833,"$2,809.00",0,2809.0,2466,40,0.0,0.854,0.538
780100533,"$26,303.00",2376,23927.0,3586,67,0.09,0.583,0.914
711712983,"$15,982.00",0,15982.0,4503,80,0.0,0.687,0.667
712549758,"$25,060.00",0,25060.0,3749,61,0.0,0.758,0.743
713348433,"$1,545.00",751,794.0,4477,62,0.486,0.551,0.59
820599333,"$1,438.30",604,834.3,4469,85,0.42,0.771,0.932
787261008,"$4,112.00",1128,2984.0,4446,75,0.274,0.587,0.667
778343958,"$1,451.00",0,1451.0,3866,72,0.0,0.5,0.714
788407833,"$16,424.00",1368,15056.0,4025,79,0.083,0.55,0.881
760807608,"$2,340.00",1680,660.0,4751,83,0.718,0.791,0.804
771108933,"$1,926.00",879,1047.0,4385,71,0.456,0.536,0.614
715954158,"$2,954.00",931,2023.0,2433,29,0.315,0.575,0.381
715499058,"$1,848.00",0,1848.0,2775,33,0.0,0.906,0.435
717995958,"$1,634.00",1463,171.0,4397,72,0.895,0.873,0.565
718736883,"$4,328.00",2058,2270.0,3421,61,0.476,0.835,1.033
721045608,"$2,943.00",2131,812.0,4554,75,0.724,0.597,0.562
715215108,"$2,611.00",1573,1038.0,4899,68,0.602,0.902,0.581
795823383,"$2,419.00",0,2419.0,3888,63,0.0,0.762,0.853
718338708,"$5,481.00",0,5481.0,3380,73,0.0,0.784,0.78
713588958,"$2,129.00",1507,622.0,3655,70,0.708,0.636,0.667
710120358,"$9,026.00",2312,6714.0,2229,37,0.256,0.561,0.762
809582058,"$1,761.00",1249,512.0,4410,73,0.709,0.936,0.622
709199358,"$3,316.00",0,3316.0,1684,19,0.0,0.372,0.188
821889858,"$1,970.00",1477,493.0,2493,44,0.75,0.662,0.571
815324433,"$1,438.30",0,1438.3,4200,86,0.0,0.921,0.536
793656633,"$2,278.00",1303,975.0,5101,76,0.572,0.645,0.617
713246208,"$13,364.00",1318,12046.0,4548,54,0.099,1.063,0.862
711493158,"$2,801.00",2467,334.0,4926,90,0.881,0.701,0.731
721163133,"$28,292.00",0,28292.0,3948,60,0.0,0.542,0.538
826417233,"$2,933.00",1011,1922.0,5089,71,0.345,0.814,0.868
711619608,"$21,630.00",0,21630.0,4584,84,0.0,0.804,0.75
712244733,"$3,132.00",2230,902.0,4412,73,0.712,0.78,0.659
709638783,"$2,961.00",2048,913.0,4056,92,0.692,0.913,0.769
720296808,"$4,173.00",1771,2402.0,2554,47,0.424,0.711,0.516
718926258,"$2,458.00",642,1816.0,4627,90,0.261,0.666,0.698
714706083,"$12,229.00",997,11232.0,4284,75,0.082,0.811,0.596
721473783,"$2,272.00",604,1668.0,4614,75,0.266,0.987,0.974
712230408,"$6,953.00",1445,5508.0,3700,80,0.208,0.591,0.569
716186883,"$1,792.00",933,859.0,4120,78,0.521,0.821,0.773
715204083,"$2,765.00",901,1864.0,4990,80,0.326,0.898,0.905
709283358,"$2,895.00",0,2895.0,2473,42,0.0,0.663,0.273
817887408,"$6,904.00",1148,5756.0,3485,84,0.166,0.649,0.615
789481233,"$2,220.00",0,2220.0,2859,55,0.0,0.872,0.833
718184883,"$1,495.00",0,1495.0,3878,63,0.0,0.802,0.703
821157183,"$2,541.00",1398,1143.0,4698,88,0.55,0.635,0.833
709837308,"$7,531.00",0,7531.0,3833,71,0.0,1.007,0.578
779491908,"$8,644.00",1391,7253.0,4272,59,0.161,0.896,0.686
718399233,"$1,531.00",0,1531.0,4152,77,0.0,0.704,0.54
779447358,"$2,884.00",2104,780.0,4486,93,0.73,0.857,0.86
710661333,"$10,241.00",1545,8696.0,2513,47,0.151,0.581,0.424
789114408,"$4,182.00",0,4182.0,4693,82,0.0,0.853,0.608
710570058,"$3,101.00",0,3101.0,2512,37,0.0,0.66,0.37
712681608,"$4,542.00",1355,3187.0,4011,70,0.298,0.48,0.556
709086933,"$3,372.00",2517,855.0,4209,72,0.746,0.729,0.756
709179708,"$3,099.00",0,3099.0,3622,75,0.0,0.72,0.667
711206958,"$2,416.00",1305,1111.0,4163,73,0.54,0.93,0.698
823928058,"$5,299.00",578,4721.0,4509,79,0.109,0.931,0.717
796330983,"$2,138.00",1283,855.0,4785,85,0.6,0.645,0.518
771284658,"$1,850.00",896,954.0,2613,41,0.484,0.724,0.708
779307558,"$3,585.00",0,3585.0,4806,81,0.0,0.782,0.653
788846508,"$2,690.00",1903,787.0,4567,81,0.707,0.824,0.8
783500283,"$29,100.00",1228,27872.0,5041,74,0.042,0.722,0.805
802247658,"$2,699.00",2422,277.0,2599,43,0.897,0.773,0.433
795573333,"$8,376.00",1165,7211.0,4142,67,0.139,0.888,0.634
721366308,"$13,509.00",2060,11449.0,3702,64,0.152,0.729,0.829
720377433,"$2,396.00",2217,179.0,4593,74,0.925,0.978,0.721
711243108,"$18,964.00",2207,16757.0,3835,78,0.116,0.625,0.625
789351783,"$2,114.00",1618,496.0,4518,88,0.765,0.664,0.692
719699208,"$1,623.00",729,894.0,4423,65,0.449,0.886,0.806
720774183,"$2,579.00",1959,620.0,4300,69,0.76,0.618,0.683
713590158,"$5,045.00",2080,2965.0,2042,40,0.412,0.738,0.481
715547058,"$2,089.00",0,2089.0,2707,51,0.0,0.871,0.5
815596608,"$2,866.00",921,1945.0,4615,72,0.321,0.654,0.6
718921683,"$9,738.00",1835,7903.0,4816,49,0.188,0.763,0.885
720031908,"$4,370.00",0,4370.0,4326,74,0.0,0.791,0.721
716716083,"$3,355.00",1878,1477.0,4578,84,0.56,0.725,0.953
819969933,"$5,070.00",0,5070.0,4193,67,0.0,0.67,0.811
714382608,"$2,572.00",1161,1411.0,4315,85,0.451,0.569,0.518
720092283,"$2,016.00",978,1038.0,4379,78,0.485,0.736,0.95
720531633,"$3,552.00",2517,1035.0,2665,36,0.709,0.865,0.333
718508883,"$2,325.00",238,2087.0,2306,47,0.102,0.64,0.621
708794133,"$2,533.00",2136,397.0,3197,50,0.843,0.757,1.174
713447583,"$3,871.00",2055,1816.0,5480,58,0.531,0.824,0.933
716107158,"$3,983.00",431,3552.0,3098,46,0.108,0.887,0.438
712713108,"$2,035.00",1883,152.0,4802,85,0.925,0.955,0.604
719245083,"$1,773.00",1539,234.0,4087,74,0.868,0.893,0.762
708269583,"$2,029.00",1377,652.0,4014,86,0.679,0.838,0.686
720234708,"$15,490.00",0,15490.0,2429,50,0.0,0.742,0.471
709436883,"$2,941.00",1619,1322.0,5000,87,0.55,0.9,0.673
714140133,"$2,314.00",1547,767.0,4678,74,0.669,0.804,1.0
716136333,"$4,212.00",2517,1695.0,2725,41,0.598,0.718,0.519
715031433,"$6,248.00",1493,4755.0,4664,60,0.239,0.597,0.579
810667158,"$2,430.00",974,1456.0,4344,75,0.401,0.677,0.596
715253433,"$5,543.00",1372,4171.0,5266,79,0.248,0.744,0.795
809937933,"$2,470.00",2013,457.0,4384,82,0.815,0.97,1.0
708997833,"$3,255.00",603,2652.0,4045,62,0.185,0.617,0.824
718296558,"$1,691.00",1327,364.0,2345,33,0.785,0.774,0.435
780086658,"$18,229.00",0,18229.0,2060,39,0.0,0.544,0.625
708754833,"$2,827.00",1182,1645.0,4583,72,0.418,0.902,1.0
788638908,"$2,351.00",2127,224.0,4278,71,0.905,0.703,0.821
715607958,"$4,202.00",2201,2001.0,4385,78,0.524,0.714,0.66
708515358,"$4,712.00",0,4712.0,4216,82,0.0,0.84,0.64
716357058,"$2,611.00",787,1824.0,2955,56,0.301,0.298,0.6
714569958,"$3,206.00",2459,747.0,3852,65,0.767,0.696,0.625
716822583,"$5,245.00",802,4443.0,3648,74,0.153,0.504,0.574
721109358,"$2,583.00",0,2583.0,4162,87,0.0,0.781,0.812
827635083,"$1,438.30",755,683.3,4222,75,0.525,0.62,0.744
715492983,"$7,464.00",2517,4947.0,4348,62,0.337,0.9,0.879
712234308,"$4,928.00",1805,3123.0,4767,90,0.366,0.641,0.698
708334158,"$9,863.00",686,9177.0,3068,58,0.07,0.581,0.933
812488608,"$5,024.00",2209,2815.0,4908,73,0.44,0.66,0.659
793345008,"$1,438.30",0,1438.3,4287,80,0.0,0.801,0.667
715487733,"$1,452.00",0,1452.0,2287,42,0.0,0.553,0.5
788856408,"$3,317.00",1041,2276.0,4264,75,0.314,0.923,1.027
708154833,"$1,438.30",811,627.3,2336,46,0.564,0.571,0.278
721147383,"$2,448.00",1740,708.0,4087,81,0.711,0.901,0.841
803973483,"$1,546.00",0,1546.0,4496,83,0.0,0.793,0.66
788941983,"$2,013.00",0,2013.0,2425,50,0.0,0.602,0.923
715603233,"$2,293.00",1460,833.0,4436,74,0.637,0.658,0.542
709945458,"$1,438.30",512,926.3,4791,82,0.356,0.776,0.708
714614133,"$2,819.00",0,2819.0,2128,39,0.0,0.4,0.444
768167358,"$1,702.00",1018,684.0,4301,86,0.598,0.645,0.72
737967708,"$1,611.00",938,673.0,4087,86,0.582,0.601,0.911
712920633,"$1,438.30",0,1438.3,4348,79,0.0,0.618,0.646
780373233,"$2,863.00",1940,923.0,4985,90,0.678,0.823,0.636
721384308,"$3,272.00",2323,949.0,4763,86,0.71,1.123,0.593
712242633,"$2,677.00",2517,160.0,3911,76,0.94,0.609,0.81
713610933,"$2,708.00",0,2708.0,4277,90,0.0,0.572,0.636
714257958,"$1,738.00",0,1738.0,4220,68,0.0,0.654,0.889
772172883,"$6,145.00",1349,4796.0,4893,93,0.22,0.971,0.824
720204558,"$1,640.00",999,641.0,4597,77,0.609,0.811,0.878
779635533,"$2,348.00",1028,1320.0,5125,71,0.438,0.469,0.578
804658833,"$1,657.00",0,1657.0,4068,73,0.0,0.664,0.622
756691608,"$4,554.00",780,3774.0,4816,81,0.171,0.658,0.588
806219808,"$5,119.00",1972,3147.0,5146,88,0.385,0.835,0.956
826266483,"$10,600.00",598,10002.0,4586,81,0.056,0.843,0.929
775152708,"$20,769.00",901,19868.0,1835,43,0.043,0.371,0.72
787596558,"$7,116.00",981,6135.0,4748,85,0.138,0.858,0.735
803205258,"$2,420.00",2379,41.0,4348,86,0.983,0.741,0.955
716041908,"$2,082.00",805,1277.0,4383,75,0.387,1.049,0.875
708837858,"$2,718.00",1718,1000.0,4423,68,0.632,0.679,0.619
828227433,"$5,626.00",778,4848.0,4957,84,0.138,1.009,1.049
714487458,"$2,920.00",0,2920.0,2306,39,0.0,0.516,0.625
711390333,"$6,526.00",489,6037.0,2331,45,0.075,0.678,0.452
787974108,"$1,793.00",792,1001.0,2374,40,0.442,0.723,0.429
714036258,"$2,798.00",1963,835.0,4255,64,0.702,0.805,0.561
788752833,"$2,427.00",1581,846.0,3857,69,0.651,0.694,0.816
773108958,"$3,011.00",2138,873.0,4439,75,0.71,0.565,0.875
782437008,"$2,255.00",1769,486.0,4717,83,0.784,0.767,0.804
710729358,"$6,479.00",0,6479.0,2539,42,0.0,0.946,0.5
827423433,"$7,492.00",1399,6093.0,3668,67,0.187,0.533,0.675
756919683,"$3,632.00",1294,2338.0,4339,86,0.356,0.924,0.686
779219208,"$1,744.00",0,1744.0,4811,86,0.0,0.702,0.686
712342833,"$5,905.00",2248,3657.0,4042,80,0.381,0.728,0.86
721121283,"$2,573.00",1280,1293.0,4289,81,0.497,0.718,0.841
790006383,"$9,654.00",2035,7619.0,4221,67,0.211,0.648,0.634
756989583,"$1,605.00",0,1605.0,4418,68,0.0,0.637,0.659
717477783,"$10,195.00",2389,7806.0,1563,36,0.234,0.427,0.44
716614683,"$34,516.00",1255,33261.0,3847,73,0.036,0.731,0.698
789942033,"$10,573.00",0,10573.0,2237,43,0.0,0.794,0.387
740784258,"$1,789.00",1088,701.0,4191,90,0.608,0.683,0.525
711336033,"$7,595.00",1032,6563.0,4080,72,0.136,1.035,0.8
768141558,"$3,272.00",1896,1376.0,4220,74,0.579,0.725,0.897
717179508,"$2,382.00",1565,817.0,4011,68,0.657,0.73,0.838
716520033,"$1,981.00",1448,533.0,4639,61,0.731,0.723,0.743
783625008,"$22,294.00",0,22294.0,3444,71,0.0,0.647,0.614
769330908,"$2,574.00",1555,1019.0,4134,62,0.604,0.583,0.55
789396783,"$2,112.00",1109,1003.0,4729,78,0.525,0.693,0.733
709310433,"$5,441.00",812,4629.0,4480,76,0.149,0.534,0.551
713094483,"$4,391.00",0,4391.0,4741,78,0.0,0.757,0.814
770753733,"$3,044.00",1865,1179.0,4854,85,0.613,0.852,1.024
712659408,"$2,721.00",2159,562.0,4578,81,0.793,0.846,0.653
768475383,"$4,467.00",0,4467.0,4007,74,0.0,0.888,0.542
779655183,"$5,033.00",0,5033.0,4054,82,0.0,0.597,0.822
711278283,"$8,604.00",1075,7529.0,4705,65,0.125,0.464,0.806
713345508,"$2,325.00",1662,663.0,4471,83,0.715,0.8,0.804
711379083,"$2,758.00",1429,1329.0,5124,74,0.518,0.718,0.644
789144633,"$9,705.00",850,8855.0,2001,34,0.088,0.481,0.889
708393633,"$2,685.00",1647,1038.0,4625,94,0.613,0.812,0.516
708657033,"$2,694.00",1923,771.0,3837,71,0.714,0.714,0.732
717949008,"$1,554.00",412,1142.0,2341,43,0.265,0.568,0.483
788866983,"$1,438.30",0,1438.3,3383,61,0.0,0.923,1.103
751283658,"$1,786.00",1316,470.0,4306,73,0.737,0.704,1.086
718243533,"$2,648.00",0,2648.0,3880,74,0.0,0.715,0.721
779754408,"$2,477.00",2123,354.0,4349,69,0.857,0.699,0.725
794866983,"$7,336.00",1031,6305.0,3812,67,0.141,0.658,0.675
711832533,"$34,516.00",1396,33120.0,3748,62,0.04,0.688,0.938
788552658,"$2,479.00",1759,720.0,4562,86,0.71,0.81,0.72
715415508,"$9,396.00",1870,7526.0,4301,71,0.199,0.714,0.651
719962458,"$2,561.00",1491,1070.0,4869,70,0.582,0.733,0.522
712734933,"$4,020.00",0,4020.0,1952,39,0.0,0.563,0.345
717410508,"$25,856.00",1281,24575.0,3303,70,0.05,0.975,0.795
711796683,"$7,398.00",1581,5817.0,4311,73,0.214,0.428,0.921
709407933,"$34,516.00",1802,32714.0,4544,80,0.052,0.912,0.569
810493458,"$4,058.00",1349,2709.0,4388,72,0.332,0.723,0.6
720494058,"$3,042.00",0,3042.0,4781,79,0.0,0.578,0.756
717050883,"$2,688.00",1617,1071.0,4183,71,0.602,0.552,0.614
713163258,"$3,388.00",0,3388.0,1959,52,0.0,0.368,0.857
715659333,"$4,902.00",2517,2385.0,4508,69,0.513,0.982,0.643
712414908,"$3,241.00",0,3241.0,4992,80,0.0,0.629,0.739
720175008,"$5,069.00",1843,3226.0,4055,66,0.364,0.826,0.692
719876808,"$13,625.00",0,13625.0,3902,62,0.0,0.93,0.632
713334483,"$8,766.00",0,8766.0,2263,35,0.0,0.702,0.522
708360108,"$2,800.00",1338,1462.0,4869,90,0.478,0.818,0.8
720676158,"$9,005.00",1994,7011.0,5223,89,0.221,0.919,0.712
716631708,"$2,713.00",1990,723.0,4027,67,0.734,0.7,0.634
713025558,"$1,438.30",0,1438.3,1935,47,0.0,0.367,0.469
710506683,"$1,746.00",0,1746.0,4543,75,0.0,0.763,0.974
712428333,"$2,930.00",1901,1029.0,4041,75,0.649,0.638,0.596
718041033,"$2,178.00",1455,723.0,5363,76,0.668,1.001,0.81
709169133,"$1,438.30",0,1438.3,3995,82,0.0,0.751,0.608
718164858,"$2,021.00",1281,740.0,4642,97,0.634,0.847,0.672
809565183,"$1,842.00",625,1217.0,2650,43,0.339,0.729,0.483
778377183,"$18,284.00",1144,17140.0,4846,92,0.063,0.767,0.736
712845258,"$34,516.00",1642,32874.0,4161,71,0.048,0.891,0.868
716915133,"$1,696.00",0,1696.0,4397,70,0.0,0.666,0.628
771403008,"$7,215.00",0,7215.0,4409,75,0.0,0.829,0.974
787441383,"$1,793.00",1284,509.0,3989,62,0.716,0.902,0.938
711345258,"$5,731.00",0,5731.0,4751,85,0.0,0.685,0.932
713685033,"$2,417.00",0,2417.0,1848,38,0.0,0.389,0.407
718205283,"$1,438.30",0,1438.3,5035,76,0.0,0.777,0.767
708337683,"$21,800.00",893,20907.0,3820,62,0.041,0.445,0.676
720941433,"$1,547.00",0,1547.0,2312,43,0.0,0.845,0.303
710201058,"$1,485.00",736,749.0,4198,65,0.496,0.622,0.912
770740308,"$2,631.00",1699,932.0,4691,92,0.646,0.668,0.704
787493808,"$2,700.00",2480,220.0,2396,49,0.919,0.686,0.531
708846183,"$3,307.00",2234,1073.0,4006,68,0.676,0.818,0.838
810586833,"$29,638.00",857,28781.0,3429,78,0.029,0.481,0.696
711151383,"$2,066.00",347,1719.0,2157,37,0.168,0.511,0.321
712425258,"$1,859.00",1379,480.0,4260,72,0.742,0.836,0.714
772063308,"$13,362.00",0,13362.0,4155,79,0.0,0.682,0.795
718574808,"$2,431.00",1846,585.0,4327,74,0.759,0.612,0.644
717131283,"$6,034.00",1579,4455.0,4712,67,0.262,0.753,0.914
798996183,"$2,194.00",1512,682.0,4069,80,0.689,0.725,0.778
716831508,"$1,963.00",1524,439.0,3492,59,0.776,0.879,1.034
715297908,"$1,438.30",1125,313.3,2534,52,0.782,0.611,0.486
813234108,"$2,922.00",1212,1710.0,3895,70,0.415,0.662,0.591
711027183,"$6,943.00",600,6343.0,4946,80,0.086,0.653,0.739
718812708,"$34,516.00",219,34297.0,1882,48,0.006,0.482,0.714
709505808,"$4,345.00",2198,2147.0,1918,31,0.506,0.465,0.292
711267633,"$4,248.00",316,3932.0,2271,36,0.074,0.661,0.333
719613783,"$1,438.30",0,1438.3,4211,64,0.0,0.872,0.778
719035758,"$2,383.00",1516,867.0,4917,78,0.636,0.857,0.95
708473133,"$1,677.00",0,1677.0,4588,68,0.0,0.824,0.7
712996833,"$2,392.00",1129,1263.0,4309,86,0.472,0.695,0.72
720963258,"$3,474.00",0,3474.0,2675,37,0.0,0.735,0.48
819606258,"$8,737.00",1629,7108.0,3876,55,0.186,0.618,0.774
714634983,"$3,517.00",0,3517.0,2403,48,0.0,0.634,0.548
806428908,"$13,397.00",0,13397.0,5049,75,0.0,0.814,0.63
710903358,"$6,352.00",1386,4966.0,3709,77,0.218,0.5,0.604
712676208,"$1,787.00",1324,463.0,4084,79,0.741,0.684,1.026
709005633,"$18,734.00",0,18734.0,2112,52,0.0,0.674,0.857
712102983,"$1,438.30",0,1438.3,3832,87,0.0,0.634,0.673
754480233,"$3,525.00",0,3525.0,4742,62,0.0,0.798,0.824
719042208,"$2,067.00",1250,817.0,4565,65,0.605,0.891,0.806
716251608,"$2,051.00",0,2051.0,4355,87,0.0,0.989,0.977
715537383,"$27,378.00",1893,25485.0,3934,78,0.069,0.432,0.592
709460883,"$1,614.00",0,1614.0,2437,46,0.0,0.609,0.438
789325008,"$7,862.00",1991,5871.0,3645,82,0.253,0.654,0.608
719195733,"$4,284.00",1900,2384.0,4948,85,0.444,0.971,0.848
787665258,"$1,438.30",0,1438.3,2393,36,0.0,0.749,0.636
710226708,"$1,438.30",680,758.3,4573,93,0.473,0.77,0.691
711982383,"$21,805.00",1777,20028.0,4694,79,0.081,0.519,0.411
716345283,"$4,712.00",1920,2792.0,4277,66,0.407,0.596,0.571
816850458,"$1,698.00",0,1698.0,2448,40,0.0,0.823,0.379
710842308,"$2,264.00",928,1336.0,4150,83,0.41,0.662,0.844
713132133,"$2,720.00",1694,1026.0,5103,81,0.623,0.843,0.761
788874333,"$15,631.00",1305,14326.0,4313,67,0.083,0.668,0.914
717987258,"$2,594.00",1686,908.0,4503,67,0.65,0.624,0.811
793712658,"$15,011.00",2517,12494.0,1821,36,0.168,0.713,0.385
708324483,"$1,548.00",0,1548.0,4420,71,0.0,0.664,0.775
768612258,"$2,700.00",1623,1077.0,4171,78,0.601,0.848,0.814
719659758,"$2,919.00",1670,1249.0,4194,72,0.572,1.041,0.756
711313158,"$10,721.00",0,10721.0,4962,74,0.0,0.861,0.51
716483358,"$6,125.00",1329,4796.0,5481,68,0.217,0.646,0.7
719829633,"$3,200.00",1733,1467.0,5026,79,0.542,0.909,0.837
812465958,"$12,286.00",997,11289.0,4960,83,0.081,0.726,0.729
786536808,"$21,543.00",0,21543.0,3928,82,0.0,0.53,0.64
807369708,"$6,355.00",0,6355.0,4009,74,0.0,0.711,0.947
711397533,"$5,616.00",2410,3206.0,3410,62,0.429,0.962,0.59
711740508,"$2,661.00",1575,1086.0,4615,82,0.592,0.735,0.708
715233108,"$2,836.00",862,1974.0,4121,83,0.304,0.772,0.694
813807258,"$1,438.30",0,1438.3,4670,82,0.0,0.707,0.864
769183908,"$2,109.00",683,1426.0,4321,58,0.324,0.593,0.812
718451133,"$14,951.00",1413,13538.0,3899,68,0.095,0.784,1.061
721115733,"$1,591.00",894,697.0,3698,79,0.562,0.786,1.026
720085233,"$8,930.00",2517,6413.0,2167,38,0.282,0.661,0.357
717036408,"$4,685.00",1626,3059.0,4560,81,0.347,0.945,0.588
714427608,"$2,555.00",681,1874.0,4888,78,0.267,0.576,0.814
780019908,"$2,172.00",644,1528.0,4657,82,0.297,0.673,0.907
827898033,"$2,912.00",0,2912.0,2465,54,0.0,0.621,1.077
720302883,"$3,390.00",2180,1210.0,4585,78,0.643,0.877,0.95
715893633,"$2,193.00",1084,1109.0,4755,81,0.494,0.974,0.761
720730683,"$17,412.00",730,16682.0,4997,84,0.042,0.837,0.615
720638283,"$2,801.00",1731,1070.0,4568,83,0.618,0.644,0.93
789053883,"$11,186.00",2231,8955.0,3692,84,0.199,0.708,0.647
719286708,"$2,434.00",1340,1094.0,4498,76,0.551,0.668,0.81
713952558,"$1,790.00",1474,316.0,2128,40,0.823,0.595,0.429
793395933,"$2,716.00",1740,976.0,4208,69,0.641,0.65,0.568
813895458,"$2,874.00",0,2874.0,4617,89,0.0,0.676,0.78
771733608,"$1,438.30",0,1438.3,2276,40,0.0,0.809,0.538
710102208,"$18,776.00",0,18776.0,4464,75,0.0,0.81,0.596
719511783,"$1,438.30",1197,241.3,4916,78,0.832,0.917,0.696
712849158,"$19,793.00",2488,17305.0,2186,44,0.126,0.594,0.467
783070833,"$2,472.00",1899,573.0,4408,86,0.768,0.77,0.792
713419908,"$12,362.00",0,12362.0,4537,72,0.0,0.635,0.636
789345408,"$1,438.30",722,716.3,4983,53,0.502,0.894,1.12
720992883,"$3,189.00",1863,1326.0,4805,76,0.584,0.77,0.949
803652633,"$2,092.00",1575,517.0,5124,70,0.753,0.838,0.522
789248958,"$2,946.00",2517,429.0,5259,89,0.854,0.841,0.78
716178483,"$2,430.00",0,2430.0,4334,71,0.0,0.569,0.578
715440558,"$4,143.00",1888,2255.0,3940,74,0.456,0.561,0.805
711535158,"$2,197.00",461,1736.0,1955,42,0.21,0.636,0.448
713647083,"$9,314.00",1761,7553.0,3696,80,0.189,0.562,0.778
718311933,"$3,719.00",2517,1202.0,2587,43,0.677,0.666,0.536
718404783,"$6,996.00",0,6996.0,2384,33,0.0,0.871,0.375
817332483,"$7,306.00",0,7306.0,2445,43,0.0,0.875,0.593
710015733,"$2,029.00",621,1408.0,3142,37,0.306,1.001,0.85
794965233,"$13,199.00",781,12418.0,1927,44,0.059,0.411,0.63
710512833,"$3,304.00",1338,1966.0,5178,79,0.405,0.615,0.756
710803008,"$3,125.00",2041,1084.0,4372,68,0.653,0.675,0.659
712987608,"$1,438.30",1153,285.3,4263,84,0.802,0.866,0.909
716974383,"$2,491.00",1979,512.0,1911,35,0.794,0.629,0.75
720930633,"$1,977.00",0,1977.0,2341,37,0.0,0.868,0.37
710136258,"$1,806.00",0,1806.0,2833,43,0.0,0.983,0.654
779438208,"$1,938.00",1175,763.0,4606,75,0.606,0.85,0.875
721017333,"$3,188.00",2002,1186.0,4606,83,0.628,0.825,0.804
720952608,"$2,288.00",1505,783.0,4396,68,0.658,0.788,0.659
712886733,"$1,780.00",1338,442.0,4268,87,0.752,0.966,0.673
810545733,"$2,373.00",1480,893.0,4228,63,0.624,0.631,0.658
822132858,"$23,250.00",0,23250.0,2205,43,0.0,0.564,0.654
713526258,"$34,516.00",0,34516.0,2020,33,0.0,0.517,0.375
712877733,"$12,882.00",1402,11480.0,4407,84,0.109,0.783,0.647
713339283,"$6,348.00",798,5550.0,4135,71,0.126,1.042,0.972
720473433,"$2,621.00",2486,135.0,4955,78,0.948,0.755,0.733
780584658,"$1,843.00",1293,550.0,2077,61,0.702,0.349,0.694
711824358,"$3,228.00",0,3228.0,4524,70,0.0,0.747,0.667
789990333,"$2,303.00",722,1581.0,4469,80,0.314,0.807,0.778
721332033,"$29,195.00",892,28303.0,4411,67,0.031,0.565,0.763
709612983,"$2,990.00",1828,1162.0,2265,41,0.611,0.488,0.414
771058908,"$2,873.00",2455,418.0,4563,72,0.855,1.0,0.756
715471833,"$28,253.00",0,28253.0,4525,67,0.0,0.479,0.763
711781233,"$1,882.00",0,1882.0,5221,87,0.0,0.8,0.891
713947908,"$1,630.00",0,1630.0,4426,91,0.0,0.605,0.784
709741608,"$4,546.00",0,4546.0,3739,53,0.0,0.651,0.963
709333608,"$2,395.00",1345,1050.0,4983,84,0.562,0.811,0.867
709688883,"$3,845.00",0,3845.0,2174,39,0.0,0.595,0.393
716269308,"$2,836.00",1362,1474.0,4192,90,0.48,0.661,0.731
708692583,"$1,506.00",168,1338.0,2312,44,0.112,0.671,0.467
709892658,"$1,605.00",1300,305.0,4495,67,0.81,0.95,0.718
713815383,"$11,778.00",0,11778.0,2147,44,0.0,0.603,0.375
710183283,"$2,747.00",0,2747.0,5032,84,0.0,0.834,0.68
711937158,"$2,501.00",0,2501.0,4837,87,0.0,0.832,0.74
771486933,"$2,563.00",2242,321.0,3942,84,0.875,1.114,0.826
717450633,"$1,659.00",1544,115.0,1920,39,0.931,0.408,0.345
718421808,"$3,068.00",1765,1303.0,4611,73,0.575,0.853,0.698
716403633,"$3,426.00",1650,1776.0,4467,69,0.482,0.622,1.029
717646983,"$3,214.00",424,2790.0,2720,53,0.132,0.877,0.71
778837083,"$12,906.00",321,12585.0,2078,62,0.025,0.76,0.55
768632958,"$8,708.00",1091,7617.0,2508,49,0.125,0.904,0.885
715622508,"$7,904.00",0,7904.0,2094,32,0.0,0.712,0.231
708402333,"$4,549.00",1313,3236.0,4782,88,0.289,0.777,0.66
708946008,"$1,438.30",1214,224.3,2445,39,0.844,0.783,0.444
715625658,"$4,476.00",1492,2984.0,4603,87,0.333,0.933,0.706
789599283,"$2,002.00",1448,554.0,3406,62,0.723,0.734,0.632
708960858,"$11,502.00",2066,9436.0,4786,85,0.18,0.889,1.125
814840833,"$7,924.00",2517,5407.0,2393,37,0.318,0.663,0.682
772082208,"$16,199.00",0,16199.0,4254,82,0.0,0.771,0.673
711597183,"$1,452.00",0,1452.0,4571,72,0.0,0.97,0.846
712110333,"$2,179.00",0,2179.0,2568,48,0.0,0.725,0.297
718673358,"$13,590.00",1528,12062.0,2137,52,0.112,0.728,0.486
712479633,"$1,695.00",0,1695.0,2428,43,0.0,0.561,0.593
716108283,"$4,430.00",1579,2851.0,4833,82,0.356,0.836,0.673
779360808,"$2,919.00",2032,887.0,4937,75,0.696,0.654,0.667
716352033,"$2,796.00",1035,1761.0,4869,78,0.37,0.664,0.857
716643033,"$2,580.00",2137,443.0,2981,40,0.828,1.056,0.481
711567333,"$2,834.00",1720,1114.0,4581,70,0.607,0.62,0.591
788756133,"$2,617.00",1508,1109.0,4400,60,0.576,1.393,0.818
755437533,"$1,522.00",1273,249.0,5005,77,0.836,0.735,0.674
713573508,"$16,509.00",425,16084.0,1740,43,0.026,0.356,0.387
709430508,"$7,316.00",1335,5981.0,1849,50,0.182,0.563,0.471
710645583,"$7,627.00",1742,5885.0,4349,75,0.228,0.771,0.705
714253983,"$9,465.00",0,9465.0,3675,59,0.0,0.657,1.107
771566208,"$8,795.00",1318,7477.0,4681,74,0.15,0.563,0.682
713314533,"$12,283.00",0,12283.0,1993,41,0.0,0.413,0.323
720725883,"$2,715.00",1503,1212.0,4177,68,0.554,0.704,0.659
708539583,"$19,897.00",2232,17665.0,3979,63,0.112,0.672,0.5
716747283,"$2,097.00",1224,873.0,5059,79,0.584,0.819,0.681
787519683,"$3,028.00",2270,758.0,4727,78,0.75,0.804,0.66
721044333,"$1,695.00",761,934.0,4905,91,0.449,0.797,0.75
713679633,"$1,438.30",0,1438.3,1813,51,0.0,0.305,0.759
711126483,"$1,438.30",599,839.3,5136,76,0.416,0.897,0.9
814191333,"$24,250.00",278,23972.0,2153,41,0.011,0.647,0.577
715040208,"$5,076.00",871,4205.0,4115,72,0.172,0.693,0.6
710769258,"$4,438.00",1513,2925.0,3895,75,0.341,0.807,0.829
715227633,"$1,964.00",0,1964.0,4240,60,0.0,0.776,0.622
708635058,"$1,904.00",886,1018.0,4798,85,0.465,0.695,0.809
709051533,"$2,933.00",1569,1364.0,4956,92,0.535,0.648,0.673
718940208,"$18,202.00",1841,16361.0,3551,68,0.101,0.76,0.7
712361583,"$34,516.00",760,33756.0,3756,67,0.022,0.407,0.558
708390633,"$2,421.00",2312,109.0,4219,69,0.955,0.674,0.605
720281508,"$2,406.00",1491,915.0,4625,91,0.62,0.606,0.685
720885558,"$2,621.00",2426,195.0,4885,74,0.926,0.727,1.114
709781208,"$2,291.00",0,2291.0,5409,82,0.0,0.892,0.822
710086308,"$3,645.00",1179,2466.0,4680,87,0.323,0.559,0.933
713282733,"$3,375.00",1730,1645.0,4341,64,0.513,0.514,0.684
815812683,"$8,856.00",1433,7423.0,5072,77,0.162,0.811,0.711
708204033,"$2,980.00",2093,887.0,4132,70,0.702,0.522,0.667
720040158,"$17,656.00",0,17656.0,4633,71,0.0,0.727,0.868
755996583,"$2,475.00",0,2475.0,2574,43,0.0,0.823,0.654
711359058,"$3,942.00",1711,2231.0,4622,71,0.434,0.61,0.614
714064908,"$1,771.00",1289,482.0,4813,84,0.728,0.911,0.867
717074283,"$17,678.00",0,17678.0,2566,49,0.0,0.788,0.815
765847383,"$20,958.00",0,20958.0,4425,78,0.0,0.769,0.696
789531633,"$4,117.00",777,3340.0,5218,88,0.189,0.592,0.6
820593033,"$18,524.00",1736,16788.0,4496,64,0.094,0.762,0.882
710078358,"$2,222.00",1291,931.0,4095,88,0.581,0.988,0.63
715025208,"$3,119.00",1778,1341.0,4168,63,0.57,1.01,0.853
709596783,"$1,611.00",0,1611.0,4444,78,0.0,0.731,0.857
715960308,"$4,090.00",2517,1573.0,2016,49,0.615,0.562,0.69
716653758,"$1,467.00",0,1467.0,4226,74,0.0,0.739,0.85
787268733,"$2,442.00",1507,935.0,4535,85,0.617,0.631,0.809
789923058,"$1,816.00",0,1816.0,2474,44,0.0,0.884,0.692
771079833,"$1,438.30",0,1438.3,4332,78,0.0,0.845,0.696
710507733,"$14,958.00",1644,13314.0,4038,68,0.11,0.686,0.511
779269158,"$21,961.00",0,21961.0,2237,39,0.0,0.653,0.393
711627558,"$1,625.00",912,713.0,3968,73,0.561,0.877,0.698
710536983,"$3,007.00",2517,490.0,4423,67,0.837,0.853,0.675
712237458,"$11,629.00",802,10827.0,3752,78,0.069,0.912,0.902
778289883,"$1,507.00",0,1507.0,2528,41,0.0,0.806,0.64
714154533,"$3,111.00",1994,1117.0,4478,56,0.641,0.753,0.697
803657133,"$1,848.00",1408,440.0,4757,75,0.762,0.779,0.923
769053033,"$4,142.00",2517,1625.0,2104,44,0.608,0.809,0.833
713613258,"$1,438.30",0,1438.3,4461,71,0.0,0.746,0.821
768544833,"$2,202.00",1414,788.0,4531,77,0.642,0.593,0.54
720782658,"$3,591.00",1749,1842.0,5079,80,0.487,0.733,0.905
768162108,"$4,781.00",0,4781.0,2451,50,0.0,0.788,0.667
710511858,"$3,832.00",1439,2393.0,4741,88,0.376,0.851,0.76
714516033,"$9,025.00",1005,8020.0,4412,87,0.111,0.568,0.706
788630958,"$11,627.00",0,11627.0,3264,67,0.0,0.638,0.396
717646008,"$5,686.00",0,5686.0,4338,67,0.0,1.027,0.675
712290258,"$2,636.00",1840,796.0,4056,67,0.698,0.844,0.811
716292033,"$1,438.30",0,1438.3,4815,84,0.0,0.568,0.787
780372408,"$4,976.00",866,4110.0,4317,69,0.174,0.985,0.568
720853158,"$13,951.00",1607,12344.0,4576,70,0.115,0.932,0.591
823507833,"$14,370.00",945,13425.0,4510,79,0.066,0.557,0.646
711111633,"$21,681.00",0,21681.0,3844,75,0.0,0.704,1.083
709904508,"$2,634.00",1644,990.0,4190,71,0.624,1.092,0.732
712022883,"$2,204.00",919,1285.0,4555,82,0.417,0.712,1.0
712173108,"$2,447.00",1991,456.0,4228,82,0.814,0.719,0.708
714156633,"$3,068.00",0,3068.0,4533,79,0.0,0.897,0.795
714581358,"$1,502.00",0,1502.0,2204,36,0.0,0.529,0.44
713256033,"$4,181.00",1604,2577.0,3955,74,0.384,0.659,0.574
825831933,"$3,136.00",1103,2033.0,4528,81,0.352,0.812,0.884
720274158,"$4,478.00",1700,2778.0,3879,76,0.38,0.655,1.235
772394883,"$7,359.00",0,7359.0,2869,43,0.0,0.768,0.433
794253108,"$13,090.00",0,13090.0,3851,78,0.0,0.75,1.0
720899883,"$6,849.00",0,6849.0,3770,82,0.0,0.736,0.864
714313608,"$4,228.00",1886,2342.0,4356,74,0.446,1.076,0.682
716602683,"$5,678.00",2082,3596.0,5092,70,0.367,0.83,0.707
715928808,"$3,964.00",1218,2746.0,4580,75,0.307,0.593,1.419
771899433,"$7,970.00",2434,5536.0,1263,27,0.305,0.406,0.35
714771708,"$4,692.00",0,4692.0,4281,69,0.0,0.837,0.643
709711758,"$1,942.00",0,1942.0,1853,31,0.0,0.366,0.107
721137558,"$5,821.00",894,4927.0,2011,42,0.154,0.461,0.273
820268358,"$2,357.00",1462,895.0,4534,75,0.62,0.734,1.027
709273383,"$8,294.00",696,7598.0,4136,77,0.084,0.806,1.2
822959133,"$3,174.00",2084,1090.0,4508,83,0.657,0.636,1.075
720491958,"$1,438.30",0,1438.3,4302,74,0.0,0.734,0.762
713607108,"$1,852.00",1428,424.0,4486,61,0.771,0.795,0.848
709729533,"$1,809.00",457,1352.0,2169,49,0.253,0.703,0.485
717890583,"$3,503.00",1572,1931.0,4671,93,0.449,0.866,0.632
718384233,"$17,835.00",868,16967.0,4258,58,0.049,0.723,0.657
713401758,"$3,383.00",1458,1925.0,4897,75,0.431,0.678,0.562
773257233,"$7,128.00",1457,5671.0,3534,70,0.204,0.553,0.591
713556033,"$1,438.30",790,648.3,3959,59,0.549,0.615,0.735
719265108,"$3,815.00",1190,2625.0,4430,94,0.312,0.852,0.741
778740708,"$1,902.00",962,940.0,4203,69,0.506,0.534,0.725
710952933,"$2,077.00",1254,823.0,4226,75,0.604,0.821,1.143
720991833,"$2,514.00",2090,424.0,2603,53,0.831,0.842,0.606
779954658,"$34,516.00",0,34516.0,4714,82,0.0,0.846,0.745
714204108,"$2,144.00",1492,652.0,3859,55,0.696,0.96,0.571
805546308,"$5,951.00",2517,3434.0,4554,83,0.423,0.787,0.694
716244933,"$4,806.00",0,4806.0,4674,87,0.0,0.827,0.74
712018233,"$16,612.00",2517,14095.0,4697,94,0.152,0.602,0.808
802878408,"$2,799.00",0,2799.0,4116,88,0.0,0.689,0.571
719504433,"$18,064.00",1695,16369.0,3434,71,0.094,0.838,0.479
794558658,"$2,560.00",1430,1130.0,4783,86,0.559,0.766,0.792
711634008,"$5,821.00",0,5821.0,4591,70,0.0,0.859,1.188
708260208,"$2,057.00",1279,778.0,4321,76,0.622,0.562,0.689
713435058,"$1,972.00",1489,483.0,4715,66,0.755,0.69,0.65
719656533,"$2,675.00",0,2675.0,4149,79,0.0,0.7,0.717
719709558,"$6,223.00",2126,4097.0,4518,79,0.342,0.681,0.795
710311233,"$7,632.00",0,7632.0,4498,86,0.0,0.557,0.623
719216508,"$3,258.00",2517,741.0,4960,77,0.773,0.985,0.75
713105508,"$34,516.00",2040,32476.0,3754,53,0.059,0.764,1.038
710719683,"$3,054.00",845,2209.0,4460,88,0.277,0.731,0.692
817892208,"$1,438.30",0,1438.3,4006,72,0.0,1.126,0.946
714102183,"$7,970.00",2282,5688.0,1872,41,0.286,0.28,0.206
715410783,"$1,836.00",572,1264.0,2400,34,0.312,0.758,0.789
718202658,"$9,397.00",795,8602.0,5265,98,0.085,0.749,0.581
719445633,"$1,601.00",0,1601.0,4919,69,0.0,0.829,1.091
709820658,"$34,516.00",1170,33346.0,3785,64,0.034,0.678,0.6
718481283,"$1,822.00",1114,708.0,5210,73,0.611,0.539,0.553
789300408,"$1,614.00",700,914.0,4293,87,0.434,0.842,0.812
711970533,"$1,491.00",1349,142.0,4365,71,0.905,0.756,0.732
815088483,"$2,543.00",1156,1387.0,3864,64,0.455,0.641,0.684
717139608,"$3,462.00",1817,1645.0,4635,65,0.525,0.717,0.711
717626508,"$1,699.00",0,1699.0,5495,87,0.0,0.653,0.642
767668908,"$13,095.00",1836,11259.0,1552,32,0.14,0.432,0.185
712484733,"$8,823.00",2517,6306.0,4674,85,0.285,0.812,0.848
716216958,"$4,429.00",883,3546.0,4386,63,0.199,0.688,0.537
714246333,"$5,396.00",1803,3593.0,2107,39,0.334,0.493,0.393
718693683,"$2,418.00",2205,213.0,3918,74,0.912,0.84,0.51
716298633,"$2,086.00",1792,294.0,5774,84,0.859,0.859,0.909
755661933,"$1,899.00",671,1228.0,2434,45,0.353,0.736,0.406
712914783,"$7,564.00",0,7564.0,4743,82,0.0,0.61,0.822
711240108,"$13,116.00",1225,11891.0,4800,61,0.093,0.735,0.605
721396758,"$1,438.30",606,832.3,5062,80,0.421,0.692,0.818
715636533,"$3,716.00",0,3716.0,4833,73,0.0,0.886,0.521
711508608,"$3,069.00",1482,1587.0,4351,74,0.483,0.663,0.721
716669658,"$2,006.00",1608,398.0,2760,38,0.802,1.043,0.652
718212633,"$2,948.00",2232,716.0,3635,79,0.757,0.858,0.58
708357183,"$1,438.30",0,1438.3,3511,64,0.0,1.001,0.882
713629533,"$1,438.30",670,768.3,4321,83,0.466,0.909,0.804
771450708,"$4,669.00",1913,2756.0,4363,73,0.41,0.591,0.973
711311883,"$13,994.00",0,13994.0,3299,63,0.0,0.57,0.853
802673508,"$8,760.00",0,8760.0,2460,39,0.0,0.726,0.56
708113208,"$1,688.00",0,1688.0,4375,69,0.0,0.641,0.605
788786208,"$9,881.00",1794,8087.0,4725,85,0.182,0.582,0.735
720043533,"$4,534.00",917,3617.0,4211,66,0.202,0.84,0.61
801083133,"$3,545.00",1446,2099.0,3691,69,0.408,0.638,0.917
716246733,"$1,857.00",1528,329.0,4681,71,0.823,0.698,0.868
807157833,"$3,334.00",1272,2062.0,4284,73,0.382,1.12,0.587
721032633,"$2,496.00",1999,497.0,2590,50,0.801,0.724,0.667
828285858,"$1,438.30",765,673.3,4053,66,0.532,0.644,0.692
718890933,"$1,438.30",0,1438.3,2429,38,0.0,0.68,0.652
711148308,"$9,357.00",1285,8072.0,4173,77,0.137,0.694,0.711
712810233,"$2,423.00",1674,749.0,4258,80,0.691,0.644,0.538
714098883,"$1,936.00",1613,323.0,4773,80,0.833,0.841,0.818
779327733,"$1,783.00",1014,769.0,3861,81,0.569,0.956,0.558
716364408,"$1,438.30",0,1438.3,4155,62,0.0,0.622,0.632
710461083,"$1,438.30",0,1438.3,4333,84,0.0,0.622,0.826
709306983,"$10,580.00",1023,9557.0,4721,81,0.097,0.907,0.8
769035933,"$4,597.00",1316,3281.0,3507,68,0.286,0.646,0.511
813182658,"$1,656.00",929,727.0,4408,79,0.561,0.898,0.681
781110408,"$3,279.00",0,3279.0,5048,75,0.0,0.765,0.923
818007783,"$2,578.00",1590,988.0,4683,89,0.617,0.657,0.618
708862233,"$4,068.00",0,4068.0,5161,83,0.0,1.121,0.766
714006333,"$2,128.00",528,1600.0,2289,41,0.248,0.525,0.414
770596458,"$2,704.00",2262,442.0,2362,39,0.837,0.87,0.444
789392883,"$1,878.00",1247,631.0,4650,71,0.664,0.67,0.614
803805483,"$10,600.00",0,10600.0,4697,67,0.0,0.777,0.523
709534083,"$9,909.00",0,9909.0,1844,41,0.0,0.466,0.64
710579583,"$1,665.00",983,682.0,4420,86,0.59,0.889,0.72
708949908,"$1,656.00",0,1656.0,2073,44,0.0,0.626,0.833
711907083,"$14,111.00",1034,13077.0,2950,64,0.073,0.505,0.684
718696458,"$2,012.00",1230,782.0,3822,68,0.611,0.668,0.659
710611683,"$2,837.00",1807,1030.0,4279,83,0.637,0.609,0.627
721511883,"$1,709.00",0,1709.0,4981,79,0.0,0.685,0.975
779116158,"$5,714.00",868,4846.0,4331,85,0.152,0.636,0.7
720193533,"$5,071.00",1043,4028.0,3358,62,0.206,0.667,0.722
753094533,"$24,028.00",0,24028.0,3531,73,0.0,0.496,0.738
719545983,"$13,882.00",0,13882.0,4798,82,0.0,0.87,0.822
716494383,"$3,585.00",931,2654.0,4399,78,0.26,0.62,0.733
769892058,"$9,124.00",2126,6998.0,4564,65,0.233,0.449,0.548
709098108,"$2,705.00",0,2705.0,4749,80,0.0,0.736,0.778
715705683,"$1,936.00",1101,835.0,4578,70,0.569,0.984,0.892
715724808,"$8,051.00",2138,5913.0,4370,83,0.266,0.716,0.886
717123858,"$3,635.00",1617,2018.0,4045,62,0.445,0.828,1.067
716236683,"$2,532.00",1487,1045.0,4143,71,0.587,0.581,1.029
771224358,"$2,028.00",0,2028.0,4030,78,0.0,0.823,0.733
779310033,"$4,304.00",0,4304.0,1788,36,0.0,0.183,0.091
710595783,"$6,644.00",2082,4562.0,4659,76,0.313,0.915,0.854
711409833,"$1,830.00",650,1180.0,4838,71,0.355,0.724,0.972
721174008,"$7,607.00",2170,5437.0,4495,77,0.285,0.377,0.674
714192933,"$2,060.00",0,2060.0,1976,44,0.0,0.251,0.257
709632483,"$1,438.30",906,532.3,4457,84,0.63,0.541,0.714
718431258,"$3,126.00",1503,1623.0,3662,74,0.481,0.892,0.644
817029108,"$6,885.00",1611,5274.0,3804,67,0.234,0.955,0.861
796931508,"$1,871.00",0,1871.0,2593,48,0.0,0.73,0.548
769577358,"$2,787.00",1761,1026.0,4358,89,0.632,0.67,0.648
815589558,"$1,867.00",1478,389.0,4097,70,0.792,0.727,0.707
714287583,"$1,438.30",0,1438.3,1852,38,0.0,0.372,0.31
718975083,"$2,473.00",0,2473.0,2133,44,0.0,0.547,0.419
715315008,"$4,640.00",1555,3085.0,3870,70,0.335,0.78,0.707
779252283,"$2,712.00",2411,301.0,5201,82,0.889,0.844,0.907
714031083,"$8,869.00",0,8869.0,1935,40,0.0,0.413,0.429
772442883,"$3,853.00",696,3157.0,2443,38,0.181,0.882,0.583
714533058,"$1,438.30",721,717.3,4606,86,0.501,0.601,0.955
716570958,"$14,409.00",511,13898.0,2351,39,0.035,0.799,0.3
710116833,"$1,665.00",0,1665.0,2748,40,0.0,1.01,0.333
718586133,"$2,639.00",0,2639.0,4892,85,0.0,0.892,0.771
773322558,"$2,338.00",1566,772.0,3964,69,0.67,0.533,0.5
714554808,"$2,774.00",1362,1412.0,4802,91,0.491,0.866,0.685
717903108,"$4,283.00",488,3795.0,4689,65,0.114,0.865,0.477
815908908,"$6,263.00",2517,3746.0,2613,50,0.402,0.857,0.724
771464808,"$2,317.00",1301,1016.0,4161,71,0.562,0.925,1.219
708234558,"$2,239.00",1340,899.0,4540,73,0.598,0.658,0.587
715737258,"$2,225.00",0,2225.0,4917,84,0.0,1.06,0.75
710188308,"$1,519.00",1148,371.0,4927,73,0.756,0.767,0.738
708670608,"$5,495.00",2200,3295.0,5125,85,0.4,0.696,0.771
714839808,"$2,141.00",1176,965.0,4317,64,0.549,0.746,0.778
811140933,"$2,616.00",1786,830.0,5219,63,0.683,0.876,0.75
788937933,"$5,494.00",1356,4138.0,3566,81,0.247,0.463,0.884
721527858,"$2,003.00",1735,268.0,2343,42,0.866,0.855,0.355
718265658,"$2,092.00",1499,593.0,4130,80,0.717,0.811,1.162
714312708,"$6,606.00",2517,4089.0,4493,68,0.381,0.825,0.659
715821183,"$7,102.00",0,7102.0,4083,68,0.0,0.599,0.744
709487058,"$13,812.00",1132,12680.0,3723,56,0.082,0.699,0.867
712675158,"$7,075.00",1676,5399.0,4160,75,0.237,1.268,0.667
826473858,"$4,274.00",1680,2594.0,4820,60,0.393,0.78,0.765
817382958,"$2,317.00",0,2317.0,4894,89,0.0,0.57,0.854
712927383,"$1,438.30",642,796.3,1939,49,0.446,0.405,0.4
712894308,"$2,888.00",0,2888.0,4345,75,0.0,0.717,0.786
712349808,"$12,310.00",670,11640.0,4176,76,0.054,0.801,0.767
778780008,"$1,622.00",1249,373.0,4164,66,0.77,0.585,0.61
711430908,"$1,438.30",0,1438.3,2153,35,0.0,0.685,0.346
779670783,"$12,559.00",0,12559.0,4700,71,0.0,0.715,0.511
718757808,"$2,929.00",1287,1642.0,3875,67,0.439,0.497,0.595
779530908,"$1,438.30",0,1438.3,1897,58,0.0,0.5,0.706
716389833,"$2,319.00",1026,1293.0,4099,74,0.442,0.521,0.721
718469658,"$7,927.00",996,6931.0,4094,85,0.126,0.521,0.771
809849358,"$1,720.00",0,1720.0,2719,36,0.0,0.707,0.44
719772258,"$3,642.00",724,2918.0,4517,79,0.199,0.68,0.837
809363958,"$3,881.00",0,3881.0,4177,66,0.0,0.601,0.737
709165533,"$6,143.00",1151,4992.0,4330,72,0.187,0.866,0.895
809846283,"$1,438.30",0,1438.3,4154,78,0.0,0.72,0.814
708427908,"$2,035.00",1343,692.0,4643,86,0.66,0.835,0.686
721228308,"$3,899.00",0,3899.0,2182,40,0.0,0.718,0.429
713374533,"$1,981.00",1082,899.0,3913,90,0.546,0.584,0.731
708708858,"$2,422.00",502,1920.0,2548,46,0.207,0.997,0.484
721111233,"$11,964.00",800,11164.0,4853,85,0.067,0.954,0.848
708538608,"$3,862.00",0,3862.0,4058,81,0.0,0.578,0.723
718866633,"$33,142.00",0,33142.0,4347,63,0.0,0.846,0.575
719100633,"$34,516.00",1436,33080.0,3564,73,0.042,0.688,0.825
789328083,"$3,454.00",0,3454.0,2826,39,0.0,0.862,0.625
822905058,"$2,732.00",1746,986.0,4702,85,0.639,1.028,0.771
816549933,"$1,687.00",992,695.0,4342,82,0.588,0.721,0.783
716421633,"$3,523.00",0,3523.0,3174,44,0.0,0.973,0.222
712667958,"$5,773.00",2024,3749.0,3732,71,0.351,0.977,0.972
809559933,"$4,462.00",706,3756.0,2526,41,0.158,0.886,0.414
819979458,"$3,976.00",1789,2187.0,4419,75,0.45,0.931,0.829
708100533,"$2,679.00",2277,402.0,4943,85,0.85,0.736,0.735
778669608,"$1,564.00",0,1564.0,5172,78,0.0,1.114,0.733
802867683,"$1,536.00",728,808.0,4133,78,0.474,0.604,0.529
711893358,"$2,375.00",1196,1179.0,4087,66,0.504,0.641,0.833
785410158,"$2,719.00",0,2719.0,4172,65,0.0,0.794,0.97
718596858,"$3,369.00",2424,945.0,5220,78,0.72,0.825,0.592
708338958,"$3,173.00",1713,1460.0,3797,75,0.54,0.609,0.786
714688833,"$3,139.00",0,3139.0,4892,95,0.0,0.728,0.827
789662283,"$2,140.00",0,2140.0,2915,50,0.0,0.765,0.316
712805658,"$2,258.00",0,2258.0,4803,72,0.0,0.617,0.714
815598858,"$2,423.00",1779,644.0,4035,74,0.734,0.503,0.805
779412783,"$2,376.00",1969,407.0,4301,79,0.829,0.788,1.026
780036483,"$1,690.00",1459,231.0,3928,69,0.863,0.667,0.643
711527508,"$8,583.00",0,8583.0,1794,31,0.0,0.358,0.292
720768258,"$2,996.00",2147,849.0,4724,66,0.717,0.503,0.737
716023533,"$2,880.00",1996,884.0,4334,81,0.693,0.719,0.884
714075708,"$34,516.00",1426,33090.0,4814,71,0.041,0.621,0.69
787475433,"$6,966.00",905,6061.0,4855,69,0.13,0.755,0.5
787505133,"$11,316.00",1599,9717.0,2595,49,0.141,0.713,0.361
712241433,"$1,438.30",1003,435.3,4247,84,0.697,0.629,0.714
807990108,"$11,362.00",0,11362.0,3197,61,0.0,0.668,0.564
719018208,"$7,210.00",0,7210.0,2516,36,0.0,0.769,0.8
716641983,"$7,790.00",753,7037.0,4835,84,0.097,0.968,0.826
708989358,"$2,023.00",1587,436.0,4391,79,0.784,0.647,0.837
708807483,"$9,117.00",1259,7858.0,3837,75,0.138,0.88,0.705
715774833,"$1,801.00",940,861.0,3797,74,0.522,0.594,0.721
714733908,"$8,787.00",1087,7700.0,4537,75,0.124,0.974,1.273
721067658,"$27,436.00",642,26794.0,4051,81,0.023,0.705,0.761
788997408,"$2,195.00",1917,278.0,4205,65,0.873,0.535,0.625
719835033,"$13,734.00",568,13166.0,4283,67,0.041,0.719,0.861
771854808,"$2,731.00",1868,863.0,3915,66,0.684,0.533,0.65
717299958,"$2,453.00",1534,919.0,4185,66,0.625,0.785,0.784
720778458,"$7,451.00",1542,5909.0,4960,97,0.207,0.684,0.565
713019783,"$2,644.00",1794,850.0,4081,72,0.679,0.863,0.8
770968383,"$34,516.00",825,33691.0,2022,52,0.024,0.616,0.733
709747308,"$4,575.00",1344,3231.0,4726,64,0.294,0.46,0.561
801366783,"$4,860.00",1772,3088.0,4329,80,0.365,0.561,0.86
798786333,"$1,438.30",510,928.3,3399,66,0.355,0.711,0.784
771723408,"$1,690.00",0,1690.0,2645,60,0.0,0.69,0.622
715117008,"$1,438.30",0,1438.3,4596,82,0.0,0.677,0.745
713944833,"$24,512.00",766,23746.0,4561,78,0.031,0.509,0.368
713569158,"$1,654.00",1474,180.0,2086,47,0.891,0.586,0.621
713037333,"$21,430.00",0,21430.0,3561,57,0.0,0.511,0.676
718267233,"$34,516.00",1915,32601.0,3828,65,0.055,0.625,1.321
709736658,"$1,438.30",759,679.3,4446,86,0.528,0.858,0.72
710929233,"$2,800.00",1559,1241.0,4253,83,0.557,0.598,0.694
714290583,"$3,117.00",1400,1717.0,4391,85,0.449,0.913,0.809
717972408,"$2,558.00",2016,542.0,3792,78,0.788,0.806,0.5
718626033,"$10,061.00",0,10061.0,2802,52,0.0,0.787,0.529
720008133,"$3,416.00",727,2689.0,4121,83,0.213,0.58,0.729
710476908,"$9,371.00",1066,8305.0,4754,78,0.114,0.89,0.857
709888383,"$3,147.00",2453,694.0,4465,82,0.779,0.744,0.952
788864508,"$1,554.00",926,628.0,4997,79,0.596,0.785,0.927
714010383,"$3,502.00",0,3502.0,1895,42,0.0,0.531,0.4
719549508,"$2,712.00",1686,1026.0,4678,74,0.622,0.791,0.644
718670808,"$1,438.30",0,1438.3,4817,81,0.0,0.715,0.688
718211208,"$3,281.00",1682,1599.0,4109,69,0.513,0.577,0.5
712578933,"$1,438.30",0,1438.3,2500,44,0.0,0.763,0.517
709343433,"$2,469.00",1826,643.0,3837,74,0.74,0.666,0.721
767488908,"$3,497.00",0,3497.0,4345,72,0.0,0.696,0.756
719531133,"$2,505.00",0,2505.0,4384,80,0.0,0.8,0.86
719006508,"$2,763.00",1913,850.0,4136,69,0.692,0.598,0.568
721287183,"$2,081.00",0,2081.0,4863,87,0.0,1.004,0.706
711144183,"$2,815.00",1848,967.0,2618,29,0.656,0.563,0.45
709080783,"$1,737.00",0,1737.0,4723,78,0.0,0.953,0.625
710520408,"$9,078.00",1194,7884.0,4458,87,0.132,0.745,0.812
785262333,"$6,185.00",1960,4225.0,2225,45,0.317,0.669,0.875
716513358,"$2,069.00",1802,267.0,4402,91,0.871,0.651,0.75
719073483,"$9,234.00",0,9234.0,2586,44,0.0,0.629,0.257
715372083,"$2,684.00",0,2684.0,4796,85,0.0,0.66,0.635
780034083,"$2,151.00",0,2151.0,4604,86,0.0,0.763,0.72
794581533,"$2,749.00",1380,1369.0,3882,90,0.502,0.937,0.765
710013258,"$1,980.00",823,1157.0,4467,69,0.416,0.861,0.683
719084358,"$4,232.00",0,4232.0,2312,37,0.0,0.878,0.609
789173958,"$1,438.30",877,561.3,4283,76,0.61,0.743,0.617
789575583,"$6,931.00",1380,5551.0,4437,64,0.199,0.795,0.882
712434708,"$3,302.00",2517,785.0,2682,47,0.762,0.705,0.516
808675083,"$4,235.00",1675,2560.0,3862,76,0.396,1.079,0.949
710864358,"$6,501.00",0,6501.0,5074,81,0.0,0.651,0.688
712574583,"$6,376.00",1322,5054.0,5192,70,0.207,0.709,0.628
708412758,"$1,457.00",0,1457.0,2200,45,0.0,0.677,0.364
714389058,"$5,576.00",0,5576.0,4322,85,0.0,0.686,0.809
715767033,"$1,438.30",0,1438.3,4919,83,0.0,0.76,0.627
779281233,"$2,478.00",1748,730.0,4353,80,0.705,0.643,0.667
717147708,"$3,650.00",1270,2380.0,4250,81,0.348,0.792,0.929
715029333,"$2,111.00",0,2111.0,4459,72,0.0,0.831,0.756
806989008,"$12,917.00",1157,11760.0,4108,82,0.09,0.668,0.745
771037008,"$13,324.00",0,13324.0,4245,76,0.0,0.917,1.0
710587458,"$11,154.00",1612,9542.0,4339,77,0.145,0.633,1.026
710563458,"$9,535.00",660,8875.0,4210,81,0.069,0.944,0.723
720010608,"$10,226.00",0,10226.0,2243,44,0.0,0.614,0.571
710343783,"$2,140.00",0,2140.0,4610,65,0.0,0.602,1.321
772578858,"$2,904.00",2203,701.0,3848,66,0.759,0.796,0.692
708559533,"$1,770.00",584,1186.0,4442,83,0.33,0.706,0.844
711939558,"$1,534.00",0,1534.0,2596,39,0.0,0.642,0.393
772143333,"$2,170.00",1498,672.0,4569,79,0.69,0.64,0.881
711067383,"$10,001.00",0,10001.0,4167,74,0.0,0.676,0.644
817041408,"$4,169.00",1549,2620.0,4519,82,0.372,0.768,0.708
771942333,"$5,363.00",1309,4054.0,3855,63,0.244,0.574,0.703
755247108,"$3,206.00",0,3206.0,4731,82,0.0,0.631,0.822
715710708,"$18,085.00",747,17338.0,4583,76,0.041,0.681,0.52
713858733,"$2,566.00",2164,402.0,4344,73,0.843,0.578,0.659
717129333,"$1,438.30",0,1438.3,4434,73,0.0,0.744,0.78
716924958,"$6,812.00",1926,4886.0,2288,48,0.283,0.735,0.778
719614758,"$2,700.00",1977,723.0,4984,75,0.732,0.801,1.083
721537683,"$5,471.00",1342,4129.0,4002,67,0.245,0.577,0.763
771500358,"$4,332.00",1313,3019.0,4093,84,0.303,0.671,0.826
711531858,"$2,447.00",1267,1180.0,2132,37,0.518,0.449,0.37
715060158,"$1,783.00",1282,501.0,3853,76,0.719,0.504,0.617
779725833,"$11,761.00",1775,9986.0,4946,73,0.151,0.925,0.698
716592558,"$2,340.00",1101,1239.0,4501,68,0.471,0.766,0.7
771020133,"$2,859.00",1776,1083.0,4440,79,0.621,0.79,0.756
709153008,"$2,523.00",2481,42.0,4683,76,0.983,0.744,0.689
713394858,"$4,776.00",0,4776.0,4581,60,0.0,0.626,0.622
721175283,"$2,697.00",1410,1287.0,4489,58,0.523,0.925,0.706
715503558,"$3,542.00",2417,1125.0,4127,71,0.682,0.687,0.479
819943458,"$34,516.00",1000,33516.0,1777,37,0.029,0.694,0.542
717094758,"$8,823.00",0,8823.0,4453,84,0.0,0.812,0.787
772073508,"$1,764.00",0,1764.0,2740,47,0.0,0.824,0.343
721351983,"$3,492.00",2517,975.0,2510,47,0.721,0.6,0.621
714477408,"$2,977.00",1340,1637.0,2201,39,0.45,0.507,0.345
718471758,"$30,976.00",2051,28925.0,3193,69,0.066,0.684,0.725
711607833,"$2,810.00",2384,426.0,4875,97,0.848,0.859,0.764
719277033,"$8,997.00",708,8289.0,4558,62,0.079,0.586,0.676
813905508,"$2,002.00",1188,814.0,3735,73,0.593,0.63,0.659
719761458,"$4,998.00",1626,3372.0,4329,61,0.325,0.695,0.694
708222558,"$2,310.00",1513,797.0,4191,77,0.655,0.682,0.833
713937558,"$3,892.00",0,3892.0,4318,74,0.0,0.738,0.762
709603608,"$2,345.00",1643,702.0,4634,69,0.701,0.678,0.643
804661083,"$2,135.00",1506,629.0,4821,77,0.705,0.883,0.711
720977358,"$2,528.00",1689,839.0,4269,78,0.668,0.514,0.857
718420308,"$3,397.00",1658,1739.0,4208,75,0.488,0.724,0.786
714046608,"$19,719.00",1395,18324.0,3572,73,0.071,0.565,0.738
718048608,"$15,292.00",1325,13967.0,5120,74,0.087,1.008,0.805
718497033,"$31,733.00",0,31733.0,3723,53,0.0,0.735,0.767
711801933,"$1,438.30",0,1438.3,2092,42,0.0,0.641,0.68
716282208,"$1,638.00",0,1638.0,1702,36,0.0,0.163,0.125
789076083,"$2,775.00",1475,1300.0,4608,84,0.532,0.854,0.647
714045783,"$2,547.00",1965,582.0,2160,46,0.771,0.535,0.353
769720683,"$5,708.00",1884,3824.0,4914,60,0.33,0.791,0.765
721092783,"$19,838.00",1290,18548.0,3982,68,0.065,0.59,0.581
720243933,"$1,789.00",0,1789.0,2784,49,0.0,0.637,0.581
818502708,"$2,284.00",1674,610.0,4885,86,0.733,0.784,0.83
712942308,"$11,535.00",1527,10008.0,3730,67,0.132,0.664,0.718
714262533,"$3,524.00",1306,2218.0,4252,78,0.371,0.8,0.814
714708183,"$30,186.00",0,30186.0,4070,74,0.0,0.606,0.574
718285308,"$1,438.30",0,1438.3,3576,55,0.0,0.561,0.833
720595083,"$1,620.00",1278,342.0,4530,69,0.789,0.595,1.029
787501758,"$4,038.00",1237,2801.0,4188,68,0.306,0.61,0.545
714990633,"$2,078.00",1696,382.0,4382,82,0.816,0.562,0.783
714652383,"$1,571.00",0,1571.0,4580,74,0.0,0.89,1.056
788776008,"$4,726.00",1161,3565.0,4683,91,0.246,0.698,0.896
709176108,"$4,604.00",621,3983.0,4586,79,0.135,0.814,0.646
719354433,"$34,516.00",1629,32887.0,4042,78,0.047,0.815,0.592
709368483,"$1,438.30",0,1438.3,4323,77,0.0,0.913,0.571
717621333,"$2,680.00",1871,809.0,4592,78,0.698,0.955,0.902
716272158,"$4,312.00",2517,1795.0,2693,56,0.584,0.741,0.436
803355408,"$2,205.00",1659,546.0,4813,77,0.752,0.891,0.674
717073308,"$2,679.00",727,1952.0,4804,78,0.271,0.894,0.814
789105183,"$34,516.00",2488,32028.0,4401,87,0.072,0.552,0.776
721305408,"$3,378.00",0,3378.0,4761,81,0.0,0.58,0.884
715739733,"$1,793.00",1141,652.0,5293,88,0.636,0.715,0.76
779217333,"$2,228.00",1502,726.0,3922,75,0.674,0.719,1.027
712133508,"$2,577.00",1582,995.0,4734,75,0.614,0.697,0.596
714602658,"$1,462.00",0,1462.0,1998,36,0.0,0.393,0.161
712446783,"$4,038.00",1530,2508.0,2400,41,0.379,0.724,0.323
720049083,"$1,438.30",0,1438.3,2355,47,0.0,0.849,0.567
824172258,"$4,408.00",1510,2898.0,4495,77,0.343,0.73,0.833
717695058,"$4,163.00",0,4163.0,4763,76,0.0,0.743,0.854
719782458,"$7,201.00",1992,5209.0,3981,76,0.277,0.778,0.949
718141983,"$1,883.00",1295,588.0,5187,89,0.688,0.81,0.712
718853358,"$3,308.00",2517,791.0,5104,85,0.761,0.543,0.545
772539558,"$2,022.00",0,2022.0,4623,65,0.0,0.579,0.548
817094283,"$8,597.00",903,7694.0,5173,78,0.105,0.773,0.733
716932308,"$4,693.00",634,4059.0,4460,79,0.135,0.909,0.837
714738858,"$2,873.00",1714,1159.0,4620,81,0.597,0.796,0.884
772409733,"$3,400.00",2307,1093.0,4742,90,0.679,0.901,0.698
717534108,"$2,405.00",1410,995.0,4421,79,0.586,0.866,0.881
816378033,"$34,516.00",1104,33412.0,1989,47,0.032,0.591,0.741
790141308,"$8,241.00",0,8241.0,4436,79,0.0,0.723,0.756
710770383,"$1,438.30",582,856.3,4915,92,0.405,0.611,0.769
711351108,"$2,608.00",1804,804.0,4671,61,0.692,0.847,0.694
713744058,"$2,359.00",1509,850.0,5232,78,0.64,1.1,0.814
708998583,"$1,790.00",0,1790.0,4141,87,0.0,0.516,0.74
827451333,"$2,247.00",0,2247.0,2615,37,0.0,0.641,0.423
714228558,"$3,624.00",0,3624.0,4749,82,0.0,0.74,0.864
797668983,"$1,438.30",0,1438.3,4396,70,0.0,0.795,0.628
713023158,"$2,901.00",2143,758.0,4239,78,0.739,0.948,0.733
709982658,"$9,759.00",2038,7721.0,4226,77,0.209,0.622,0.638
715398858,"$2,525.00",1203,1322.0,4360,78,0.476,0.725,0.857
715615233,"$2,737.00",1812,925.0,4507,86,0.662,0.703,0.955
710650608,"$19,262.00",1480,17782.0,4812,85,0.077,0.649,0.771
803214108,"$2,252.00",1826,426.0,5055,68,0.811,0.716,1.0
717202083,"$7,077.00",0,7077.0,2619,41,0.0,0.838,0.519
719051733,"$2,706.00",889,1817.0,5047,64,0.329,0.73,0.882
789900633,"$3,263.00",1522,1741.0,4288,69,0.466,0.58,0.725
789122808,"$3,281.00",0,3281.0,2907,45,0.0,0.875,0.406
709902108,"$8,169.00",794,7375.0,4927,70,0.097,0.665,0.944
713666058,"$3,276.00",1915,1361.0,4264,76,0.585,0.672,0.617
711453783,"$1,966.00",1452,514.0,4666,74,0.739,0.621,0.682
778936008,"$5,869.00",0,5869.0,5103,83,0.0,0.852,0.844
708085458,"$1,438.30",0,1438.3,3940,82,0.0,0.827,0.952
749067633,"$3,682.00",0,3682.0,4015,77,0.0,0.797,0.51
716170308,"$13,439.00",2003,11436.0,4715,86,0.149,0.936,0.72
711507783,"$1,694.00",0,1694.0,1930,41,0.0,0.354,0.519
819752133,"$1,636.00",986,650.0,4695,73,0.603,0.833,0.872
711061908,"$1,449.00",749,700.0,4039,50,0.517,0.943,0.852
744231708,"$1,513.00",788,725.0,4166,71,0.521,0.677,0.868
716856408,"$1,438.30",0,1438.3,2392,44,0.0,0.777,0.375
711780108,"$4,120.00",1578,2542.0,4792,81,0.383,0.379,0.588
715178733,"$2,289.00",1611,678.0,4817,77,0.704,0.648,0.75
721418133,"$2,016.00",972,1044.0,4535,82,0.482,0.685,0.745
720124758,"$2,509.00",450,2059.0,2239,47,0.179,0.654,0.621
809068983,"$3,511.00",0,3511.0,5238,82,0.0,0.758,0.708
711052308,"$2,751.00",2432,319.0,4453,75,0.884,0.905,0.923
718967433,"$2,426.00",0,2426.0,4918,81,0.0,0.888,0.8
709827933,"$12,230.00",1196,11034.0,3659,76,0.098,0.62,0.52
787568433,"$7,328.00",936,6392.0,4518,79,0.128,0.689,0.795
720256158,"$2,264.00",0,2264.0,4279,75,0.0,0.67,0.531
715435758,"$3,046.00",1231,1815.0,4711,77,0.404,0.692,0.878
719505483,"$5,881.00",0,5881.0,4431,89,0.0,0.71,0.816
721247883,"$16,207.00",922,15285.0,3621,83,0.057,0.635,0.886
772220433,"$15,468.00",1187,14281.0,4484,81,0.077,0.93,0.841
789692283,"$5,950.00",0,5950.0,4655,66,0.0,0.44,0.784
815091333,"$3,119.00",2196,923.0,4705,77,0.704,0.81,1.2
778732158,"$1,507.00",0,1507.0,4037,83,0.0,0.648,0.729
715129233,"$2,902.00",1634,1268.0,4748,74,0.563,0.588,0.51
714083208,"$1,585.00",1304,281.0,4656,80,0.823,0.727,0.6
716559108,"$2,899.00",2418,481.0,4296,68,0.834,0.575,0.838
715102308,"$2,295.00",1277,1018.0,2245,47,0.556,0.308,0.679
768814983,"$3,251.00",1937,1314.0,4284,85,0.596,0.685,0.809
788744058,"$4,009.00",1361,2648.0,4506,80,0.339,0.886,0.86
782802033,"$3,411.00",1472,1939.0,2108,55,0.432,0.585,0.618
708499608,"$15,525.00",1299,14226.0,4042,78,0.084,0.452,0.95
794947683,"$2,118.00",1189,929.0,4541,60,0.561,1.158,0.818
716442333,"$2,275.00",1468,807.0,4977,88,0.645,0.757,0.692
772189308,"$2,601.00",1888,713.0,4899,62,0.726,0.773,0.771
721529583,"$4,642.00",2413,2229.0,3532,72,0.52,0.797,0.674
713578608,"$1,438.30",0,1438.3,4082,82,0.0,0.808,0.822
718976283,"$1,858.00",1071,787.0,4388,66,0.576,0.611,0.535
711505308,"$2,636.00",1619,1017.0,4727,83,0.614,0.565,0.627
711131958,"$3,743.00",881,2862.0,4621,71,0.235,0.77,0.821
714687858,"$1,438.30",0,1438.3,4538,82,0.0,0.53,1.05
780289308,"$4,130.00",0,4130.0,2418,57,0.0,0.814,0.781
708504783,"$10,960.00",1333,9627.0,3480,62,0.122,0.678,0.632
778857108,"$3,900.00",0,3900.0,4337,81,0.0,1.092,0.8
756598833,"$6,236.00",1204,5032.0,5389,84,0.193,0.817,0.826
718748133,"$2,591.00",0,2591.0,3876,67,0.0,0.61,0.763
714503433,"$1,615.00",950,665.0,2212,43,0.588,0.507,0.387
710869008,"$8,332.00",0,8332.0,5108,78,0.0,0.92,1.0
779643858,"$2,033.00",1037,996.0,4100,82,0.51,1.064,0.708
715250583,"$8,082.00",1138,6944.0,4277,59,0.141,0.723,0.788
714396558,"$1,511.00",0,1511.0,4683,87,0.0,0.678,0.706
752766783,"$11,536.00",2074,9462.0,4106,81,0.18,0.549,0.723
715532208,"$4,010.00",1504,2506.0,3807,61,0.375,0.766,0.564
719130558,"$1,669.00",1000,669.0,4085,69,0.599,0.717,0.971
806232408,"$11,905.00",0,11905.0,4022,65,0.0,0.881,1.167
715497558,"$3,052.00",0,3052.0,2598,47,0.0,0.868,0.469
716303583,"$2,712.00",1617,1095.0,4858,73,0.596,0.715,0.738
713522058,"$1,978.00",871,1107.0,4299,59,0.44,0.636,0.844
719074308,"$1,438.30",687,751.3,4621,73,0.478,0.778,1.147
711881733,"$1,606.00",0,1606.0,4548,76,0.0,0.855,0.652
710310108,"$2,406.00",1705,701.0,4665,89,0.709,0.624,0.816
715814433,"$5,877.00",1160,4717.0,3565,83,0.197,0.446,0.729
717252483,"$2,796.00",0,2796.0,2196,35,0.0,0.729,0.75
770874483,"$2,876.00",1267,1609.0,4302,74,0.441,0.617,0.51
719742108,"$3,554.00",0,3554.0,2372,44,0.0,0.782,0.63
711064008,"$9,505.00",2390,7115.0,3616,68,0.251,0.727,0.619
717208833,"$1,576.00",0,1576.0,2703,56,0.0,0.789,1.0
709022883,"$1,438.30",0,1438.3,4257,89,0.0,0.651,0.648
713653983,"$2,973.00",1136,1837.0,4342,87,0.382,0.729,0.776
713463708,"$1,438.30",0,1438.3,2493,42,0.0,0.628,0.5
789143283,"$5,647.00",1175,4472.0,4868,76,0.208,0.802,0.81
778550583,"$1,766.00",0,1766.0,4808,87,0.0,0.779,0.673
711181608,"$1,606.00",0,1606.0,4129,68,0.0,0.824,0.744
711790308,"$2,223.00",632,1591.0,2538,49,0.284,0.665,0.581
779791908,"$2,896.00",0,2896.0,4970,85,0.0,0.961,0.889
789515283,"$2,157.00",1494,663.0,4784,69,0.693,0.765,0.605
712046808,"$3,802.00",1558,2244.0,2003,43,0.41,0.489,0.593
712169883,"$13,840.00",1079,12761.0,4190,74,0.078,0.947,0.805
712637283,"$2,169.00",1602,567.0,5182,78,0.739,0.668,0.814
715555833,"$4,862.00",0,4862.0,4167,86,0.0,0.695,0.593
708712833,"$2,289.00",1037,1252.0,4483,72,0.453,0.504,0.5
717841683,"$22,651.00",1085,21566.0,3915,72,0.048,0.81,0.674
708689958,"$2,406.00",1744,662.0,4748,88,0.725,0.694,0.692
708888633,"$3,022.00",895,2127.0,2724,38,0.296,0.95,0.9
721012983,"$12,935.00",1417,11518.0,3528,61,0.11,0.738,0.743
812406183,"$1,438.30",0,1438.3,2207,41,0.0,0.605,0.64
714595983,"$1,438.30",522,916.3,2030,37,0.363,0.383,0.37
715725858,"$2,256.00",1346,910.0,4893,76,0.597,0.911,0.81
720270633,"$1,516.00",0,1516.0,2709,54,0.0,0.737,0.385
720269283,"$2,485.00",1651,834.0,4351,86,0.664,1.1,0.83
710142258,"$1,820.00",909,911.0,4665,67,0.499,0.737,0.763
708525108,"$2,156.00",1134,1022.0,4120,77,0.526,0.669,0.711
709621008,"$5,826.00",1482,4344.0,4135,76,0.254,0.729,0.767
717181833,"$10,190.00",891,9299.0,3768,59,0.087,0.678,0.967
711288558,"$2,035.00",1174,861.0,4670,77,0.577,0.876,0.638
718653333,"$1,833.00",0,1833.0,2037,31,0.0,0.549,0.292
766628733,"$1,623.00",0,1623.0,4965,74,0.0,1.058,0.805
711724083,"$1,835.00",1647,188.0,1903,44,0.898,0.513,0.63
719690733,"$4,490.00",1989,2501.0,4346,70,0.443,0.604,0.795
770783508,"$11,062.00",0,11062.0,4084,72,0.0,0.761,0.8
713422083,"$1,574.00",0,1574.0,2560,59,0.0,0.582,0.788
718026858,"$2,370.00",1490,880.0,4751,80,0.629,0.63,0.86
716028108,"$2,658.00",0,2658.0,4667,83,0.0,0.891,0.93
712222758,"$2,300.00",0,2300.0,2500,47,0.0,0.703,0.119
718436133,"$2,368.00",1244,1124.0,4289,71,0.525,0.935,0.868
719313633,"$2,883.00",1936,947.0,4244,53,0.672,0.861,0.656
814586958,"$3,264.00",2042,1222.0,4624,75,0.626,0.752,0.705
804344733,"$1,937.00",916,1021.0,4303,89,0.473,0.807,0.78
717166383,"$2,166.00",1465,701.0,5097,82,0.676,0.857,0.673
713060283,"$7,135.00",1164,5971.0,3746,81,0.163,1.127,1.189
713070033,"$1,438.30",787,651.3,4830,79,0.547,0.737,0.756
793625583,"$3,743.00",2090,1653.0,4674,67,0.558,0.969,0.718
713918358,"$5,190.00",1682,3508.0,4900,81,0.324,0.888,0.8
714308283,"$6,059.00",1171,4888.0,4119,70,0.193,0.678,0.667
714086133,"$2,577.00",1450,1127.0,4576,83,0.563,0.747,0.766
718872858,"$3,761.00",2121,1640.0,4476,79,0.564,0.694,0.927
718148358,"$1,572.00",0,1572.0,2447,41,0.0,0.74,0.577
709665783,"$1,637.00",0,1637.0,4800,70,0.0,0.889,0.795
708483708,"$28,600.00",0,28600.0,4336,66,0.0,0.506,0.61
715347783,"$4,402.00",1524,2878.0,3063,57,0.346,0.628,0.9
709054083,"$2,652.00",1911,741.0,4816,79,0.721,0.831,0.881
807915408,"$6,602.00",0,6602.0,4479,82,0.0,0.743,0.822
794507133,"$1,900.00",0,1900.0,2880,46,0.0,0.776,0.353
712569408,"$3,455.00",1385,2070.0,4925,82,0.401,0.773,0.745
788805108,"$18,123.00",1775,16348.0,4259,80,0.098,0.593,0.86
710150208,"$2,295.00",1250,1045.0,3834,69,0.545,0.912,0.643
711825558,"$1,518.00",1115,403.0,3595,65,0.735,0.705,0.857
712891833,"$2,723.00",1902,821.0,3875,84,0.698,0.723,0.75
719680908,"$1,776.00",691,1085.0,4878,84,0.389,0.878,0.826
801053208,"$1,968.00",1270,698.0,4199,84,0.645,0.975,0.826
758642733,"$1,860.00",1054,806.0,5163,73,0.567,0.963,0.973
771201408,"$2,684.00",2126,558.0,5299,75,0.792,0.69,0.875
789523683,"$2,180.00",1865,315.0,4348,77,0.856,0.748,0.51
767266758,"$1,661.00",0,1661.0,2473,49,0.0,0.786,0.75
713732883,"$1,679.00",0,1679.0,4771,81,0.0,0.658,0.761
720739083,"$1,691.00",0,1691.0,2716,63,0.0,0.865,0.703
718010133,"$2,888.00",1641,1247.0,3703,61,0.568,0.976,1.179
771518658,"$1,871.00",1339,532.0,4553,90,0.716,0.79,0.731
710508858,"$3,226.00",2517,709.0,4317,81,0.78,0.818,0.884
772590408,"$12,114.00",1379,10735.0,3964,90,0.114,0.676,0.837
719334408,"$4,959.00",1483,3476.0,4286,71,0.299,0.902,0.614
717500133,"$10,374.00",599,9775.0,4240,63,0.058,0.635,0.853
720988083,"$1,438.30",1080,358.3,4425,79,0.751,0.802,0.717
713594883,"$1,486.00",849,637.0,2380,43,0.571,0.621,0.87
719848908,"$2,542.00",0,2542.0,4087,73,0.0,0.587,0.78
714962658,"$1,931.00",0,1931.0,2482,40,0.0,0.862,0.6
717429258,"$1,644.00",500,1144.0,2450,45,0.304,0.784,0.406
717022533,"$2,283.00",0,2283.0,4088,66,0.0,0.899,0.886
710853033,"$4,943.00",1204,3739.0,4024,82,0.244,0.417,0.783
709548783,"$1,438.30",0,1438.3,2100,54,0.0,0.602,0.588
780055308,"$1,438.30",0,1438.3,4482,54,0.0,0.83,0.636
714252933,"$1,438.30",0,1438.3,4737,80,0.0,0.744,0.818
713336883,"$1,760.00",0,1760.0,2285,46,0.0,0.457,0.643
713119308,"$1,852.00",0,1852.0,4339,82,0.0,0.801,0.783
710815608,"$2,049.00",1530,519.0,4521,70,0.747,1.344,0.628
809626983,"$1,670.00",0,1670.0,2790,37,0.0,0.707,0.321
803398983,"$1,511.00",864,647.0,4823,64,0.572,0.712,0.829
717568308,"$6,018.00",0,6018.0,4355,78,0.0,0.703,0.857
711694083,"$3,030.00",1251,1779.0,4724,71,0.413,0.694,0.775
712258308,"$2,755.00",1483,1272.0,4394,75,0.538,0.806,0.63
713884458,"$8,783.00",2142,6641.0,4425,83,0.244,0.662,0.766
716160708,"$1,861.00",1677,184.0,5225,94,0.901,0.742,0.679
772728933,"$13,709.00",813,12896.0,2511,40,0.059,0.65,0.6
815320383,"$4,710.00",0,4710.0,2690,43,0.0,0.717,0.955
712117983,"$17,285.00",1853,15432.0,4787,60,0.107,0.882,0.714
788694558,"$1,438.30",661,777.3,4463,87,0.46,0.573,0.812
709275558,"$7,866.00",0,7866.0,4238,55,0.0,0.76,0.719
711216933,"$2,190.00",1299,891.0,5026,77,0.593,0.938,0.711
717069033,"$4,829.00",1153,3676.0,4778,65,0.239,0.534,0.97
714992733,"$3,210.00",2081,1129.0,3962,62,0.648,0.615,0.938
809445858,"$1,755.00",750,1005.0,5000,79,0.427,0.659,0.837
708859158,"$1,438.30",703,735.3,4341,80,0.489,0.865,0.951
710040483,"$14,485.00",2124,12361.0,3895,87,0.147,0.527,0.776
714667608,"$6,043.00",0,6043.0,4256,78,0.0,0.627,0.529
714475908,"$6,348.00",0,6348.0,1732,39,0.0,0.4,0.393
713656308,"$1,438.30",0,1438.3,4210,75,0.0,0.618,0.5
716790633,"$17,239.00",0,17239.0,1789,38,0.0,0.393,0.357
716127333,"$18,432.00",484,17948.0,2300,45,0.026,0.557,0.552
713017758,"$1,636.00",1135,501.0,5056,85,0.694,0.754,0.809
717893358,"$7,951.00",1456,6495.0,4452,65,0.183,0.882,0.512
780032208,"$14,201.00",0,14201.0,2223,47,0.0,0.574,0.679
720219633,"$2,723.00",1544,1179.0,4108,70,0.567,0.794,1.258
711676008,"$2,019.00",991,1028.0,3603,59,0.491,0.799,0.967
714192033,"$10,305.00",1870,8435.0,4018,63,0.181,0.722,0.8
713442933,"$3,114.00",2208,906.0,5219,86,0.709,0.824,0.686
789052308,"$4,323.00",0,4323.0,2451,38,0.0,0.817,0.727
714948858,"$3,647.00",2517,1130.0,2935,58,0.69,0.842,0.933
711772983,"$1,849.00",1293,556.0,4678,71,0.699,0.835,0.972
802937058,"$2,540.00",1859,681.0,4480,80,0.732,0.768,0.702
712493058,"$4,972.00",0,4972.0,4524,72,0.0,0.719,0.756
718808883,"$13,565.00",0,13565.0,3705,69,0.0,0.56,0.917
719685408,"$6,332.00",318,6014.0,2505,43,0.05,0.783,0.536
708829758,"$6,062.00",761,5301.0,3877,66,0.126,0.307,0.375
710792733,"$2,897.00",638,2259.0,4491,75,0.22,1.041,0.786
716838633,"$13,407.00",1341,12066.0,4869,84,0.1,0.928,0.615
714041283,"$6,610.00",1663,4947.0,4735,83,0.252,0.813,0.766
710284233,"$1,438.30",0,1438.3,2439,43,0.0,0.98,0.72
752944533,"$2,030.00",1269,761.0,5067,88,0.625,0.646,0.725
713312208,"$3,146.00",0,3146.0,1868,38,0.0,0.414,0.31
804045933,"$5,302.00",2414,2888.0,4284,74,0.455,0.779,0.682
716662683,"$3,185.00",1820,1365.0,5069,81,0.571,0.965,1.025
713432508,"$4,328.00",1749,2579.0,4593,72,0.404,0.806,1.0
799475658,"$2,238.00",1300,938.0,4508,79,0.581,1.071,0.756
719849958,"$2,658.00",1884,774.0,4779,83,0.709,0.627,0.93
715803933,ERR_VAL,1371,7719.0,4422,65,0.151,0.64,0.585
779486433,"$2,424.00",2169,255.0,4209,76,0.895,0.613,0.767
708281433,"$1,438.30",0,1438.3,3848,75,0.0,0.565,0.705
779844408,"$1,438.30",0,1438.3,2137,40,0.0,0.481,0.333
721306908,"$2,303.00",540,1763.0,3440,46,0.234,0.57,0.704
713964858,"$2,792.00",887,1905.0,4074,81,0.318,0.793,0.8
717545808,"$2,900.00",1987,913.0,4549,70,0.685,0.667,0.75
771232533,"$2,267.00",1283,984.0,4249,81,0.566,0.761,0.8
710883483,"$4,189.00",2066,2123.0,4661,85,0.493,0.686,0.735
801715383,"$12,890.00",0,12890.0,2216,51,0.0,0.576,0.545
719594433,"$3,269.00",1434,1835.0,4672,66,0.439,0.63,0.65
716310633,"$2,759.00",2481,278.0,5037,84,0.899,0.588,0.68
714188883,"$1,787.00",0,1787.0,2345,36,0.0,0.654,0.286
772437633,"$6,854.00",0,6854.0,4578,72,0.0,0.703,0.756
708536283,"$2,904.00",2517,387.0,2653,46,0.867,0.624,0.586
772569033,"$5,293.00",1236,4057.0,4572,90,0.234,0.848,0.8
714443883,"$1,781.00",0,1781.0,4593,81,0.0,0.57,0.8
710369658,"$3,276.00",2353,923.0,4488,92,0.718,0.725,0.736
788440083,"$34,516.00",1384,33132.0,3807,82,0.04,0.625,0.864
773332908,"$14,670.00",1900,12770.0,4221,83,0.13,0.806,0.766
709307808,"$4,375.00",0,4375.0,2507,53,0.0,0.621,0.472
712507758,"$3,448.00",1903,1545.0,5471,87,0.552,0.841,0.642
715701033,"$2,111.00",1761,350.0,2112,46,0.834,0.753,0.769
718478883,"$3,123.00",0,3123.0,4424,81,0.0,0.513,0.723
788734158,"$8,374.00",0,8374.0,4493,59,0.0,0.885,1.034
794490858,"$15,713.00",1387,14326.0,4775,61,0.088,0.904,0.605
718397658,"$4,115.00",1231,2884.0,3627,61,0.299,0.745,1.179
718826883,"$6,925.00",0,6925.0,2506,36,0.0,0.821,0.44
716733933,"$1,898.00",725,1173.0,5051,64,0.382,0.664,1.065
809307108,"$2,021.00",1182,839.0,4209,77,0.585,0.794,0.833
778671483,"$1,630.00",1008,622.0,4143,67,0.618,0.695,0.595
815504583,"$1,538.00",0,1538.0,2275,43,0.0,0.684,0.483
789319458,"$22,639.00",1481,21158.0,4219,65,0.065,0.703,0.477
710382108,"$2,452.00",2423,29.0,4204,63,0.988,0.778,0.8
720895533,"$1,438.30",1056,382.3,4885,78,0.734,0.986,1.053
709891608,"$9,924.00",0,9924.0,1949,43,0.0,0.517,0.483
717136533,"$2,586.00",835,1751.0,4883,73,0.323,0.721,0.825
790164408,"$2,308.00",2094,214.0,4869,77,0.907,0.722,0.75
795613233,"$10,514.00",1494,9020.0,4949,76,0.142,0.649,0.81
709009833,"$1,655.00",0,1655.0,4621,67,0.0,0.766,0.675
720054183,"$2,768.00",2228,540.0,5112,86,0.805,0.864,0.87
713193408,"$2,533.00",2076,457.0,3816,75,0.82,0.738,0.829
801508383,"$25,658.00",1721,23937.0,4498,85,0.067,0.592,0.635
711949683,"$4,410.00",2517,1893.0,1883,44,0.571,0.53,0.63
787747308,"$3,468.00",2517,951.0,2494,39,0.726,0.746,0.345
720064158,"$1,438.30",0,1438.3,4323,70,0.0,0.709,0.667
779104608,"$1,438.30",0,1438.3,2819,48,0.0,0.689,0.6
715477233,"$6,968.00",1430,5538.0,4037,69,0.205,0.95,1.029
719524383,"$2,441.00",1670,771.0,4105,73,0.684,0.697,0.553
713804883,"$1,836.00",0,1836.0,1799,28,0.0,0.323,0.167
710359458,"$2,560.00",1807,753.0,4456,70,0.706,0.995,0.522
716311683,"$32,733.00",1448,31285.0,3452,54,0.044,0.655,0.862
753795633,"$2,964.00",2517,447.0,2327,38,0.849,0.699,0.81
780076833,"$8,315.00",1008,7307.0,4088,66,0.121,0.718,0.61
716019333,"$2,279.00",1789,490.0,4091,82,0.785,0.865,0.907
820657083,"$34,516.00",800,33716.0,3819,72,0.023,0.804,0.6
716901858,"$1,438.30",0,1438.3,3691,77,0.0,0.562,0.51
756571983,"$2,020.00",1103,917.0,4951,85,0.546,0.942,0.932
817607358,"$34,516.00",0,34516.0,2227,44,0.0,0.767,0.63
778268508,"$5,261.00",1966,3295.0,4448,86,0.374,0.672,0.792
778984383,"$2,692.00",2039,653.0,4622,73,0.757,0.853,0.78
720771933,"$1,994.00",0,1994.0,4434,69,0.0,0.829,0.568
748827033,"$3,290.00",0,3290.0,4780,84,0.0,0.841,0.615
712591983,"$3,035.00",1960,1075.0,4104,79,0.646,0.566,0.927
712181658,"$2,407.00",1552,855.0,4983,86,0.645,0.62,0.755
712297683,"$1,781.00",0,1781.0,2196,35,0.0,0.693,0.75
714684933,"$3,680.00",0,3680.0,2725,41,0.0,0.729,0.577
720742083,"$2,740.00",2425,315.0,2431,46,0.885,0.816,0.394
772310958,"$4,311.00",822,3489.0,4965,94,0.191,0.722,0.541
715343883,"$1,931.00",1297,634.0,4693,66,0.672,1.037,0.833
720470133,"$3,604.00",1483,2121.0,4576,87,0.411,0.597,0.706
710420133,"$2,190.00",0,2190.0,4416,68,0.0,0.63,0.581
720933408,"$8,438.00",1825,6613.0,4798,89,0.216,0.589,0.712
716304483,"$3,413.00",2372,1041.0,5029,86,0.695,0.7,0.792
719534058,"$2,163.00",1942,221.0,4380,57,0.898,0.582,0.781
710515308,"$3,595.00",1904,1691.0,5025,84,0.53,0.891,0.647
797241108,"$9,036.00",1080,7956.0,4500,83,0.12,0.742,0.66
708884658,"$2,315.00",1565,750.0,4828,90,0.676,0.873,0.8
794475483,"$34,516.00",1043,33473.0,4654,59,0.03,0.69,0.639
714315858,"$4,008.00",1650,2358.0,5429,71,0.412,1.0,0.732
717217983,"$3,143.00",2517,626.0,5409,79,0.801,0.959,0.881
721124658,"$3,427.00",0,3427.0,2625,63,0.0,0.5,0.5
716753058,"$2,699.00",564,2135.0,4813,78,0.209,0.683,0.814
711069483,"$1,538.00",0,1538.0,4884,79,0.0,0.706,0.881
708478233,"$5,573.00",1238,4335.0,4348,90,0.222,0.624,0.837
710783358,"$2,570.00",1764,806.0,4442,85,0.686,0.786,0.771
713710383,"$18,008.00",2517,15491.0,2659,55,0.14,0.775,0.833
720815208,"$34,516.00",216,34300.0,2395,47,0.006,0.556,0.306
721338783,"$13,483.00",2517,10966.0,3427,72,0.187,0.733,0.6
714121983,"$4,349.00",1400,2949.0,4694,84,0.322,0.641,0.75
715061733,"$11,698.00",1060,10638.0,3539,81,0.091,1.282,0.929
720520308,"$8,318.00",2517,5801.0,2427,52,0.303,0.69,0.625
806908608,"$1,438.30",0,1438.3,3942,78,0.0,0.691,1.229
798972183,"$1,643.00",526,1117.0,2520,38,0.32,0.829,0.583
715030308,"$1,503.00",929,574.0,4680,67,0.618,0.892,0.971
708244458,"$2,793.00",1517,1276.0,3485,72,0.543,0.712,0.895
789479058,"$1,438.30",0,1438.3,4459,66,0.0,0.835,0.833
784998108,"$9,094.00",0,9094.0,4203,76,0.0,0.631,0.727
711808383,"$6,362.00",1709,4653.0,4476,85,0.269,1.016,0.735
770839608,"$2,394.00",1427,967.0,4611,82,0.596,0.803,0.783
713866308,"$15,100.00",2004,13096.0,4135,76,0.133,0.9,0.689
714250908,"$2,927.00",2517,410.0,2231,60,0.86,0.419,0.875
739317558,"$9,030.00",2369,6661.0,4899,84,0.262,0.662,0.867
718702908,"$1,543.00",1041,502.0,4312,84,0.675,0.92,0.647
720644883,"$4,941.00",1867,3074.0,5104,87,0.378,0.73,0.851
717182883,"$2,279.00",1432,847.0,4169,74,0.628,0.855,0.947
719384433,"$1,877.00",1203,674.0,2581,57,0.641,0.654,0.781
787301208,"$1,438.30",0,1438.3,3763,74,0.0,0.706,0.85
720924633,"$1,438.30",0,1438.3,4397,73,0.0,0.984,0.553
721316358,"$9,577.00",632,8945.0,4086,62,0.066,0.379,0.771
716118633,"$5,427.00",2177,3250.0,4328,73,0.401,0.824,0.622
789880533,"$5,913.00",1651,4262.0,2404,39,0.279,0.79,0.56
711221958,"$2,867.00",0,2867.0,2646,41,0.0,0.703,0.464
715510683,"$2,506.00",1362,1144.0,4665,82,0.543,0.844,0.745
718689258,"$1,693.00",1101,592.0,4203,87,0.65,0.778,0.851
716368008,"$3,137.00",959,2178.0,2925,41,0.306,1.008,0.414
712092783,"$2,437.00",0,2437.0,2027,42,0.0,0.664,0.448
789541458,"$1,438.30",977,461.3,4840,85,0.679,1.189,1.073
719539458,"$3,913.00",0,3913.0,5170,93,0.0,0.722,0.86
713082708,"$4,953.00",991,3962.0,4183,67,0.2,0.342,0.489
794665608,"$5,724.00",582,5142.0,4510,59,0.102,0.817,0.903
712827258,"$1,438.30",0,1438.3,5046,77,0.0,1.023,0.925
714525633,"$1,886.00",1023,863.0,4233,81,0.542,0.708,0.884
708726708,"$1,451.00",599,852.0,2192,35,0.413,0.752,0.458
768498258,"$2,950.00",1642,1308.0,4740,83,0.557,0.8,0.694
712767858,"$1,438.30",1223,215.3,2181,43,0.85,0.491,0.593
709231683,"$2,024.00",901,1123.0,4861,84,0.445,0.659,0.75
712445583,"$2,299.00",0,2299.0,2323,47,0.0,0.663,0.469
711461658,"$3,291.00",1197,2094.0,3228,82,0.364,0.672,0.708
713891133,"$1,438.30",834,604.3,1890,43,0.58,0.407,0.387
710074458,"$2,137.00",996,1141.0,4290,90,0.466,0.625,0.875
779279883,"$1,438.30",0,1438.3,1628,42,0.0,0.061,0.077
719674533,"$16,794.00",1527,15267.0,4040,76,0.091,0.912,0.689
716535408,"$12,219.00",1462,10757.0,3843,69,0.12,0.558,0.605
710319108,"$1,804.00",1298,506.0,4542,73,0.72,0.758,0.921
714777858,"$2,343.00",2066,277.0,4858,69,0.882,0.72,0.917
769974258,"$19,724.00",0,19724.0,3830,82,0.0,0.644,0.673
717819633,"$3,949.00",1463,2486.0,4124,57,0.37,1.072,0.839
712953483,"$1,682.00",0,1682.0,1811,39,0.0,0.75,0.5
779029458,"$1,724.00",0,1724.0,2725,47,0.0,0.67,0.424
721321383,"$2,372.00",1148,1224.0,4418,80,0.484,0.872,0.818
716973333,"$4,642.00",1676,2966.0,5080,76,0.361,0.615,0.81
709946658,"$2,765.00",1211,1554.0,4629,58,0.438,0.736,0.706
709243533,"$2,555.00",1815,740.0,4552,75,0.71,0.847,0.829
709999308,ERR_VAL,0,3150.0,3477,78,0.0,0.75,0.857
712389108,"$2,570.00",2107,463.0,4058,83,0.82,0.651,0.766
712305333,"$4,386.00",2505,1881.0,4064,65,0.571,0.806,0.806
812785158,"$2,411.00",1797,614.0,4331,63,0.745,0.607,0.5
765459858,"$6,397.00",0,6397.0,2511,56,0.0,0.632,0.556
714894708,"$23,958.00",2517,21441.0,2777,45,0.105,0.702,0.552
711296508,"$2,608.00",2455,153.0,4776,85,0.941,0.886,0.889
795713058,"$4,409.00",1753,2656.0,4292,76,0.398,0.55,0.652
789487308,"$10,033.00",0,10033.0,4106,78,0.0,0.644,0.902
720130233,"$1,641.00",0,1641.0,2536,45,0.0,0.791,0.364
789047208,"$2,454.00",1610,844.0,4983,79,0.656,1.036,0.795
715864983,"$1,978.00",0,1978.0,4870,83,0.0,0.641,0.844
708765933,"$5,464.00",887,4577.0,4866,81,0.162,0.554,0.62
809320908,"$5,951.00",0,5951.0,4160,84,0.0,0.742,0.867
779324358,"$2,381.00",1603,778.0,4013,79,0.673,0.687,0.756
713730108,"$11,596.00",1258,10338.0,4686,67,0.108,0.426,0.675
711783483,"$5,162.00",984,4178.0,3562,72,0.191,0.842,0.895
719294433,"$16,312.00",520,15792.0,4366,68,0.032,0.806,0.659
718279008,"$25,276.00",0,25276.0,2282,38,0.0,0.849,0.583
721238508,"$1,939.00",1484,455.0,4790,77,0.765,0.576,0.75
709365483,"$2,788.00",1826,962.0,4437,67,0.655,0.521,0.595
718477983,"$1,438.30",1108,330.3,4776,90,0.77,0.782,0.765
719809533,"$2,448.00",1969,479.0,5066,84,0.804,0.713,0.75
717239133,"$10,317.00",642,9675.0,3939,60,0.062,0.553,0.875
814091058,"$3,119.00",2517,602.0,2492,50,0.807,0.722,0.515
710555433,"$2,803.00",0,2803.0,2216,40,0.0,0.623,0.6
770956158,"$2,397.00",2151,246.0,4140,68,0.897,0.839,0.744
718263108,"$1,693.00",1457,236.0,2829,42,0.861,0.919,0.615
715984908,"$2,866.00",1882,984.0,4850,84,0.657,0.803,0.826
711020358,"$2,498.00",1650,848.0,4434,79,0.661,0.673,0.837
788769783,ERR_VAL,1024,854.0,4707,74,0.545,0.76,0.897
715496808,"$2,712.00",2487,225.0,4159,69,0.917,0.571,0.683
779931783,"$34,516.00",0,34516.0,2213,47,0.0,0.639,0.382
818763033,"$6,169.00",2517,3652.0,4794,71,0.408,1.117,0.69
711953358,"$6,205.00",2264,3941.0,4605,88,0.365,0.773,0.725
716485308,"$1,780.00",1541,239.0,5008,93,0.866,0.839,0.722
716432658,"$1,438.30",0,1438.3,4490,65,0.0,0.646,0.625
712691883,"$2,811.00",2404,407.0,2245,41,0.855,0.491,0.464
712611108,"$7,501.00",2517,4984.0,2280,49,0.336,0.663,0.531
716245833,"$2,856.00",2517,339.0,4473,67,0.881,0.615,0.489
780052008,"$29,898.00",1414,28484.0,3883,68,0.047,0.453,0.7
709759908,"$1,939.00",685,1254.0,4327,84,0.353,0.421,0.68
788667408,"$2,965.00",1819,1146.0,4475,66,0.613,0.796,0.692
721449408,"$2,812.00",2029,783.0,4763,74,0.722,0.634,0.762
708316008,"$10,031.00",0,10031.0,1792,29,0.0,0.238,0.074
714655758,"$4,049.00",0,4049.0,4003,73,0.0,0.567,0.659
711846183,"$2,669.00",0,2669.0,2271,31,0.0,0.67,0.722
720612333,"$1,951.00",0,1951.0,2697,45,0.0,0.772,0.731
714673833,"$1,528.00",0,1528.0,4411,77,0.0,0.669,0.833
710525508,"$1,438.30",455,983.3,2090,50,0.316,0.626,0.562
757854858,"$3,143.00",0,3143.0,2297,37,0.0,0.764,0.321
714658233,"$1,438.30",725,713.3,3916,79,0.504,0.715,0.795
716381808,"$8,406.00",0,8406.0,3820,75,0.0,0.743,0.63
720831783,"$2,242.00",888,1354.0,4708,81,0.396,0.661,0.558
714319233,"$6,538.00",0,6538.0,2132,33,0.0,0.556,0.571
718178583,"$4,710.00",1604,3106.0,4663,78,0.341,0.607,0.814
708886533,"$13,032.00",1701,11331.0,4348,77,0.131,0.904,0.878
716239383,"$2,225.00",0,2225.0,4138,85,0.0,0.611,0.771
714672933,"$3,143.00",2268,875.0,4417,84,0.722,0.801,0.68
809954133,"$5,013.00",0,5013.0,5223,84,0.0,0.822,0.909
714855108,"$3,466.00",973,2493.0,4073,69,0.281,0.652,0.605
718730283,"$1,686.00",1206,480.0,4891,68,0.715,0.767,0.511
709232808,"$1,689.00",0,1689.0,1588,37,0.0,0.202,0.276
804428958,"$1,626.00",0,1626.0,4847,78,0.0,0.783,1.053
711474333,"$1,614.00",0,1614.0,1690,38,0.0,0.241,0.357
720070383,"$2,429.00",1966,463.0,4775,84,0.809,1.046,0.787
720322008,"$1,438.30",834,604.3,4551,82,0.58,0.684,0.64
714527433,"$17,523.00",0,17523.0,1974,54,0.0,0.424,0.688
789267633,"$2,573.00",1760,813.0,4404,93,0.684,0.676,0.824
714523383,"$2,900.00",2122,778.0,4656,59,0.732,0.631,1.458
713996283,"$2,352.00",2176,176.0,5209,93,0.925,0.857,0.755
714557583,"$2,212.00",1902,310.0,4976,79,0.86,0.691,0.975
714014733,"$9,642.00",1431,8211.0,2172,33,0.148,0.561,0.571
779065458,"$9,257.00",0,9257.0,4212,72,0.0,0.722,0.895
712733958,"$1,731.00",0,1731.0,2304,46,0.0,0.529,1.0
719231583,"$16,929.00",1838,15091.0,4799,79,0.109,0.551,0.519
778801608,"$3,606.00",1862,1744.0,3568,92,0.516,0.689,0.804
720728133,"$1,714.00",0,1714.0,4180,71,0.0,0.849,0.919
718153233,"$23,512.00",1562,21950.0,3764,60,0.066,0.632,0.538
716122008,"$1,855.00",0,1855.0,2544,27,0.0,0.988,0.929
714960408,"$1,605.00",890,715.0,2722,45,0.555,0.742,0.5
772382283,"$2,302.00",1593,709.0,2689,49,0.692,0.671,0.324
817236708,"$13,546.00",1720,11826.0,3943,73,0.127,0.538,0.698
714266883,"$2,440.00",503,1937.0,2334,51,0.206,0.415,0.594
792795933,"$2,669.00",2397,272.0,3847,65,0.898,0.807,0.585
717219933,"$2,402.00",628,1774.0,1930,48,0.261,0.689,0.6
719986758,"$3,001.00",0,3001.0,2577,39,0.0,0.74,0.444
712326708,"$2,552.00",2220,332.0,4437,61,0.87,0.782,1.033
721505358,"$2,679.00",2214,465.0,4682,81,0.826,1.036,0.841
804337233,"$1,502.00",0,1502.0,4890,61,0.0,0.739,0.794
785351133,"$1,438.30",0,1438.3,4518,81,0.0,0.573,0.723
714034158,"$3,331.00",1307,2024.0,3946,69,0.392,0.617,0.683
720349983,"$1,438.30",0,1438.3,4593,79,0.0,0.686,0.612
720155583,"$2,426.00",1589,837.0,5175,82,0.655,0.87,0.822
806140383,"$2,791.00",2396,395.0,2658,43,0.858,0.889,0.344
799031958,"$18,379.00",999,17380.0,4122,70,0.054,0.466,0.707
719556558,"$3,499.00",1759,1740.0,3972,67,0.503,0.635,0.558
771455508,"$1,438.30",0,1438.3,4104,83,0.0,0.653,0.729
712214283,"$18,295.00",0,18295.0,4827,70,0.0,0.625,0.75
712667058,"$1,568.00",995,573.0,4531,76,0.635,0.908,0.81
715393908,"$2,712.00",1445,1267.0,4520,79,0.533,0.819,0.881
751518633,"$34,516.00",2517,31999.0,2260,50,0.073,0.553,0.786
769100508,"$2,177.00",1472,705.0,5228,77,0.676,0.787,0.674
720582558,"$2,296.00",0,2296.0,5108,87,0.0,0.749,0.74
710773533,"$2,435.00",1595,840.0,5268,88,0.655,0.691,0.66
712395408,"$1,495.00",691,804.0,2552,42,0.462,0.705,0.556
818459733,"$9,220.00",0,9220.0,2276,32,0.0,0.733,0.6
708867408,"$23,128.00",1958,21170.0,2050,35,0.085,0.604,0.667
772457583,"$4,254.00",1204,3050.0,5385,93,0.283,0.538,0.691
810271083,"$14,897.00",0,14897.0,2164,53,0.0,0.489,0.606
712649058,"$3,554.00",0,3554.0,4121,82,0.0,0.929,0.783
788737083,"$1,798.00",833,965.0,4551,84,0.463,0.882,0.787
714012258,"$2,429.00",1687,742.0,4122,74,0.695,0.766,0.85
757662258,"$2,477.00",1480,997.0,5138,77,0.597,0.826,0.974
714388158,"$14,304.00",699,13605.0,4746,73,0.049,0.549,0.521
720067083,"$1,536.00",801,735.0,3904,74,0.521,0.944,0.897
814529508,"$15,370.00",686,14684.0,4106,71,0.045,0.81,1.029
794068308,"$23,981.00",1684,22297.0,4141,73,0.07,0.736,0.521
824812983,"$6,318.00",1397,4921.0,4166,86,0.221,0.517,0.755
713396358,"$3,558.00",816,2742.0,4878,71,0.229,0.77,0.578
719420883,"$1,677.00",0,1677.0,2477,45,0.0,0.835,0.324
785500533,"$2,734.00",2085,649.0,4064,66,0.763,0.764,0.784
712138008,"$2,396.00",1663,733.0,4569,70,0.694,0.645,0.667
709279608,"$9,852.00",2277,7575.0,3813,71,0.231,0.831,0.614
788771733,"$1,579.00",900,679.0,4354,70,0.57,0.592,0.707
753365883,"$1,900.00",0,1900.0,2298,45,0.0,0.864,0.452
770717883,"$1,820.00",0,1820.0,4592,67,0.0,0.658,0.811
716919633,"$2,406.00",0,2406.0,4450,73,0.0,1.016,0.698
717915783,"$4,541.00",1037,3504.0,2829,44,0.228,0.825,0.467
720099708,"$3,124.00",2517,607.0,4716,68,0.806,0.635,0.581
711004533,"$2,240.00",1664,576.0,4399,80,0.743,0.691,0.6
709482633,"$1,773.00",882,891.0,5400,84,0.497,0.68,0.615
717381183,"$1,674.00",752,922.0,4513,57,0.449,0.963,0.966
719716983,"$3,257.00",0,3257.0,4042,85,0.0,0.757,0.848
711117108,"$32,611.00",1718,30893.0,3916,61,0.053,0.971,0.605
780567408,"$3,027.00",1671,1356.0,3912,77,0.552,0.934,0.925
778810083,"$4,210.00",0,4210.0,4175,58,0.0,1.027,0.933
778696608,"$10,931.00",2297,8634.0,4802,73,0.21,0.639,0.872
771469758,"$34,516.00",0,34516.0,4131,66,0.0,0.813,0.61
714172158,"$2,637.00",1009,1628.0,4525,83,0.383,0.574,0.729
713713983,"$2,899.00",1952,947.0,4906,94,0.673,0.667,0.679
787454133,"$1,438.30",0,1438.3,4776,82,0.0,0.634,0.673
709597983,"$1,573.00",653,920.0,3349,77,0.415,0.71,0.674
708298233,"$6,184.00",0,6184.0,1756,49,0.0,0.476,0.324
779885358,"$34,516.00",2332,32184.0,4587,82,0.068,0.8,0.745
709938708,"$1,822.00",1118,704.0,4576,78,0.614,0.896,0.529
719620983,"$2,701.00",1839,862.0,4406,80,0.681,0.765,0.778
712329933,"$3,654.00",0,3654.0,1998,44,0.0,0.63,0.467
798280683,"$2,626.00",1736,890.0,4714,93,0.661,0.786,0.788
715265208,"$1,438.30",812,626.3,3868,80,0.565,0.667,0.702
826069983,"$13,376.00",1633,11743.0,4515,63,0.122,0.98,1.172
708890958,"$31,636.00",2517,29119.0,4231,68,0.08,0.718,1.061
708818508,"$3,453.00",2517,936.0,4386,68,0.729,0.585,0.789
795784008,"$3,889.00",2517,1372.0,1718,37,0.647,0.405,0.276
714965958,"$2,216.00",1800,416.0,4711,83,0.812,0.751,0.694
716328558,"$11,434.00",0,11434.0,4520,83,0.0,0.84,0.844
780747033,"$3,146.00",808,2338.0,4149,66,0.257,0.711,0.784
713923233,"$2,790.00",2185,605.0,3392,86,0.783,0.671,0.755
710962308,"$4,396.00",834,3562.0,4826,88,0.19,0.66,0.913
713254983,"$14,314.00",656,13658.0,4355,70,0.046,0.822,0.667
720275358,"$1,889.00",0,1889.0,2479,46,0.0,0.874,0.533
715964058,"$1,862.00",726,1136.0,5105,79,0.39,0.63,1.026
721461258,"$2,875.00",1671,1204.0,4399,88,0.581,0.923,0.692
710727333,"$1,763.00",0,1763.0,2813,43,0.0,0.896,0.536
717325158,"$1,438.30",883,555.3,4474,63,0.614,0.708,0.853
825856083,"$2,623.00",2121,502.0,4078,70,0.809,0.722,0.795
807136758,"$1,944.00",0,1944.0,2412,40,0.0,0.613,0.481
715400733,"$1,438.30",0,1438.3,2116,38,0.0,0.747,0.583
713927283,"$2,884.00",2517,367.0,4809,87,0.873,0.693,0.74
711594858,"$2,936.00",1297,1639.0,4509,70,0.442,0.556,0.795
711389358,"$5,791.00",2517,3274.0,2516,64,0.435,0.69,0.641
720769533,"$1,438.30",682,756.3,4427,63,0.474,0.713,1.172
715736283,"$1,912.00",0,1912.0,4666,98,0.0,0.783,0.719
768949983,"$3,288.00",2495,793.0,4370,83,0.759,0.805,0.886
711253383,"$4,382.00",0,4382.0,2446,34,0.0,0.714,0.417
794554683,"$3,159.00",0,3159.0,2925,46,0.0,0.916,0.353
789996783,"$5,393.00",2509,2884.0,4769,102,0.465,0.679,0.729
712220283,"$12,222.00",0,12222.0,4215,63,0.0,0.861,0.537
751150233,"$1,438.30",0,1438.3,4459,65,0.0,0.644,0.477
715815783,"$3,429.00",0,3429.0,4591,85,0.0,0.637,0.771
712599783,"$12,618.00",1585,11033.0,4768,82,0.126,0.586,0.864
719653308,"$6,049.00",796,5253.0,4468,71,0.132,0.821,0.511
708928908,"$2,533.00",0,2533.0,5128,74,0.0,0.998,0.947
709780158,"$2,411.00",1379,1032.0,4812,79,0.572,0.869,0.717
768675483,"$2,001.00",0,2001.0,4455,82,0.0,0.791,0.64
714243408,"$2,042.00",1359,683.0,4917,73,0.666,0.796,0.973
711323283,"$2,527.00",1030,1497.0,2767,43,0.408,0.714,0.387
713499408,"$1,438.30",0,1438.3,4109,71,0.0,0.681,0.919
719245983,"$13,816.00",955,12861.0,4238,73,0.069,0.699,0.659
810789708,"$2,256.00",0,2256.0,4587,92,0.0,0.713,0.878
710301858,"$34,516.00",2019,32497.0,3820,72,0.058,0.614,0.532
718611333,"$6,400.00",1979,4421.0,4475,91,0.309,0.696,0.685
787557258,"$1,816.00",0,1816.0,4957,78,0.0,0.664,0.773
711533058,"$3,347.00",2240,1107.0,5533,85,0.669,0.898,0.735
715805133,"$2,705.00",1581,1124.0,5532,81,0.584,0.851,0.841
708680583,"$2,043.00",1590,453.0,4940,68,0.778,0.618,0.619
711428733,"$3,028.00",1339,1689.0,4144,64,0.442,0.843,0.684
715842183,"$1,514.00",745,769.0,4004,69,0.492,0.694,0.683
815772333,"$1,438.30",0,1438.3,4059,89,0.0,0.816,0.816
778255083,"$3,103.00",2517,586.0,4641,80,0.811,0.881,1.0
715571583,"$2,504.00",1915,589.0,4847,86,0.765,0.897,0.654
720711483,"$3,674.00",2517,1157.0,2608,45,0.685,0.854,0.731
827436483,"$2,916.00",0,2916.0,4336,72,0.0,0.792,0.714
710715783,"$1,633.00",0,1633.0,4436,75,0.0,0.725,0.667
758367933,"$5,466.00",0,5466.0,4435,79,0.0,0.587,0.881
721399833,"$2,032.00",1008,1024.0,4736,86,0.496,0.879,0.83
708727983,"$3,933.00",0,3933.0,3048,54,0.0,0.884,0.688
802822833,"$21,328.00",0,21328.0,3825,76,0.0,0.783,0.949
713276733,"$3,562.00",2107,1455.0,4490,90,0.592,0.394,0.667
809440008,"$2,069.00",550,1519.0,2716,43,0.266,0.783,0.433
716959833,"$3,534.00",0,3534.0,3973,66,0.0,0.536,0.784
714432108,"$2,402.00",1892,510.0,4610,76,0.788,0.645,0.81
772580958,"$3,136.00",2138,998.0,4930,80,0.682,0.699,0.739
715071483,"$2,802.00",2517,285.0,4392,81,0.898,0.664,0.723
712410858,"$2,315.00",1336,979.0,4143,65,0.577,0.771,0.667
715395933,"$11,238.00",2336,8902.0,5302,70,0.208,0.911,0.892
711237633,"$1,460.00",0,1460.0,2329,36,0.0,0.738,0.5
781337658,"$2,602.00",1612,990.0,5532,85,0.62,0.906,0.735
718913358,"$4,225.00",2517,1708.0,2659,43,0.596,0.662,0.387
715784808,"$2,576.00",1678,898.0,3913,86,0.651,0.771,0.72
718452633,"$1,931.00",0,1931.0,2569,46,0.0,0.695,0.394
769883733,ERR_VAL,0,2344.0,2098,31,0.0,0.412,0.409
709375158,"$7,270.00",1835,5435.0,3759,69,0.252,0.86,0.917
801977733,"$2,395.00",1437,958.0,4481,82,0.6,0.787,0.822
709175208,"$2,835.00",2292,543.0,4686,79,0.808,0.732,0.756
788990508,"$1,540.00",796,744.0,3714,56,0.517,0.805,0.697
720835308,"$3,017.00",0,3017.0,4389,72,0.0,0.702,0.636
717365958,"$1,438.30",0,1438.3,4765,71,0.0,0.851,1.088
779577108,"$1,438.30",0,1438.3,4052,65,0.0,0.718,0.757
801497508,"$1,584.00",1311,273.0,4203,73,0.828,0.867,0.78
716131083,"$2,676.00",2157,519.0,4640,69,0.806,0.901,0.605
784734258,"$5,084.00",1683,3401.0,4060,55,0.331,0.923,0.774
711122958,"$1,764.00",0,1764.0,2105,57,0.0,0.552,0.839
779508333,"$23,925.00",1494,22431.0,3677,55,0.062,0.704,0.719
717699408,"$2,886.00",2517,369.0,4884,89,0.872,0.841,0.618
720210483,"$6,720.00",2143,4577.0,5049,85,0.319,0.814,0.735
709329558,"$15,569.00",1554,14015.0,4566,73,0.1,0.436,0.78
721222833,"$1,565.00",944,621.0,4798,73,0.603,0.872,1.147
712682583,"$5,947.00",995,4952.0,4984,90,0.167,0.724,0.765
710051658,"$18,821.00",774,18047.0,4402,75,0.041,0.586,0.562
708606633,"$1,544.00",0,1544.0,1902,35,0.0,0.315,0.4
710862258,"$1,755.00",0,1755.0,4786,73,0.0,0.77,0.553
720072933,"$1,438.30",666,772.3,4759,90,0.463,0.675,0.667
757527033,"$2,153.00",0,2153.0,4628,69,0.0,0.766,0.971
713115483,"$1,684.00",0,1684.0,2275,45,0.0,0.557,0.607
816078708,"$5,662.00",1952,3710.0,4014,61,0.345,0.519,0.525
713985183,"$2,799.00",2412,387.0,4634,91,0.862,0.877,0.75
789601308,"$12,398.00",0,12398.0,4228,93,0.0,0.785,0.788
720133908,"$4,461.00",900,3561.0,4204,77,0.202,0.587,0.791
803197833,"$2,597.00",1871,726.0,3637,69,0.72,0.899,0.725
812222208,"$9,733.00",863,8870.0,5228,71,0.089,0.892,0.543
757634583,"$2,261.00",1127,1134.0,4456,68,0.498,0.814,0.789
719362458,"$2,822.00",0,2822.0,5064,74,0.0,0.681,0.85
789331908,"$8,793.00",918,7875.0,5342,64,0.104,0.471,0.684
715616358,"$5,843.00",1162,4681.0,4405,67,0.199,0.765,0.811
711784908,"$3,322.00",2517,805.0,3913,86,0.758,0.789,0.911
806900508,"$2,036.00",1716,320.0,4161,75,0.843,0.69,0.744
710098233,"$2,387.00",0,2387.0,4513,66,0.0,0.639,0.65
713508333,"$1,884.00",1216,668.0,4591,85,0.645,0.945,0.735
712176708,"$3,747.00",2268,1479.0,4609,87,0.605,0.709,0.74
719724933,"$2,220.00",1240,980.0,4396,78,0.559,0.906,0.95
716537433,"$2,428.00",2005,423.0,5170,68,0.826,0.835,0.659
713186058,"$1,438.30",0,1438.3,2191,51,0.0,0.58,0.457
787558683,"$1,850.00",621,1229.0,4234,74,0.336,0.682,0.682
718002633,"$16,002.00",2076,13926.0,3667,52,0.13,0.293,1.167
789241308,"$1,438.30",0,1438.3,2145,41,0.0,0.72,0.519
713941158,"$5,222.00",2517,2705.0,4433,81,0.482,0.569,0.588
808950108,"$1,438.30",859,579.3,4409,72,0.597,0.808,0.674
719050458,"$2,582.00",1528,1054.0,4041,67,0.592,0.771,0.457
718021608,"$1,533.00",728,805.0,4659,83,0.475,0.906,0.766
788870283,"$1,438.30",0,1438.3,3778,72,0.0,0.796,1.118
778272408,"$5,763.00",0,5763.0,2310,48,0.0,0.615,0.714
720079758,"$1,910.00",1431,479.0,5253,82,0.749,0.851,0.745
787457883,"$1,515.00",996,519.0,4324,89,0.657,0.558,0.854
719884983,"$1,538.00",666,872.0,4808,64,0.433,0.642,0.684
822056583,"$1,572.00",874,698.0,4996,80,0.556,0.947,0.739
714585033,"$1,438.30",1055,383.3,4532,78,0.734,0.809,0.472
713981283,"$2,814.00",2162,652.0,4271,88,0.768,0.588,0.833
715328658,"$1,495.00",0,1495.0,2622,70,0.0,0.686,0.628
748194633,"$2,903.00",1251,1652.0,4555,76,0.431,0.879,0.727
719323683,"$4,543.00",1028,3515.0,4093,77,0.226,0.799,0.571
708611733,"$3,119.00",1328,1791.0,4659,82,0.426,0.967,0.673
771219033,"$17,506.00",1979,15527.0,4199,73,0.113,0.447,0.659
721480158,"$1,438.30",910,528.3,2370,44,0.633,0.66,0.467
708086958,"$3,128.00",749,2379.0,4369,59,0.239,0.598,0.735
709100283,"$5,956.00",2517,3439.0,2828,46,0.423,0.877,0.484
719350908,"$4,177.00",2094,2083.0,3553,66,0.501,0.466,0.65
714124983,"$13,457.00",1044,12413.0,3303,66,0.078,0.722,0.737
718031508,"$1,535.00",0,1535.0,5168,76,0.0,0.77,0.81
709732608,"$3,203.00",2366,837.0,4282,82,0.739,0.665,0.783
713466033,"$2,092.00",0,2092.0,2015,33,0.0,0.422,0.269
716369208,"$2,420.00",1223,1197.0,4954,82,0.505,0.718,0.783
781143933,"$2,313.00",1325,988.0,5006,76,0.573,0.723,0.81
711337158,"$3,059.00",2387,672.0,4774,81,0.78,0.808,0.761
714724908,"$2,235.00",1688,547.0,4633,79,0.755,0.631,0.795
719973033,"$3,208.00",0,3208.0,4531,86,0.0,0.923,0.83
714196008,"$7,534.00",0,7534.0,4685,79,0.0,0.587,0.975
780272208,"$2,006.00",1197,809.0,4139,69,0.597,0.877,0.769
717849708,"$1,438.30",738,700.3,4368,87,0.513,0.709,0.74
712437108,"$14,044.00",0,14044.0,4889,89,0.0,0.715,0.854
767802483,"$5,005.00",969,4036.0,5066,71,0.194,0.727,0.821
709064208,"$1,628.00",275,1353.0,2219,49,0.169,0.69,0.531
714343608,"$3,033.00",0,3033.0,4921,90,0.0,0.89,0.698
709668408,"$5,204.00",0,5204.0,5285,82,0.0,1.008,0.864
712753758,"$2,442.00",1699,743.0,4313,75,0.696,0.639,0.562
807722658,"$2,429.00",1250,1179.0,4761,99,0.515,0.983,0.707
826808208,"$2,213.00",829,1384.0,4210,84,0.375,0.639,0.714
757224108,"$2,624.00",1117,1507.0,3929,67,0.426,0.826,0.595
816091608,"$1,976.00",0,1976.0,4424,73,0.0,0.812,0.659
819684183,"$3,492.00",1546,1946.0,3043,53,0.443,1.135,1.038
719630358,"$3,546.00",0,3546.0,2616,47,0.0,0.791,0.469
712399308,"$2,989.00",2387,602.0,2143,67,0.799,0.437,0.558
721282908,"$1,438.30",0,1438.3,3971,60,0.0,0.742,0.667
820848408,"$1,438.30",771,667.3,5053,74,0.536,0.652,0.947
710888883,"$1,438.30",636,802.3,4824,83,0.442,0.838,0.766
711338058,"$1,438.30",1201,237.3,4851,86,0.835,0.749,0.72
721317333,"$2,383.00",1828,555.0,4759,75,0.767,0.814,0.744
711350133,"$13,587.00",2374,11213.0,4995,88,0.175,0.789,0.692
803606958,"$3,085.00",0,3085.0,3946,73,0.0,0.719,0.825
721039308,"$32,431.00",850,31581.0,4400,71,0.026,0.926,1.088
713440833,"$2,207.00",2020,187.0,4348,84,0.915,0.693,0.647
780814158,"$2,781.00",992,1789.0,4577,81,0.357,0.701,0.929
717255333,"$6,921.00",0,6921.0,2729,44,0.0,0.824,0.467
714368883,"$7,596.00",1156,6440.0,4338,73,0.152,0.611,0.738
788797983,"$4,568.00",2025,2543.0,4869,85,0.443,0.849,0.848
720642633,"$6,475.00",1686,4789.0,3837,65,0.26,0.699,0.667
708793008,"$9,949.00",0,9949.0,2207,40,0.0,0.574,0.481
819351258,"$2,238.00",1693,545.0,5339,86,0.756,0.714,0.458
715212108,"$1,438.30",0,1438.3,4565,84,0.0,0.686,0.714
720046458,"$2,670.00",1944,726.0,4491,65,0.728,0.628,0.667
779942808,"$1,438.30",0,1438.3,4482,74,0.0,0.46,0.644
713709258,"$2,142.00",1369,773.0,4424,88,0.639,0.666,0.66
779961408,"$3,382.00",1446,1936.0,4854,74,0.428,0.705,0.682
798699033,"$8,961.00",1382,7579.0,4408,80,0.154,0.797,0.778
754968033,"$1,762.00",1224,538.0,4899,87,0.695,0.815,0.812
710163633,"$1,919.00",867,1052.0,4996,92,0.452,0.741,0.704
781675983,"$3,054.00",2517,537.0,4706,84,0.824,1.061,0.647
720418383,"$1,877.00",0,1877.0,4854,80,0.0,0.752,0.818
778486008,"$4,223.00",2235,1988.0,3669,62,0.529,0.863,1.138
718303683,"$1,666.00",813,853.0,2622,60,0.488,0.813,0.818
716756133,"$2,422.00",1237,1185.0,5079,80,0.511,0.925,0.818
711363258,"$4,821.00",0,4821.0,4680,77,0.0,0.746,0.974
708551508,"$3,264.00",2508,756.0,4966,78,0.768,0.887,0.814
715019883,"$4,565.00",1258,3307.0,4139,67,0.276,0.764,0.914
711125358,"$1,765.00",1694,71.0,4803,72,0.96,0.76,0.532
708453408,"$16,050.00",0,16050.0,3721,62,0.0,0.77,0.512
716370258,"$2,188.00",1067,1121.0,4537,66,0.488,0.618,0.435
803880108,"$1,721.00",1355,366.0,4474,58,0.787,0.926,1.32
708660408,"$1,737.00",1689,48.0,2459,43,0.972,0.644,0.536
709822008,"$2,369.00",1019,1350.0,4317,66,0.43,0.691,0.784
716411358,"$2,652.00",0,2652.0,4676,78,0.0,0.665,0.773
717524433,"$1,438.30",0,1438.3,4700,92,0.0,0.825,0.704
721011858,"$1,438.30",0,1438.3,3913,78,0.0,0.854,0.5
719734533,"$1,438.30",689,749.3,4921,65,0.479,0.823,0.806
712285908,"$2,481.00",1925,556.0,5228,73,0.776,0.723,0.78
713675658,"$9,817.00",848,8969.0,4636,85,0.086,0.793,0.848
712869783,"$4,255.00",0,4255.0,4606,79,0.0,0.948,0.795
708545058,"$1,438.30",986,452.3,5136,81,0.686,0.649,0.8
817240833,"$4,970.00",1591,3379.0,5023,78,0.32,0.738,0.733
711671058,"$1,438.30",0,1438.3,2171,38,0.0,0.574,0.462
719815383,"$2,333.00",1414,919.0,5137,89,0.606,0.632,0.679
808747233,"$34,516.00",0,34516.0,2573,55,0.0,0.771,0.719
713084208,"$4,373.00",0,4373.0,2397,46,0.0,0.623,0.484
806652483,"$1,561.00",1169,392.0,4391,67,0.749,0.573,0.595
709803258,"$12,073.00",0,12073.0,2400,52,0.0,0.541,0.793
717765183,"$1,438.30",0,1438.3,4956,72,0.0,0.74,0.714
779041983,"$1,438.30",0,1438.3,4439,81,0.0,0.56,1.025
709868433,"$2,525.00",2217,308.0,4409,69,0.878,0.763,0.568
818699208,"$6,451.00",0,6451.0,2400,43,0.0,0.706,0.433
717395733,"$4,142.00",688,3454.0,4512,81,0.166,0.717,0.976
719516208,"$34,516.00",0,34516.0,2329,47,0.0,0.628,0.516
717026658,"$1,897.00",0,1897.0,2866,47,0.0,0.645,0.469
801516183,"$3,231.00",2215,1016.0,4610,90,0.686,0.515,0.607
716231133,"$1,577.00",1286,291.0,3453,52,0.815,0.571,1.08
779625858,"$3,061.00",2517,544.0,5032,89,0.822,0.809,0.618
709575858,"$2,300.00",0,2300.0,4527,79,0.0,0.655,0.756
720927183,"$2,796.00",0,2796.0,4536,81,0.0,0.884,0.723
772198983,"$3,024.00",1649,1375.0,4463,89,0.545,0.587,0.679
721122258,"$5,293.00",1030,4263.0,4377,62,0.195,0.863,0.879
758875908,"$1,964.00",1811,153.0,4699,81,0.922,0.69,0.841
716501133,"$2,051.00",1154,897.0,3912,79,0.563,0.605,0.717
719250783,"$1,998.00",0,1998.0,4637,68,0.0,0.717,0.889
789179583,"$11,881.00",1488,10393.0,4865,87,0.125,0.587,0.891
708254733,"$2,968.00",1873,1095.0,5171,85,0.631,1.11,0.889
719758758,"$2,797.00",1943,854.0,4917,66,0.695,0.899,0.784
805458933,"$13,984.00",632,13352.0,4727,83,0.045,0.702,0.66
720408708,"$2,505.00",0,2505.0,4109,61,0.0,0.62,0.743
788911458,"$2,972.00",0,2972.0,3840,69,0.0,0.593,0.769
771862308,"$5,856.00",2007,3849.0,4916,87,0.343,0.727,0.642
714616308,"$7,182.00",1774,5408.0,4294,67,0.247,0.583,0.718
721221783,"$5,844.00",2013,3831.0,3546,65,0.344,0.478,0.548
766021083,"$2,114.00",546,1568.0,2578,42,0.258,0.619,0.75
771918033,"$8,208.00",1256,6952.0,4824,83,0.153,0.814,0.627
719756133,"$3,940.00",1384,2556.0,3257,53,0.351,0.908,0.767
711777633,"$5,784.00",0,5784.0,4173,80,0.0,0.851,0.86
713261133,"$8,632.00",0,8632.0,2221,40,0.0,0.395,0.739
788519958,"$1,438.30",876,562.3,4815,62,0.609,0.693,0.676
768412608,"$2,255.00",1258,997.0,4309,79,0.558,0.96,0.837
709972908,"$9,874.00",1059,8815.0,4369,70,0.107,0.664,0.707
713029683,"$1,873.00",468,1405.0,4738,82,0.25,1.154,0.608
768243858,"$3,288.00",2517,771.0,2717,46,0.766,0.84,0.438
711685758,"$3,334.00",1151,2183.0,4791,101,0.345,0.752,0.629
714528258,"$3,299.00",870,2429.0,4904,75,0.264,0.63,0.829
818930808,"$2,754.00",1798,956.0,3937,70,0.653,0.769,0.628
713310558,"$2,035.00",1620,415.0,4130,74,0.796,0.838,0.721
719995008,"$3,979.00",780,3199.0,5024,69,0.196,0.873,0.769
811713408,"$2,642.00",1249,1393.0,4897,81,0.473,0.682,0.723
709649958,"$28,229.00",287,27942.0,2281,45,0.01,0.594,0.552
708822783,"$2,973.00",2517,456.0,4862,77,0.847,0.588,0.453
771869508,"$1,612.00",831,781.0,4924,81,0.516,0.602,0.884
804413508,"$12,084.00",1638,10446.0,4506,90,0.136,0.695,0.957
815756058,"$2,930.00",2266,664.0,4752,72,0.773,0.734,1.323
712278108,"$1,963.00",1112,851.0,4821,67,0.566,0.761,0.763
717072108,"$2,762.00",0,2762.0,2571,44,0.0,0.684,0.419
721460283,"$2,214.00",915,1299.0,2144,51,0.413,0.533,0.545
784827108,"$2,292.00",1839,453.0,4043,72,0.802,0.675,0.674
717862308,"$2,901.00",2384,517.0,3835,78,0.822,0.717,0.592
716726058,"$2,865.00",1523,1342.0,4609,79,0.532,0.605,0.756
717405408,"$3,934.00",1911,2023.0,4143,82,0.486,0.723,0.864
718734408,"$2,428.00",932,1496.0,4823,62,0.384,0.768,0.824
771666783,"$5,302.00",1136,4166.0,4883,68,0.214,0.817,0.581
789301458,"$9,139.00",1620,7519.0,4675,78,0.177,0.773,1.108
772329183,"$5,219.00",1081,4138.0,3481,78,0.207,0.568,0.625
713792583,"$10,351.00",1356,8995.0,4572,76,0.131,0.828,1.054
719577258,"$6,811.00",0,6811.0,1937,39,0.0,0.677,0.56
770878458,"$1,438.30",990,448.3,3855,73,0.688,0.715,1.147
798308058,"$2,255.00",0,2255.0,4412,81,0.0,0.73,0.884
772528158,"$1,741.00",0,1741.0,2546,42,0.0,0.84,0.4
718707933,"$2,189.00",382,1807.0,2750,51,0.175,0.884,0.594
709791333,"$2,040.00",1084,956.0,4751,80,0.531,0.672,0.818
710090958,"$1,844.00",1232,612.0,4182,71,0.668,0.588,0.651
772687983,"$8,404.00",1498,6906.0,4811,56,0.178,0.922,0.556
714707133,"$1,438.30",0,1438.3,4443,86,0.0,0.647,0.83
720126033,"$1,944.00",1804,140.0,4682,90,0.928,0.723,0.667
713995233,"$1,438.30",0,1438.3,4707,88,0.0,0.641,0.692
771638733,"$4,354.00",0,4354.0,2750,59,0.0,0.738,0.686
715009833,"$1,857.00",1033,824.0,5149,90,0.556,0.95,0.636
711497283,"$2,708.00",1616,1092.0,4237,87,0.597,0.669,0.706
803418783,"$9,974.00",2185,7789.0,4680,87,0.219,0.852,0.673
814611633,"$2,271.00",2154,117.0,4150,69,0.948,1.13,0.865
709411383,"$2,811.00",1630,1181.0,4275,78,0.58,0.847,0.733
825753258,"$6,519.00",1525,4994.0,4495,81,0.234,0.874,1.025
713930433,"$4,316.00",0,4316.0,1920,53,0.0,0.363,0.472
715941633,"$1,438.30",0,1438.3,3800,69,0.0,0.718,0.533
772162683,"$3,116.00",0,3116.0,2768,45,0.0,0.698,0.667
712531008,"$24,868.00",794,24074.0,2510,32,0.032,0.649,0.231
711583458,"$1,438.30",0,1438.3,4913,82,0.0,0.743,0.822
714418983,"$1,438.30",0,1438.3,4509,80,0.0,0.643,0.569
708699108,"$1,438.30",855,583.3,4890,53,0.594,0.662,0.893
771749733,"$17,706.00",1081,16625.0,3680,81,0.061,1.087,0.723
715235808,"$1,819.00",1235,584.0,4636,75,0.679,0.798,0.705
716666133,"$19,350.00",0,19350.0,4657,70,0.0,0.982,0.795
716709858,"$3,074.00",0,3074.0,2721,54,0.0,0.718,0.688
715356258,"$2,281.00",1548,733.0,4384,78,0.679,0.739,0.857
720389283,"$3,035.00",1779,1256.0,4999,83,0.586,0.851,0.93
778131333,"$3,222.00",0,3222.0,5154,80,0.0,0.786,0.778
708286683,"$12,045.00",1749,10296.0,4884,86,0.145,0.736,0.87
814765533,"$10,587.00",2517,8070.0,2971,54,0.238,1.052,0.742
814195758,"$2,596.00",1210,1386.0,4642,78,0.466,0.549,0.696
717121758,"$3,008.00",2517,491.0,4627,68,0.837,0.674,0.659
768720708,"$3,280.00",2327,953.0,4268,84,0.709,0.784,1.0
718032483,"$1,438.30",611,827.3,4688,89,0.425,0.692,0.816
809966058,"$2,835.00",1860,975.0,4569,81,0.656,0.571,0.884
711553308,"$1,438.30",750,688.3,4542,88,0.521,0.771,0.833
708253458,"$5,528.00",1823,3705.0,4857,81,0.33,0.731,0.723
711276933,"$2,030.00",1262,768.0,4851,84,0.622,0.862,0.867
718165758,"$2,413.00",1627,786.0,5466,85,0.674,0.726,0.771
780089658,"$7,381.00",1608,5773.0,5638,86,0.218,0.784,0.654
826421958,"$1,438.30",0,1438.3,1843,44,0.0,0.637,0.63
778712658,"$2,001.00",960,1041.0,4026,86,0.48,0.678,0.83
708158133,"$3,031.00",2517,514.0,2188,50,0.83,0.409,0.389
712514508,"$11,354.00",0,11354.0,3073,49,0.0,1.007,1.227
710725383,"$2,012.00",0,2012.0,3282,66,0.0,0.31,0.65
772601283,"$23,034.00",1992,21042.0,2514,32,0.086,0.759,0.684
716371308,"$4,947.00",0,4947.0,4497,84,0.0,0.751,0.826
718518858,"$1,844.00",1388,456.0,5056,81,0.753,0.901,0.8
712579983,"$1,438.30",0,1438.3,2258,59,0.0,0.542,0.788
716511483,"$4,752.00",1400,3352.0,3404,54,0.295,0.646,1.16
708653958,"$6,114.00",1461,4653.0,2608,36,0.239,0.772,0.385
712161858,"$1,438.30",0,1438.3,2244,54,0.0,0.571,0.929
716761308,"$2,286.00",0,2286.0,5199,83,0.0,0.732,0.844
710547783,"$4,784.00",1629,3155.0,4912,82,0.341,0.706,0.783
772118583,"$2,667.00",1590,1077.0,4596,85,0.596,0.806,0.574
712154883,"$2,473.00",1745,728.0,4823,72,0.706,0.769,0.8
793842558,"$2,001.00",1430,571.0,4509,69,0.715,0.555,0.683
792695808,"$18,232.00",1140,17092.0,4775,84,0.063,0.657,1.1
798047583,"$1,438.30",0,1438.3,4596,71,0.0,0.825,0.732
719453283,"$2,918.00",1597,1321.0,4454,76,0.547,0.884,0.9
717637908,"$1,924.00",971,953.0,4951,96,0.505,0.806,0.6
708303108,"$1,770.00",1706,64.0,4940,94,0.964,0.626,0.774
788876208,"$2,265.00",0,2265.0,3826,71,0.0,0.603,0.543
772069683,"$3,868.00",1384,2484.0,4716,79,0.358,0.631,0.549
780143283,"$2,701.00",2498,203.0,2678,37,0.925,0.637,0.609
805453908,"$2,507.00",1592,915.0,4355,79,0.635,0.691,0.837
780897858,"$2,420.00",676,1744.0,3770,76,0.279,0.782,0.81
719881533,"$16,547.00",0,16547.0,1561,41,0.0,0.242,0.367
717346833,"$1,621.00",0,1621.0,3764,76,0.0,0.603,0.52
718555308,"$3,808.00",713,3095.0,4845,88,0.187,0.787,0.63
771783333,"$2,173.00",0,2173.0,2379,57,0.0,0.652,0.781
709208808,"$2,178.00",1731,447.0,4275,71,0.795,0.683,0.69
818901708,"$1,438.30",0,1438.3,4539,90,0.0,0.841,0.765
713247408,"$1,750.00",813,937.0,4333,68,0.465,0.76,0.7
715617333,"$1,438.30",0,1438.3,4957,88,0.0,0.61,0.872
714230808,"$2,466.00",1750,716.0,5005,76,0.71,0.774,0.767
715866033,"$2,535.00",1352,1183.0,3840,72,0.533,0.509,0.565
718065333,"$2,385.00",1971,414.0,3711,81,0.826,0.613,0.653
710756133,"$1,811.00",821,990.0,4290,73,0.453,0.773,0.78
713873658,"$2,701.00",1986,715.0,4767,76,0.735,0.538,0.854
771499233,"$5,387.00",1133,4254.0,4374,76,0.21,0.652,0.49
711274458,"$1,438.30",0,1438.3,2478,45,0.0,0.73,0.552
790108908,"$34,058.00",0,34058.0,4043,57,0.0,0.552,0.781
797389758,"$16,290.00",0,16290.0,4232,79,0.0,0.758,0.795
827100333,"$1,438.30",726,712.3,5208,93,0.505,0.657,0.755
711647808,"$2,069.00",1028,1041.0,4414,82,0.497,0.648,0.783
714035283,"$2,802.00",2256,546.0,2371,46,0.805,0.615,0.353
720553158,"$3,390.00",2222,1168.0,5001,82,0.655,0.768,0.822
717924933,"$3,745.00",1291,2454.0,4956,88,0.345,0.631,0.796
802856508,"$26,690.00",0,26690.0,4363,76,0.0,1.144,1.054
708376983,"$8,513.00",799,7714.0,2119,37,0.094,0.451,0.542
712673283,"$1,438.30",0,1438.3,4886,85,0.0,0.827,0.771
711862533,"$2,258.00",2000,258.0,2500,42,0.886,0.611,0.68
772407333,"$1,654.00",0,1654.0,1730,30,0.0,0.329,0.364
778356408,"$2,768.00",1329,1439.0,4275,78,0.48,0.699,0.814
716791908,"$14,566.00",1045,13521.0,4480,77,0.072,0.417,0.791
757761033,"$3,250.00",1560,1690.0,4673,73,0.48,0.634,0.698
758186433,"$2,353.00",1095,1258.0,5038,84,0.465,0.941,0.75
786546783,"$1,438.30",0,1438.3,4457,79,0.0,0.896,0.927
789634983,"$4,188.00",2200,1988.0,4911,86,0.525,0.867,0.72
720654183,"$23,542.00",1307,22235.0,2152,46,0.056,0.462,0.438
715880283,"$9,272.00",982,8290.0,4649,89,0.106,0.651,0.816
719990358,"$1,967.00",0,1967.0,4620,77,0.0,0.73,0.878
779348358,"$1,717.00",0,1717.0,3004,46,0.0,1.028,0.586
715130808,"$34,516.00",1664,32852.0,4912,80,0.048,0.73,0.739
713818158,"$5,068.00",991,4077.0,5173,64,0.196,0.736,0.6
709728183,"$1,438.30",0,1438.3,4370,79,0.0,0.786,0.795
715797783,"$2,697.00",1863,834.0,4615,81,0.691,0.735,0.688
710879283,"$1,438.30",0,1438.3,4312,81,0.0,0.623,0.723
827051808,"$7,499.00",1083,6416.0,2478,45,0.144,0.716,0.667
710484408,"$8,700.00",1742,6958.0,2306,50,0.2,0.454,0.613
817108083,"$14,266.00",1341,12925.0,1625,34,0.094,0.309,0.36
715995933,"$2,692.00",1631,1061.0,4619,83,0.606,0.99,0.694
713567958,"$2,957.00",1408,1549.0,4280,82,0.476,0.667,0.783
779118708,"$1,438.30",0,1438.3,4598,78,0.0,0.815,0.902
721484283,"$3,007.00",2517,490.0,4985,84,0.837,0.733,1.0
708817608,"$3,427.00",1419,2008.0,4218,74,0.414,0.685,0.805
789231858,"$1,438.30",642,796.3,5177,79,0.446,0.926,0.646
788661408,"$2,990.00",890,2100.0,4757,79,0.298,0.711,0.837
813449508,"$9,918.00",850,9068.0,2485,40,0.086,0.688,0.29
789925833,"$8,159.00",2277,5882.0,4402,64,0.279,0.749,0.684
709296558,"$18,551.00",1434,17117.0,5364,90,0.077,1.149,0.765
780180033,"$1,438.30",0,1438.3,4397,86,0.0,0.689,0.755
713474733,"$1,438.30",327,1111.3,1783,40,0.227,0.528,0.481
771527508,"$10,886.00",1145,9741.0,3488,66,0.105,0.749,0.535
709614333,"$10,457.00",2148,8309.0,4649,74,0.205,0.737,0.947
767005683,"$1,781.00",1551,230.0,3527,66,0.871,0.722,0.61
718686558,"$34,516.00",1156,33360.0,3974,65,0.033,0.633,0.585
715655283,"$2,363.00",1495,868.0,4420,65,0.633,0.531,0.711
819631158,"$2,802.00",2219,583.0,5924,88,0.792,0.796,0.63
710866758,"$1,640.00",888,752.0,4074,73,0.541,0.715,0.872
790119408,"$4,960.00",0,4960.0,2430,48,0.0,0.882,0.548
771332283,"$4,601.00",2517,2084.0,5056,80,0.547,0.775,0.778
771408483,"$4,100.00",1956,2144.0,3584,61,0.477,0.617,0.743
811912608,"$2,741.00",1639,1102.0,5077,87,0.598,0.644,0.74
708684108,"$4,152.00",1446,2706.0,2218,30,0.348,0.826,0.304
768638208,"$3,386.00",2517,869.0,4890,65,0.743,0.743,0.667
803115258,"$3,477.00",0,3477.0,2113,40,0.0,0.436,0.739
708869283,"$23,209.00",1308,21901.0,3530,71,0.056,0.498,0.578
720892833,"$12,610.00",1123,11487.0,4199,67,0.089,0.853,0.595
709762008,"$2,090.00",793,1297.0,4619,78,0.379,0.64,0.733
708600033,"$1,610.00",0,1610.0,4958,87,0.0,0.689,0.776
708736608,"$2,269.00",0,2269.0,2108,39,0.0,0.572,0.56
713047608,"$2,387.00",2013,374.0,2134,41,0.843,0.449,0.952
711717258,"$4,036.00",1329,2707.0,5315,82,0.329,0.738,0.708
711886383,"$5,342.00",605,4737.0,2426,46,0.113,0.691,0.394
713058858,"$1,695.00",913,782.0,2130,48,0.539,0.449,0.5
713993208,"$1,438.30",0,1438.3,4314,82,0.0,0.861,0.864
717855933,"$1,776.00",1586,190.0,4350,71,0.893,0.798,0.868
713436183,"$5,640.00",0,5640.0,4739,80,0.0,0.77,0.86
778360608,"$2,403.00",1105,1298.0,4186,77,0.46,0.735,0.711
710914158,"$3,349.00",2517,832.0,4405,55,0.752,0.786,1.391
714789033,"$3,173.00",2517,656.0,2763,51,0.793,0.619,0.821
809811858,"$1,504.00",0,1504.0,2530,43,0.0,0.987,0.344
826709658,"$1,477.00",0,1477.0,2214,43,0.0,0.768,0.654
752648883,"$2,018.00",1366,652.0,4842,69,0.677,0.964,0.5
715771608,"$34,516.00",1453,33063.0,4147,76,0.042,0.357,0.949
719061933,"$2,105.00",0,2105.0,4190,67,0.0,0.656,0.914
792345258,"$20,080.00",0,20080.0,4620,70,0.0,0.56,0.667
711765708,"$6,690.00",1912,4778.0,3875,60,0.286,0.609,0.538
783393633,"$1,530.00",0,1530.0,4256,78,0.0,0.635,0.773
779667408,"$2,915.00",1494,1421.0,4235,73,0.513,0.861,0.825
805461783,"$1,438.30",0,1438.3,4735,87,0.0,0.635,0.673
719098308,"$2,423.00",268,2155.0,2516,59,0.111,0.804,0.639
771433608,"$11,742.00",0,11742.0,4053,70,0.0,0.621,0.556
825811158,"$3,069.00",2517,552.0,4512,83,0.82,0.73,0.766
715252383,"$34,516.00",1864,32652.0,3595,52,0.054,0.664,0.733
809092458,"$2,517.00",1336,1181.0,5211,83,0.531,0.755,0.804
713706258,"$1,438.30",773,665.3,4890,63,0.537,1.138,0.909
714693708,"$2,216.00",1992,224.0,4103,77,0.899,0.789,0.711
721072908,"$3,232.00",1346,1886.0,5102,69,0.416,0.697,0.643
716675358,"$3,478.00",941,2537.0,4607,83,0.271,0.711,0.93
708128733,"$1,814.00",0,1814.0,5014,99,0.0,0.852,0.623
711392508,"$1,438.30",0,1438.3,4513,75,0.0,0.741,0.744
771420708,"$1,446.00",621,825.0,4860,68,0.429,0.826,0.7
721207908,"$1,493.00",0,1493.0,4655,95,0.0,0.605,0.638
715798608,"$4,244.00",1066,3178.0,4016,89,0.251,0.606,0.854
716758008,"$2,984.00",1879,1105.0,4813,83,0.63,0.675,0.729
714847983,"$2,713.00",2201,512.0,4220,79,0.811,0.716,0.612
716975583,"$2,471.00",1658,813.0,4406,62,0.671,0.682,0.676
804434058,"$27,437.00",0,27437.0,4660,79,0.0,0.872,0.681
714293358,"$4,166.00",989,3177.0,4584,70,0.237,0.967,1.258
710989008,"$13,100.00",1436,11664.0,3201,78,0.11,0.519,0.5
757194408,"$1,438.30",0,1438.3,1707,38,0.0,0.539,1.111
711459483,"$2,242.00",0,2242.0,4845,66,0.0,0.658,0.941
762020133,"$9,874.00",0,9874.0,2446,47,0.0,0.491,0.567
719256483,"$4,432.00",1335,3097.0,4144,79,0.301,0.714,0.756
717211608,"$4,975.00",1221,3754.0,4776,68,0.245,0.602,0.889
717125958,"$2,652.00",1581,1071.0,4747,80,0.596,0.738,0.778
779261433,"$2,043.00",1597,446.0,3553,61,0.782,0.814,0.694
780720258,"$3,489.00",2517,972.0,2684,39,0.721,0.721,0.56
715593783,"$14,858.00",1594,13264.0,4286,72,0.107,0.51,0.636
770858283,"$2,822.00",2182,640.0,5371,93,0.773,0.768,0.824
718570158,"$2,901.00",2517,384.0,4731,83,0.868,0.608,0.804
711039633,"$1,594.00",0,1594.0,4653,65,0.0,0.472,0.667
714074808,"$2,241.00",1670,571.0,4653,75,0.745,0.704,0.63
710439483,"$2,581.00",1722,859.0,4431,79,0.667,0.765,0.717
717516333,"$14,713.00",905,13808.0,4125,82,0.062,0.817,0.822
788835408,"$2,910.00",0,2910.0,2648,41,0.0,0.789,0.464
716414958,"$2,366.00",1927,439.0,3659,66,0.814,0.631,0.833
712327608,"$2,708.00",0,2708.0,2321,45,0.0,0.673,0.552
796326483,"$1,681.00",0,1681.0,5416,82,0.0,0.994,0.952
714146208,"$2,594.00",2159,435.0,3872,71,0.832,0.792,0.511
779166783,"$2,128.00",1383,745.0,3968,81,0.65,0.679,0.761
720818658,"$1,438.30",0,1438.3,4594,86,0.0,0.679,0.72
712982808,"$1,438.30",0,1438.3,2388,42,0.0,0.454,0.5
718657083,"$4,696.00",0,4696.0,4828,62,0.0,0.732,1.583
715222533,"$2,566.00",1079,1487.0,2340,36,0.42,0.554,0.5
718187508,"$2,592.00",1364,1228.0,4208,68,0.526,0.679,0.7
802455633,"$1,698.00",0,1698.0,4371,74,0.0,0.847,0.897
714493983,"$4,682.00",1010,3672.0,4322,83,0.216,0.638,0.694
780664758,"$4,439.00",1513,2926.0,4532,95,0.341,0.752,0.696
718466883,"$2,689.00",1618,1071.0,4237,79,0.602,0.587,0.681
771338658,"$11,670.00",915,10755.0,4277,89,0.078,0.892,0.854
709052883,"$1,596.00",0,1596.0,5678,81,0.0,0.788,0.8
708373083,"$3,356.00",2517,839.0,2032,39,0.75,0.583,0.147
716157408,"$1,590.00",0,1590.0,4229,73,0.0,0.556,1.086
713305233,"$4,994.00",0,4994.0,4802,81,0.0,0.717,0.761
713000058,"$16,406.00",0,16406.0,4075,75,0.0,0.627,0.63
714909858,"$2,451.00",1733,718.0,5283,90,0.707,0.724,0.698
804371733,"$9,109.00",1347,7762.0,3991,84,0.148,0.695,0.867
772846383,"$2,632.00",1480,1152.0,4787,89,0.562,0.588,0.679
712552608,"$1,438.30",0,1438.3,2658,43,0.0,0.714,0.654
719887008,"$1,757.00",1352,405.0,4121,81,0.769,0.879,0.421
773342808,"$2,711.00",1793,918.0,5084,79,0.661,0.681,0.717
708375858,"$2,776.00",1341,1435.0,4318,68,0.483,0.744,0.943
789417708,"$1,438.30",1091,347.3,4988,90,0.759,0.702,0.731
794675058,"$5,015.00",1963,3052.0,2491,43,0.391,0.881,0.87
718034058,"$8,529.00",901,7628.0,4252,68,0.106,0.764,0.511
778919583,"$1,604.00",1112,492.0,4253,68,0.693,0.618,0.744
713850783,"$4,263.00",0,4263.0,4876,70,0.0,0.64,1.188
814785108,"$2,493.00",1655,838.0,4473,76,0.664,0.907,0.9
809616108,"$1,568.00",0,1568.0,2812,59,0.0,0.611,0.788
809378133,"$1,521.00",0,1521.0,4880,79,0.0,0.791,0.549
779658408,"$3,261.00",1730,1531.0,4242,65,0.531,0.682,0.667
717954333,"$1,781.00",935,846.0,5093,77,0.525,0.868,0.974
737052258,"$5,284.00",2517,2767.0,4525,63,0.476,0.674,0.537
708108333,"$5,590.00",0,5590.0,1507,32,0.0,0.01,0.0
715047333,"$1,734.00",980,754.0,4313,92,0.565,0.639,0.917
714390858,"$7,645.00",931,6714.0,5016,73,0.122,0.894,0.622
717107808,"$1,438.30",1218,220.3,4600,76,0.847,0.752,0.617
713564208,"$2,207.00",1527,680.0,4159,64,0.692,0.861,1.133
720357483,"$1,723.00",1010,713.0,4112,82,0.586,0.704,0.864
803339583,"$1,644.00",0,1644.0,4898,82,0.0,1.033,0.783
708972783,"$1,745.00",0,1745.0,2297,44,0.0,0.657,0.63
710157108,"$3,376.00",1661,1715.0,4629,75,0.492,0.618,0.923
721483158,"$7,298.00",0,7298.0,4512,72,0.0,0.589,0.756
767553333,"$8,383.00",0,8383.0,2600,44,0.0,0.809,0.517
710436108,"$3,600.00",746,2854.0,4184,61,0.207,0.824,0.694
779870883,"$4,595.00",1781,2814.0,3746,68,0.388,0.708,0.545
817188408,"$2,795.00",1832,963.0,4679,67,0.655,0.839,0.861
719723658,"$1,768.00",0,1768.0,4628,90,0.0,0.788,0.837
806189658,"$1,780.00",893,887.0,4630,73,0.502,0.609,0.587
789070233,"$2,987.00",1764,1223.0,4339,72,0.591,0.686,0.6
712013808,"$2,717.00",1720,997.0,4196,71,0.633,0.869,0.614
708602283,"$2,887.00",0,2887.0,3941,82,0.0,0.581,1.158
809452383,"$1,438.30",0,1438.3,4733,89,0.0,0.707,0.816
714413283,"$10,879.00",860,10019.0,4629,69,0.079,0.974,0.725
712407783,"$1,809.00",1181,628.0,4452,83,0.653,0.656,0.596
720062508,"$1,628.00",0,1628.0,2527,41,0.0,0.876,0.64
717878883,"$1,438.30",0,1438.3,4463,71,0.0,0.678,0.821
714013983,"$1,586.00",0,1586.0,2109,41,0.0,0.497,0.414
753208833,"$2,311.00",1320,991.0,3967,71,0.571,0.658,0.69
721241583,"$2,109.00",1205,904.0,2935,60,0.571,0.514,0.935
713695158,"$1,562.00",1057,505.0,5019,78,0.677,0.807,0.696
711540108,"$1,438.30",0,1438.3,2316,48,0.0,0.676,0.5
823878408,"$2,981.00",757,2224.0,4824,76,0.254,0.764,0.81
779533983,"$5,295.00",723,4572.0,4412,90,0.137,0.793,0.579
713583408,"$4,708.00",920,3788.0,2179,50,0.195,0.544,1.273
714037308,"$2,210.00",1002,1208.0,4798,86,0.453,0.938,0.654
715581633,"$1,972.00",0,1972.0,5085,73,0.0,0.761,0.587
795684783,"$2,384.00",1596,788.0,3149,59,0.669,0.831,0.903
718645308,"$2,311.00",1222,1089.0,4730,89,0.529,0.674,0.745
717870108,"$1,912.00",1172,740.0,4841,81,0.613,0.827,0.884
815515158,"$2,147.00",1402,745.0,4240,69,0.653,0.612,0.683
713957283,"$3,214.00",0,3214.0,2119,44,0.0,0.435,0.517
715058433,"$3,006.00",879,2127.0,5125,87,0.292,0.759,0.74
794771208,"$2,735.00",1942,793.0,3724,66,0.71,0.582,0.692
720180633,"$3,390.00",2385,1005.0,4128,73,0.704,0.656,0.698
815539233,"$34,516.00",214,34302.0,1201,22,0.006,0.0,0.0
778933983,"$11,249.00",2012,9237.0,3882,55,0.179,0.659,0.964
717960033,"$2,484.00",1495,989.0,4084,86,0.602,0.922,0.536
825368658,"$2,932.00",1664,1268.0,4795,82,0.568,0.612,0.708
721154208,"$2,882.00",2081,801.0,4933,103,0.722,0.644,0.661
718572408,"$2,658.00",694,1964.0,4774,92,0.261,0.722,0.769
749571633,"$5,589.00",1336,4253.0,4262,75,0.239,0.944,1.027
713914683,"$1,484.00",885,599.0,4819,74,0.596,0.951,0.805
713301633,"$1,678.00",1162,516.0,4402,87,0.692,0.722,0.851
711399408,"$12,373.00",0,12373.0,2462,40,0.0,0.71,0.429
711494208,"$2,846.00",1606,1240.0,5092,86,0.564,0.697,0.792
711716133,"$1,585.00",1381,204.0,2360,40,0.871,0.706,0.379
713906508,"$2,837.00",834,2003.0,3892,69,0.294,0.427,0.408
708768258,"$2,066.00",1077,989.0,4678,91,0.521,0.715,0.655
719538183,"$20,789.00",0,20789.0,4105,67,0.0,0.82,0.718
718957083,"$1,449.00",0,1449.0,4797,88,0.0,0.785,0.913
720872433,"$3,911.00",0,3911.0,2867,42,0.0,0.897,0.556
779403558,"$1,737.00",0,1737.0,4611,73,0.0,0.653,0.973
788994783,"$1,815.00",557,1258.0,4519,76,0.307,0.672,0.854
715530258,"$4,848.00",2517,2331.0,2353,53,0.519,0.651,0.828
803380383,"$1,592.00",925,667.0,4615,90,0.581,0.804,0.667
716766033,"$1,768.00",1242,526.0,4439,65,0.702,0.776,0.806
757300008,"$8,128.00",2344,5784.0,4251,80,0.288,0.788,1.051
810986883,"$2,557.00",1898,659.0,4808,83,0.742,0.772,0.694
819200133,"$2,991.00",642,2349.0,4646,62,0.215,0.76,0.55
710410158,"$34,516.00",0,34516.0,1592,35,0.0,0.482,0.346
714488433,"$19,099.00",2517,16582.0,4837,77,0.132,0.628,0.75
714267858,"$4,559.00",1680,2879.0,4934,76,0.369,0.628,0.949
827062158,"$22,981.00",1696,21285.0,4192,66,0.074,0.466,0.571
710669733,"$2,358.00",1965,393.0,4922,80,0.833,0.614,0.6
716498883,"$22,067.00",685,21382.0,3577,64,0.031,0.605,0.882
780529908,"$2,023.00",1331,692.0,5098,79,0.658,0.624,0.681
714028083,"$2,222.00",0,2222.0,4095,65,0.0,0.769,0.912
714572208,"$1,438.30",788,650.3,4297,65,0.548,0.741,0.585
708976908,"$8,958.00",0,8958.0,2131,43,0.0,0.483,0.387
721409358,"$1,937.00",733,1204.0,4547,73,0.378,0.826,0.973
809311758,"$25,219.00",1503,23716.0,4429,87,0.06,0.944,0.642
712602708,"$1,815.00",0,1815.0,2039,34,0.0,0.478,0.36
789087858,"$3,361.00",2473,888.0,4589,69,0.736,0.895,1.029
711264033,"$4,786.00",1516,3270.0,4973,74,0.317,0.94,0.85
770180808,"$1,438.30",0,1438.3,5001,91,0.0,0.919,0.625
789271533,"$1,438.30",908,530.3,4653,74,0.631,0.615,0.897
720152058,"$2,725.00",2444,281.0,4965,85,0.897,0.959,0.809
826490133,"$10,039.00",1600,8439.0,4685,76,0.159,0.7,0.9
717966933,"$2,467.00",1446,1021.0,5024,81,0.586,0.73,0.62
808669083,"$1,438.30",0,1438.3,5015,68,0.0,0.775,0.789
771422883,"$1,759.00",186,1573.0,2705,35,0.106,0.756,0.522
717570258,"$2,206.00",1722,484.0,4455,67,0.781,0.973,0.763
708703308,"$2,045.00",1707,338.0,2183,39,0.835,0.577,0.696
789508758,"$4,170.00",641,3529.0,3669,67,0.154,0.815,0.595
780653208,"$3,300.00",2517,783.0,3784,55,0.763,0.94,1.115
709077933,"$5,422.00",682,4740.0,4460,62,0.126,0.892,0.676
715200783,"$2,015.00",807,1208.0,5209,76,0.4,0.831,0.767
710526633,"$2,048.00",1599,449.0,4855,88,0.781,0.613,0.872
714186108,"$2,152.00",1682,470.0,4126,71,0.782,1.051,0.972
820047858,"$3,017.00",1868,1149.0,2096,50,0.619,0.722,0.471
708894183,"$34,516.00",1073,33443.0,4485,86,0.031,0.558,0.755
708186933,"$1,819.00",725,1094.0,2254,45,0.399,0.737,0.406
778937583,"$2,228.00",1449,779.0,4382,83,0.65,0.61,0.694
708498033,"$2,279.00",1837,442.0,2789,52,0.806,0.853,0.677
815315058,"$1,438.30",0,1438.3,2520,45,0.0,0.722,0.452
751607058,"$1,686.00",0,1686.0,4413,77,0.0,0.812,0.75
718194858,"$1,942.00",1488,454.0,4940,88,0.766,0.816,0.796
827123883,"$3,858.00",0,3858.0,4472,92,0.0,0.67,0.614
711473058,"$11,651.00",1368,10283.0,3870,64,0.117,0.563,0.561
715197633,"$9,449.00",1914,7535.0,4658,93,0.203,0.87,0.722
713512308,"$3,423.00",0,3423.0,2229,45,0.0,0.505,0.406
790023408,"$2,915.00",2422,493.0,4037,83,0.831,0.576,0.766
720403008,"$11,486.00",0,11486.0,4918,79,0.0,0.383,0.549
709581483,"$2,984.00",2517,467.0,2373,53,0.843,0.574,0.359
711201108,"$1,653.00",0,1653.0,2284,35,0.0,0.517,0.296
708784083,"$2,723.00",1588,1135.0,4307,83,0.583,0.852,0.844
712838358,"$1,438.30",0,1438.3,4702,84,0.0,0.553,0.714
714887808,"$1,818.00",0,1818.0,2279,50,0.0,0.758,0.724
716581983,"$4,384.00",929,3455.0,4792,91,0.212,0.678,0.75
716930133,"$1,824.00",0,1824.0,4594,86,0.0,0.797,0.654
808981608,"$5,452.00",540,4912.0,4220,66,0.099,0.539,0.737
709714008,"$9,248.00",0,9248.0,2325,45,0.0,0.613,0.552
811942983,"$17,627.00",1756,15871.0,4836,74,0.1,0.757,0.721
715565058,"$1,438.30",0,1438.3,4479,70,0.0,0.469,0.628
714519408,"$5,357.00",2139,3218.0,1979,48,0.399,0.499,0.655
719153433,"$2,542.00",850,1692.0,4972,79,0.334,0.723,0.717
809127858,"$2,275.00",1219,1056.0,4807,72,0.536,0.639,0.6
712740108,"$1,706.00",0,1706.0,2371,45,0.0,0.601,0.5
720251358,"$3,591.00",2517,1074.0,2313,43,0.701,0.665,0.536
713935533,"$19,360.00",870,18490.0,3966,78,0.045,0.532,0.902
710243208,"$1,707.00",0,1707.0,4846,80,0.0,0.683,0.569
708870408,"$3,844.00",2079,1765.0,4271,56,0.541,0.755,0.806
795844983,"$2,851.00",0,2851.0,3916,64,0.0,0.482,0.829
828294933,"$2,951.00",2437,514.0,2519,36,0.826,0.765,0.565
713531808,"$1,438.30",0,1438.3,4475,74,0.0,0.813,0.644
712307283,"$9,090.00",2517,6573.0,2239,43,0.277,0.661,0.72
715778358,"$34,516.00",797,33719.0,3643,59,0.023,1.133,1.034
778910883,"$1,837.00",875,962.0,2169,43,0.476,0.58,0.654
710637183,"$2,300.00",1906,394.0,4538,71,0.829,0.803,0.868
712781883,"$2,611.00",537,2074.0,5121,83,0.206,0.848,0.804
709664658,"$22,863.00",927,21936.0,4071,69,0.041,0.569,0.725
717574683,"$2,192.00",1146,1046.0,4756,85,0.523,0.622,0.735
771497283,"$2,917.00",1310,1607.0,4736,79,0.449,0.757,0.795
714991608,"$1,438.30",913,525.3,4300,68,0.635,0.981,0.619
779848383,"$1,784.00",577,1207.0,2348,47,0.323,0.542,0.516
715495308,"$8,919.00",2231,6688.0,3923,73,0.25,0.562,1.028
712431183,"$2,164.00",0,2164.0,5282,80,0.0,0.688,0.818
714895608,"$2,792.00",1375,1417.0,4364,62,0.492,0.854,0.879
718324983,"$1,634.00",1155,479.0,4522,83,0.707,0.874,0.766
713541033,"$2,144.00",1557,587.0,4571,85,0.726,0.775,0.848
771989733,"$3,664.00",1449,2215.0,4413,65,0.395,0.712,0.548
789698733,"$4,788.00",1088,3700.0,4438,78,0.227,0.808,0.95
787514433,"$2,164.00",1176,988.0,5075,71,0.543,0.835,0.868
811081083,"$1,532.00",1183,349.0,4359,78,0.772,0.617,0.857
717371583,"$1,883.00",400,1483.0,1954,45,0.212,0.528,0.5
715579233,"$3,659.00",1356,2303.0,4861,74,0.371,0.715,0.762
781930233,"$2,946.00",2338,608.0,4717,70,0.794,0.58,0.628
716825808,"$2,697.00",2216,481.0,4063,75,0.822,0.681,0.786
757053408,"$3,811.00",1970,1841.0,3578,76,0.517,0.828,0.689
788418933,"$1,613.00",1085,528.0,5000,85,0.673,0.659,0.848
788898933,"$2,043.00",0,2043.0,5198,77,0.0,1.019,0.711
712163433,"$1,684.00",644,1040.0,2164,36,0.382,0.723,0.714
717343833,"$3,127.00",2094,1033.0,4518,86,0.67,0.709,0.83
820868508,"$7,106.00",736,6370.0,5192,75,0.104,0.687,0.562
789240258,"$2,784.00",2458,326.0,4904,81,0.883,0.798,0.8
716951658,"$5,536.00",0,5536.0,4281,82,0.0,0.695,0.822
718932633,"$1,717.00",1156,561.0,4301,64,0.673,0.647,0.641
711487533,"$1,438.30",0,1438.3,1687,38,0.0,0.198,0.226
715306983,"$1,866.00",0,1866.0,2833,42,0.0,0.798,0.355
712771233,"$2,516.00",1268,1248.0,4461,80,0.504,0.751,0.818
789637308,"$3,076.00",0,3076.0,2580,50,0.0,0.734,0.429
717247383,"$7,514.00",0,7514.0,4789,69,0.0,0.514,0.408
714842208,"$2,804.00",1782,1022.0,4357,69,0.636,0.698,0.605
794172033,"$1,817.00",0,1817.0,2347,45,0.0,0.503,0.452
713592408,"$2,590.00",0,2590.0,3391,66,0.0,0.63,0.833
709314408,"$4,938.00",1593,3345.0,4516,82,0.323,0.7,0.783
715957233,"$19,940.00",2018,17922.0,4694,75,0.101,0.42,0.786
719414658,"$12,366.00",0,12366.0,4880,76,0.0,0.738,0.9
719632683,"$2,583.00",2235,348.0,4500,83,0.865,0.508,0.509
708136908,"$2,616.00",801,1815.0,4655,68,0.306,0.719,0.511
721393083,"$6,053.00",577,5476.0,5035,64,0.095,0.85,1.37
714520233,"$1,708.00",0,1708.0,1992,38,0.0,0.443,0.357
709455108,"$2,393.00",1667,726.0,3768,79,0.697,0.974,0.681
767058183,"$3,424.00",1333,2091.0,4485,61,0.389,0.667,0.694
770800683,"$2,640.00",2133,507.0,4956,72,0.808,1.008,0.846
779651058,"$1,931.00",1409,522.0,4797,65,0.73,0.887,0.625
710443833,"$2,123.00",995,1128.0,4516,78,0.469,0.626,0.625
717725433,"$1,606.00",0,1606.0,2258,37,0.0,0.763,0.609
720600858,"$5,633.00",1395,4238.0,3695,75,0.248,0.542,0.63
717797658,"$1,438.30",740,698.3,4970,87,0.514,0.698,0.933
779458383,"$2,590.00",2087,503.0,4248,73,0.806,0.7,0.78
788767983,"$4,556.00",0,4556.0,4273,82,0.0,0.961,0.64
711994458,"$1,537.00",0,1537.0,4234,75,0.0,0.712,0.786
713948808,"$1,602.00",962,640.0,4873,97,0.6,0.834,0.764
710456658,"$2,080.00",1799,281.0,5130,82,0.865,0.651,0.864
771531708,"$7,565.00",887,6678.0,4683,87,0.117,0.81,0.642
713546883,"$4,786.00",1553,3233.0,5039,76,0.324,0.61,0.81
711447783,"$2,375.00",1353,1022.0,5000,76,0.57,0.804,0.617
713746608,"$8,446.00",908,7538.0,4240,67,0.108,0.604,0.763
718020408,"$1,977.00",545,1432.0,4393,72,0.276,0.901,0.946
719475633,"$13,908.00",0,13908.0,4319,81,0.0,0.719,0.976
719654283,"$19,220.00",0,19220.0,4642,81,0.0,0.997,0.761
720114633,"$2,709.00",1726,983.0,5056,89,0.637,0.698,0.78
816315558,"$1,503.00",879,624.0,4439,77,0.585,0.776,0.604
712567083,"$9,186.00",0,9186.0,4986,88,0.0,0.658,0.76
711302883,"$2,165.00",1392,773.0,4194,72,0.643,0.734,0.946
719775408,"$1,438.30",0,1438.3,5020,85,0.0,0.585,0.7
712070208,"$6,673.00",2458,4215.0,4141,82,0.368,0.625,0.547
718641483,"$2,404.00",1109,1295.0,4519,72,0.461,0.639,0.636
710690733,"$1,666.00",0,1666.0,2816,38,0.0,0.92,0.52
718441308,"$8,228.00",1935,6293.0,4933,68,0.235,0.627,0.545
772243833,"$3,186.00",968,2218.0,4077,75,0.304,0.696,0.63
711992133,"$2,596.00",868,1728.0,4801,72,0.334,0.743,0.714
779084208,"$1,662.00",613,1049.0,2326,31,0.369,0.868,0.55
715304958,"$2,053.00",0,2053.0,3053,50,0.0,0.866,0.562
713179083,"$3,193.00",1533,1660.0,4419,75,0.48,0.936,0.786
709836258,"$1,927.00",1337,590.0,5127,81,0.694,0.667,0.653
715950483,"$2,821.00",725,2096.0,2397,35,0.257,0.704,0.296
798281808,"$3,879.00",1214,2665.0,5158,79,0.313,0.924,0.681
720414558,"$1,971.00",922,1049.0,4827,84,0.468,0.762,0.867
713509908,"$1,755.00",1058,697.0,4719,90,0.603,0.697,0.8
711919608,"$2,031.00",1720,311.0,2702,32,0.847,0.713,0.778
709993158,"$2,330.00",1584,746.0,3917,71,0.68,0.78,0.651
767815233,"$1,438.30",0,1438.3,4283,88,0.0,0.714,0.833
717624708,"$1,438.30",0,1438.3,2589,49,0.0,0.734,0.69
720015183,"$5,130.00",2048,3082.0,4601,88,0.399,0.776,0.76
778236858,"$11,794.00",1018,10776.0,5547,87,0.086,0.898,0.706
789095958,"$7,603.00",744,6859.0,2497,42,0.098,0.711,0.273
713736333,"$3,606.00",0,3606.0,1829,41,0.0,0.37,0.519
717836733,"$5,153.00",1378,3775.0,4274,81,0.267,0.744,0.723
712619808,"$2,500.00",1169,1331.0,4265,87,0.468,0.638,0.812
712221408,"$2,654.00",1489,1165.0,4767,82,0.561,0.668,0.673
714213708,"$3,611.00",2517,1094.0,2178,45,0.697,0.537,0.552
720289533,"$1,882.00",1143,739.0,4536,85,0.607,0.638,0.889
709469658,"$7,421.00",0,7421.0,4353,75,0.0,0.708,0.786
772323033,"$4,606.00",1556,3050.0,4363,78,0.338,0.676,0.66
742572558,"$12,268.00",1165,11103.0,4905,82,0.095,0.832,0.822
718848183,"$9,873.00",1276,8597.0,4613,82,0.129,0.791,0.745
719034183,"$1,555.00",1366,189.0,5490,86,0.878,0.704,0.755
720142308,"$2,160.00",0,2160.0,2360,56,0.0,0.645,0.647
771872733,"$3,809.00",1521,2288.0,4666,69,0.399,0.692,0.865
718816158,"$5,362.00",1984,3378.0,3851,87,0.37,0.664,0.642
720003558,"$1,834.00",1416,418.0,5653,79,0.772,0.868,0.927
818993508,"$2,577.00",879,1698.0,5021,75,0.341,0.74,0.744
715672458,"$2,721.00",1264,1457.0,4557,71,0.465,0.796,0.972
789820308,"$2,925.00",2065,860.0,3913,47,0.706,0.692,1.474
819688458,"$1,545.00",0,1545.0,2646,39,0.0,0.749,0.444
710785383,"$2,212.00",0,2212.0,2394,55,0.0,0.942,0.897
712837233,"$13,001.00",1482,11519.0,3671,55,0.114,0.552,0.528
713597658,"$2,784.00",2378,406.0,2021,57,0.854,0.525,0.676
713953383,"$2,317.00",0,2317.0,2214,41,0.0,0.734,0.519
716891583,"$1,867.00",970,897.0,4537,60,0.52,0.828,1.0
716510658,"$2,595.00",2353,242.0,2526,41,0.907,0.924,0.577
708125733,"$1,438.30",0,1438.3,4311,77,0.0,0.906,0.833
716484333,"$1,696.00",1177,519.0,4410,84,0.694,0.686,0.826
708519108,"$2,694.00",1576,1118.0,2041,57,0.585,0.494,0.9
719740008,"$2,791.00",940,1851.0,2584,49,0.337,0.813,0.441
717087858,"$2,146.00",967,1179.0,4253,74,0.451,0.569,0.721
711605208,"$1,438.30",0,1438.3,1958,47,0.0,0.7,0.424
714882258,"$1,438.30",730,708.3,4583,67,0.508,0.921,0.914
792300858,"$4,269.00",1852,2417.0,4178,75,0.434,0.682,0.63
766550808,"$4,195.00",2440,1755.0,4430,72,0.582,0.889,0.714
708516558,"$2,588.00",1782,806.0,4159,83,0.689,0.546,0.766
709350783,"$4,847.00",1856,2991.0,4712,76,0.383,0.61,0.81
771230508,"$2,423.00",429,1994.0,4717,80,0.177,0.625,0.739
710978058,"$7,507.00",1697,5810.0,4651,71,0.226,1.098,1.029
713405133,"$5,232.00",1923,3309.0,4976,93,0.368,0.629,0.661
710723958,"$1,438.30",491,947.3,5016,86,0.341,0.494,0.593
823840458,"$1,828.00",1517,311.0,4542,82,0.83,0.661,0.577
791754258,"$2,557.00",2351,206.0,4342,73,0.919,0.807,1.147
789472833,"$2,283.00",1690,593.0,4377,64,0.74,0.874,0.488
711099408,"$2,684.00",1658,1026.0,4657,76,0.618,0.669,1.0
745853283,"$7,234.00",0,7234.0,5198,75,0.0,0.899,1.083
717790233,"$1,438.30",743,695.3,4730,80,0.517,0.561,0.778
818791833,"$2,730.00",1303,1427.0,4750,76,0.477,1.308,0.9
714981483,"$2,808.00",1720,1088.0,5137,81,0.613,0.836,0.723
719373558,"$6,275.00",0,6275.0,4308,75,0.0,0.79,0.786
823609383,"$1,438.30",0,1438.3,4528,83,0.0,0.68,1.128
714408933,"$10,834.00",0,10834.0,2249,51,0.0,0.522,0.594
713661933,"$1,522.00",0,1522.0,4835,70,0.0,0.783,0.489
716218908,"$2,845.00",919,1926.0,2635,43,0.323,0.652,1.263
818710233,"$2,329.00",1271,1058.0,4382,70,0.546,0.729,0.667
719463708,"$2,099.00",1164,935.0,4471,80,0.555,0.717,0.667
817958733,"$5,099.00",958,4141.0,4025,73,0.188,0.607,0.521
708397008,"$3,805.00",821,2984.0,4326,67,0.216,0.807,0.811
720547533,"$11,438.00",0,11438.0,4346,90,0.0,0.815,0.915
708780783,"$2,434.00",1169,1265.0,4739,76,0.48,0.689,0.81
758178558,"$4,703.00",1555,3148.0,4127,89,0.331,0.932,0.648
716237508,"$5,254.00",2507,2747.0,4501,64,0.477,0.751,0.641
714735033,"$1,438.30",491,947.3,4376,84,0.341,0.708,0.787
709726158,"$2,206.00",1110,1096.0,5196,92,0.503,0.746,0.614
770909433,"$3,600.00",1904,1696.0,4946,75,0.529,0.72,0.531
822121608,"$7,116.00",693,6423.0,4759,81,0.097,0.759,0.841
717278808,"$1,788.00",0,1788.0,3511,56,0.0,1.001,0.931
712640583,"$7,508.00",2148,5360.0,4950,70,0.286,0.89,0.707
716099958,"$3,333.00",1867,1466.0,3348,50,0.56,0.947,0.282
788772708,"$13,745.00",0,13745.0,4432,61,0.0,0.53,0.605
712795833,"$5,021.00",2517,2504.0,2270,40,0.501,0.587,0.481
718892283,"$4,396.00",0,4396.0,4771,78,0.0,0.592,1.053
720294258,"$2,558.00",0,2558.0,4635,82,0.0,0.728,0.64
721181883,"$9,641.00",0,9641.0,4710,75,0.0,0.907,0.667
712098033,"$12,621.00",912,11709.0,4945,78,0.072,0.64,0.56
712593933,"$2,313.00",0,2313.0,2249,42,0.0,0.673,0.312
711343233,"$1,438.30",1183,255.3,4551,65,0.822,0.841,0.667
712394283,"$1,791.00",1314,477.0,5109,79,0.734,0.725,0.756
790021233,"$2,300.00",1598,702.0,4287,84,0.695,0.813,0.714
711890808,"$2,526.00",2048,478.0,4267,72,0.811,0.716,0.8
714164808,"$2,918.00",0,2918.0,2056,54,0.0,0.559,0.459
825850383,"$6,074.00",0,6074.0,4303,77,0.0,0.697,0.674
789533133,"$4,995.00",1766,3229.0,4389,82,0.354,0.76,0.864
779523258,"$3,323.00",1062,2261.0,4610,78,0.32,0.729,0.773
719617758,"$2,464.00",1794,670.0,4610,76,0.728,0.682,0.9
779858058,"$2,730.00",0,2730.0,4530,72,0.0,0.648,0.714
710423358,"$1,438.30",966,472.3,5249,81,0.672,0.871,0.761
710500983,"$4,617.00",1035,3582.0,1779,35,0.224,0.36,0.591
711851583,"$8,220.00",1015,7205.0,4794,77,0.123,1.063,0.878
779405133,"$5,716.00",623,5093.0,4387,79,0.109,0.673,0.881
719410083,"$1,635.00",1220,415.0,4807,56,0.746,0.565,0.931
796196733,"$4,259.00",0,4259.0,4389,80,0.0,0.59,0.702
711904008,"$5,869.00",0,5869.0,2203,41,0.0,0.642,0.519
717666783,"$2,272.00",1350,922.0,2354,49,0.594,0.762,0.96
719911458,"$2,598.00",1848,750.0,4396,78,0.711,0.547,0.814
787506558,"$10,762.00",703,10059.0,4509,71,0.065,0.548,0.543
719046558,"$1,982.00",1751,231.0,4313,62,0.883,0.843,0.676
708291633,"$4,651.00",2499,2152.0,5097,79,0.537,0.766,0.795
720731808,"$2,437.00",0,2437.0,3068,53,0.0,0.912,0.656
745124658,"$2,563.00",1579,984.0,4838,70,0.616,0.924,0.707
789907533,"$4,576.00",193,4383.0,3100,54,0.042,0.85,0.742
716466483,"$2,245.00",1342,903.0,4624,87,0.598,0.687,0.706
715919283,"$1,776.00",0,1776.0,2201,31,0.0,0.518,0.292
756736008,"$2,911.00",1471,1440.0,4450,62,0.505,0.871,0.771
772857558,"$2,257.00",896,1361.0,4618,94,0.397,0.68,0.516
709246683,"$18,457.00",2248,16209.0,3603,69,0.122,0.578,0.643
714559458,"$1,681.00",0,1681.0,1953,48,0.0,0.464,0.5
778405458,"$1,461.00",0,1461.0,4633,80,0.0,0.676,0.778
772150983,"$2,363.00",978,1385.0,2635,40,0.414,0.662,0.538
715128408,"$1,438.30",863,575.3,4482,67,0.6,0.605,0.914
717856983,"$1,840.00",1267,573.0,4515,76,0.689,0.605,0.49
778231983,"$7,382.00",1326,6056.0,4792,65,0.18,0.806,0.667
823908858,"$3,861.00",622,3239.0,4816,81,0.161,0.794,0.976
798011733,"$1,562.00",751,811.0,4574,81,0.481,0.925,0.976
717945108,"$3,088.00",1477,1611.0,5095,77,0.478,0.748,0.833
712560558,"$1,438.30",0,1438.3,4660,87,0.0,0.612,0.891
711391308,"$2,168.00",1704,464.0,4584,92,0.786,0.725,0.769
717688233,"$2,432.00",851,1581.0,4760,69,0.35,0.873,0.917
721093608,"$2,197.00",0,2197.0,4548,64,0.0,0.921,0.641
712669983,"$10,009.00",1604,8405.0,4347,75,0.16,0.449,0.786
790017858,"$3,979.00",1319,2660.0,4598,67,0.331,0.85,0.634
712012758,"$2,189.00",1860,329.0,4195,81,0.85,0.834,0.653
720249183,"$8,243.00",927,7316.0,4503,90,0.112,0.568,0.765
821813058,"$11,946.00",1172,10774.0,4862,77,0.098,0.614,0.878
778152108,"$2,239.00",1256,983.0,4986,83,0.561,0.605,0.976
720563958,"$4,025.00",0,4025.0,4445,92,0.0,0.887,0.673
719633508,"$1,663.00",0,1663.0,4875,86,0.0,0.707,0.654
716689383,"$3,649.00",929,2720.0,3964,77,0.255,0.633,0.75
711420258,"$1,438.30",0,1438.3,4432,71,0.0,0.705,0.651
713177808,"$2,894.00",0,2894.0,5405,87,0.0,0.886,0.706
708897408,"$1,621.00",787,834.0,4719,73,0.486,0.551,0.738
710855508,"$2,740.00",1786,954.0,4327,70,0.652,0.597,1.333
710115108,"$5,562.00",1556,4006.0,4568,76,0.28,0.751,0.767
713920158,"$13,733.00",0,13733.0,1591,30,0.0,0.325,0.875
715303608,"$2,374.00",1332,1042.0,4253,81,0.561,0.686,0.884
710897133,"$2,267.00",1357,910.0,4464,85,0.599,0.697,0.735
772813458,"$6,130.00",1741,4389.0,4264,63,0.284,0.578,0.658
712998033,"$7,361.00",0,7361.0,2109,44,0.0,0.59,0.571
712843983,"$1,569.00",257,1312.0,2288,45,0.164,0.408,0.667
717947508,"$1,626.00",1013,613.0,5262,83,0.623,0.826,0.729
719279208,"$2,158.00",1299,859.0,4946,73,0.602,0.733,0.973
711365133,"$2,283.00",1470,813.0,5100,76,0.644,0.935,0.689
720328008,"$2,542.00",1884,658.0,4518,88,0.741,0.715,1.095
718183833,"$1,438.30",0,1438.3,4322,68,0.0,0.6,0.619
717985158,"$2,335.00",1373,962.0,4267,81,0.588,0.876,0.653
771928608,"$2,033.00",1832,201.0,4110,74,0.901,0.938,0.947
713355708,"$4,739.00",1878,2861.0,5238,84,0.396,0.719,0.826
816761433,"$5,821.00",764,5057.0,5291,96,0.131,0.688,0.684
714245358,"$2,182.00",1566,616.0,3935,77,0.718,0.574,0.711
716313858,"$3,319.00",913,2406.0,4560,84,0.275,0.612,1.049
714868608,"$3,021.00",1530,1491.0,4105,76,0.506,0.731,0.767
717273333,"$29,219.00",0,29219.0,4575,84,0.0,0.77,0.68
711631158,"$1,438.30",869,569.3,4664,77,0.604,0.821,0.878
714127383,"$4,431.00",2517,1914.0,2185,48,0.568,0.499,0.371
790204983,"$3,131.00",0,3131.0,4507,93,0.0,0.811,0.632
822051858,"$1,486.00",0,1486.0,4535,82,0.0,0.734,0.907
715144383,"$6,384.00",2034,4350.0,4413,83,0.319,0.493,0.886
717971208,"$2,077.00",0,2077.0,3647,69,0.0,0.59,0.917
718829358,"$1,956.00",958,998.0,4977,76,0.49,0.789,0.854
779380908,"$24,462.00",946,23516.0,1709,37,0.039,0.475,0.542
714144258,"$2,725.00",2517,208.0,4430,66,0.924,0.482,0.692
797666358,"$1,474.00",843,631.0,4452,65,0.572,0.751,1.097
709965858,"$9,880.00",1792,8088.0,4609,80,0.181,0.804,0.951
779980758,"$2,467.00",1176,1291.0,4744,73,0.477,0.811,0.921
811775883,"$5,397.00",2336,3061.0,4734,96,0.433,0.67,0.846
799720158,"$3,370.00",1133,2237.0,4726,86,0.336,0.722,0.686
713011683,"$11,239.00",0,11239.0,2055,43,0.0,0.32,0.162
713503983,"$2,240.00",1231,1009.0,3623,71,0.55,0.637,0.69
712137033,"$2,737.00",1719,1018.0,4725,63,0.628,0.657,0.615
715910883,"$4,170.00",1384,2786.0,4532,94,0.332,0.77,0.649
718142958,"$21,839.00",960,20879.0,5623,94,0.044,0.566,0.516
719359458,"$1,991.00",0,1991.0,4527,66,0.0,0.954,0.61
714869958,"$29,795.00",2364,27431.0,3949,71,0.079,0.759,0.919
771163533,"$1,438.30",635,803.3,4617,79,0.441,0.744,0.927
709028208,"$24,221.00",1274,22947.0,3361,63,0.053,0.452,0.853
719834208,"$2,131.00",1288,843.0,4264,81,0.604,0.797,0.841
714506583,"$1,438.30",0,1438.3,4601,78,0.0,0.647,0.625
712677633,"$2,712.00",0,2712.0,2307,28,0.0,0.724,0.474
708450033,"$2,605.00",2269,336.0,5298,79,0.871,0.881,0.837
719606133,"$5,169.00",2296,2873.0,4656,88,0.444,0.773,0.796
789772983,"$4,694.00",0,4694.0,3798,56,0.0,0.582,1.24
720656883,"$1,848.00",501,1347.0,4600,69,0.271,0.653,0.683
718108758,"$6,039.00",1759,4280.0,4538,86,0.291,0.479,0.654
709408983,"$5,256.00",889,4367.0,5078,91,0.169,0.559,0.685
771592458,"$1,708.00",1059,649.0,4880,79,0.62,0.764,0.795
778932633,"$1,629.00",1185,444.0,4897,83,0.727,0.766,0.886
708669408,"$20,401.00",0,20401.0,4637,75,0.0,0.723,0.562
779947908,"$3,296.00",1435,1861.0,4327,66,0.435,0.968,0.737
716007708,"$8,956.00",1279,7677.0,4814,73,0.143,0.864,1.212
767574108,"$1,438.30",786,652.3,4094,64,0.546,0.609,0.561
720777558,"$2,671.00",1713,958.0,4519,79,0.641,0.732,0.795
816841083,"$2,493.00",1566,927.0,4867,90,0.628,0.767,0.607
778849908,"$2,687.00",2452,235.0,4697,81,0.913,0.817,0.761
708745983,"$2,208.00",1559,649.0,4686,81,0.706,0.51,0.761
713381433,"$4,196.00",731,3465.0,1868,30,0.174,0.485,0.2
779404383,"$12,581.00",1235,11346.0,4427,76,0.098,0.611,1.303
718607883,"$17,890.00",2517,15373.0,4831,81,0.141,0.983,0.8
710542983,"$1,930.00",0,1930.0,5033,87,0.0,0.815,0.582
709769283,"$8,513.00",0,8513.0,4162,70,0.0,0.631,1.0
721253508,"$9,599.00",2356,7243.0,4754,84,0.245,0.791,0.68
801037833,"$3,192.00",2517,675.0,4236,87,0.789,0.658,0.891
711452583,"$2,778.00",2517,261.0,4575,60,0.906,0.796,0.714
716697708,"$3,293.00",0,3293.0,3121,56,0.0,0.838,0.867
708176208,"$7,268.00",0,7268.0,4199,80,0.0,0.691,0.905
716474358,"$1,721.00",729,992.0,4853,74,0.424,0.902,0.644
713121408,"$3,976.00",1667,2309.0,4372,69,0.419,0.929,0.683
794567133,"$1,954.00",808,1146.0,4897,70,0.414,0.826,0.795
717609633,"$12,725.00",1759,10966.0,4139,58,0.138,1.056,0.812
708899283,"$2,690.00",1935,755.0,4917,81,0.719,0.593,0.653
772415808,"$2,926.00",716,2210.0,4219,78,0.245,0.949,0.592
716176683,"$2,371.00",1748,623.0,4460,78,0.737,0.663,1.053
709245783,"$7,751.00",1965,5786.0,4543,90,0.254,0.782,0.731
720507108,"$1,601.00",0,1601.0,2339,41,0.0,0.63,0.414
716751858,"$2,401.00",496,1905.0,2597,40,0.207,0.647,0.379
712829808,"$2,187.00",0,2187.0,2031,40,0.0,0.467,0.333
711900033,"$4,661.00",1734,2927.0,5242,81,0.372,0.789,1.382
712566258,"$8,494.00",2023,6471.0,4486,77,0.238,0.871,0.974
712732908,"$2,262.00",1450,812.0,4116,84,0.641,0.735,0.787
717908208,"$2,525.00",1595,930.0,4859,82,0.632,0.78,0.864
826136283,"$2,450.00",1981,469.0,4352,66,0.809,0.712,0.784
778714833,"$3,926.00",1760,2166.0,4890,92,0.448,0.874,0.704
779302233,"$1,438.30",0,1438.3,2502,45,0.0,0.695,0.452
778659108,"$4,789.00",2203,2586.0,4718,81,0.46,0.847,0.976
720374808,"$2,864.00",1928,936.0,4641,78,0.673,0.769,0.66
719592483,"$4,607.00",2440,2167.0,4825,77,0.53,0.646,0.878
714702033,"$1,971.00",979,992.0,5446,75,0.497,1.024,0.974
717042333,"$1,473.00",0,1473.0,2836,48,0.0,0.92,0.6
779122908,"$3,187.00",1437,1750.0,4511,82,0.451,0.79,0.822
710676483,"$5,589.00",0,5589.0,4064,77,0.0,0.787,0.711
827712108,"$2,346.00",1373,973.0,4432,72,0.585,0.73,0.756
769200858,"$1,438.30",0,1438.3,4626,86,0.0,0.726,0.792
779114283,"$1,826.00",944,882.0,4528,65,0.517,0.686,0.667
771061008,"$2,208.00",0,2208.0,2659,56,0.0,0.695,0.806
716201133,"$1,476.00",0,1476.0,4279,76,0.0,0.592,0.767
817968783,"$2,927.00",1499,1428.0,4670,70,0.512,0.649,0.944
826480308,"$4,778.00",1869,2909.0,5489,74,0.391,0.743,0.805
720307683,"$1,438.30",743,695.3,4484,78,0.517,0.624,0.625
709618308,"$16,239.00",1487,14752.0,3838,48,0.092,0.531,0.6
710119233,"$11,726.00",1925,9801.0,4186,63,0.164,0.855,0.703
789419658,"$1,438.30",0,1438.3,4503,89,0.0,0.68,0.978
789800358,"$2,647.00",1288,1359.0,4730,78,0.487,0.765,0.857
715466133,"$2,492.00",1410,1082.0,4374,75,0.566,0.835,0.974
717659883,"$2,418.00",1106,1312.0,3541,64,0.457,0.963,0.882
781942983,"$17,827.00",0,17827.0,5010,88,0.0,0.846,0.725
712755783,"$1,438.30",0,1438.3,3886,77,0.0,0.675,0.75
779551533,"$1,764.00",0,1764.0,4857,92,0.0,0.651,0.804
714405183,"$1,776.00",1519,257.0,4295,60,0.855,0.917,0.622
801783108,"$1,438.30",0,1438.3,4833,69,0.0,0.681,0.769
779839758,"$1,491.00",0,1491.0,4634,92,0.0,0.716,0.804
820648608,"$2,552.00",1879,673.0,4153,79,0.736,0.888,0.795
787587033,"$2,996.00",1992,1004.0,4463,87,0.665,0.948,0.74
813967983,"$1,701.00",775,926.0,4471,71,0.456,0.847,0.614
718067658,"$3,998.00",0,3998.0,4223,79,0.0,0.638,0.717
709952658,"$3,025.00",2491,534.0,4460,62,0.823,0.45,0.722
720824883,"$3,251.00",2517,734.0,2483,50,0.774,0.739,0.471
789631908,"$3,031.00",1787,1244.0,4690,85,0.59,1.006,0.7
789089958,"$33,211.00",0,33211.0,3662,81,0.0,0.732,0.761
715847058,"$1,863.00",1853,10.0,2462,40,0.995,0.829,0.29
721256808,"$2,691.00",1935,756.0,4365,86,0.719,0.681,0.911
721269108,"$2,288.00",1249,1039.0,4504,87,0.546,0.605,0.706
712770408,"$3,413.00",0,3413.0,2285,40,0.0,0.593,0.429
767958933,"$15,471.00",1291,14180.0,3993,77,0.083,0.651,0.674
779866458,"$2,038.00",793,1245.0,3513,67,0.389,0.682,0.634
721246833,"$1,953.00",1089,864.0,4636,70,0.558,0.859,0.707
710752233,"$4,430.00",2203,2227.0,2742,49,0.497,1.046,0.4
709813008,"$3,398.00",2415,983.0,4509,93,0.711,0.891,0.661
710219658,"$2,021.00",1186,835.0,4633,74,0.587,0.616,0.574
789121233,"$2,329.00",2290,39.0,4609,76,0.983,0.533,0.767
715146558,"$1,696.00",0,1696.0,2325,56,0.0,0.782,0.556
720205608,"$4,222.00",0,4222.0,4487,77,0.0,0.523,1.081
778606308,"$6,614.00",1881,4733.0,3016,51,0.284,0.737,0.645
710438358,"$3,241.00",0,3241.0,2152,43,0.0,0.442,0.303
712562433,"$4,204.00",0,4204.0,2316,43,0.0,0.703,0.536
718186233,"$3,234.00",971,2263.0,3989,71,0.3,0.79,0.868
713717283,"$2,473.00",2332,141.0,1738,32,0.943,0.293,0.455
713822208,"$4,836.00",493,4343.0,1870,45,0.102,0.417,0.406
710466633,"$1,438.30",0,1438.3,4755,76,0.0,0.575,0.9
711153783,"$1,438.30",541,897.3,4173,70,0.376,0.821,1.188
718230933,"$1,438.30",1060,378.3,1253,29,0.737,0.301,0.318
788885133,"$12,675.00",2422,10253.0,3912,63,0.191,0.642,0.575
711637458,"$2,228.00",0,2228.0,2523,45,0.0,0.686,0.607
719532108,"$2,813.00",2208,605.0,4491,68,0.785,0.877,0.744
757643733,"$3,223.00",0,3223.0,4916,79,0.0,0.593,0.717
715122858,"$2,653.00",0,2653.0,5052,81,0.0,0.969,0.761
708384033,"$2,745.00",2463,282.0,2466,39,0.897,0.643,0.345
708273858,"$34,516.00",0,34516.0,3734,80,0.0,0.643,0.86
803952408,"$2,516.00",1486,1030.0,3987,77,0.591,0.503,0.54
778394358,"$1,870.00",1785,85.0,4347,88,0.955,0.696,0.76
713180433,"$3,934.00",2517,1417.0,4837,87,0.64,0.682,0.673
787458783,"$3,038.00",2133,905.0,4784,83,0.702,0.689,0.694
720315933,"$1,982.00",1276,706.0,5136,76,0.644,0.897,0.949
713677158,"$1,623.00",0,1623.0,2126,45,0.0,0.501,0.364
739828308,"$3,088.00",1743,1345.0,3906,68,0.564,0.766,0.659
720959058,"$8,064.00",2417,5647.0,4412,67,0.3,0.644,0.861
718090233,"$10,016.00",1872,8144.0,2804,37,0.187,0.735,0.542
789939558,"$4,523.00",1841,2682.0,5112,87,0.407,0.534,0.706
714169908,"$1,944.00",1140,804.0,4921,82,0.586,0.582,0.907
796145133,"$6,083.00",1716,4367.0,4528,86,0.282,0.618,0.755
789233808,"$2,425.00",1396,1029.0,4568,74,0.576,0.899,0.897
709071408,"$2,607.00",1702,905.0,4949,74,0.653,0.802,0.762
815830083,"$1,953.00",1215,738.0,4253,72,0.622,0.667,0.8
715932708,"$5,813.00",1614,4199.0,4365,75,0.278,0.696,0.875
715281933,"$1,438.30",0,1438.3,4401,73,0.0,0.689,0.698
787529583,"$1,588.00",0,1588.0,2561,61,0.0,0.634,0.649
717446208,"$3,749.00",1980,1769.0,5083,69,0.528,0.706,0.643
715236783,"$3,734.00",2517,1217.0,4792,87,0.674,0.724,0.74
804583833,"$1,796.00",1243,553.0,4316,87,0.692,0.768,0.891
713772333,"$3,223.00",243,2980.0,1979,38,0.075,0.433,0.462
715321983,"$2,748.00",1867,881.0,4314,75,0.679,0.816,1.027
717773433,"$2,448.00",0,2448.0,5464,98,0.0,0.606,0.607
778632933,"$2,548.00",1998,550.0,4702,79,0.784,0.679,0.927
808527183,"$1,489.00",949,540.0,4669,94,0.637,0.65,0.741
714514008,"$8,953.00",0,8953.0,1982,43,0.0,0.403,0.303
711669258,"$3,187.00",986,2201.0,2381,47,0.309,0.615,0.516
797218233,"$1,757.00",0,1757.0,4550,82,0.0,0.533,0.547
710612583,"$2,597.00",1740,857.0,5037,80,0.67,0.71,0.778
712613808,"$5,999.00",658,5341.0,4283,69,0.11,0.638,0.605
807173358,"$3,617.00",878,2739.0,5416,76,0.243,0.777,0.9
778349883,"$3,219.00",2114,1105.0,4188,75,0.657,0.655,0.667
720592533,"$19,782.00",868,18914.0,2535,44,0.044,0.808,0.467
714668433,"$2,522.00",1898,624.0,4122,67,0.753,0.674,0.763
720967233,"$3,327.00",2517,810.0,4901,88,0.757,0.793,0.913
718629858,"$4,708.00",0,4708.0,4597,89,0.0,0.718,0.679
737962608,"$3,745.00",2517,1228.0,4550,78,0.672,0.672,0.857
778207083,"$11,561.00",2189,9372.0,2153,39,0.189,0.742,0.5
778781508,"$8,477.00",2517,5960.0,2455,41,0.297,0.717,0.64
714142158,"$2,120.00",1411,709.0,3882,92,0.666,0.665,0.643
715390608,"$2,867.00",1209,1658.0,5311,81,0.422,0.727,0.976
715243458,"$2,293.00",1304,989.0,5047,94,0.569,0.708,0.679
715418508,"$8,671.00",590,8081.0,4399,72,0.068,0.693,0.756
711164508,"$34,516.00",1163,33353.0,3941,71,0.034,0.725,0.821
713239308,"$2,679.00",1694,985.0,4640,85,0.632,0.603,0.809
712323183,"$3,224.00",0,3224.0,3738,63,0.0,0.761,0.658
797410983,"$1,438.30",745,693.3,5020,83,0.518,0.83,0.766
721167783,"$7,773.00",2465,5308.0,4272,69,0.317,0.788,1.029
712130058,"$8,075.00",317,7758.0,2415,41,0.039,0.585,0.577
714060408,"$3,052.00",1603,1449.0,4210,82,0.525,0.776,0.907
715515333,"$7,932.00",2140,5792.0,4024,92,0.27,0.554,0.614
806970033,"$1,753.00",1434,319.0,4588,77,0.818,0.805,1.026
817337958,"$5,814.00",1176,4638.0,3796,74,0.202,0.627,1.056
788132208,"$1,989.00",1003,986.0,5070,70,0.504,0.677,0.75
812653383,"$1,843.00",1520,323.0,4729,92,0.825,0.864,0.704
709762908,"$1,438.30",1228,210.3,4991,78,0.854,0.659,0.902
717114708,"$2,991.00",1830,1161.0,4414,77,0.612,0.777,0.878
767388783,"$9,560.00",0,9560.0,4601,66,0.0,0.802,0.571
794719983,"$2,616.00",2505,111.0,2576,42,0.958,0.828,0.5
778378983,"$2,939.00",2152,787.0,2476,42,0.732,0.555,0.355
773275083,"$3,085.00",966,2119.0,4765,79,0.313,0.777,0.646
719971458,"$5,275.00",1490,3785.0,4213,74,0.282,0.533,1.114
721001883,"$1,950.00",1618,332.0,3357,47,0.83,0.75,0.88
778245633,"$2,341.00",1818,523.0,4356,70,0.777,0.833,0.628
718535733,"$3,758.00",2047,1711.0,4928,79,0.545,1.108,0.646
711909933,"$1,621.00",618,1003.0,4815,83,0.381,0.846,1.024
709253433,"$10,946.00",1912,9034.0,2448,58,0.175,0.362,0.45
719797758,"$3,422.00",2517,905.0,4922,84,0.736,0.914,0.68
789420933,"$3,108.00",778,2330.0,4130,87,0.25,0.645,0.706
709850508,"$3,202.00",0,3202.0,2917,37,0.0,1.012,0.682
715335558,"$1,855.00",907,948.0,4191,81,0.489,0.816,0.761
711516783,"$2,155.00",1119,1036.0,5441,91,0.519,0.815,0.717
798917883,"$4,150.00",2517,1633.0,4620,76,0.607,0.619,1.171
721525758,"$2,226.00",1229,997.0,4928,77,0.552,0.784,0.638
716249508,"$1,610.00",0,1610.0,4243,85,0.0,0.424,0.848
716953083,"$2,046.00",1260,786.0,4228,81,0.616,0.768,0.884
712448658,"$1,795.00",0,1795.0,2281,55,0.0,0.718,0.618
711766758,"$1,531.00",987,544.0,4373,67,0.645,0.831,0.811
709432833,"$1,472.00",1196,276.0,4859,73,0.812,1.24,0.973
719964933,"$1,438.30",0,1438.3,4550,78,0.0,0.683,0.857
719857008,"$2,886.00",2198,688.0,4531,81,0.762,0.828,0.723
758340108,"$10,024.00",913,9111.0,3906,78,0.091,0.568,0.592
708276183,"$1,760.00",0,1760.0,1554,35,0.0,0.046,0.029
716481408,"$1,461.00",0,1461.0,4769,76,0.0,0.681,0.949
720590058,"$8,840.00",1794,7046.0,2839,47,0.203,0.848,0.808
789347133,"$4,468.00",2395,2073.0,4690,79,0.536,0.706,0.756
719112258,"$2,516.00",1360,1156.0,4692,79,0.541,1.193,0.681
717748608,"$1,555.00",872,683.0,2252,51,0.561,0.772,0.645
710740008,"$1,438.30",641,797.3,5140,82,0.446,0.66,0.519
716694108,"$5,195.00",468,4727.0,2682,48,0.09,0.567,0.231
719372583,"$17,268.00",1197,16071.0,4077,90,0.069,0.637,0.698
719981508,"$1,649.00",0,1649.0,2574,51,0.0,0.864,0.7
751350558,"$1,609.00",0,1609.0,4770,85,0.0,0.669,0.7
715123983,"$3,342.00",2517,825.0,5848,81,0.753,0.977,0.8
709250508,"$6,973.00",2517,4456.0,4877,88,0.361,0.781,0.692
716754783,"$17,228.00",1331,15897.0,2229,44,0.077,0.519,0.375
719025333,"$1,898.00",0,1898.0,3513,59,0.0,0.838,0.686
718566858,"$1,438.30",0,1438.3,5005,79,0.0,0.757,0.795
710675508,"$2,321.00",1190,1131.0,5149,98,0.513,0.736,0.661
818729208,"$8,185.00",941,7244.0,4525,77,0.115,0.874,0.604
709068183,"$3,096.00",0,3096.0,4709,87,0.0,0.684,0.776
715358283,"$2,129.00",1139,990.0,4509,73,0.535,1.025,0.825
710966433,"$2,615.00",1404,1211.0,3785,67,0.537,0.503,1.161
708575058,"$3,157.00",965,2192.0,3300,58,0.306,0.928,0.568
713929533,"$1,707.00",0,1707.0,2060,52,0.0,0.319,0.529
714087258,"$1,838.00",0,1838.0,5156,72,0.0,0.65,0.895
756383283,"$5,523.00",2517,3006.0,4170,80,0.456,0.72,0.739
720766908,"$3,021.00",0,3021.0,2814,37,0.0,0.694,0.321
718133733,"$7,317.00",1540,5777.0,4100,76,0.21,0.616,0.81
720823458,"$5,218.00",1907,3311.0,4658,85,0.365,0.797,0.889
720027258,"$1,438.30",0,1438.3,4978,73,0.0,1.052,0.921
807604233,"$11,114.00",2482,8632.0,5044,81,0.223,1.08,0.688
801786483,"$10,648.00",2517,8131.0,4930,89,0.236,0.708,0.978
789138258,"$2,976.00",2372,604.0,4799,83,0.797,0.772,0.729
805524708,"$6,629.00",2517,4112.0,2599,50,0.38,0.932,0.562
779642733,"$2,812.00",2238,574.0,4823,77,0.796,0.713,0.833
771735933,"$10,761.00",1722,9039.0,4731,82,0.16,0.7,0.783
789917208,"$1,968.00",1781,187.0,5087,69,0.905,0.972,0.725
779608083,"$3,897.00",1247,2650.0,3681,62,0.32,0.689,0.632
711287733,"$4,721.00",1289,3432.0,3856,74,0.273,0.656,0.762
774675933,"$34,516.00",2052,32464.0,3510,62,0.059,0.477,0.476
716741508,"$2,831.00",1167,1664.0,4460,65,0.412,0.744,0.857
721106133,"$2,312.00",1789,523.0,5104,82,0.774,0.867,0.783
716698608,"$8,924.00",0,8924.0,4441,87,0.0,0.46,0.673
716299608,"$1,508.00",0,1508.0,1990,31,0.0,0.458,0.192
718116933,"$1,438.30",630,808.3,4704,79,0.438,0.667,0.756
720513333,"$21,350.00",1724,19626.0,4878,78,0.081,0.512,0.444
802460433,"$1,438.30",0,1438.3,2607,37,0.0,0.733,0.609
720482583,"$10,431.00",2163,8268.0,4598,69,0.207,0.64,0.865
709477233,"$2,346.00",1621,725.0,4287,79,0.691,0.613,0.717
719512983,"$1,438.30",0,1438.3,2295,51,0.0,0.854,0.545
714923583,"$2,369.00",0,2369.0,1924,48,0.0,0.51,0.548
779397183,"$3,659.00",0,3659.0,4068,61,0.0,0.797,0.694
714671658,"$2,153.00",1392,761.0,4268,85,0.647,0.787,0.667
779218233,"$9,430.00",0,9430.0,4115,75,0.0,0.68,0.923
790221633,"$3,897.00",2296,1601.0,4627,77,0.589,0.746,0.791
721299483,"$11,671.00",1304,10367.0,4168,71,0.112,0.491,0.868
711701958,"$11,367.00",1999,9368.0,4175,63,0.176,0.661,0.537
783573408,"$2,575.00",2136,439.0,5267,83,0.83,0.722,0.886
709641933,"$3,433.00",1869,1564.0,4504,84,0.544,0.838,0.787
718755483,"$7,317.00",959,6358.0,5082,86,0.131,0.653,0.686
720914358,"$4,416.00",1333,3083.0,4894,84,0.302,0.631,0.647
714811533,"$1,715.00",0,1715.0,5910,91,0.0,0.896,0.517
719898108,"$3,667.00",809,2858.0,5322,79,0.221,0.778,0.975
720719883,"$1,874.00",0,1874.0,2535,55,0.0,0.806,0.618
780338733,"$1,438.30",491,947.3,5102,83,0.341,0.73,0.694
709810458,"$1,579.00",768,811.0,4241,72,0.486,0.888,0.946
821356083,"$1,626.00",0,1626.0,4830,87,0.0,0.664,0.642
793428408,"$1,596.00",1185,411.0,5235,76,0.742,0.687,1.0
746453583,"$2,604.00",1395,1209.0,4498,85,0.536,0.528,0.7
771799008,"$3,359.00",1405,1954.0,4871,79,0.418,0.684,0.975
719075883,"$2,363.00",2033,330.0,3904,66,0.86,0.498,0.61
714986583,"$4,978.00",923,4055.0,5025,62,0.185,0.883,0.879
753233733,"$2,155.00",1290,865.0,3781,61,0.599,0.718,0.906
806914158,"$4,047.00",0,4047.0,2134,34,0.0,0.648,0.478
812671758,"$4,345.00",2176,2169.0,2458,44,0.501,0.752,0.467
789191358,"$1,854.00",794,1060.0,4035,80,0.428,0.614,0.739
772111083,"$5,384.00",1396,3988.0,4338,75,0.259,0.756,0.829
714961383,"$1,438.30",965,473.3,4182,81,0.671,0.544,0.723
817288458,"$5,141.00",1737,3404.0,5859,82,0.338,0.985,0.783
719163108,"$3,977.00",1325,2652.0,4076,62,0.333,0.769,0.632
713922183,"$2,507.00",1259,1248.0,4461,73,0.502,0.85,0.921
716443608,"$7,199.00",1235,5964.0,4050,78,0.172,0.83,0.814
827953683,"$3,786.00",1171,2615.0,5369,75,0.309,0.697,0.596
789678483,"$13,384.00",0,13384.0,4773,77,0.0,0.696,0.674
793630083,"$1,726.00",1476,250.0,1804,34,0.855,0.371,0.259
756306183,"$2,873.00",2517,356.0,4897,71,0.876,0.803,1.088
736893108,"$1,438.30",0,1438.3,4196,87,0.0,0.613,0.891
712900308,"$1,751.00",0,1751.0,2078,37,0.0,0.506,0.423
798045708,"$7,434.00",0,7434.0,4182,76,0.0,0.63,1.171
715657833,"$1,438.30",787,651.3,4956,89,0.547,0.601,0.745
712111608,"$1,438.30",0,1438.3,4919,72,0.0,0.61,0.756
711792783,"$2,032.00",1195,837.0,4479,80,0.588,0.642,0.667
716067333,"$6,959.00",945,6014.0,4553,84,0.136,0.816,0.714
780660183,"$8,203.00",0,8203.0,2613,46,0.0,0.691,0.84
720761208,"$4,789.00",357,4432.0,2496,41,0.075,0.798,0.64
788794758,"$2,979.00",0,2979.0,2061,38,0.0,0.644,0.462
711150333,"$2,391.00",0,2391.0,2857,40,0.0,0.669,0.6
714418158,"$7,264.00",851,6413.0,3527,69,0.117,0.814,0.816
713634108,"$4,348.00",1830,2518.0,4293,66,0.421,1.036,0.692
717231558,"$3,002.00",1446,1556.0,4851,74,0.482,0.815,0.947
711589758,"$4,162.00",1641,2521.0,3967,75,0.394,0.719,0.923
787481208,"$2,762.00",1793,969.0,5006,78,0.649,0.901,0.66
715516458,"$2,705.00",2430,275.0,2602,43,0.898,0.698,0.433
714998508,"$3,742.00",1454,2288.0,5326,62,0.389,0.894,0.676
713328108,"$1,671.00",1047,624.0,5189,79,0.627,0.727,0.795
716229108,"$3,282.00",2262,1020.0,4674,84,0.689,0.653,0.585
820925433,"$1,529.00",710,819.0,4751,81,0.464,0.657,0.884
816129258,"$2,509.00",1897,612.0,4837,74,0.756,0.938,0.542
808903308,"$2,471.00",0,2471.0,2519,35,0.0,0.722,0.522
713809833,"$9,749.00",859,8890.0,4684,86,0.088,0.584,0.623
713542008,"$1,438.30",0,1438.3,4236,83,0.0,0.584,0.844
717385083,"$4,916.00",1122,3794.0,4813,87,0.228,0.659,0.706
708652908,"$2,291.00",1419,872.0,4498,81,0.619,0.725,0.761
715644633,"$1,528.00",820,708.0,5212,88,0.537,0.908,0.833
708761733,"$8,279.00",1582,6697.0,4419,63,0.191,0.76,0.658
714600258,"$5,945.00",2015,3930.0,3645,70,0.339,0.815,1.0
823566408,"$1,438.30",0,1438.3,4625,93,0.0,0.773,0.938
713373708,"$1,857.00",0,1857.0,2464,57,0.0,0.488,0.839
708307533,"$3,086.00",0,3086.0,4129,81,0.0,0.808,0.884
820085808,"$2,598.00",1343,1255.0,4692,86,0.517,0.637,0.72
716685033,"$5,559.00",1600,3959.0,5344,82,0.288,0.716,0.864
713063958,"$7,562.00",1080,6482.0,5010,85,0.143,0.561,0.7
708371733,"$4,662.00",0,4662.0,4931,81,0.0,0.661,0.841
780277458,"$2,904.00",2517,387.0,4503,89,0.867,0.586,0.712
797232183,"$2,676.00",1962,714.0,5020,75,0.733,0.668,0.786
720789933,"$5,798.00",680,5118.0,5027,82,0.117,0.708,0.64
808281483,"$2,665.00",2157,508.0,4249,76,0.809,0.637,1.235
712968708,"$2,343.00",1780,563.0,5167,78,0.76,0.792,0.773
711263058,"$2,763.00",1879,884.0,4660,80,0.68,0.701,0.778
788813658,"$10,503.00",0,10503.0,4755,88,0.0,0.886,0.725
721444758,"$2,780.00",2216,564.0,4980,78,0.797,0.826,0.857
711448983,"$2,234.00",2024,210.0,2313,37,0.906,0.717,0.321
712664658,"$1,649.00",0,1649.0,2549,54,0.0,0.683,0.588
714237033,"$5,557.00",2246,3311.0,2299,39,0.404,0.518,0.444
718370733,"$6,074.00",0,6074.0,4504,90,0.0,0.782,0.765
713726958,"$1,728.00",0,1728.0,2191,38,0.0,0.41,0.357
794160408,"$3,044.00",1973,1071.0,4747,73,0.648,0.946,1.028
716009883,"$8,482.00",585,7897.0,4245,74,0.069,0.624,0.897
711873033,"$1,438.30",0,1438.3,2549,56,0.0,0.748,0.75
712715208,"$3,770.00",0,3770.0,2387,51,0.0,0.544,0.5
778899708,"$2,963.00",0,2963.0,2919,47,0.0,0.902,0.382
771865908,"$11,750.00",487,11263.0,2532,48,0.041,0.772,0.548
716273133,"$1,593.00",0,1593.0,4853,78,0.0,0.61,0.592
709927458,"$10,486.00",1544,8942.0,4042,77,0.147,0.716,0.925
715162608,"$2,168.00",1323,845.0,2499,38,0.61,0.687,0.407
719862258,"$5,666.00",1393,4273.0,5015,90,0.246,0.84,0.915
788719533,"$13,679.00",0,13679.0,4060,61,0.0,0.908,1.346
715566408,"$2,143.00",1479,664.0,4404,77,0.69,0.708,0.75
717359208,"$4,945.00",1779,3166.0,4037,72,0.36,0.536,0.756
721410858,"$1,921.00",1334,587.0,4512,90,0.694,0.694,0.765
779420583,"$3,001.00",2055,946.0,4662,70,0.685,0.838,0.628
714222183,"$2,132.00",1084,1048.0,4874,78,0.508,0.767,0.66
709079883,"$1,663.00",1012,651.0,2729,38,0.609,0.886,0.52
721406658,"$1,732.00",0,1732.0,2479,43,0.0,0.683,0.536
713782608,"$2,652.00",2386,266.0,5329,83,0.9,0.766,0.729
720236433,"$5,037.00",1670,3367.0,4379,67,0.332,0.787,0.811
785106933,"$6,519.00",2178,4341.0,4505,71,0.334,0.739,0.732
716673258,"$2,347.00",1488,859.0,3977,83,0.634,0.621,0.886
708341958,"$2,061.00",1904,157.0,4480,86,0.924,0.786,0.87
797150733,"$1,643.00",0,1643.0,1754,39,0.0,0.6,0.56
718279983,"$5,039.00",2489,2550.0,4770,74,0.494,0.875,0.947
718548558,"$2,915.00",2041,874.0,4272,70,0.7,0.927,0.75
780360558,"$1,507.00",0,1507.0,4698,87,0.0,0.723,0.851
715012833,"$3,073.00",2517,556.0,4858,77,0.819,0.841,0.974
772388508,"$8,314.00",1349,6965.0,5028,80,0.162,0.531,0.702
788199858,"$2,798.00",1049,1749.0,5758,87,0.375,0.89,0.706
769578108,"$20,929.00",1652,19277.0,4001,76,0.079,0.523,0.689
719843958,"$1,754.00",894,860.0,4874,79,0.51,0.691,0.837
767197983,"$4,209.00",0,4209.0,5938,83,0.0,0.856,0.694
711874833,"$2,449.00",0,2449.0,5497,88,0.0,0.706,0.63
714930333,"$4,618.00",0,4618.0,2476,49,0.0,0.717,0.75
720989133,"$1,654.00",1093,561.0,4596,82,0.661,0.65,0.822
720893958,"$1,544.00",999,545.0,4215,53,0.647,0.786,1.12
769709058,"$3,618.00",972,2646.0,4228,63,0.269,0.578,0.465
711005583,"$3,437.00",1064,2373.0,5110,76,0.31,0.851,0.854
826548708,"$5,965.00",622,5343.0,4637,91,0.104,0.728,0.655
711093408,"$2,644.00",1517,1127.0,4815,83,0.574,0.721,0.804
712831908,"$3,481.00",603,2878.0,4556,81,0.173,0.692,0.473
780222408,"$3,272.00",2085,1187.0,4444,83,0.637,0.417,0.627
714181008,"$3,019.00",1462,1557.0,4509,71,0.484,0.718,0.732
772346358,"$1,801.00",0,1801.0,5047,79,0.0,0.516,0.756
717489033,"$1,438.30",0,1438.3,2641,40,0.0,0.781,0.6
710969433,"$2,909.00",1201,1708.0,4230,68,0.413,0.729,0.659
715807383,"$4,688.00",0,4688.0,5248,89,0.0,0.593,0.745
711807333,"$1,438.30",0,1438.3,3948,84,0.0,0.587,0.68
816086508,"$1,438.30",0,1438.3,4624,73,0.0,0.677,0.587
714424533,"$1,655.00",0,1655.0,2156,37,0.0,0.496,0.194
779536233,"$1,438.30",601,837.3,4669,83,0.418,1.0,0.729
710794983,"$4,745.00",1157,3588.0,4705,78,0.244,0.965,0.902
779890833,"$1,438.30",0,1438.3,4866,65,0.0,0.765,0.625
779837808,"$5,182.00",2500,2682.0,5012,85,0.482,0.869,0.809
713748708,"$1,438.30",0,1438.3,1757,44,0.0,0.35,0.467
709123908,"$4,287.00",0,4287.0,4874,82,0.0,0.807,0.708
816476658,"$1,812.00",1798,14.0,2921,44,0.992,0.735,0.692
743800833,"$2,304.00",1144,1160.0,4505,85,0.497,0.772,1.179
806415183,"$13,623.00",1432,12191.0,4534,83,0.105,0.594,0.886
794054058,"$2,765.00",0,2765.0,4010,59,0.0,0.465,0.513
771907158,"$3,731.00",1903,1828.0,4667,88,0.51,0.915,0.725
815789883,"$2,485.00",861,1624.0,4728,81,0.346,0.566,0.761
712177908,"$2,446.00",1763,683.0,4310,75,0.721,0.598,0.875
711234783,"$2,020.00",0,2020.0,2621,45,0.0,0.716,0.552
793379058,"$2,214.00",1025,1189.0,5084,82,0.463,0.567,0.745
720480183,"$1,811.00",787,1024.0,4882,80,0.435,0.585,1.162
712974558,"$5,254.00",0,5254.0,4546,89,0.0,0.651,0.712
717409533,"$1,821.00",1486,335.0,2824,43,0.816,0.827,0.387
712200033,"$3,024.00",0,3024.0,4983,78,0.0,0.75,0.733
713563383,"$1,930.00",952,978.0,3862,80,0.493,0.67,0.818
802795608,"$1,517.00",556,961.0,4981,82,0.367,0.622,0.864
787452333,"$2,024.00",0,2024.0,2870,36,0.0,0.801,0.5
709520058,"$19,138.00",0,19138.0,2028,43,0.0,0.482,0.303
819690933,"$16,835.00",897,15938.0,4059,80,0.053,0.767,0.778
820694133,"$5,549.00",0,5549.0,2412,38,0.0,0.703,0.52
711800658,"$2,145.00",0,2145.0,2465,42,0.0,0.577,0.355
717722958,"$4,654.00",1349,3305.0,4277,71,0.29,0.81,0.69
712279683,"$9,114.00",0,9114.0,2740,52,0.0,0.654,0.625
716606733,"$3,043.00",2054,989.0,4833,85,0.675,0.735,0.667
716060358,"$4,621.00",913,3708.0,4952,82,0.198,0.917,0.745
709158333,"$2,758.00",461,2297.0,4244,96,0.167,0.58,0.778
721113333,"$1,740.00",0,1740.0,4751,93,0.0,0.811,0.86
712620858,"$7,744.00",1804,5940.0,4572,60,0.233,0.942,0.935
712855683,"$3,350.00",1335,2015.0,4906,89,0.399,0.781,0.561
715463133,"$34,516.00",1427,33089.0,3699,64,0.041,0.706,0.488
716551533,"$2,874.00",2201,673.0,4779,86,0.766,0.718,0.792
771220758,"$2,896.00",2100,796.0,4614,83,0.725,0.728,0.694
709920258,"$9,294.00",1764,7530.0,4531,73,0.19,1.026,0.738
708959583,"$9,389.00",727,8662.0,3415,84,0.077,0.533,0.556
712510833,"$9,317.00",847,8470.0,4121,81,0.091,0.765,0.723
710840433,"$7,452.00",1656,5796.0,3339,51,0.222,0.6,0.962
712853358,"$1,817.00",0,1817.0,2216,44,0.0,0.583,0.833
788502858,"$10,021.00",1952,8069.0,4431,68,0.195,0.699,0.581
721139808,"$2,344.00",1081,1263.0,3889,80,0.461,0.619,0.86
711375558,"$3,072.00",1734,1338.0,4540,78,0.564,0.754,0.857
713798958,"$1,946.00",1430,516.0,4643,87,0.735,0.564,0.812
709362033,"$1,471.00",0,1471.0,2253,48,0.0,0.624,0.455
719860308,"$1,438.30",0,1438.3,2418,48,0.0,0.663,0.778
714443058,"$1,484.00",0,1484.0,1664,39,0.0,0.2,0.5
716315508,"$3,233.00",2517,716.0,1339,32,0.779,0.0,0.0
717651333,"$1,745.00",1168,577.0,4562,67,0.669,0.701,0.634
798489258,"$3,709.00",1197,2512.0,5557,82,0.323,0.824,1.0
710742408,"$2,160.00",2057,103.0,4518,93,0.952,0.858,0.788
812089383,"$1,438.30",892,546.3,4426,88,0.62,0.79,0.66
711968358,"$2,638.00",1423,1215.0,4153,77,0.539,0.551,0.925
794227308,"$10,214.00",1433,8781.0,4493,79,0.14,0.64,0.881
719845908,"$3,240.00",0,3240.0,4803,83,0.0,0.812,0.804
716851908,"$2,038.00",1099,939.0,4784,70,0.539,0.809,0.75
720599658,"$1,438.30",0,1438.3,5104,75,0.0,0.57,0.63
720401658,"$1,438.30",1030,408.3,1985,38,0.716,0.609,0.407
827442858,"$8,111.00",2051,6060.0,3719,69,0.253,0.999,0.643
779034708,"$10,730.00",970,9760.0,4939,71,0.09,0.645,0.972
718806783,"$2,872.00",357,2515.0,2629,41,0.124,0.869,0.64
714484008,"$1,567.00",0,1567.0,2138,41,0.0,0.424,0.577
719176308,"$7,278.00",0,7278.0,2120,43,0.0,0.618,0.593
769662033,"$1,438.30",0,1438.3,5025,85,0.0,0.729,0.735
721020858,"$3,190.00",1959,1231.0,4220,66,0.614,0.622,0.61
714630858,"$1,470.00",458,1012.0,2383,39,0.312,0.543,0.444
710838108,"$3,081.00",2517,564.0,4317,72,0.817,0.572,0.714
712662783,"$3,793.00",2517,1276.0,2577,57,0.664,0.512,0.629
713160258,"$3,034.00",2033,1001.0,4349,90,0.67,0.642,0.731
778163508,"$5,245.00",1044,4201.0,4938,70,0.199,0.673,0.892
713785608,"$2,960.00",0,2960.0,4918,63,0.0,0.962,0.75
779905008,"$1,779.00",0,1779.0,2660,41,0.0,0.856,0.323
789491058,"$1,620.00",0,1620.0,4570,82,0.0,0.73,0.952
793736958,"$21,680.00",1587,20093.0,4410,86,0.073,0.605,0.72
720961383,"$2,952.00",0,2952.0,2907,60,0.0,0.82,0.875
714202008,"$3,918.00",2517,1401.0,2115,42,0.642,0.47,0.448
721479108,"$12,764.00",0,12764.0,3332,64,0.0,0.71,0.882
715549158,"$1,438.30",0,1438.3,4769,84,0.0,0.734,0.826
710308983,"$3,287.00",2517,770.0,4148,83,0.766,0.586,0.66
710981583,"$3,891.00",1015,2876.0,5131,86,0.261,0.755,0.72
716165508,"$3,559.00",0,3559.0,4498,94,0.0,0.585,0.649
710630583,"$2,843.00",1752,1091.0,3738,77,0.616,0.624,0.604
709571958,"$2,127.00",0,2127.0,4401,65,0.0,0.735,0.667
790115358,"$4,325.00",2418,1907.0,4588,77,0.559,0.796,0.791
715904433,"$1,695.00",0,1695.0,2055,46,0.0,0.453,0.314
709078908,"$2,648.00",1539,1109.0,4926,89,0.581,0.94,0.816
717541308,"$2,602.00",1441,1161.0,4838,85,0.554,0.704,0.735
779916408,"$1,811.00",0,1811.0,4934,70,0.0,0.835,0.628
714979383,"$1,891.00",1134,757.0,5255,77,0.6,0.636,0.833
711691608,"$2,881.00",2450,431.0,2450,49,0.85,0.629,0.531
788930358,"$2,827.00",1896,931.0,3891,81,0.671,0.739,1.025
716351208,"$4,095.00",2517,1578.0,4175,77,0.615,0.57,1.026
708266883,"$1,666.00",0,1666.0,2312,35,0.0,0.713,0.25
718858683,"$1,438.30",0,1438.3,4511,76,0.0,0.665,0.767
771617883,"$2,205.00",1313,892.0,4904,82,0.595,0.929,0.673
718001508,"$2,890.00",2150,740.0,4377,84,0.744,0.657,0.867
708995283,"$10,417.00",2290,8127.0,4871,75,0.22,1.122,1.027
721173183,"$2,363.00",1876,487.0,4984,85,0.794,0.795,0.667
711102858,"$3,137.00",860,2277.0,1618,34,0.274,0.304,0.097
711722808,"$1,483.00",0,1483.0,2520,40,0.0,0.707,0.429
787466808,"$3,009.00",2517,492.0,5329,82,0.836,0.735,0.745
716116383,ERR_VAL,2517,2570.0,4682,77,0.495,0.765,0.711
713257083,"$1,925.00",1202,723.0,4343,66,0.624,0.518,0.737
772661808,"$7,234.00",2055,5179.0,5051,83,0.284,0.703,0.66
713382558,"$2,063.00",953,1110.0,4304,81,0.462,0.868,0.761
717596883,"$5,530.00",1233,4297.0,5270,78,0.223,0.859,1.0
712993008,"$3,819.00",1882,1937.0,4533,68,0.493,0.809,0.889
824763783,"$2,645.00",1127,1518.0,4251,76,0.426,0.623,0.767
771730758,"$5,448.00",0,5448.0,4443,75,0.0,1.011,1.083
780265458,"$3,495.00",1427,2068.0,4466,85,0.408,0.563,0.889
714256758,"$8,074.00",0,8074.0,4347,66,0.0,0.528,0.535
710292333,"$7,772.00",0,7772.0,2618,52,0.0,0.896,0.576
712171158,"$3,124.00",0,3124.0,4986,79,0.0,0.879,0.795
787339158,"$8,688.00",0,8688.0,2361,41,0.0,0.426,0.464
788782008,"$15,987.00",0,15987.0,4146,69,0.0,0.658,0.533
714848958,"$15,109.00",897,14212.0,2315,43,0.059,0.494,0.303
714987633,"$4,953.00",2039,2914.0,4026,53,0.412,0.68,0.828
717684858,"$22,304.00",1333,20971.0,5002,60,0.06,0.463,0.5
767376483,"$1,893.00",0,1893.0,5176,91,0.0,0.691,0.784
709901058,"$2,232.00",1163,1069.0,4185,80,0.521,0.557,0.778
823149483,"$1,766.00",0,1766.0,4643,76,0.0,0.769,0.617
780073158,"$3,790.00",1149,2641.0,4455,85,0.303,0.597,0.604
779998083,"$6,392.00",1429,4963.0,4069,66,0.224,0.682,0.737
713144208,"$9,989.00",568,9421.0,2053,49,0.057,0.52,0.485
771594783,"$1,438.30",0,1438.3,2264,37,0.0,0.859,0.423
816613158,"$2,559.00",1514,1045.0,4117,69,0.592,0.57,0.643
770774133,"$34,516.00",1198,33318.0,4826,70,0.035,0.615,0.667
712300683,"$1,438.30",0,1438.3,4897,96,0.0,0.824,0.778
714536208,"$2,473.00",1675,798.0,4203,73,0.677,0.648,0.872
784880958,"$4,022.00",1680,2342.0,3776,84,0.418,0.579,0.826
713784558,"$3,510.00",941,2569.0,4833,77,0.268,0.717,0.75
719305608,"$2,347.00",1900,447.0,2447,47,0.81,0.845,0.621
720190083,"$1,632.00",0,1632.0,2509,47,0.0,0.621,0.424
708323208,"$1,522.00",0,1522.0,2241,36,0.0,0.482,0.8
781183233,"$2,085.00",1528,557.0,3805,79,0.733,0.664,0.795
718825908,"$3,803.00",1448,2355.0,4575,78,0.381,0.565,0.592
716963283,"$3,165.00",2517,648.0,2751,49,0.795,0.748,1.042
714924483,"$4,628.00",2327,2301.0,4226,92,0.503,0.611,0.736
779922183,"$2,253.00",1981,272.0,4758,81,0.879,0.55,0.723
719449533,"$2,655.00",2283,372.0,2386,49,0.86,0.751,0.485
712559058,"$20,882.00",1525,19357.0,4765,76,0.073,0.828,0.767
717853233,"$3,306.00",706,2600.0,4772,76,0.214,0.814,0.9
790069233,"$2,052.00",0,2052.0,4289,72,0.0,0.77,0.674
794576058,"$8,480.00",1339,7141.0,4070,76,0.158,0.668,0.49
779877858,"$2,081.00",1342,739.0,4428,80,0.645,1.06,0.778
772334133,"$4,637.00",0,4637.0,4583,86,0.0,0.709,0.911
714139308,"$1,438.30",0,1438.3,4722,81,0.0,0.895,0.841
806634783,"$3,420.00",1405,2015.0,4267,75,0.411,0.843,0.596
720101658,"$3,416.00",1109,2307.0,4614,70,0.325,0.783,1.0
719925483,"$2,171.00",1043,1128.0,4531,88,0.48,0.7,0.833
719572833,"$2,791.00",1550,1241.0,5440,83,0.555,0.672,0.66
720729108,"$4,445.00",1080,3365.0,5373,87,0.243,0.84,0.776
819214233,"$1,530.00",0,1530.0,5138,84,0.0,0.642,0.68
718896108,"$1,438.30",0,1438.3,5014,84,0.0,0.885,0.909
713723433,"$5,721.00",0,5721.0,4188,79,0.0,0.57,0.881
708514383,"$3,809.00",1172,2637.0,4314,81,0.308,0.9,0.976
716961033,"$3,520.00",2149,1371.0,3630,78,0.611,0.539,0.696
778819083,"$1,604.00",0,1604.0,2264,47,0.0,0.644,0.516
714773508,"$1,632.00",351,1281.0,2532,43,0.215,0.721,0.483
814181433,"$3,914.00",1683,2231.0,4242,64,0.43,0.636,0.73
711984633,"$2,328.00",1953,375.0,4373,89,0.839,0.599,0.935
710662158,"$34,516.00",2517,31999.0,2051,41,0.073,0.434,1.05
711356733,"$3,883.00",847,3036.0,4667,90,0.218,0.951,0.8
711456108,"$1,438.30",819,619.3,2488,44,0.569,0.786,0.692
780727833,"$3,229.00",2517,712.0,4526,95,0.779,0.622,0.638
771471708,"$3,080.00",1776,1304.0,5097,77,0.577,0.973,0.833
714320358,"$2,569.00",1288,1281.0,4126,56,0.501,1.009,0.931
720700008,"$4,517.00",2238,2279.0,4686,81,0.495,0.625,0.761
713027058,"$2,292.00",0,2292.0,2595,31,0.0,0.568,0.409
778228458,"$2,510.00",1928,582.0,4943,70,0.768,1.043,0.489
781137783,"$2,420.00",191,2229.0,2478,43,0.079,0.818,0.433
719821908,"$2,703.00",0,2703.0,2752,43,0.0,0.882,0.433
720537633,"$3,047.00",2139,908.0,4961,85,0.702,0.842,0.635
712378983,"$7,570.00",965,6605.0,2599,61,0.127,0.709,0.848
763681908,"$5,795.00",924,4871.0,5674,78,0.159,0.86,0.857
721164483,"$1,441.00",642,799.0,4894,84,0.446,0.563,0.826
715447008,"$2,999.00",1817,1182.0,5119,83,0.606,0.678,0.766
769676358,"$1,438.30",1309,129.3,5066,76,0.91,0.842,0.9
710487033,"$1,438.30",0,1438.3,4445,78,0.0,0.926,0.773
714197133,"$4,762.00",0,4762.0,2811,52,0.0,0.526,0.3
718488783,"$4,802.00",1701,3101.0,4821,66,0.354,0.532,0.65
715663458,"$2,268.00",651,1617.0,5016,88,0.287,0.717,0.66
717865008,"$1,438.30",468,970.3,4425,81,0.325,0.747,1.077
771400608,"$8,204.00",1375,6829.0,4727,76,0.168,0.915,0.949
708148158,"$1,827.00",0,1827.0,4207,86,0.0,0.563,0.792
720589008,"$4,072.00",1594,2478.0,4317,83,0.391,0.678,0.886
784795083,"$1,984.00",0,1984.0,4794,73,0.0,1.05,0.921
809844108,"$8,086.00",0,8086.0,4775,78,0.0,0.792,0.66
711521958,"$1,588.00",1506,82.0,4660,68,0.948,0.615,0.619
711833508,"$1,536.00",0,1536.0,4643,89,0.0,0.913,0.745
713146683,"$4,460.00",0,4460.0,5473,79,0.0,0.916,0.756
716968683,"$11,287.00",1513,9774.0,5157,72,0.134,0.672,0.946
716279508,"$3,430.00",2517,913.0,2639,46,0.734,0.869,0.643
771336783,"$1,759.00",1345,414.0,4351,81,0.765,0.61,0.688
717502083,"$6,314.00",0,6314.0,2718,44,0.0,0.903,0.63
714843483,"$7,176.00",1493,5683.0,5063,83,0.208,0.665,0.93
709745508,"$2,295.00",0,2295.0,2140,40,0.0,0.376,0.429
711382458,"$1,438.30",0,1438.3,2389,49,0.0,0.713,0.361
712190358,"$1,843.00",1802,41.0,5199,73,0.978,0.762,0.738
788805858,"$2,181.00",1218,963.0,4997,89,0.558,0.758,0.712
709102458,"$4,754.00",0,4754.0,2607,41,0.0,0.618,0.367
712533708,"$11,247.00",0,11247.0,4894,85,0.0,0.63,0.977
720326733,"$16,258.00",865,15393.0,3761,58,0.053,0.623,0.657
713605908,"$34,516.00",1316,33200.0,3863,69,0.038,0.569,0.643
711598533,"$4,255.00",1729,2526.0,3607,75,0.406,0.55,0.471
795855258,"$1,438.30",0,1438.3,5045,82,0.0,0.707,0.745
826783233,"$3,029.00",2214,815.0,4750,89,0.731,0.7,0.978
789228108,"$9,091.00",1306,7785.0,4378,86,0.144,0.743,0.654
785230083,"$3,318.00",2349,969.0,4905,80,0.708,0.883,0.739
807946833,"$1,791.00",0,1791.0,2771,36,0.0,0.735,0.5
711011508,"$1,620.00",771,849.0,4387,91,0.476,0.675,0.655
718632933,"$1,552.00",0,1552.0,4731,71,0.0,0.762,0.651
717284133,"$3,472.00",2517,955.0,4520,84,0.725,0.75,0.68
711701058,"$10,973.00",1466,9507.0,4892,94,0.134,0.802,0.593
712228458,"$25,645.00",1083,24562.0,4302,63,0.042,0.757,0.5
717146208,"$4,257.00",2517,1740.0,2828,50,0.591,0.703,1.083
719028783,"$3,422.00",0,3422.0,4486,74,0.0,0.506,0.682
713274183,"$4,977.00",1411,3566.0,4182,85,0.284,0.652,0.848
789218433,"$1,438.30",0,1438.3,4528,86,0.0,0.761,0.686
790139583,"$1,438.30",801,637.3,4386,64,0.557,1.155,0.778
720218658,"$3,369.00",756,2613.0,4501,96,0.224,0.446,0.714
747074058,"$7,114.00",1637,5477.0,4758,81,0.23,0.699,0.5
719170683,"$10,972.00",0,10972.0,4401,73,0.0,0.697,0.698
708753633,"$1,438.30",0,1438.3,4462,77,0.0,0.712,0.638
710780883,"$2,446.00",1461,985.0,4610,78,0.597,0.86,0.773
785237958,"$3,439.00",0,3439.0,2661,35,0.0,0.825,0.296
711333933,"$3,005.00",1660,1345.0,4586,72,0.552,0.88,0.756
710797833,"$2,033.00",841,1192.0,4360,95,0.414,0.717,0.696
720154533,"$2,415.00",1643,772.0,5063,78,0.68,0.964,0.733
719123958,"$5,051.00",0,5051.0,2137,45,0.0,0.588,0.552
780942633,"$3,519.00",1336,2183.0,3552,68,0.38,0.506,0.619
720034983,"$10,254.00",0,10254.0,4258,68,0.0,0.51,0.838
717307158,"$1,853.00",1314,539.0,5331,79,0.709,0.925,0.612
708876183,"$28,673.00",0,28673.0,3722,69,0.0,0.537,0.725
712660308,"$1,895.00",0,1895.0,2472,40,0.0,0.736,0.429
715958583,"$2,041.00",1158,883.0,3588,63,0.567,0.563,0.432
771546708,"$1,438.30",0,1438.3,5013,81,0.0,0.74,1.025
711252258,"$1,572.00",985,587.0,4148,54,0.627,0.745,0.862
772585008,"$3,187.00",1937,1250.0,5111,90,0.608,0.77,0.667
751143858,"$7,427.00",2421,5006.0,4636,91,0.326,0.701,0.82
708824958,"$1,460.00",0,1460.0,4265,63,0.0,0.682,0.615
819612933,"$25,410.00",0,25410.0,5472,70,0.0,0.559,0.591
712804383,"$2,143.00",1194,949.0,4684,82,0.557,0.49,0.907
790149483,"$8,566.00",1484,7082.0,4195,89,0.173,0.807,0.854
712121508,"$1,438.30",0,1438.3,5200,89,0.0,0.751,0.679
778853358,"$3,297.00",0,3297.0,4783,91,0.0,0.861,0.685
716512383,"$2,816.00",2517,299.0,4817,87,0.894,0.742,0.776
823548858,"$10,533.00",330,10203.0,2585,48,0.031,0.823,0.714
712144158,"$2,370.00",1166,1204.0,2164,45,0.492,0.562,0.607
824560758,"$1,678.00",0,1678.0,2475,61,0.0,0.676,0.694
757710783,"$1,493.00",0,1493.0,2516,63,0.0,0.721,0.575
713081583,"$2,350.00",1272,1078.0,4647,86,0.541,0.873,0.911
710481333,"$2,690.00",1614,1076.0,2272,57,0.6,0.513,0.541
721060083,"$7,226.00",1889,5337.0,4653,71,0.261,0.661,0.614
713759583,"$3,173.00",1822,1351.0,4883,71,0.574,0.801,0.614
717547383,"$2,890.00",1392,1498.0,4233,77,0.482,0.736,0.791
711683358,"$3,313.00",0,3313.0,2135,44,0.0,0.561,0.419
710044308,"$2,625.00",1594,1031.0,2480,47,0.607,0.544,0.567
713101383,"$1,834.00",0,1834.0,5402,87,0.0,0.618,0.611
757685733,"$3,226.00",2145,1081.0,5066,75,0.665,0.644,0.786
717823383,"$3,426.00",1841,1585.0,4268,81,0.537,0.734,0.8
796029483,"$2,174.00",785,1389.0,3890,78,0.361,0.657,0.66
710099358,"$3,959.00",0,3959.0,4935,92,0.0,0.806,0.804
713872008,"$2,215.00",1347,868.0,4656,72,0.608,0.655,0.636
788802483,"$2,814.00",1595,1219.0,4766,87,0.567,0.658,0.582
817988433,"$6,941.00",1013,5928.0,4097,78,0.146,0.552,0.592
823554783,"$3,269.00",0,3269.0,5022,85,0.0,0.797,0.771
710643183,"$3,172.00",1160,2012.0,4163,83,0.366,0.588,0.804
779859558,"$2,452.00",1012,1440.0,2398,29,0.413,0.46,0.318
798238008,"$5,070.00",0,5070.0,4644,85,0.0,0.536,0.771
811974483,"$1,466.00",723,743.0,5110,86,0.493,0.793,0.593
778471758,"$2,427.00",2362,65.0,4663,85,0.973,0.67,0.771
718513233,"$17,999.00",1861,16138.0,4740,78,0.103,0.791,0.95
718147233,"$4,553.00",1538,3015.0,4999,95,0.338,0.514,0.557
713700258,"$2,953.00",1896,1057.0,4644,79,0.642,0.81,0.612
780670083,"$4,363.00",0,4363.0,2596,48,0.0,0.714,0.846
711438033,"$1,894.00",0,1894.0,5750,73,0.0,0.731,0.872
712253058,"$2,097.00",1255,842.0,4189,83,0.598,0.61,0.976
713519508,"$1,983.00",989,994.0,5065,80,0.499,0.726,0.667
789992733,"$2,210.00",1539,671.0,4937,75,0.696,0.843,0.974
710110683,"$7,879.00",1007,6872.0,4844,83,0.128,0.726,0.976
720260433,"$3,336.00",1687,1649.0,5577,95,0.506,0.645,0.759
714148758,"$1,726.00",1398,328.0,5228,68,0.81,1.009,0.7
715522233,"$2,917.00",1523,1394.0,4878,92,0.522,0.724,0.804
712790358,"$3,023.00",1348,1675.0,2219,44,0.446,0.358,0.63
714943233,"$1,915.00",1545,370.0,3911,80,0.807,0.775,0.778
789579033,"$4,878.00",2098,2780.0,5021,84,0.43,0.665,0.68
708952758,"$2,066.00",1542,524.0,4887,76,0.746,0.71,0.617
721374033,"$2,164.00",1115,1049.0,4341,69,0.515,0.624,0.643
808891983,"$6,250.00",1835,4415.0,4042,60,0.294,0.644,0.714
794516508,"$1,484.00",0,1484.0,4838,81,0.0,0.532,0.929
714032883,"$4,718.00",1591,3127.0,4598,80,0.337,0.927,1.0
778722033,"$2,275.00",1265,1010.0,5626,77,0.556,0.755,1.081
823578483,"$1,438.30",1169,269.3,4429,78,0.813,0.558,0.529
715148658,"$3,683.00",1039,2644.0,4684,86,0.282,0.595,0.755
709669533,"$2,722.00",1303,1419.0,4488,88,0.479,0.391,0.833
787467858,"$34,516.00",2045,32471.0,4081,54,0.059,0.59,0.421
708671733,"$2,072.00",1499,573.0,4091,71,0.723,0.598,0.651
709790058,"$6,383.00",1512,4871.0,4985,87,0.237,0.558,0.776
712714008,"$2,725.00",2302,423.0,4714,81,0.845,0.876,0.8
715191258,"$2,675.00",1999,676.0,4138,64,0.747,0.679,0.561
757722708,"$1,438.30",0,1438.3,4246,83,0.0,0.887,0.804
718086783,"$13,478.00",0,13478.0,4738,56,0.0,0.929,0.867
815253708,"$2,841.00",1807,1034.0,4144,73,0.636,0.573,0.78
715083633,"$1,830.00",1777,53.0,5271,76,0.971,0.639,0.854
792098883,"$2,360.00",1204,1156.0,3696,82,0.51,0.539,0.822
711873858,"$3,717.00",1882,1835.0,4667,91,0.506,0.796,0.82
713931258,"$1,438.30",0,1438.3,1988,42,0.0,0.315,0.355
787591008,"$2,289.00",1195,1094.0,4955,83,0.522,0.651,0.627
801518958,"$5,338.00",0,5338.0,4139,69,0.0,0.919,0.865
713068833,"$1,438.30",894,544.3,4687,85,0.622,0.762,0.932
710566533,"$2,276.00",1372,904.0,4159,67,0.603,0.564,0.718
789151983,"$4,091.00",1108,2983.0,5244,87,0.271,0.774,0.706
766673433,"$3,798.00",1570,2228.0,4512,80,0.413,0.916,0.778
807589908,"$1,778.00",822,956.0,4189,80,0.462,0.68,0.667
708190158,"$2,920.00",2426,494.0,2750,41,0.831,0.983,0.367
784895358,"$1,938.00",0,1938.0,2870,49,0.0,0.612,0.75
710090133,"$4,049.00",1685,2364.0,3908,80,0.416,0.597,0.702
799242033,"$1,438.30",1162,276.3,4598,86,0.808,0.539,0.623
719377383,"$10,880.00",2025,8855.0,4957,90,0.186,0.753,0.765
710371683,"$3,451.00",2006,1445.0,4097,67,0.581,0.555,0.763
793597833,"$2,481.00",1568,913.0,4466,69,0.632,0.537,0.533
713739708,"$2,415.00",2050,365.0,4479,71,0.849,0.499,0.69
709389558,"$1,438.30",0,1438.3,4641,85,0.0,0.566,0.7
811907583,"$7,600.00",1574,6026.0,4240,67,0.207,0.605,0.396
709087983,"$1,438.30",0,1438.3,5020,94,0.0,0.62,0.843
712774908,"$2,601.00",1861,740.0,5111,83,0.715,0.794,0.66
820639908,"$2,625.00",2517,108.0,4378,81,0.959,0.702,0.884
713497983,"$5,578.00",0,5578.0,3459,53,0.0,0.627,0.71
713489358,"$3,698.00",0,3698.0,3763,82,0.0,0.811,0.864
711381183,"$1,438.30",1141,297.3,4485,85,0.793,0.69,0.889
814989933,"$1,795.00",1058,737.0,5575,73,0.589,0.778,0.738
711847833,"$1,933.00",1127,806.0,4833,71,0.583,0.705,0.69
772837083,"$27,169.00",0,27169.0,3906,87,0.0,0.781,0.977
713652783,"$2,367.00",1220,1147.0,5568,90,0.515,1.04,0.957
719202708,"$5,642.00",541,5101.0,4633,84,0.096,0.742,0.68
714566133,"$3,239.00",2356,883.0,4621,91,0.727,0.621,0.75
717553683,"$3,040.00",2517,523.0,4608,61,0.828,0.774,1.033
814987983,"$3,680.00",683,2997.0,4835,77,0.186,0.85,0.75
789588933,"$1,787.00",0,1787.0,3912,79,0.0,0.609,0.975
714317058,"$4,752.00",2437,2315.0,3946,63,0.513,0.601,0.75
772271508,"$1,706.00",0,1706.0,2320,42,0.0,0.726,0.448
716366208,"$8,103.00",0,8103.0,5221,82,0.0,0.986,0.673
710971908,"$3,764.00",1780,1984.0,4898,80,0.473,0.79,0.667
711412533,"$5,492.00",1573,3919.0,2416,45,0.286,0.636,0.667
720593583,"$3,554.00",747,2807.0,5152,90,0.21,0.621,0.765
720165258,"$3,170.00",2330,840.0,5357,91,0.735,0.858,0.978
716147658,"$2,464.00",1601,863.0,4739,86,0.65,0.649,0.792
778436283,"$3,429.00",1504,1925.0,4015,76,0.439,0.601,1.0
711492258,"$2,021.00",1578,443.0,5298,71,0.781,0.761,0.919
771106458,"$2,444.00",1313,1131.0,4609,61,0.537,0.689,0.794
713183508,"$2,751.00",1158,1593.0,4861,82,0.421,0.821,0.822
710832108,"$9,017.00",2359,6658.0,4552,81,0.262,0.895,0.8
719940483,"$2,107.00",1663,444.0,4841,88,0.789,0.712,0.725
715207458,"$2,029.00",1074,955.0,4802,90,0.529,0.514,0.8
716839983,"$32,777.00",0,32777.0,4520,75,0.0,0.665,0.923
781073733,"$4,607.00",0,4607.0,4793,88,0.0,0.898,0.63
757594083,"$23,486.00",0,23486.0,4530,74,0.0,0.616,0.762
764496708,"$1,997.00",0,1997.0,4961,82,0.0,0.825,0.783
714080433,"$3,144.00",1787,1357.0,4758,67,0.568,0.685,0.558
757675158,"$2,725.00",1851,874.0,4904,85,0.679,0.687,0.7
715361433,"$1,874.00",994,880.0,4194,78,0.53,0.713,0.857
778191933,"$7,135.00",2517,4618.0,2305,42,0.353,0.631,0.448
718792758,"$3,379.00",587,2792.0,5121,80,0.174,0.67,0.702
709738008,"$2,804.00",1057,1747.0,5033,81,0.377,0.576,0.8
799020258,"$16,553.00",0,16553.0,4797,82,0.0,0.488,0.907
718152333,"$2,246.00",0,2246.0,3607,51,0.0,0.725,0.821
716324583,"$2,875.00",1892,983.0,4577,81,0.658,0.75,0.688
720887058,"$3,668.00",0,3668.0,4753,87,0.0,0.655,0.812
714825408,"$2,853.00",2517,336.0,4971,65,0.882,0.595,0.757
788620083,"$2,382.00",1419,963.0,4563,89,0.596,0.78,0.712
719490108,"$2,830.00",1779,1051.0,4854,74,0.629,0.883,0.947
709044183,"$24,987.00",824,24163.0,3995,64,0.033,0.691,0.561
756944133,"$3,705.00",2168,1537.0,4452,89,0.585,0.662,0.894
785285883,"$1,675.00",0,1675.0,2622,53,0.0,0.76,0.71
779770683,"$1,439.00",0,1439.0,5047,79,0.0,0.638,0.837
718510983,"$4,440.00",0,4440.0,3720,89,0.0,0.639,0.894
710322033,"$2,563.00",1765,798.0,4515,77,0.689,0.857,0.925
710560008,"$1,896.00",1738,158.0,4588,75,0.917,0.647,0.923
711298458,"$2,190.00",0,2190.0,2338,40,0.0,0.691,0.6
789164283,"$2,596.00",1929,667.0,4726,87,0.743,0.609,0.812
715773783,"$4,196.00",561,3635.0,2558,38,0.134,0.741,0.652
779158533,"$1,616.00",966,650.0,4774,74,0.598,0.647,0.805
720463833,"$6,618.00",1738,4880.0,5022,76,0.263,0.72,0.854
712747758,"$2,477.00",0,2477.0,2037,43,0.0,0.445,0.387
771067308,"$3,040.00",1908,1132.0,5616,73,0.628,0.758,0.659
750995508,"$4,697.00",1046,3651.0,1679,29,0.223,0.313,0.318
716171358,"$4,436.00",2222,2214.0,4460,85,0.501,0.731,0.771
794637333,"$13,138.00",0,13138.0,3881,77,0.0,0.546,0.791
718437033,"$1,438.30",681,757.3,2527,38,0.473,0.731,0.583
718492908,"$3,297.00",1554,1743.0,4636,86,0.471,0.605,0.72
716033508,"$6,272.00",1434,4838.0,4514,66,0.229,1.172,1.2
717603858,"$5,608.00",1775,3833.0,4325,77,0.317,0.522,0.75
714741933,"$9,906.00",1759,8147.0,4033,76,0.178,0.785,1.0
716558283,"$1,621.00",1046,575.0,5247,84,0.645,0.729,0.615
719022558,"$2,305.00",1173,1132.0,5106,74,0.509,0.818,0.762
717334233,"$9,525.00",2517,7008.0,4804,79,0.264,0.669,0.881
709222008,"$4,742.00",2221,2521.0,2422,41,0.468,0.464,0.464
719192808,"$3,168.00",2147,1021.0,4674,71,0.678,0.663,0.821
719281533,"$2,939.00",1388,1551.0,5076,84,0.472,0.69,0.826
710877108,"$2,724.00",1288,1436.0,4171,75,0.473,0.613,1.206
714155283,"$6,990.00",876,6114.0,4861,77,0.125,0.752,0.638
771214083,"$1,870.00",0,1870.0,4891,65,0.0,0.761,0.806
770581983,"$1,438.30",0,1438.3,4885,88,0.0,0.861,0.63
718742808,"$4,629.00",710,3919.0,2877,49,0.153,0.788,0.581
710257683,"$34,516.00",1134,33382.0,4520,73,0.033,0.585,0.659
721426383,"$1,558.00",261,1297.0,2424,40,0.168,0.775,0.6
721041483,"$13,093.00",2517,10576.0,2032,39,0.192,0.426,0.444
719922558,"$1,438.30",0,1438.3,5346,84,0.0,0.739,0.787
715072533,"$4,451.00",0,4451.0,4456,75,0.0,0.726,0.974
716214108,"$6,426.00",0,6426.0,4892,80,0.0,0.592,0.818
772216833,"$2,761.00",1950,811.0,4510,88,0.706,0.582,0.66
708553008,"$2,148.00",1103,1045.0,4711,64,0.514,0.602,0.882
778880358,"$2,485.00",1648,837.0,4208,71,0.663,0.595,0.919
720258183,"$3,394.00",2517,877.0,5421,75,0.742,0.689,0.829
720689583,"$3,367.00",1747,1620.0,5657,91,0.519,0.769,0.517
758168133,"$4,154.00",1060,3094.0,4325,86,0.255,0.544,0.72
716322783,"$2,154.00",1628,526.0,4538,74,0.756,0.665,0.762
711118083,"$2,506.00",1784,722.0,4504,80,0.712,0.729,1.051
709591533,"$1,774.00",1115,659.0,3474,60,0.629,0.686,0.667
794556333,"$3,287.00",1697,1590.0,5236,77,0.516,0.711,1.026
771630783,"$1,821.00",935,886.0,4786,87,0.513,0.781,0.776
708672708,"$34,516.00",2517,31999.0,3990,65,0.073,0.71,1.031
715590258,"$3,918.00",2070,1848.0,4700,69,0.528,0.76,0.643
714241083,"$5,455.00",2091,3364.0,4349,58,0.383,0.748,0.812
708416433,"$2,372.00",0,2372.0,2499,41,0.0,0.597,0.464
779183958,"$1,492.00",0,1492.0,2469,38,0.0,0.502,0.267
709061658,"$1,550.00",716,834.0,4534,87,0.462,0.749,0.977
717384183,"$2,669.00",2048,621.0,4863,79,0.767,0.725,1.135
778921908,"$3,311.00",841,2470.0,4559,80,0.254,0.7,0.905
714745608,"$3,068.00",2071,997.0,5524,71,0.675,0.854,0.972
709200633,"$2,721.00",0,2721.0,5443,73,0.0,0.508,0.973
714714558,"$3,050.00",2517,533.0,4698,75,0.825,1.177,0.923
801363633,"$3,356.00",1664,1692.0,5200,81,0.496,0.862,0.929
778847808,"$2,647.00",1245,1402.0,4911,82,0.47,0.712,0.864
713015433,"$2,407.00",1102,1305.0,4543,71,0.458,0.736,0.775
711666708,"$2,233.00",1790,443.0,2888,50,0.802,0.798,0.562
809631483,"$32,106.00",0,32106.0,4452,83,0.0,0.678,0.729
808967883,"$2,089.00",1262,827.0,5069,76,0.604,0.886,1.111
710532258,"$2,185.00",1495,690.0,4906,83,0.684,0.924,0.804
812235108,"$4,057.00",755,3302.0,4301,58,0.186,0.873,1.417
817293258,"$3,183.00",2517,666.0,4017,63,0.791,0.726,0.853
714695883,"$2,699.00",1583,1116.0,4071,75,0.587,0.648,0.829
738062658,"$17,096.00",1762,15334.0,4231,62,0.103,0.409,0.55
709518858,"$2,897.00",0,2897.0,4891,87,0.0,0.7,0.776
819634233,"$6,568.00",0,6568.0,1507,33,0.0,0.101,0.222
711272058,"$1,622.00",972,650.0,4216,71,0.599,0.866,1.367
716262708,"$1,438.30",718,720.3,4447,71,0.499,0.571,0.821
708928008,"$1,677.00",0,1677.0,4035,87,0.0,0.7,0.891
765755283,"$7,884.00",745,7139.0,4588,74,0.094,0.714,0.762
711922158,"$1,860.00",0,1860.0,5109,62,0.0,0.778,0.722
773177358,"$8,074.00",2426,5648.0,5372,93,0.3,0.72,0.788
779638983,"$2,124.00",1573,551.0,4592,83,0.741,0.728,0.804
708723858,"$3,413.00",1715,1698.0,3843,67,0.502,0.812,0.634
712184133,"$2,178.00",1408,770.0,5089,80,0.646,0.635,0.455
709948233,"$2,446.00",1899,547.0,5347,87,0.776,0.714,0.74
709415583,"$3,967.00",1476,2491.0,4490,66,0.372,0.626,0.833
714005508,"$4,146.00",2027,2119.0,4323,64,0.489,0.74,0.684
712407033,"$34,516.00",2403,32113.0,4174,59,0.07,0.623,0.735
716333283,"$1,869.00",1255,614.0,5269,80,0.671,0.847,0.633
715534083,"$2,168.00",1334,834.0,4043,73,0.615,0.622,0.738
789492558,"$2,096.00",1276,820.0,4926,82,0.609,0.6,0.745
770929383,"$7,293.00",993,6300.0,4828,82,0.136,0.507,0.64
708890133,"$1,438.30",0,1438.3,4659,74,0.0,0.802,1.114
788595183,"$1,438.30",686,752.3,3499,80,0.477,0.68,0.86
713167383,"$2,298.00",1540,758.0,5154,81,0.67,0.708,0.976
717704433,"$3,829.00",836,2993.0,4313,85,0.218,0.731,0.545
718590183,"$1,517.00",920,597.0,5067,69,0.606,0.825,0.865
719019483,"$13,427.00",1507,11920.0,4266,63,0.112,0.84,0.75
710401458,"$16,747.00",0,16747.0,4350,76,0.0,0.801,0.767
720783558,"$9,926.00",2216,7710.0,4937,73,0.223,0.524,0.553
772364358,"$2,691.00",811,1880.0,4413,80,0.301,0.767,0.633
719868183,"$1,456.00",0,1456.0,2843,42,0.0,0.694,0.5
709388058,"$2,005.00",1263,742.0,4906,80,0.63,0.657,0.818
717004533,"$4,790.00",1189,3601.0,4544,81,0.248,0.698,0.929
714969183,"$3,123.00",1639,1484.0,4117,76,0.525,0.788,1.111
720837708,"$5,471.00",2517,2954.0,5103,94,0.46,0.493,0.679
759947433,"$13,670.00",0,13670.0,4812,81,0.0,0.819,0.653
767404083,"$3,460.00",0,3460.0,2355,47,0.0,0.466,0.621
781926633,"$3,202.00",2517,685.0,4675,88,0.786,0.597,0.692
772127508,"$1,438.30",0,1438.3,2614,49,0.0,0.706,0.531
720518283,"$2,296.00",1371,925.0,5483,77,0.597,0.604,0.791
715380483,"$1,476.00",0,1476.0,4462,75,0.0,0.699,0.786
789296133,"$12,287.00",770,11517.0,4601,65,0.063,0.612,0.757
711029358,"$2,470.00",1566,904.0,5011,61,0.634,0.811,0.743
712615008,"$24,431.00",892,23539.0,3457,66,0.037,0.417,0.571
816826008,"$1,950.00",998,952.0,4630,84,0.512,0.619,0.714
715488483,"$6,615.00",0,6615.0,4575,75,0.0,0.619,0.786
717759783,"$5,756.00",860,4896.0,5298,72,0.149,0.708,0.714
796083783,"$1,438.30",0,1438.3,2278,57,0.0,0.608,0.727
709925733,"$1,438.30",713,725.3,5099,80,0.496,0.806,0.951
715309083,"$1,912.00",0,1912.0,4851,87,0.0,0.728,0.642
778441533,"$4,549.00",1631,2918.0,2240,34,0.359,0.779,0.478
715891533,"$1,979.00",1305,674.0,5458,84,0.659,0.702,0.75
788848458,"$2,803.00",1747,1056.0,5089,71,0.623,0.954,1.029
708399858,"$2,548.00",2250,298.0,4747,77,0.883,0.581,0.791
711944733,"$1,457.00",828,629.0,5401,93,0.568,0.852,0.661
712683633,"$1,438.30",0,1438.3,2464,37,0.0,0.569,0.321
785487783,"$1,980.00",1409,571.0,5350,96,0.712,0.743,0.714
718951683,"$2,216.00",1262,954.0,4763,83,0.569,0.497,0.66
718329183,"$4,262.00",2517,1745.0,3943,75,0.591,0.682,0.744
788960658,"$2,573.00",1742,831.0,4649,88,0.677,0.693,0.76
713120433,"$5,431.00",2007,3424.0,4569,82,0.37,0.661,0.608
720980958,"$3,092.00",909,2183.0,4797,87,0.294,0.832,0.851
709606158,"$2,984.00",0,2984.0,4878,86,0.0,0.77,0.87
714168183,"$2,186.00",1017,1169.0,4629,77,0.465,0.617,0.791
712524858,"$2,669.00",1649,1020.0,4314,74,0.618,0.63,0.609
815072283,"$1,789.00",1156,633.0,5110,75,0.646,0.748,0.63
715980258,"$2,835.00",2511,324.0,4811,77,0.886,0.731,0.925
788715483,"$1,558.00",879,679.0,4805,86,0.564,0.874,0.792
809276808,"$7,299.00",0,7299.0,4678,83,0.0,0.806,0.729
708885558,"$3,556.00",0,3556.0,2220,45,0.0,0.596,0.731
789373683,"$1,438.30",834,604.3,4976,70,0.58,0.635,0.842
714216858,"$1,507.00",0,1507.0,4679,85,0.0,0.81,0.771
719150658,"$7,551.00",0,7551.0,2977,46,0.0,0.894,0.394
712302783,"$2,468.00",872,1596.0,4426,76,0.353,0.991,1.111
799717458,"$2,515.00",1453,1062.0,4025,74,0.578,0.649,0.805
716354883,"$9,076.00",0,9076.0,3048,53,0.0,0.899,0.656
719601708,"$10,699.00",1099,9600.0,5052,61,0.103,0.661,0.694
720150858,"$1,439.00",0,1439.0,2932,44,0.0,0.89,0.913
824915208,"$7,212.00",1008,6204.0,5169,82,0.14,0.727,0.745
798777708,"$3,089.00",1177,1912.0,5237,75,0.381,1.01,0.829
805229133,"$11,250.00",0,11250.0,4514,70,0.0,0.482,0.591
716365233,"$1,665.00",964,701.0,4881,75,0.579,1.049,0.923
796544133,"$2,456.00",1654,802.0,4468,84,0.673,0.565,0.75
778143183,"$11,773.00",0,11773.0,5098,58,0.0,0.754,1.071
717011958,"$1,438.30",0,1438.3,4494,82,0.0,0.728,0.708
778264008,"$3,104.00",1954,1150.0,4699,77,0.63,0.473,0.925
789507408,"$2,337.00",0,2337.0,5203,90,0.0,0.586,0.765
788842008,"$4,060.00",2336,1724.0,5173,87,0.575,0.943,0.706
714742758,"$3,428.00",2209,1219.0,4751,87,0.644,0.671,0.642
717742908,"$12,967.00",2517,10450.0,4520,74,0.194,0.787,0.762
712874433,"$2,326.00",642,1684.0,5413,90,0.276,0.814,0.765
711092658,"$4,376.00",855,3521.0,2862,52,0.195,0.839,0.733
720299283,"$12,745.00",0,12745.0,4380,80,0.0,0.538,0.739
719237058,"$1,790.00",891,899.0,4498,96,0.498,0.45,0.574
719671383,"$2,969.00",0,2969.0,4109,70,0.0,0.74,1.0
788290383,"$4,970.00",1588,3382.0,4436,83,0.32,0.669,0.804
779701983,"$5,400.00",1426,3974.0,4643,80,0.264,0.595,0.702
779247483,"$2,069.00",0,2069.0,2754,55,0.0,0.656,0.667
767093133,"$3,192.00",0,3192.0,4191,80,0.0,0.646,0.739
717979008,"$2,105.00",1072,1033.0,4833,81,0.509,0.514,1.077
712132383,"$1,876.00",861,1015.0,5056,82,0.459,0.839,0.547
772306383,"$1,462.00",0,1462.0,2299,42,0.0,0.602,0.312
714469008,"$2,351.00",1337,1014.0,5115,84,0.569,0.613,0.787
812446158,"$1,719.00",0,1719.0,4869,65,0.0,0.579,0.512
779401233,"$1,438.30",0,1438.3,5216,78,0.0,0.61,0.66
784994883,"$2,516.00",2378,138.0,4746,75,0.945,1.033,0.875
721080183,"$4,883.00",0,4883.0,4613,82,0.0,0.724,1.0
712572858,"$3,413.00",1801,1612.0,3831,45,0.528,0.88,0.667
719759733,"$1,852.00",0,1852.0,2851,49,0.0,0.902,0.75
780371433,"$3,339.00",2014,1325.0,4725,83,0.603,0.688,0.694
822170733,"$3,785.00",2517,1268.0,2401,54,0.665,0.574,0.742
708224133,"$2,228.00",1480,748.0,4431,71,0.664,0.533,0.651
719299533,"$3,626.00",795,2831.0,2954,42,0.219,0.896,0.556
780633483,"$2,194.00",1302,892.0,4962,81,0.593,0.814,0.841
771356508,"$2,665.00",1936,729.0,4500,71,0.726,0.757,0.972
823629333,"$2,444.00",0,2444.0,4220,50,0.0,0.788,1.174
712961658,"$3,335.00",2238,1097.0,5321,78,0.671,0.644,0.95
710464683,"$2,726.00",2127,599.0,5578,89,0.78,0.814,0.854
716688183,"$1,665.00",1521,144.0,2878,45,0.914,0.874,0.452
789082758,"$2,734.00",1661,1073.0,4981,90,0.608,0.726,0.698
709140858,"$1,727.00",996,731.0,5112,82,0.577,0.767,0.673
822127008,"$19,349.00",615,18734.0,4351,79,0.032,0.708,0.717
720496158,"$13,409.00",1168,12241.0,4031,82,0.087,0.625,0.745
774588633,"$1,438.30",0,1438.3,4928,84,0.0,0.81,0.909
788465583,"$6,330.00",1573,4757.0,3029,52,0.248,0.899,0.733
741517458,"$2,575.00",2517,58.0,1874,40,0.977,0.31,0.739
709935708,"$3,391.00",1696,1695.0,4291,77,0.5,0.537,0.711
721112508,"$5,298.00",0,5298.0,4834,80,0.0,0.686,0.667
720734583,"$2,540.00",1561,979.0,5039,82,0.615,0.894,0.745
772286658,"$14,324.00",2507,11817.0,2083,56,0.175,0.433,0.647
807149058,"$2,876.00",1628,1248.0,4752,80,0.566,0.631,0.739
771045708,"$1,504.00",970,534.0,2801,51,0.645,0.864,1.217
711733308,"$1,839.00",0,1839.0,4930,91,0.0,0.782,0.784
710518308,"$1,685.00",0,1685.0,4155,85,0.0,0.457,0.667
716586408,"$4,850.00",1022,3828.0,4187,86,0.211,0.603,0.686
713152383,"$2,840.00",2517,323.0,4405,82,0.886,0.591,0.864
771935283,"$2,977.00",1927,1050.0,5217,88,0.647,0.731,0.725
720460083,"$34,516.00",0,34516.0,2198,42,0.0,0.331,0.355
825838908,"$1,961.00",0,1961.0,4846,92,0.0,0.631,0.84
709082808,"$2,156.00",1198,958.0,5092,95,0.556,0.507,0.759
710937783,"$2,772.00",2414,358.0,5313,68,0.871,0.805,1.194
789540108,"$2,832.00",1819,1013.0,4761,75,0.642,0.674,0.744
709824633,"$1,552.00",1375,177.0,5064,80,0.886,0.995,0.905
717874533,"$6,362.00",0,6362.0,1968,51,0.0,0.596,0.759
712571883,"$11,409.00",1658,9751.0,4677,58,0.145,0.989,0.706
716926758,"$1,965.00",0,1965.0,4268,91,0.0,0.608,0.857
716181858,"$1,622.00",0,1622.0,4633,67,0.0,0.709,0.634
779613933,"$1,736.00",1319,417.0,5045,86,0.76,0.667,0.755
712136058,"$8,827.00",0,8827.0,2643,50,0.0,0.782,0.515
709678608,"$24,256.00",1076,23180.0,4269,69,0.044,0.568,0.643
714276408,"$1,915.00",1445,470.0,2264,39,0.755,0.374,0.56
719953383,"$1,438.30",0,1438.3,4564,79,0.0,0.721,0.717
718795083,"$2,006.00",1030,976.0,5337,85,0.513,0.881,0.735
720503508,"$5,594.00",1235,4359.0,5220,75,0.221,0.549,0.829
770762133,"$3,505.00",2517,988.0,5034,79,0.718,0.612,0.681
713555133,"$1,667.00",595,1072.0,2424,40,0.357,0.63,0.481
711232608,"$1,636.00",0,1636.0,2235,35,0.0,0.694,0.591
780322908,"$3,281.00",911,2370.0,4431,67,0.278,0.665,1.094
708207783,"$1,477.00",0,1477.0,4680,80,0.0,0.685,0.778
719590458,"$1,905.00",0,1905.0,3120,46,0.0,0.845,0.586
778679883,"$6,146.00",0,6146.0,3645,76,0.0,0.577,0.551
780230208,"$2,672.00",1604,1068.0,4766,75,0.6,0.62,1.083
827703258,"$13,426.00",0,13426.0,4674,66,0.0,0.717,0.886
807379833,"$9,104.00",145,8959.0,2563,34,0.016,0.765,0.417
711178383,"$30,300.00",1166,29134.0,4146,64,0.038,0.715,0.882
712203333,"$7,088.00",1750,5338.0,4691,76,0.247,0.618,0.727
709261383,"$1,872.00",661,1211.0,4970,81,0.353,0.756,0.929
715829358,"$2,874.00",2517,357.0,4794,88,0.876,0.73,0.6
713213133,"$6,763.00",1660,5103.0,4972,76,0.245,0.573,0.9
778860783,"$24,379.00",1116,23263.0,2836,41,0.046,0.62,0.281
779442783,"$2,867.00",1365,1502.0,4445,89,0.476,0.502,0.745
780008358,"$13,172.00",0,13172.0,2598,47,0.0,0.876,0.621
721274208,"$2,201.00",2104,97.0,2408,38,0.956,0.648,0.583
714076683,"$3,261.00",2517,744.0,2461,54,0.772,0.636,0.742
788791383,"$5,027.00",0,5027.0,4850,70,0.0,0.853,0.75
709459608,"$1,811.00",0,1811.0,5390,87,0.0,0.61,0.776
711560058,"$2,465.00",1334,1131.0,4806,83,0.541,0.95,0.766
717657333,"$7,584.00",1834,5750.0,4783,65,0.242,0.818,0.667
812218908,"$4,065.00",2517,1548.0,2899,51,0.619,0.957,0.821
787482033,"$28,930.00",0,28930.0,2251,27,0.0,0.645,0.227
779141658,"$4,963.00",2115,2848.0,4989,78,0.426,0.767,0.696
813810333,"$2,049.00",0,2049.0,2703,54,0.0,0.974,1.0
789613083,"$1,943.00",0,1943.0,5108,81,0.0,0.494,0.884
794540883,"$3,485.00",1465,2020.0,4776,87,0.42,0.653,1.023
811889808,"$23,459.00",2305,21154.0,7279,83,0.098,0.636,0.627
720509433,ERR_VAL,1627,679.0,3776,70,0.706,0.507,0.944
715091208,"$18,177.00",841,17336.0,8512,94,0.046,0.888,0.679
719269308,"$3,252.00",2517,735.0,7418,90,0.774,0.878,0.579
718200333,"$2,894.00",2117,777.0,7471,87,0.732,0.79,0.673
713487633,"$34,516.00",1807,32709.0,7663,91,0.052,0.665,0.655
789363408,"$34,516.00",2517,31999.0,7427,83,0.073,0.814,0.566
713916708,"$34,516.00",2435,32081.0,7758,98,0.071,0.77,0.719
823833483,"$7,839.00",1544,6295.0,7904,83,0.197,0.715,0.804
717756258,"$16,494.00",1158,15336.0,7761,84,0.07,0.692,0.647
712879158,"$6,224.00",2201,4023.0,7693,70,0.354,0.832,0.628
709474683,"$6,078.00",1478,4600.0,8442,95,0.243,0.849,0.508
772313358,"$21,322.00",2216,19106.0,8693,91,0.104,0.921,0.569
711856683,"$1,590.00",1273,317.0,7352,80,0.801,0.64,0.818
718530258,"$1,986.00",1411,575.0,7249,86,0.71,0.799,0.509
716288208,"$15,618.00",0,15618.0,7549,77,0.0,0.706,0.638
718712583,"$34,496.00",1665,32831.0,8092,80,0.048,0.883,0.667
806432433,"$2,544.00",1713,831.0,8006,88,0.673,0.696,0.571
720074583,"$4,765.00",1516,3249.0,7380,76,0.318,0.709,0.689
768848658,"$16,583.00",1797,14786.0,7823,87,0.108,0.889,0.673
709895508,"$6,153.00",974,5179.0,7434,92,0.158,0.703,0.586
711542358,"$15,987.00",1187,14800.0,7471,88,0.074,0.597,0.467
718773333,"$5,139.00",1799,3340.0,7548,89,0.35,0.94,0.618
816832383,"$3,421.00",2266,1155.0,6932,75,0.662,0.659,0.744
714042108,"$11,000.00",1013,9987.0,7302,86,0.092,0.697,0.654
714664683,"$2,490.00",0,2490.0,8178,91,0.0,0.835,0.596
713894358,"$34,516.00",814,33702.0,7889,98,0.024,0.735,0.508
715436883,"$2,490.00",1582,908.0,7719,86,0.635,0.76,0.623
715260558,"$2,055.00",0,2055.0,7674,80,0.0,0.975,0.633
713664258,"$14,344.00",2014,12330.0,7359,85,0.14,0.726,0.574
713364783,"$3,453.00",1010,2443.0,8108,85,0.292,0.801,0.7
718078008,"$20,304.00",0,20304.0,7494,85,0.0,0.809,0.667
798546408,"$8,283.00",1444,6839.0,7553,104,0.174,0.698,0.529
779018508,"$11,318.00",2082,9236.0,7179,93,0.184,0.733,0.632
802668333,"$2,384.00",1919,465.0,3512,50,0.805,0.5,0.471
718320933,"$11,919.00",2347,9572.0,8257,96,0.197,0.842,0.574
789016983,"$2,948.00",968,1980.0,7834,86,0.328,0.946,0.509
713907633,"$5,397.00",1265,4132.0,7791,84,0.234,0.676,0.615
708474333,"$12,294.00",2517,9777.0,7906,87,0.205,0.775,0.611
778894233,"$7,253.00",0,7253.0,7595,83,0.0,0.644,0.804
717244683,"$21,922.00",1467,20455.0,7409,89,0.067,0.696,0.679
711410958,"$13,452.00",2517,10935.0,7582,69,0.187,0.781,0.917
799711833,"$24,735.00",2296,22439.0,7910,95,0.093,0.808,0.557
714047733,"$4,942.00",2119,2823.0,7460,85,0.429,0.718,0.604
710061783,"$14,973.00",0,14973.0,4517,59,0.0,0.895,0.439
711082908,"$19,719.00",1303,18416.0,8385,97,0.066,0.91,0.565
721190358,"$29,690.00",2517,27173.0,7640,86,0.085,0.769,0.564
712760208,"$6,751.00",1192,5559.0,7921,93,0.177,0.776,0.55
751563933,"$9,484.00",2451,7033.0,7242,95,0.258,0.637,0.508
815498733,"$4,333.00",1848,2485.0,7643,85,0.426,0.634,0.771
718433508,"$2,481.00",2119,362.0,8097,88,0.854,0.801,0.63
720935658,"$3,059.00",1744,1315.0,7709,89,0.57,0.614,0.561
714754533,"$34,516.00",1925,32591.0,8012,87,0.056,0.764,0.582
714713508,"$25,178.00",1803,23375.0,7836,87,0.072,0.767,0.582
715038033,"$7,169.00",629,6540.0,8216,80,0.088,0.807,0.509
809169858,"$18,224.00",1383,16841.0,7728,93,0.076,0.705,0.576
718379358,"$34,516.00",2017,32499.0,8453,90,0.058,0.93,0.731
779456508,"$4,813.00",0,4813.0,7477,91,0.0,0.693,0.655
708907833,"$24,965.00",2517,22448.0,7866,84,0.101,0.851,0.909
708693558,"$12,569.00",2167,10402.0,7344,95,0.172,0.634,0.696
718665933,"$34,516.00",2517,31999.0,7437,86,0.073,0.77,0.623
816073983,"$8,259.00",1182,7077.0,7957,88,0.143,0.822,0.544
715851333,"$13,804.00",1903,11901.0,7376,97,0.138,0.723,0.54
712884408,"$5,700.00",1904,3796.0,7939,95,0.334,0.649,0.61
715404783,"$6,448.00",1464,4984.0,7546,88,0.227,0.615,0.63
773356008,"$5,479.00",1200,4279.0,7960,86,0.219,0.798,0.458
789525408,"$3,749.00",1594,2155.0,7990,89,0.425,0.738,0.534
721212258,"$30,210.00",1946,28264.0,7403,88,0.064,0.904,0.544
719625933,"$5,807.00",1143,4664.0,8000,96,0.197,0.785,0.412
714304458,"$3,605.00",0,3605.0,6800,78,0.0,0.594,0.814
819975183,"$17,077.00",2179,14898.0,7391,75,0.128,0.738,0.705
785515533,"$5,380.00",1337,4043.0,8947,93,0.249,0.845,0.576
720712533,"$34,516.00",761,33755.0,7499,88,0.022,0.716,0.571
709861008,"$27,720.00",2414,25306.0,8520,89,0.087,0.752,0.589
713911233,"$18,341.00",1060,17281.0,7584,85,0.058,0.718,0.7
712580958,"$27,712.00",2130,25582.0,7399,91,0.077,0.654,0.717
719473458,"$8,285.00",1359,6926.0,7205,84,0.164,0.634,0.826
711764733,"$19,704.00",0,19704.0,7766,81,0.0,0.682,0.62
794124708,"$21,325.00",2197,19128.0,7053,69,0.103,0.647,0.865
780707733,"$34,516.00",2109,32407.0,6832,87,0.061,0.703,0.706
780620883,"$7,045.00",1293,5752.0,7381,98,0.184,0.628,0.607
720849708,"$14,388.00",2517,11871.0,7042,85,0.175,0.709,0.635
789312033,"$3,874.00",460,3414.0,4921,51,0.119,1.023,0.645
778742358,"$4,752.00",0,4752.0,7517,76,0.0,0.679,0.617
719658858,"$34,516.00",2096,32420.0,7042,73,0.061,0.666,0.553
713425383,"$7,484.00",1939,5545.0,4923,56,0.259,0.994,0.333
770842833,"$34,516.00",1273,33243.0,4777,51,0.037,0.977,0.457
712029783,"$34,516.00",2253,32263.0,7836,93,0.065,0.853,0.603
718893333,"$18,336.00",2077,16259.0,7509,84,0.113,0.718,0.647
711203658,"$2,259.00",1346,913.0,7745,88,0.596,0.813,0.517
718567758,"$10,682.00",1334,9348.0,7332,92,0.125,0.702,0.614
771719283,"$8,587.00",1324,7263.0,8854,92,0.154,0.897,0.643
717926358,"$5,494.00",2142,3352.0,8328,78,0.39,1.014,0.733
779751258,"$1,946.00",1183,763.0,8423,82,0.608,0.806,0.708
774491958,ERR_VAL,1738,4490.0,8284,77,0.279,0.829,0.604
713428833,"$7,537.00",1239,6298.0,7613,90,0.164,0.854,0.579
714166833,"$13,609.00",1432,12177.0,7796,77,0.105,0.836,0.791
809464608,"$34,516.00",2517,31999.0,2691,42,0.073,0.618,0.5
789681708,"$34,516.00",713,33803.0,7750,82,0.021,0.772,0.608
713102733,"$15,987.00",1766,14221.0,8195,94,0.11,0.791,0.679
715195383,"$2,391.00",1625,766.0,7649,101,0.68,0.662,0.603
812408058,"$34,516.00",1082,33434.0,7845,92,0.031,0.629,0.533
787226508,"$20,811.00",1302,19509.0,7192,82,0.063,0.793,0.708
713537733,"$34,516.00",1426,33090.0,7582,95,0.041,0.823,0.696
715170183,"$3,735.00",2113,1622.0,7059,82,0.566,0.684,0.577
717109983,"$2,275.00",2138,137.0,7768,83,0.94,0.742,0.729
713208033,"$7,350.00",1360,5990.0,7679,64,0.185,0.744,0.684
712788258,"$1,913.00",1405,508.0,7265,80,0.734,0.699,0.905
715469583,"$2,136.00",1250,886.0,7782,88,0.585,0.74,0.66
709235058,"$18,956.00",1694,17262.0,8032,88,0.089,0.702,0.66
714786483,"$13,445.00",1186,12259.0,7377,82,0.088,0.56,0.608
713299758,"$8,979.00",1289,7690.0,7422,87,0.144,0.651,0.673
771912408,"$6,674.00",1402,5272.0,7468,92,0.21,0.695,0.614
721445658,"$6,265.00",1677,4588.0,8162,89,0.268,0.769,0.589
719787633,"$34,516.00",1913,32603.0,7535,92,0.055,0.84,0.673
713697933,"$34,516.00",1264,33252.0,7827,77,0.037,0.774,0.54
712208658,"$13,165.00",1255,11910.0,8126,95,0.095,0.81,0.667
708219108,"$9,959.00",1143,8816.0,7300,77,0.115,0.661,0.638
709065483,"$9,243.00",2019,7224.0,7841,82,0.218,0.707,0.608
715237683,"$4,737.00",1649,3088.0,7802,88,0.348,0.748,0.492
712925808,"$2,710.00",0,2710.0,4724,60,0.0,0.999,0.395
788931558,"$2,000.00",1739,261.0,7694,85,0.87,0.821,0.7
717521508,"$34,516.00",2098,32418.0,6932,87,0.061,0.746,0.526
713688933,"$8,798.00",1509,7289.0,8020,74,0.172,0.845,0.721
712405908,"$24,670.00",1623,23047.0,7772,76,0.066,0.791,0.652
789298833,"$23,453.00",0,23453.0,7555,96,0.0,0.727,0.574
715729683,"$34,516.00",1106,33410.0,7936,76,0.032,0.776,0.767
717682233,"$6,139.00",1585,4554.0,7906,80,0.258,0.713,0.633
712266633,"$14,800.00",1020,13780.0,8796,94,0.069,0.896,0.593
719272458,"$9,815.00",1699,8116.0,7962,89,0.173,0.62,0.561
780769308,"$3,919.00",2278,1641.0,7685,85,0.581,0.672,0.518
721468533,"$12,265.00",1412,10853.0,7470,82,0.115,0.643,0.783
816615633,"$3,256.00",2035,1221.0,7075,89,0.625,0.655,0.648
720167508,"$19,000.00",2389,16611.0,7664,74,0.126,0.81,0.721
711152658,"$34,516.00",1635,32881.0,7219,86,0.047,0.768,0.564
771772083,"$13,197.00",0,13197.0,8424,84,0.0,0.681,0.787
708419733,"$22,599.00",0,22599.0,4739,55,0.0,1.039,0.486
709372608,"$23,457.00",2517,20940.0,7370,96,0.107,0.676,0.627
788907033,"$5,238.00",2077,3161.0,7321,73,0.397,0.656,0.659
711136008,"$31,560.00",1298,30262.0,7641,93,0.041,0.681,0.632
716691783,"$6,218.00",2517,3701.0,7689,84,0.405,0.716,0.68
812618883,"$34,516.00",2019,32497.0,7774,95,0.058,0.706,0.583
715908558,"$29,572.00",1584,27988.0,7566,88,0.054,0.738,0.6
718024908,"$2,743.00",1705,1038.0,6993,97,0.622,0.605,0.54
709558608,"$2,844.00",2065,779.0,7345,73,0.726,0.638,0.738
824177733,"$9,678.00",1710,7968.0,7682,90,0.177,0.745,0.579
719784708,"$26,882.00",1673,25209.0,7409,89,0.062,0.691,0.534
717535083,"$5,207.00",1121,4086.0,7153,84,0.215,0.578,0.647
712453308,"$15,034.00",1356,13678.0,7737,84,0.09,0.754,0.75
721008933,"$3,107.00",1995,1112.0,7535,87,0.642,0.668,0.673
720859533,"$12,214.00",2379,9835.0,8426,105,0.195,0.769,0.544
789556533,"$23,070.00",1701,21369.0,8070,81,0.074,0.846,0.688
717656433,"$2,167.00",988,1179.0,7199,83,0.456,0.619,0.729
792524358,"$34,516.00",810,33706.0,7917,95,0.023,0.787,0.667
758211483,"$6,895.00",2314,4581.0,8778,85,0.336,0.84,0.604
801380808,"$25,894.00",2517,23377.0,4847,49,0.097,1.046,0.815
716329383,"$3,138.00",986,2152.0,4724,56,0.314,1.002,0.806
716871633,"$12,055.00",1858,10197.0,7222,93,0.154,0.645,0.5
718491708,"$16,592.00",1435,15157.0,7642,89,0.086,0.76,0.648
787502883,"$34,516.00",1542,32974.0,7443,98,0.045,0.603,0.556
715183308,"$33,184.00",855,32329.0,7190,93,0.026,0.728,0.525
713872833,"$10,753.00",1845,8908.0,7302,80,0.172,0.689,0.702
708535158,"$9,959.00",1501,8458.0,8505,86,0.151,0.822,0.536
711658758,"$2,069.00",1101,968.0,7307,82,0.532,0.741,0.745
717248583,"$11,362.00",1871,9491.0,7849,88,0.165,0.859,0.63
713087958,"$34,516.00",1337,33179.0,7919,85,0.039,0.704,0.635
721495458,"$20,001.00",0,20001.0,8094,96,0.0,0.742,0.6
786097158,"$8,786.00",1559,7227.0,8575,92,0.177,0.909,0.736
712219083,"$7,142.00",1917,5225.0,7892,83,0.268,0.727,0.729
715327683,"$4,477.00",2517,1960.0,4996,55,0.562,1.022,0.486
715624533,"$5,357.00",1272,4085.0,7730,97,0.237,0.708,0.54
715599633,"$34,516.00",0,34516.0,7686,89,0.0,0.678,0.618
718958583,"$2,367.00",1606,761.0,4506,59,0.678,0.956,0.639
717397983,"$23,402.00",958,22444.0,7570,98,0.041,0.646,0.633
715037133,"$4,587.00",1771,2816.0,7479,83,0.386,0.647,0.694
818767458,"$6,565.00",1130,5435.0,7729,97,0.172,0.823,0.644
778863258,"$6,030.00",0,6030.0,4983,62,0.0,1.031,0.442
712075083,"$6,982.00",0,6982.0,4830,50,0.0,1.018,0.724
711963183,"$5,128.00",0,5128.0,7588,98,0.0,0.704,0.581
720903258,"$9,405.00",0,9405.0,4801,47,0.0,1.033,0.382
772404633,"$34,516.00",1118,33398.0,7734,74,0.032,0.671,0.609
713302758,"$14,646.00",1448,13198.0,8160,92,0.099,0.895,0.586
717859233,"$12,578.00",2517,10061.0,8362,82,0.2,0.875,0.64
712955433,"$4,370.00",1222,3148.0,7223,90,0.28,0.648,0.552
718292283,"$3,416.00",1970,1446.0,8254,75,0.577,0.804,0.596
713197308,"$6,224.00",0,6224.0,7612,82,0.0,0.63,0.783
789175683,"$10,741.00",2517,8224.0,8352,71,0.234,1.087,0.821
811700058,"$34,516.00",687,33829.0,4822,57,0.02,1.015,0.295
818476383,"$34,516.00",1514,33002.0,7333,72,0.044,0.736,1.0
720164358,"$6,058.00",0,6058.0,4754,60,0.0,0.997,0.463
710357208,"$8,561.00",915,7646.0,7341,79,0.107,0.637,0.491
711325308,"$9,959.00",0,9959.0,4859,64,0.0,1.049,0.524
721486908,"$7,645.00",2076,5569.0,7710,75,0.272,0.759,0.875
711210633,"$1,922.00",1124,798.0,8049,76,0.585,0.766,0.434
712570458,"$5,625.00",1640,3985.0,7890,75,0.292,0.893,0.875
712058133,"$2,274.00",708,1566.0,7735,74,0.311,0.677,0.682
708153558,"$34,516.00",1802,32714.0,7936,101,0.052,0.871,0.485
709893858,"$9,422.00",2108,7314.0,4633,58,0.224,0.891,0.611
709225758,"$7,469.00",2474,4995.0,8213,86,0.331,0.674,0.623
709984083,"$3,849.00",1281,2568.0,7930,90,0.333,0.777,0.607
711854808,"$34,516.00",0,34516.0,4734,57,0.0,0.965,0.541
822125283,"$4,778.00",1351,3427.0,7590,74,0.283,0.785,0.682
717340608,"$34,516.00",1873,32643.0,7703,104,0.054,0.629,0.677
711084183,"$5,168.00",2265,2903.0,8211,80,0.438,0.715,0.818
720891633,"$3,199.00",0,3199.0,4805,59,0.0,1.047,0.639
719607183,"$21,046.00",1631,19415.0,7653,95,0.077,0.731,0.638
715839708,"$34,516.00",2452,32064.0,7111,82,0.071,0.707,0.608
717008358,"$6,540.00",0,6540.0,7919,88,0.0,0.723,0.6
769152783,"$8,141.00",1811,6330.0,5043,53,0.222,1.043,0.432
788240358,"$33,441.00",686,32755.0,8452,83,0.021,0.761,0.509
716098683,"$5,496.00",1816,3680.0,7985,93,0.33,0.678,0.603
802675983,"$3,794.00",1544,2250.0,7872,80,0.407,0.72,0.538
712716108,"$5,785.00",2130,3655.0,7950,86,0.368,0.813,0.593
709238358,"$19,387.00",810,18577.0,7604,87,0.042,0.746,0.642
708682908,"$2,838.00",1934,904.0,8644,87,0.681,0.873,0.554
812794983,"$4,086.00",1974,2112.0,7932,87,0.483,0.775,0.642
708968733,"$31,987.00",0,31987.0,7926,83,0.0,0.814,0.537
779315508,"$9,043.00",1974,7069.0,4638,48,0.218,1.027,0.655
740065833,"$11,128.00",2517,8611.0,8526,93,0.226,0.8,0.661
721063533,"$3,062.00",2058,1004.0,7289,75,0.672,0.622,0.705
718189908,"$23,981.00",2135,21846.0,7885,86,0.089,0.749,0.564
780064983,"$34,516.00",942,33574.0,7665,86,0.027,0.75,0.593
770920908,"$22,054.00",1146,20908.0,8055,82,0.052,0.842,0.673
718046433,"$2,199.00",693,1506.0,7342,86,0.315,0.654,0.483
711842508,"$9,303.00",1580,7723.0,7825,87,0.17,0.877,0.45
772869033,"$34,516.00",1342,33174.0,7283,89,0.039,0.69,0.648
715298808,"$7,566.00",1618,5948.0,7570,88,0.214,0.72,0.544
708877458,"$11,343.00",0,11343.0,8027,94,0.0,0.709,0.679
787496733,"$15,155.00",1287,13868.0,7724,79,0.085,0.868,0.58
789469083,"$10,795.00",0,10795.0,7855,81,0.0,0.855,0.528
709497108,"$6,633.00",1322,5311.0,8396,106,0.199,0.698,0.738
784819758,"$8,572.00",2128,6444.0,7850,94,0.248,0.821,0.516
720412308,"$34,516.00",2330,32186.0,7635,75,0.068,0.693,0.667
719178183,"$34,516.00",2517,31999.0,8186,85,0.073,0.759,0.635
789560433,"$14,895.00",0,14895.0,5147,53,0.0,1.043,0.559
712931733,"$2,636.00",1257,1379.0,7136,82,0.477,0.661,0.608
714417183,"$9,511.00",2220,7291.0,7041,95,0.233,0.712,0.532
771097683,"$10,896.00",2517,8379.0,4935,58,0.231,1.028,0.487
713824983,"$8,401.00",1085,7316.0,7697,98,0.129,0.696,0.508
715360458,"$12,406.00",1980,10426.0,8113,90,0.16,0.791,0.5
711736083,"$6,769.00",274,6495.0,4885,54,0.04,0.998,0.35
714821433,"$2,737.00",0,2737.0,7587,80,0.0,0.71,0.569
779263533,"$32,292.00",1731,30561.0,7564,76,0.054,0.751,0.81
773988708,"$34,516.00",1588,32928.0,7512,81,0.046,0.745,0.688
719623083,"$15,987.00",1992,13995.0,8302,81,0.125,0.739,0.841
718304583,"$34,516.00",1085,33431.0,4805,54,0.031,1.047,0.588
720198183,"$2,437.00",1718,719.0,8028,77,0.705,0.608,0.54
780545133,"$4,557.00",985,3572.0,7333,91,0.216,0.592,0.596
711128433,"$10,949.00",829,10120.0,7685,91,0.076,0.749,0.596
789960783,"$10,398.00",1630,8768.0,7702,81,0.157,0.755,0.688
709556208,"$22,361.00",1873,20488.0,7586,94,0.084,0.701,0.567
712053033,"$3,841.00",1411,2430.0,8444,81,0.367,0.785,0.688
794482158,"$34,516.00",1954,32562.0,7594,69,0.057,0.755,0.725
780450708,"$34,516.00",0,34516.0,4864,48,0.0,0.964,0.548
710016708,"$10,877.00",1802,9075.0,7974,90,0.166,0.706,0.731
709434408,"$5,848.00",1481,4367.0,8417,95,0.253,0.711,0.462
778716783,"$11,552.00",1970,9582.0,7180,96,0.171,0.705,0.548
712447758,"$11,901.00",2517,9384.0,7998,82,0.211,0.781,0.608
779435883,"$2,273.00",0,2273.0,7899,79,0.0,0.828,0.646
719918358,"$3,082.00",2507,575.0,7787,89,0.813,0.687,0.508
720474408,"$9,298.00",1898,7400.0,8427,87,0.204,0.655,0.776
719401158,"$4,136.00",0,4136.0,7739,97,0.0,0.64,0.59
778430733,"$12,399.00",1461,10938.0,7855,82,0.118,0.645,0.414
717583908,"$15,030.00",1395,13635.0,7603,81,0.093,0.625,0.588
823519458,"$6,441.00",2151,4290.0,7123,94,0.334,0.64,0.492
712381683,"$7,469.00",837,6632.0,8281,80,0.112,0.828,0.739
716045508,"$3,569.00",1054,2515.0,7963,85,0.295,0.775,0.574
820936533,"$2,781.00",1950,831.0,9331,93,0.701,0.98,0.5
721227258,"$34,516.00",1991,32525.0,7520,79,0.058,0.718,0.681
771304383,"$4,174.00",2507,1667.0,7905,86,0.601,0.832,0.755
717600483,"$23,223.00",628,22595.0,7358,87,0.027,0.837,0.642
778865583,"$6,954.00",1502,5452.0,7510,89,0.216,0.624,0.648
709871658,"$7,136.00",2345,4791.0,7729,86,0.329,0.699,0.654
818280108,"$1,820.00",0,1820.0,7714,91,0.0,0.708,0.596
716350008,"$2,937.00",1633,1304.0,8235,102,0.556,0.857,0.522
778172583,"$6,636.00",2399,4237.0,7023,86,0.362,0.681,0.654
719121708,"$31,497.00",2192,29305.0,7685,92,0.07,0.868,0.533
714342033,"$34,516.00",0,34516.0,4863,56,0.0,1.038,0.474
788811558,"$1,959.00",1022,937.0,7847,65,0.522,0.78,0.857
788943333,"$34,516.00",989,33527.0,4810,55,0.029,1.021,0.341
719258433,"$7,801.00",2018,5783.0,7561,91,0.259,0.684,0.685
717895833,"$6,455.00",1837,4618.0,8001,99,0.285,0.717,0.707
711550983,"$11,343.00",1175,10168.0,8313,107,0.104,0.699,0.672
714077583,"$23,981.00",593,23388.0,4758,65,0.025,0.987,0.512
720939933,"$2,879.00",0,2879.0,4684,56,0.0,1.031,0.556
716725008,"$7,667.00",2191,5476.0,7886,94,0.286,0.682,0.679
788824083,"$34,516.00",1022,33494.0,8202,88,0.03,0.743,0.913
716335983,"$6,713.00",1590,5123.0,7946,85,0.237,0.847,0.667
719157933,"$10,984.00",1429,9555.0,7850,85,0.13,0.751,0.635
716704158,"$34,516.00",2517,31999.0,8087,86,0.073,0.778,0.509
716258358,"$23,058.00",1534,21524.0,7009,82,0.067,0.701,0.708
827904183,"$17,606.00",1377,16229.0,8104,83,0.078,0.861,0.627
820394733,"$34,516.00",1464,33052.0,7690,87,0.042,0.689,0.673
716574033,"$18,000.00",1829,16171.0,7149,86,0.102,0.675,0.623
736786908,"$5,550.00",2517,3033.0,6984,85,0.454,0.767,0.545
774099708,"$1,621.00",0,1621.0,7400,86,0.0,0.779,0.686
714282333,"$3,244.00",0,3244.0,7495,97,0.0,0.765,0.54
717471933,"$5,800.00",1434,4366.0,8202,89,0.247,0.715,0.679
818316108,"$2,550.00",1421,1129.0,8063,72,0.557,0.819,0.714
709838508,"$34,516.00",1509,33007.0,7167,91,0.044,0.728,0.625
716212383,"$10,874.00",2415,8459.0,4619,59,0.222,0.933,0.372
757667133,"$13,769.00",0,13769.0,4738,53,0.0,1.058,0.395
794571108,"$17,894.00",304,17590.0,4691,63,0.017,0.965,0.465
711370458,"$15,016.00",2016,13000.0,7685,84,0.134,0.709,0.527
788528958,"$9,036.00",0,9036.0,8356,79,0.0,0.753,0.681
716745408,"$12,813.00",1998,10815.0,7803,81,0.156,0.837,0.688
771752508,"$4,660.00",1844,2816.0,8571,84,0.396,1.018,0.647
788916933,"$34,516.00",1064,33452.0,8095,81,0.031,0.796,0.62
714938733,"$13,174.00",0,13174.0,4890,49,0.0,0.955,0.485
761818758,"$11,210.00",1079,10131.0,7206,86,0.096,0.651,0.536
714422058,"$31,639.00",2446,29193.0,7119,86,0.077,0.632,0.564
712191783,"$34,516.00",1634,32882.0,7788,94,0.047,0.768,0.469
716319258,"$34,516.00",1742,32774.0,7360,82,0.05,0.661,0.745
719813058,"$2,490.00",1235,1255.0,8065,88,0.496,0.823,0.76
712351908,"$26,438.00",1655,24783.0,8029,81,0.063,0.92,0.723
716742483,"$7,504.00",1134,6370.0,7525,100,0.151,0.67,0.449
708160008,"$34,516.00",1058,33458.0,7412,84,0.031,0.734,0.585
709269708,"$34,516.00",1488,33028.0,7281,95,0.043,0.732,0.532
779098308,"$15,048.00",2517,12531.0,7592,96,0.167,0.666,0.524
717257658,"$9,357.00",1942,7415.0,7971,84,0.208,0.8,0.787
775112958,"$11,548.00",0,11548.0,7781,72,0.0,0.611,0.895
788812608,"$8,767.00",1684,7083.0,8066,79,0.192,0.786,0.549
711002058,"$5,306.00",2410,2896.0,7437,94,0.454,0.738,0.709
716199408,"$3,608.00",2517,1091.0,4907,53,0.698,1.057,0.559
718100808,"$15,987.00",2065,13922.0,7395,100,0.129,0.705,0.562
790051758,"$31,782.00",0,31782.0,4800,53,0.0,1.056,0.395
772430733,"$34,516.00",1440,33076.0,7168,88,0.042,0.676,0.571
713460258,"$19,107.00",933,18174.0,8987,89,0.049,0.88,0.561
820036533,"$34,516.00",1466,33050.0,7223,87,0.042,0.693,0.611
719785683,"$21,751.00",1573,20178.0,8332,102,0.072,0.878,0.569
711830433,"$7,926.00",1051,6875.0,7677,87,0.133,0.729,0.554
807393558,"$34,516.00",1279,33237.0,4615,49,0.037,1.02,0.581
718306308,"$27,984.00",1793,26191.0,8147,81,0.064,0.754,0.588
772725408,"$24,499.00",2517,21982.0,7667,84,0.103,0.777,0.527
711183558,"$2,221.00",1291,930.0,8618,98,0.581,0.785,0.815
720317658,"$5,858.00",961,4897.0,7916,82,0.164,0.657,0.708
710596983,"$27,318.00",2416,24902.0,7481,96,0.088,0.917,0.548
716986458,"$9,766.00",1575,8191.0,7605,101,0.161,0.661,0.603
717382608,"$26,692.00",2517,24175.0,8780,86,0.094,0.796,0.654
825767658,"$34,516.00",913,33603.0,7711,80,0.026,0.698,0.86
717513933,"$14,938.00",0,14938.0,7385,90,0.0,0.626,0.429
789186858,"$33,256.00",928,32328.0,7796,97,0.028,0.694,0.59
717658758,"$34,516.00",0,34516.0,7962,99,0.0,0.622,0.435
715575258,"$5,791.00",1957,3834.0,7823,93,0.338,0.654,0.722
714975633,"$2,319.00",1347,972.0,7558,85,0.581,0.722,0.491
715396983,"$17,698.00",1769,15929.0,8056,95,0.1,0.623,0.583
712624383,"$34,516.00",1701,32815.0,7707,99,0.049,0.715,0.5
721335558,"$6,482.00",1686,4796.0,7544,101,0.26,0.753,0.629
711167808,"$18,975.00",0,18975.0,4803,65,0.0,1.028,0.548
713761608,"$34,516.00",1652,32864.0,8450,90,0.048,0.865,0.579
713367858,"$2,479.00",1748,731.0,8042,85,0.705,0.831,0.545
710489583,"$4,941.00",1040,3901.0,7631,91,0.21,0.765,0.596
720422358,"$34,516.00",2276,32240.0,7485,90,0.066,0.767,0.552
772098858,"$8,230.00",1333,6897.0,7736,84,0.162,0.692,0.68
789304983,"$22,226.00",1864,20362.0,8753,97,0.084,0.864,0.702
779257233,"$28,852.00",1974,26878.0,7432,90,0.068,0.713,0.607
717579258,"$6,893.00",1462,5431.0,4782,50,0.212,1.031,0.351
709418508,"$7,653.00",1693,5960.0,7508,93,0.221,0.683,0.576
778439883,"$26,840.00",769,26071.0,7969,93,0.029,0.609,0.661
716063583,"$4,549.00",2109,2440.0,8642,85,0.464,0.953,0.7
716609433,"$16,828.00",2517,14311.0,4939,63,0.15,1.059,0.465
721053633,"$6,530.00",1425,5105.0,8904,101,0.218,0.716,0.656
711559008,"$11,642.00",1501,10141.0,9137,92,0.129,0.935,0.586
770190258,"$7,037.00",0,7037.0,7678,93,0.0,0.752,0.691
709008708,"$8,390.00",0,8390.0,8316,92,0.0,0.8,0.704
823922208,"$2,122.00",1101,1021.0,7404,103,0.519,0.711,0.515
718457058,"$3,442.00",2517,925.0,7801,74,0.731,0.62,0.644
708472008,"$6,680.00",1839,4841.0,7632,95,0.275,0.617,0.532
710395233,"$34,516.00",1066,33450.0,8657,98,0.031,0.846,0.75
716732958,"$7,244.00",2031,5213.0,7925,90,0.28,0.724,0.5
780108408,"$34,516.00",1369,33147.0,7745,82,0.04,0.764,0.64
720962208,"$2,476.00",2250,226.0,4659,48,0.909,0.969,0.6
714019083,"$2,019.00",803,1216.0,8426,102,0.398,0.882,0.478
721225083,"$8,758.00",1511,7247.0,7680,89,0.173,0.674,0.508
819109308,"$6,103.00",2517,3586.0,8080,92,0.412,0.74,0.704
721029858,"$2,166.00",1458,708.0,8215,109,0.673,0.712,0.535
716762733,"$3,449.00",1634,1815.0,8300,94,0.474,0.776,0.469
710260983,"$2,984.00",2512,472.0,8296,91,0.842,0.861,0.685
793608258,"$13,432.00",0,13432.0,4909,50,0.0,0.918,0.316
719677758,"$10,830.00",2184,8646.0,8814,88,0.202,0.907,0.725
771411408,"$2,673.00",0,2673.0,4929,54,0.0,1.043,0.459
794191008,"$34,516.00",1649,32867.0,7552,87,0.048,0.741,0.611
708905733,"$20,633.00",1989,18644.0,7570,91,0.096,0.67,0.655
788327358,"$9,070.00",2097,6973.0,8440,102,0.231,0.801,0.7
751974258,"$11,954.00",0,11954.0,7345,93,0.0,0.779,0.55
805516608,"$34,516.00",925,33591.0,7755,84,0.027,0.771,0.68
720006333,"$4,479.00",0,4479.0,4520,63,0.0,0.89,0.37
780114558,"$3,968.00",2264,1704.0,12535,118,0.571,1.098,0.815
713090658,"$2,599.00",1407,1192.0,8061,98,0.541,0.727,0.531
718889508,"$10,074.00",1223,8851.0,8256,99,0.121,0.955,0.623
824799108,"$10,901.00",1874,9027.0,7498,90,0.172,0.608,0.5
788618208,"$8,325.00",0,8325.0,8198,90,0.0,0.823,0.915
713133258,"$34,516.00",2008,32508.0,8872,86,0.058,0.858,0.593
717370533,"$34,516.00",2088,32428.0,6453,89,0.06,0.627,0.589
720425508,"$7,196.00",696,6500.0,8689,93,0.097,0.839,0.898
712948383,"$34,516.00",0,34516.0,7396,100,0.0,0.72,0.562
712839633,"$34,516.00",1595,32921.0,8871,97,0.046,0.824,0.764
820330008,"$32,926.00",1540,31386.0,8231,98,0.047,0.862,0.556
826150608,"$18,072.00",1378,16694.0,8199,98,0.076,0.73,0.75
779187783,"$24,533.00",1813,22720.0,8436,77,0.074,0.745,0.878
720809358,"$4,874.00",2317,2557.0,7776,98,0.475,0.854,0.782
714054408,"$12,889.00",1822,11067.0,8272,79,0.141,0.88,0.837
789827208,ERR_VAL,1692,5839.0,7768,92,0.225,0.771,0.878
718308558,"$1,838.00",1155,683.0,7688,93,0.628,0.742,0.409
801064833,"$30,117.00",2129,27988.0,7930,91,0.071,0.769,0.542
719838558,"$5,131.00",1484,3647.0,7432,92,0.289,0.75,0.559
714510483,"$34,516.00",2517,31999.0,7640,87,0.073,0.703,0.582
718246458,"$24,262.00",1984,22278.0,8241,105,0.082,0.805,0.75
710822808,"$34,516.00",1228,33288.0,7854,89,0.036,0.747,0.648
791730183,"$7,385.00",1817,5568.0,5070,50,0.246,1.029,0.389
709722858,"$20,708.00",1357,19351.0,8503,88,0.066,0.852,0.571
712582983,"$14,057.00",1381,12676.0,4729,54,0.098,1.039,0.742
714999483,"$34,516.00",1132,33384.0,9389,106,0.033,0.84,0.797
711388458,"$17,072.00",1519,15553.0,8591,99,0.089,0.831,0.707
796174983,"$25,737.00",1168,24569.0,7722,94,0.045,0.718,0.469
712918083,"$2,211.00",768,1443.0,7527,88,0.347,0.745,0.66
715459158,"$16,950.00",0,16950.0,7821,97,0.0,0.625,0.672
712687083,"$15,043.00",0,15043.0,7234,83,0.0,0.649,0.694
713003358,"$29,338.00",159,29179.0,4983,40,0.005,1.017,0.379
812443458,"$25,808.00",0,25808.0,7794,94,0.0,0.712,0.843
712984983,"$2,248.00",1853,395.0,7739,101,0.824,0.666,0.906
708826158,"$3,670.00",1684,1986.0,8608,100,0.459,0.675,0.515
788725608,"$8,861.00",1149,7712.0,8387,102,0.13,0.718,0.759
717559533,"$34,516.00",1161,33355.0,8212,100,0.034,0.74,0.695
720443358,"$8,014.00",1250,6764.0,6950,84,0.156,0.667,0.585
806694333,"$2,771.00",1779,992.0,8268,73,0.642,0.841,0.698
709770408,"$34,516.00",1702,32814.0,8652,98,0.049,0.705,0.849
718259433,"$8,383.00",0,8383.0,5460,63,0.0,1.036,0.853
770705208,"$15,365.00",630,14735.0,7890,91,0.041,0.807,0.685
720655833,"$2,913.00",0,2913.0,4955,56,0.0,1.058,0.806
797898858,"$4,748.00",2085,2663.0,7288,88,0.439,0.615,0.6
779548008,"$34,516.00",0,34516.0,7745,83,0.0,0.742,0.729
718388733,"$2,609.00",1259,1350.0,8677,96,0.483,0.871,0.627
711742758,"$11,508.00",0,11508.0,5242,74,0.0,1.005,0.574
757863258,"$2,396.00",887,1509.0,7480,84,0.37,0.604,0.787
711947358,"$18,991.00",1208,17783.0,7716,83,0.064,0.727,0.804
712157958,"$10,908.00",0,10908.0,4883,42,0.0,0.983,0.5
814760358,"$14,627.00",1997,12630.0,7766,82,0.137,0.718,0.745
710192283,"$2,219.00",1180,1039.0,8686,91,0.532,0.768,0.625
718977483,"$25,736.00",1388,24348.0,7209,91,0.054,0.743,0.596
712129158,"$7,997.00",1096,6901.0,7747,104,0.137,0.716,0.651
714880533,"$2,849.00",1741,1108.0,8669,99,0.611,0.791,0.768
808287408,"$29,227.00",1151,28076.0,8420,100,0.039,0.73,0.852
709619433,"$34,516.00",1382,33134.0,8604,108,0.04,0.856,0.714
708881583,"$12,458.00",1332,11126.0,8752,95,0.107,0.68,0.863
711332883,"$7,547.00",2477,5070.0,5294,73,0.328,1.021,0.698
717696333,"$34,516.00",0,34516.0,5425,60,0.0,1.043,0.875
820587258,"$10,677.00",0,10677.0,8637,94,0.0,0.905,0.808
768733533,"$2,340.00",1612,728.0,8851,88,0.689,0.696,0.833
779779083,"$23,981.00",0,23981.0,7872,103,0.0,0.741,0.635
720735408,"$6,329.00",1643,4686.0,8514,109,0.26,0.706,0.73
819160158,"$4,960.00",1724,3236.0,8218,88,0.348,0.879,0.913
804601833,"$34,516.00",1601,32915.0,7491,86,0.046,0.686,0.72
714823308,"$15,987.00",1973,14014.0,7345,98,0.123,0.705,0.463
711577458,"$3,244.00",1855,1389.0,8087,95,0.572,0.7,0.792
787539333,"$7,298.00",2517,4781.0,7973,88,0.345,0.838,0.692
716806383,"$28,307.00",1506,26801.0,9042,122,0.053,0.818,0.605
812230308,"$2,430.00",1657,773.0,8444,100,0.682,0.659,0.449
778420383,"$7,650.00",2045,5605.0,8609,109,0.267,0.891,0.758
774012933,"$6,443.00",2073,4370.0,9277,92,0.322,0.8,0.769
718756533,"$13,356.00",1497,11859.0,8963,105,0.112,0.753,0.694
812224983,"$4,675.00",1340,3335.0,8037,100,0.287,0.68,0.852
714284358,"$2,177.00",1329,848.0,7037,82,0.61,0.647,0.745
709530408,"$34,516.00",1411,33105.0,8007,96,0.041,0.701,0.778
750690258,"$2,821.00",1995,826.0,8220,103,0.707,0.62,0.635
716283108,"$6,769.00",1133,5636.0,7986,88,0.167,0.743,0.6
718353633,"$34,516.00",0,34516.0,5547,75,0.0,1.032,0.744
718528833,"$30,172.00",1825,28347.0,8879,101,0.06,0.8,0.578
718006608,"$7,742.00",1163,6579.0,9081,100,0.15,0.729,0.852
710569233,"$11,814.00",1440,10374.0,9185,100,0.122,0.798,0.695
718694658,"$28,687.00",1607,27080.0,7523,90,0.056,0.748,0.636
779293308,"$25,653.00",2059,23594.0,8305,103,0.08,0.702,0.746
718276758,"$4,705.00",890,3815.0,8226,97,0.189,0.723,0.644
712654233,"$19,150.00",1093,18057.0,8327,85,0.057,0.716,0.545
719296383,"$34,516.00",1494,33022.0,7885,85,0.043,0.588,0.635
808279158,"$11,765.00",1429,10336.0,8914,99,0.121,0.817,0.768
780497958,"$16,627.00",2118,14509.0,7996,99,0.127,0.589,0.597
715519983,"$13,553.00",1448,12105.0,8751,94,0.107,0.925,0.808
708568983,"$11,476.00",2365,9111.0,8110,113,0.206,0.65,0.766
823648983,"$5,182.00",1459,3723.0,7960,112,0.282,0.72,0.697
789412458,"$23,026.00",2517,20509.0,4909,52,0.109,1.032,0.625
716837508,"$18,477.00",0,18477.0,8695,95,0.0,0.771,0.583
711249858,"$29,890.00",0,29890.0,3315,47,0.0,0.64,0.382
712009083,"$8,290.00",1030,7260.0,8980,93,0.124,0.87,0.755
720522633,"$16,199.00",1533,14666.0,8150,106,0.095,0.855,0.631
713071383,"$3,723.00",1728,1995.0,8554,99,0.464,0.595,0.678
712938258,"$12,695.00",1613,11082.0,8328,94,0.127,0.852,0.843
719071158,"$34,516.00",0,34516.0,3901,54,0.0,0.695,0.421
709046958,"$30,379.00",2175,28204.0,9059,100,0.072,0.67,0.562
708748833,"$9,875.00",1239,8636.0,8920,105,0.125,0.939,0.694
711364233,"$34,516.00",1559,32957.0,8888,104,0.045,0.759,0.763
712645908,"$2,600.00",2047,553.0,8804,111,0.787,0.749,0.682
708428958,"$34,516.00",0,34516.0,9179,113,0.0,0.724,0.766
719714658,"$12,218.00",0,12218.0,5272,62,0.0,1.005,0.59
720874983,"$34,516.00",0,34516.0,8736,97,0.0,0.814,0.702
719180958,"$21,754.00",0,21754.0,9105,104,0.0,0.83,0.763
710360583,"$8,396.00",604,7792.0,8329,101,0.072,0.827,0.656
823848183,"$15,987.00",1494,14493.0,8438,92,0.093,0.731,0.84
783121008,"$12,094.00",1870,10224.0,8285,106,0.155,0.845,0.738
789529158,"$2,946.00",743,2203.0,8553,88,0.252,0.827,0.872
708500883,"$17,812.00",0,17812.0,8379,106,0.0,0.75,0.606
811965558,"$13,743.00",0,13743.0,9406,106,0.0,0.947,0.767
714383583,"$23,981.00",1696,22285.0,8646,97,0.071,0.837,0.902
809425533,"$15,785.00",1174,14611.0,8097,105,0.074,0.732,0.842
716858433,"$3,015.00",0,3015.0,5372,75,0.0,1.058,0.596
812534958,"$19,000.00",1568,17432.0,8443,97,0.083,0.688,0.865
714052158,"$11,714.00",949,10765.0,5366,68,0.081,1.036,0.659
780200208,"$11,135.00",1563,9572.0,8777,112,0.14,0.746,0.778
711458583,"$34,516.00",1349,33167.0,8582,106,0.039,0.674,0.767
826451433,"$34,516.00",2273,32243.0,8502,103,0.066,0.86,0.717
719740983,"$13,259.00",866,12393.0,8998,102,0.065,0.81,0.672
709019283,"$5,660.00",2210,3450.0,7867,100,0.39,0.583,0.695
710213508,"$23,355.00",1061,22294.0,8634,95,0.045,0.864,0.9
710814633,"$20,734.00",2517,18217.0,8888,103,0.121,0.888,0.717
775267158,"$2,476.00",1396,1080.0,8785,111,0.564,0.838,0.609
712268808,"$34,516.00",2443,32073.0,8765,105,0.071,0.827,0.721
720178158,"$7,552.00",0,7552.0,5537,63,0.0,1.047,0.853
779805408,"$14,630.00",0,14630.0,8217,99,0.0,0.752,0.65
710958933,"$6,080.00",787,5293.0,4866,56,0.129,0.975,0.647
720698883,"$28,605.00",0,28605.0,5524,67,0.0,1.054,0.718
780384483,"$2,886.00",925,1961.0,5481,58,0.321,0.946,0.758
714190983,"$34,516.00",531,33985.0,5418,65,0.015,0.98,0.711
713808633,"$10,850.00",1873,8977.0,13794,127,0.173,0.995,0.789
710295858,"$24,244.00",1649,22595.0,8074,84,0.068,0.776,0.647
713209308,"$17,218.00",1829,15389.0,7971,97,0.106,0.638,0.83
788709408,"$14,746.00",0,14746.0,14771,127,0.0,0.857,0.628
717757608,"$34,516.00",1051,33465.0,8938,114,0.03,0.863,0.676
715300683,"$34,458.00",846,33612.0,8271,94,0.025,0.817,0.88
711436983,"$34,516.00",2517,31999.0,8596,102,0.073,0.693,0.672
789582483,"$9,369.00",1813,7556.0,7699,101,0.194,0.658,0.629
790168083,"$22,741.00",2176,20565.0,8438,100,0.096,0.689,0.887
742865883,"$9,110.00",2517,6593.0,5290,69,0.276,1.052,0.816
770848308,"$34,516.00",1308,33208.0,8773,105,0.038,0.746,0.78
713486583,"$17,277.00",2151,15126.0,8838,97,0.125,0.701,0.732
708697983,"$34,516.00",2156,32360.0,8766,78,0.062,0.698,0.814
823539558,"$33,565.00",1627,31938.0,8360,94,0.048,0.66,0.843
711339258,"$20,176.00",2219,17957.0,8255,86,0.11,0.693,0.911
781171908,"$3,751.00",1869,1882.0,9497,106,0.498,0.926,0.71
815582358,"$2,519.00",1584,935.0,8852,95,0.629,0.76,0.759
755212608,"$13,067.00",0,13067.0,5468,71,0.0,1.061,0.775
716486508,"$3,399.00",0,3399.0,5529,78,0.0,0.991,0.66
771674958,"$11,529.00",1823,9706.0,8135,97,0.158,0.727,0.702
787909158,"$8,694.00",1117,7577.0,9523,105,0.128,0.842,0.694
717140733,"$6,616.00",831,5785.0,9065,85,0.126,0.707,0.735
799468083,"$11,467.00",1146,10321.0,14373,97,0.1,1.018,0.764
718993533,"$15,821.00",1334,14487.0,8927,103,0.084,0.81,0.635
713870958,"$34,516.00",0,34516.0,8416,93,0.0,0.887,0.632
709171308,"$15,795.00",1742,14053.0,13173,96,0.11,1.022,0.846
798553158,"$3,109.00",0,3109.0,5470,72,0.0,1.054,0.674
720819858,"$8,837.00",2517,6320.0,8210,100,0.285,0.618,0.754
815078433,"$6,551.00",1718,4833.0,13363,99,0.262,1.207,0.623
710924658,"$2,540.00",1093,1447.0,9339,99,0.43,0.783,0.737
709883883,"$8,110.00",1549,6561.0,8033,94,0.191,0.808,0.649
718650258,"$6,146.00",2210,3936.0,12956,97,0.36,0.905,0.796
711613308,"$2,236.00",710,1526.0,2562,38,0.318,0.434,0.462
718558758,"$3,711.00",1413,2298.0,3922,51,0.381,0.175,0.645
718504233,"$2,082.00",1794,288.0,3423,48,0.862,0.735,0.92
709108533,"$9,959.00",2216,7743.0,15139,90,0.223,0.747,0.837
713236458,"$18,980.00",2517,16463.0,8295,113,0.133,0.655,0.687
714352533,"$15,472.00",865,14607.0,14132,103,0.056,0.756,0.746
717353433,"$21,498.00",1542,19956.0,13015,104,0.072,0.759,0.857
813804783,"$2,667.00",0,2667.0,4399,54,0.0,0.494,0.862
771062733,"$4,291.00",1285,3006.0,15511,101,0.299,0.846,0.629
715649358,"$3,879.00",0,3879.0,7786,81,0.0,0.928,0.929
713552958,"$12,773.00",1637,11136.0,14833,114,0.128,0.919,0.583
715209333,"$6,224.00",1965,4259.0,13630,124,0.316,0.739,0.699
769935783,"$9,594.00",2517,7077.0,14213,100,0.262,0.945,0.786
815613033,"$12,518.00",1722,10796.0,14276,96,0.138,0.891,0.778
718732833,"$2,783.00",1763,1020.0,3967,42,0.633,0.344,0.4
816328308,"$3,773.00",0,3773.0,14264,118,0.0,0.684,0.873
711814608,"$19,281.00",1805,17476.0,15423,110,0.094,0.893,0.692
803216433,"$14,806.00",2517,12289.0,4804,57,0.17,0.558,0.462
710694033,"$7,473.00",1253,6220.0,13400,104,0.168,0.98,0.733
709257708,"$3,108.00",1978,1130.0,14965,127,0.636,0.917,0.716
720174033,"$34,516.00",975,33541.0,12871,104,0.028,0.738,0.552
820666083,"$27,742.00",2517,25225.0,8646,85,0.091,0.835,0.977
712044558,"$14,563.00",1309,13254.0,6408,70,0.09,0.708,0.944
713131158,"$10,286.00",0,10286.0,8199,59,0.0,0.908,0.903
803335008,"$7,791.00",1472,6319.0,13945,107,0.189,0.979,0.754
795869583,"$3,733.00",1620,2113.0,15200,118,0.434,0.765,0.934
789535233,"$34,516.00",1618,32898.0,11603,109,0.047,1.0,0.847
716441058,"$14,416.00",0,14416.0,13820,99,0.0,0.788,0.65
718113633,"$34,516.00",0,34516.0,5603,56,0.0,0.377,0.244
708908883,"$12,033.00",1025,11008.0,12603,106,0.085,0.684,0.893
712152408,"$34,516.00",1930,32586.0,12478,97,0.056,0.615,0.764
708229308,"$3,243.00",0,3243.0,6059,71,0.0,0.685,0.821
715351983,"$9,761.00",1470,8291.0,14334,97,0.151,0.796,0.732
798451908,"$5,723.00",0,5723.0,12403,120,0.0,0.85,0.69
794962983,"$9,947.00",2496,7451.0,14576,110,0.251,0.802,0.774
721000833,"$3,599.00",0,3599.0,13324,110,0.0,0.738,0.594
720086358,"$12,648.00",1604,11044.0,14465,125,0.127,0.719,0.712
710064033,"$4,572.00",0,4572.0,3555,42,0.0,0.48,0.4
780588258,"$4,021.00",1745,2276.0,14567,120,0.434,0.784,0.846
710833908,"$25,601.00",1384,24217.0,12896,100,0.054,0.745,0.852
714449283,"$25,428.00",1528,23900.0,13360,97,0.06,0.725,0.796
772339383,"$4,216.00",1290,2926.0,13787,121,0.306,0.86,0.571
721382208,"$3,140.00",2517,623.0,13677,122,0.802,0.801,0.821
779349783,"$21,161.00",1198,19963.0,13119,104,0.057,0.783,0.625
789450408,"$5,877.00",1713,4164.0,15106,91,0.291,0.791,0.978
709210833,"$9,074.00",1648,7426.0,14084,110,0.182,0.727,0.803
821752908,"$4,142.00",2252,1890.0,15078,117,0.544,0.714,0.746
789878283,"$3,152.00",1174,1978.0,13670,117,0.372,0.862,0.857
709319658,"$15,987.00",0,15987.0,7681,71,0.0,0.827,0.69
719222133,"$8,919.00",1723,7196.0,13719,96,0.193,0.848,0.714
715551783,"$24,927.00",1273,23654.0,14603,113,0.051,0.743,0.687
712718958,"$3,308.00",2150,1158.0,15019,101,0.65,0.879,0.656
709764483,"$6,157.00",581,5576.0,4041,65,0.094,0.583,0.548
783361533,"$33,889.00",1203,32686.0,14954,112,0.035,0.944,0.623
717942033,"$33,552.00",1252,32300.0,14490,98,0.037,0.793,0.815
817908783,"$34,516.00",2123,32393.0,14242,107,0.062,0.801,0.551
713708358,"$19,594.00",971,18623.0,12429,111,0.05,0.761,0.542
713705358,"$7,349.00",994,6355.0,13970,109,0.135,0.864,0.847
789551883,"$14,803.00",985,13818.0,14426,87,0.067,0.831,0.642
812247033,"$3,536.00",0,3536.0,3281,39,0.0,0.542,0.393
717580458,"$19,333.00",0,19333.0,7847,63,0.0,0.969,0.75
780551733,"$11,605.00",1470,10135.0,12592,117,0.127,0.93,0.8
719722308,"$3,329.00",0,3329.0,13109,114,0.0,0.641,0.727
718328283,"$3,961.00",1531,2430.0,12631,100,0.387,0.646,0.852
826061508,"$5,975.00",2045,3930.0,13090,102,0.342,0.847,0.672
715610733,"$3,735.00",1175,2560.0,8193,66,0.315,1.036,0.65
710161083,"$5,780.00",0,5780.0,6613,40,0.0,0.394,0.429
712464933,"$19,141.00",1933,17208.0,15203,114,0.101,1.05,0.781
768181608,"$3,461.00",1767,1694.0,13179,122,0.511,0.829,0.694
713869083,"$29,394.00",1002,28392.0,14901,92,0.034,0.935,0.673
711465333,"$24,250.00",0,24250.0,12593,99,0.0,0.753,0.768
719924433,"$16,191.00",0,16191.0,13452,107,0.0,0.967,0.621
719248158,"$7,261.00",1443,5818.0,14533,108,0.199,0.972,0.565
719944458,"$4,023.00",1437,2586.0,12510,96,0.357,0.69,0.92
715799808,"$3,764.00",0,3764.0,6574,69,0.0,0.776,0.865
721264533,"$3,767.00",1106,2661.0,15578,126,0.294,0.944,0.826
711838008,"$6,407.00",478,5929.0,9322,77,0.075,1.022,0.833
711826983,"$5,822.00",0,5822.0,3240,38,0.0,0.655,0.652
719413383,"$33,711.00",1437,32274.0,14880,134,0.043,0.942,0.654
712990458,"$31,699.00",1976,29723.0,13653,113,0.062,0.811,0.687
789594108,"$3,429.00",1779,1650.0,14107,99,0.519,0.938,0.65
718764708,"$8,858.00",1359,7499.0,14223,103,0.153,0.741,0.776
820271208,"$7,064.00",1234,5830.0,13791,103,0.175,0.955,0.585
708369633,"$15,487.00",1847,13640.0,7031,67,0.119,0.943,0.811
712055433,"$3,600.00",2072,1528.0,14137,116,0.576,0.94,0.966
721114458,"$34,516.00",585,33931.0,14319,96,0.017,0.802,0.655
714959358,"$34,516.00",2292,32224.0,8045,71,0.066,0.876,0.868
708396033,"$2,490.00",1059,1431.0,12257,101,0.425,0.715,0.772
719593608,"$33,870.00",0,33870.0,7661,61,0.0,0.872,0.525
716406483,"$23,760.00",1349,22411.0,13124,103,0.057,0.961,0.746
714941358,"$4,005.00",0,4005.0,7022,75,0.0,0.896,0.667
716088783,"$29,239.00",0,29239.0,8169,65,0.0,1.057,0.585
718458858,"$34,516.00",0,34516.0,3526,53,0.0,0.434,0.828
715754133,"$3,391.00",1359,2032.0,13212,107,0.401,0.662,0.646
715630983,"$4,598.00",0,4598.0,6317,77,0.0,0.439,0.833
712768983,"$34,516.00",230,34286.0,8629,65,0.007,1.004,0.548
716881683,"$3,435.00",2517,918.0,5567,51,0.733,0.332,0.545
711108408,"$17,540.00",1337,16203.0,14244,96,0.076,0.734,0.6
717565233,"$31,346.00",1318,30028.0,13303,92,0.042,0.862,0.804
789539058,"$4,342.00",893,3449.0,17064,116,0.206,0.878,0.758
768643158,"$3,842.00",2459,1383.0,13598,119,0.64,0.691,0.725
721530633,"$3,785.00",1329,2456.0,15209,104,0.351,0.864,0.891
721188033,"$6,797.00",2239,4558.0,16171,112,0.329,0.922,0.778
810261633,"$9,682.00",1727,7955.0,14991,95,0.178,0.88,0.9
717529233,"$3,319.00",0,3319.0,4840,44,0.0,0.262,0.375
719365233,"$7,664.00",1785,5879.0,15077,126,0.233,0.947,0.8
720943308,"$30,498.00",1990,28508.0,16202,120,0.065,0.839,0.791
714425283,"$19,962.00",0,19962.0,14703,119,0.0,0.984,0.859
711794358,"$21,398.00",0,21398.0,3119,53,0.0,0.695,0.767
719683158,"$4,746.00",0,4746.0,7154,66,0.0,0.862,1.062
709406733,"$20,434.00",1504,18930.0,13280,106,0.074,0.725,0.656
708572658,"$29,531.00",2088,27443.0,15039,120,0.071,0.843,0.69
714001008,"$3,730.00",0,3730.0,13997,102,0.0,0.732,0.619
712833633,"$10,688.00",653,10035.0,13866,98,0.061,0.682,0.508
716260833,"$4,668.00",2517,2151.0,8331,63,0.539,1.062,0.853
708863733,"$22,725.00",808,21917.0,13847,120,0.036,0.779,0.875
717076458,"$8,155.00",1178,6977.0,14955,102,0.144,0.829,0.925
712412958,"$18,266.00",822,17444.0,14615,124,0.045,0.875,0.797
720535008,"$10,492.00",1094,9398.0,13764,104,0.104,0.915,0.733
711578658,"$6,380.00",2517,3863.0,13945,97,0.395,0.706,1.064
709373883,"$19,055.00",2517,16538.0,15091,124,0.132,0.915,0.676
780730008,"$3,477.00",752,2725.0,13627,120,0.216,0.703,0.739
824816358,"$3,277.00",0,3277.0,14252,127,0.0,0.84,0.649
716106108,"$34,516.00",0,34516.0,13376,129,0.0,0.663,0.72
709807383,"$3,616.00",1155,2461.0,15391,94,0.319,0.727,0.593
716430933,"$3,973.00",0,3973.0,13740,131,0.0,0.89,0.819
789866133,"$4,318.00",2359,1959.0,12867,118,0.546,0.993,0.573
718634058,"$7,660.00",764,6896.0,14844,100,0.1,0.877,0.695
715129983,"$3,515.00",0,3515.0,15079,116,0.0,0.876,0.841
717177783,"$13,313.00",0,13313.0,15549,121,0.0,1.08,0.833
719694408,"$4,541.00",0,4541.0,7996,80,0.0,0.976,0.778
806992533,"$8,284.00",797,7487.0,13092,102,0.096,0.824,0.569
718045008,"$3,768.00",0,3768.0,6639,71,0.0,0.799,1.152
711010683,"$14,382.00",1950,12432.0,12941,131,0.136,0.578,0.819
714759708,"$10,798.00",1378,9420.0,13681,105,0.128,0.631,0.81
718801158,"$23,981.00",1408,22573.0,14455,96,0.059,0.844,0.846
712256358,"$22,729.00",1581,21148.0,13672,110,0.07,1.025,0.746
779803008,"$27,670.00",0,27670.0,13854,124,0.0,0.645,0.797
710968008,"$3,423.00",647,2776.0,14308,124,0.189,0.73,0.722
771584658,"$33,874.00",1473,32401.0,13753,98,0.043,0.803,0.849
718102758,"$3,175.00",1116,2059.0,14071,101,0.351,0.978,0.683
811076883,"$7,979.00",0,7979.0,5056,63,0.0,0.465,0.853
770970558,"$13,679.00",2267,11412.0,15180,103,0.166,1.232,0.689
758863383,"$14,767.00",948,13819.0,13090,104,0.064,0.999,0.625
716863458,"$34,516.00",569,33947.0,8570,68,0.016,0.919,0.789
766821033,"$4,650.00",1162,3488.0,7976,74,0.25,0.82,1.056
814590483,"$3,592.00",865,2727.0,12777,95,0.241,0.663,0.727
773283108,"$32,535.00",1722,30813.0,15738,116,0.053,0.856,0.657
721006458,"$3,214.00",1471,1743.0,14557,114,0.458,0.933,0.652
714615258,"$4,819.00",2134,2685.0,9330,64,0.443,0.834,0.882
788687133,"$16,433.00",0,16433.0,13678,125,0.0,0.791,0.736
820108008,"$12,174.00",1361,10813.0,14743,121,0.112,1.048,0.729
717781608,"$9,230.00",1518,7712.0,14082,99,0.164,0.774,0.833
720136458,"$6,867.00",776,6091.0,14119,97,0.113,0.715,0.764
716247708,"$34,516.00",1848,32668.0,14149,103,0.054,0.775,0.689
714968208,"$18,046.00",0,18046.0,13758,104,0.0,0.819,0.677
719913783,"$7,680.00",1589,6091.0,13617,105,0.207,0.688,0.721
720621408,"$7,825.00",0,7825.0,14326,100,0.0,0.724,0.786
721169883,"$5,002.00",1945,3057.0,16161,109,0.389,1.035,0.787
719324658,"$34,516.00",1131,33385.0,14716,112,0.033,0.715,0.75
714577233,"$4,755.00",0,4755.0,15999,109,0.0,0.776,0.73
712367658,"$22,104.00",1783,20321.0,13830,112,0.081,0.805,0.806
803655333,"$29,038.00",2295,26743.0,12025,103,0.079,0.657,0.807
711328458,"$34,516.00",1341,33175.0,13988,127,0.039,0.812,0.789
708123033,"$11,463.00",0,11463.0,14511,105,0.0,0.908,0.721
713514633,"$6,224.00",0,6224.0,8291,69,0.0,0.801,1.029
710745633,"$19,252.00",751,18501.0,14074,112,0.039,0.814,0.623
710374008,"$34,516.00",1583,32933.0,12906,100,0.046,0.631,0.639
772166058,"$3,232.00",1564,1668.0,13142,112,0.484,0.969,0.75
715017858,"$34,516.00",1421,33095.0,14465,114,0.041,0.744,0.754
717571683,"$23,981.00",0,23981.0,4536,61,0.0,0.196,0.605
743420208,"$4,822.00",1882,2940.0,13816,121,0.39,0.833,0.891
716201883,"$34,516.00",1381,33135.0,14696,114,0.04,0.949,0.966
714593883,"$12,100.00",1350,10750.0,13138,115,0.112,0.854,0.667
711003483,"$20,466.00",1138,19328.0,15121,97,0.056,0.868,0.54
819628158,"$17,887.00",1821,16066.0,14544,116,0.102,0.687,1.148
712021233,"$23,399.00",0,23399.0,9356,74,0.0,1.051,0.85
708573933,"$13,026.00",789,12237.0,14747,100,0.061,0.74,0.724
710758683,"$15,698.00",2000,13698.0,12980,82,0.127,0.749,0.64
718288833,"$5,590.00",875,4715.0,14643,127,0.157,0.86,0.764
708873183,"$17,575.00",618,16957.0,15473,128,0.035,0.917,0.684
766224933,"$29,528.00",1769,27759.0,14428,119,0.06,0.771,0.7
771626283,"$34,516.00",1996,32520.0,15033,114,0.058,0.988,0.81
720372483,"$4,147.00",2262,1885.0,14624,111,0.545,0.565,0.79
712916958,"$12,494.00",0,12494.0,7026,69,0.0,0.576,0.917
716124408,"$34,516.00",1692,32824.0,7486,64,0.049,0.983,0.73
714128283,"$13,411.00",1736,11675.0,12493,113,0.129,0.841,0.738
708163758,"$34,516.00",638,33878.0,13085,139,0.018,0.724,0.675
716979183,"$17,646.00",1396,16250.0,15527,106,0.079,0.851,0.893
716480358,"$11,121.00",1296,9825.0,13814,81,0.117,0.789,1.025
720413658,"$6,176.00",905,5271.0,15102,95,0.147,0.805,0.792
715832058,"$4,512.00",1172,3340.0,14414,98,0.26,0.706,0.815
716323683,"$32,791.00",1607,31184.0,13177,106,0.049,0.752,0.738
819616383,"$4,772.00",2004,2768.0,14748,118,0.42,0.696,0.761
771069033,"$10,602.00",1083,9519.0,14084,91,0.102,0.656,0.75
821241708,"$7,953.00",0,7953.0,8670,74,0.0,1.031,0.574
716987358,"$8,022.00",0,8022.0,5660,59,0.0,0.381,0.735
710300733,"$34,516.00",0,34516.0,13781,106,0.0,0.919,0.797
712497783,"$9,092.00",1363,7729.0,14779,94,0.15,0.83,0.843
709259958,"$5,541.00",2517,3024.0,9195,73,0.454,0.879,0.825
716296833,"$7,204.00",0,7204.0,14042,113,0.0,0.803,0.766
715728108,"$4,548.00",1450,3098.0,14330,131,0.319,0.844,0.638
771507258,"$3,860.00",1175,2685.0,14474,118,0.304,0.734,0.71
713758758,"$14,581.00",2517,12064.0,17628,109,0.173,0.776,0.817
816310158,"$12,375.00",2263,10112.0,14500,106,0.183,1.044,0.582
780349833,"$23,981.00",0,23981.0,15236,120,0.0,0.827,0.875
818235408,"$19,534.00",0,19534.0,15634,118,0.0,0.616,0.639
709213458,"$22,993.00",0,22993.0,7867,75,0.0,1.004,0.786
719634408,"$34,516.00",585,33931.0,13534,104,0.017,0.875,0.825
709934808,"$15,164.00",1071,14093.0,13062,103,0.071,0.9,0.717
712238958,"$7,231.00",1047,6184.0,15571,115,0.145,0.947,0.797
711813258,"$34,516.00",2022,32494.0,13633,116,0.059,0.761,0.785
789983133,"$34,516.00",1780,32736.0,14185,98,0.052,0.839,0.69
792139308,"$9,215.00",639,8576.0,13345,114,0.069,0.646,0.754
718123608,"$25,438.00",1907,23531.0,16485,104,0.075,0.741,0.793
715369008,"$3,759.00",0,3759.0,15331,106,0.0,0.722,0.767
717556758,"$3,029.00",2267,762.0,14934,113,0.748,0.842,0.823
718252533,"$4,203.00",996,3207.0,7292,68,0.237,0.705,0.7
716340783,"$21,526.00",1320,20206.0,14441,105,0.061,0.762,0.875
717898758,"$12,207.00",0,12207.0,5838,74,0.0,0.319,1.056
825743583,"$32,089.00",1971,30118.0,13796,121,0.061,0.671,0.833
717711108,"$3,541.00",1042,2499.0,14511,123,0.294,0.774,0.708
789791808,"$7,139.00",1512,5627.0,14802,112,0.212,1.106,0.75
807971658,"$3,669.00",2517,1152.0,13931,112,0.686,0.83,0.836
770220558,"$5,859.00",0,5859.0,8004,82,0.0,0.914,0.708
818239983,"$15,594.00",1590,14004.0,13016,118,0.102,0.679,0.616
712544358,"$34,516.00",1823,32693.0,15552,108,0.053,1.062,0.831
720306408,"$6,704.00",0,6704.0,12576,103,0.0,0.856,0.776
721488858,"$32,417.00",871,31546.0,14381,121,0.027,0.911,0.862
710771433,"$2,754.00",2152,602.0,13991,125,0.781,0.821,0.761
708662583,"$27,945.00",0,27945.0,8345,70,0.0,0.902,1.059
717663033,"$34,516.00",1068,33448.0,16428,123,0.031,0.966,0.809
721524858,"$7,098.00",1829,5269.0,13139,102,0.258,0.557,0.789
788778033,"$12,338.00",1277,11061.0,15869,109,0.104,0.828,0.758
708649683,"$16,703.00",1140,15563.0,15472,122,0.068,0.555,0.768
708770883,"$16,667.00",1463,15204.0,15301,115,0.088,0.803,0.797
708152358,"$18,512.00",1664,16848.0,8019,57,0.09,0.889,0.583
719210133,"$14,131.00",1333,12798.0,12779,103,0.094,0.767,0.689
714690633,"$3,276.00",1474,1802.0,14212,116,0.45,0.759,0.681
719719158,"$34,516.00",1435,33081.0,15584,114,0.042,0.865,0.839
712690458,"$3,629.00",1891,1738.0,15982,113,0.521,0.917,0.687
718758783,"$13,067.00",1943,11124.0,15172,118,0.149,0.85,1.034
716947083,"$3,845.00",1871,1974.0,14593,110,0.487,0.847,0.803
709075533,"$12,094.00",0,12094.0,8607,90,0.0,0.995,0.957
712952283,"$34,516.00",1638,32878.0,14474,121,0.047,0.761,0.833
718799958,"$13,312.00",1974,11338.0,14336,106,0.148,0.898,0.656
718663983,"$3,466.00",2517,949.0,13140,94,0.726,0.699,0.709
789550458,"$15,223.00",1729,13494.0,14230,111,0.114,0.863,0.79
708226833,"$34,516.00",831,33685.0,13247,107,0.024,0.727,0.754
714361083,"$5,989.00",0,5989.0,5843,60,0.0,0.311,0.176
714608583,"$5,287.00",0,5287.0,8392,69,0.0,0.841,0.683
710775483,"$9,060.00",0,9060.0,14305,102,0.0,0.775,0.645
709410033,"$4,731.00",831,3900.0,14952,118,0.176,0.96,0.788
717173358,"$9,502.00",1881,7621.0,14418,100,0.198,0.717,0.754
719773158,"$29,738.00",2370,27368.0,14270,97,0.08,0.806,0.902
771292233,"$3,918.00",813,3105.0,15867,103,0.208,1.149,1.06
756371058,"$3,944.00",1006,2938.0,15315,124,0.255,0.782,0.851
709476033,"$6,577.00",1800,4777.0,14229,120,0.274,0.786,0.69
770560683,"$34,516.00",2417,32099.0,13021,117,0.07,0.947,0.625
788766933,"$34,516.00",714,33802.0,14279,97,0.021,0.883,0.764
713550483,"$8,670.00",1930,6740.0,13767,96,0.223,0.933,0.655
709928358,"$32,554.00",0,32554.0,8528,87,0.0,0.872,1.122
713895633,"$8,331.00",0,8331.0,14324,103,0.0,0.705,0.689
720471108,"$32,056.00",1668,30388.0,12595,106,0.052,0.771,0.683
718192608,"$15,524.00",1148,14376.0,13819,106,0.074,0.829,0.71
805485933,"$4,010.00",2517,1493.0,14354,101,0.628,0.71,0.629
712517808,"$3,275.00",1525,1750.0,14830,112,0.466,0.749,0.697
780604083,"$18,349.00",1209,17140.0,16422,110,0.066,0.738,0.803
715311183,"$3,388.00",1659,1729.0,13557,100,0.49,0.842,0.724
712265508,"$4,015.00",0,4015.0,8363,65,0.0,1.045,0.806
715051608,"$9,719.00",2517,7202.0,9183,51,0.259,0.906,0.7
757786608,"$4,178.00",2463,1715.0,16216,107,0.59,0.815,0.814
714303483,ERR_VAL,1474,2261.0,15039,130,0.395,0.798,0.757
718728108,"$29,856.00",1576,28280.0,14887,119,0.053,0.8,0.545
710019933,"$11,522.00",1203,10319.0,13720,119,0.104,0.847,0.831
812453283,"$3,161.00",1788,1373.0,13692,117,0.566,0.865,0.828
717439983,"$14,774.00",2517,12257.0,8293,63,0.17,0.979,0.703
714391683,"$34,516.00",2517,31999.0,8248,66,0.073,0.841,0.65
827901183,"$5,118.00",980,4138.0,14593,109,0.191,0.786,0.627
708841233,"$14,682.00",2517,12165.0,8193,72,0.171,1.041,0.846
710663508,"$3,108.00",2280,828.0,14763,99,0.734,0.844,0.8
716439258,"$3,223.00",1413,1810.0,13648,103,0.438,1.009,0.635
719610708,"$28,612.00",2517,26095.0,14727,105,0.088,0.712,0.641
715026258,"$6,224.00",777,5447.0,13503,112,0.125,0.743,0.623
711706458,"$24,134.00",1290,22844.0,13311,110,0.053,0.814,0.642
712180308,"$27,929.00",1898,26031.0,14755,123,0.068,0.725,0.732
802622733,"$3,657.00",0,3657.0,14802,95,0.0,0.785,0.667
778832883,"$8,257.00",961,7296.0,13769,104,0.116,0.741,0.857
788671608,"$23,051.00",1836,21215.0,14393,107,0.08,0.743,0.814
718023708,"$14,839.00",2226,12613.0,14625,115,0.15,0.828,0.769
718692258,"$3,755.00",1591,2164.0,14402,110,0.424,0.883,0.803
718357458,"$3,862.00",0,3862.0,15282,125,0.0,0.807,0.712
714003483,"$7,539.00",0,7539.0,15293,129,0.0,1.023,0.743
713632983,"$10,588.00",503,10085.0,7886,70,0.048,0.918,0.75
711008508,"$11,808.00",0,11808.0,13751,113,0.0,0.813,0.823
815230458,"$15,504.00",1277,14227.0,14181,126,0.082,0.612,0.615
719612583,"$12,091.00",0,12091.0,8127,74,0.0,0.898,0.805
709514433,"$13,818.00",609,13209.0,13209,101,0.044,0.787,0.656
815826708,"$4,442.00",1107,3335.0,14437,109,0.249,0.822,0.912
815520333,"$5,282.00",1144,4138.0,13513,115,0.217,0.8,0.597
718661958,"$34,516.00",1617,32899.0,13083,93,0.047,0.625,0.722
788980983,"$34,516.00",1583,32933.0,12192,112,0.046,0.824,0.672
721171008,"$10,353.00",1520,8833.0,15028,124,0.147,0.724,0.746
714682233,"$9,959.00",0,9959.0,14948,125,0.0,0.751,0.866
720736608,"$6,280.00",2181,4099.0,14109,92,0.347,0.795,0.878
718333983,"$13,694.00",2219,11475.0,9040,63,0.162,1.078,0.8
772207683,"$8,940.00",1518,7422.0,14459,97,0.17,0.726,0.702
714794133,"$6,546.00",1908,4638.0,14103,112,0.291,0.697,0.672
756639708,"$32,587.00",992,31595.0,15958,113,0.03,1.139,0.687
713686008,"$11,474.00",0,11474.0,13041,98,0.0,0.628,0.661
713475633,"$34,516.00",2203,32313.0,14204,96,0.064,0.728,0.92
717518733,"$9,463.00",764,8699.0,7106,61,0.081,0.994,0.906
712532058,"$12,552.00",1405,11147.0,15508,95,0.112,0.702,0.792
789666333,"$21,679.00",1073,20606.0,15581,115,0.049,0.745,0.797
708510858,"$4,905.00",2413,2492.0,15478,109,0.492,0.853,0.73
767023308,"$34,516.00",0,34516.0,12847,106,0.0,0.758,0.738
789289383,"$34,516.00",2120,32396.0,14626,97,0.061,0.9,0.644
708805908,"$10,017.00",726,9291.0,9299,68,0.072,0.924,0.619
710155158,"$31,832.00",518,31314.0,10201,59,0.016,0.972,0.788
713330133,"$5,843.00",1346,4497.0,13299,95,0.23,0.641,0.863
714403983,"$34,427.00",1613,32814.0,13545,112,0.047,0.704,0.672
720353808,"$34,516.00",0,34516.0,9177,50,0.0,0.794,1.083
710362233,"$34,516.00",1723,32793.0,13853,98,0.05,0.628,0.782
771484908,"$34,516.00",1984,32532.0,14969,96,0.057,0.757,0.811
717047583,"$4,779.00",2517,2262.0,8912,63,0.527,0.929,0.658
715694433,"$4,248.00",1177,3071.0,13958,116,0.277,0.821,0.785
793456983,"$7,872.00",989,6883.0,13746,104,0.126,0.809,0.733
715742658,"$6,077.00",1421,4656.0,12489,97,0.234,0.739,0.764
715518783,"$3,882.00",2029,1853.0,13980,128,0.523,0.751,0.707
779514558,"$7,207.00",1645,5562.0,13730,96,0.228,0.969,0.745
720017958,"$6,121.00",1679,4442.0,14224,117,0.274,0.705,0.887
712895733,"$34,516.00",572,33944.0,8659,81,0.017,1.05,1.077
719039283,"$3,535.00",1964,1571.0,14080,85,0.556,0.661,0.809
719629308,"$34,516.00",1783,32733.0,8472,80,0.052,0.821,0.739
754443033,"$34,516.00",432,34084.0,9045,72,0.013,0.807,1.0
716159958,"$6,224.00",1329,4895.0,14238,93,0.214,0.74,0.755
712195383,"$9,178.00",1585,7593.0,14932,110,0.173,0.617,0.803
822885033,"$4,328.00",1493,2835.0,14731,120,0.345,0.651,0.765
716543433,"$9,959.00",1049,8910.0,15195,99,0.105,0.976,0.941
717403158,"$9,634.00",2076,7558.0,14218,102,0.215,0.876,0.759
826065258,"$19,033.00",1555,17478.0,16033,116,0.082,1.001,0.812
709397508,"$8,624.00",1709,6915.0,15738,111,0.198,0.967,0.82
720748608,"$3,575.00",0,3575.0,7672,66,0.0,0.843,0.737
709823733,"$5,508.00",0,5508.0,7507,78,0.0,0.89,0.733
713542908,"$5,871.00",1829,4042.0,15645,117,0.312,0.81,0.746
720512433,"$15,219.00",2281,12938.0,7625,78,0.15,0.832,0.95
713671158,"$34,516.00",2328,32188.0,15754,121,0.067,0.855,0.729
802449933,"$8,147.00",1750,6397.0,14912,114,0.215,0.751,0.869
716723658,"$3,525.00",1519,2006.0,13625,110,0.431,0.685,1.0
710451708,"$9,711.00",972,8739.0,14926,115,0.1,0.647,0.742
809540733,"$11,358.00",1425,9933.0,14327,92,0.125,0.611,0.673
716372358,"$6,765.00",0,6765.0,14133,124,0.0,0.739,0.771
710162133,"$4,725.00",1253,3472.0,9134,77,0.265,1.008,0.974
710878308,"$3,699.00",913,2786.0,7297,71,0.247,0.866,0.69
710262408,"$34,516.00",1666,32850.0,13971,116,0.048,0.82,0.812
713975433,"$8,851.00",1753,7098.0,14783,110,0.198,0.627,0.864
771244383,"$8,506.00",0,8506.0,14289,113,0.0,0.719,0.638
710405808,"$3,442.00",1229,2213.0,14618,100,0.357,0.81,0.724
715542783,"$3,731.00",0,3731.0,13234,92,0.0,0.767,0.84
815840283,"$7,744.00",1893,5851.0,16059,124,0.244,0.813,0.722
788908308,"$5,972.00",0,5972.0,14227,116,0.0,0.606,0.706
789394833,"$21,714.00",1969,19745.0,13270,104,0.091,0.944,0.625
712609533,"$3,371.00",1530,1841.0,13432,118,0.454,0.828,0.815
710237283,"$9,546.00",960,8586.0,14211,111,0.101,0.71,0.657
770766633,"$3,848.00",0,3848.0,14054,105,0.0,0.841,0.694
823837158,"$9,199.00",1230,7969.0,15367,123,0.134,0.591,0.685
712123008,"$13,381.00",1845,11536.0,14532,116,0.138,0.883,0.871
711727083,"$2,833.00",1622,1211.0,14341,101,0.573,0.951,0.712
720033033,"$15,101.00",1396,13705.0,13545,96,0.092,0.692,0.655
787723758,"$3,603.00",1465,2138.0,14235,101,0.407,0.63,0.656
770926158,"$4,132.00",2517,1615.0,13820,129,0.609,0.786,0.697
711360783,"$4,366.00",1870,2496.0,15451,127,0.428,0.814,0.764
708285108,"$6,128.00",2239,3889.0,13505,116,0.365,0.768,0.681
713390433,"$34,516.00",2517,31999.0,6782,67,0.073,0.579,0.763
718096608,"$6,882.00",1930,4952.0,13836,113,0.28,0.915,0.766
719094333,"$13,490.00",1567,11923.0,13159,105,0.116,0.795,0.75
813764283,"$17,978.00",1820,16158.0,15657,114,0.101,0.85,0.81
713398158,"$3,821.00",1673,2148.0,15005,89,0.438,0.869,0.712
711227883,"$3,624.00",1641,1983.0,15824,121,0.453,0.833,0.779
810040908,"$3,787.00",824,2963.0,16220,120,0.218,0.809,0.69
772640808,"$4,623.00",1366,3257.0,14730,118,0.295,0.776,0.735
784907658,"$4,343.00",2220,2123.0,14463,119,0.511,1.045,0.776
794692158,"$17,328.00",0,17328.0,15367,105,0.0,0.82,0.641
718383183,"$3,803.00",2437,1366.0,14397,117,0.641,0.809,0.746
721156758,"$23,889.00",603,23286.0,13360,124,0.025,0.792,0.968
811793433,"$34,516.00",2381,32135.0,15071,103,0.069,0.748,0.717
712010358,"$3,999.00",0,3999.0,7567,76,0.0,0.938,0.652
719420058,"$11,782.00",2177,9605.0,16605,110,0.185,0.875,0.692
809459733,"$3,220.00",0,3220.0,13339,90,0.0,0.782,0.698
798783858,"$9,742.00",2517,7225.0,13082,92,0.258,0.692,0.804
711432258,"$4,178.00",0,4178.0,7914,54,0.0,0.882,0.862
721294533,"$34,516.00",738,33778.0,15143,121,0.021,0.719,0.635
718425333,"$26,819.00",1657,25162.0,14450,111,0.062,0.816,0.762
714294183,"$9,580.00",132,9448.0,5385,51,0.014,0.32,0.308
714637908,"$7,940.00",1669,6271.0,15445,118,0.21,0.696,0.934
712341933,"$34,516.00",1662,32854.0,13578,105,0.048,0.751,0.615
708332808,"$3,471.00",0,3471.0,14381,115,0.0,0.871,0.742
708354858,"$14,938.00",0,14938.0,8192,80,0.0,0.758,0.778
766649283,"$14,072.00",1917,12155.0,13432,107,0.136,0.653,0.981
817951083,"$15,928.00",1527,14401.0,14678,125,0.096,0.838,0.712
708301683,"$20,798.00",1059,19739.0,8038,90,0.051,1.049,0.837
713655108,"$9,752.00",1423,8329.0,14220,108,0.146,0.872,0.964
714560358,"$3,234.00",1514,1720.0,13803,100,0.468,0.846,0.695
712113558,"$24,844.00",1273,23571.0,6549,75,0.051,0.437,0.974
710603958,"$3,090.00",0,3090.0,14198,101,0.0,0.769,0.804
720597108,"$9,943.00",2138,7805.0,8325,54,0.215,0.949,1.0
713810658,"$3,384.00",799,2585.0,13152,100,0.236,0.737,0.754
721519908,"$3,640.00",1419,2221.0,13306,99,0.39,0.749,0.678
712025958,"$34,516.00",1420,33096.0,14672,110,0.041,0.848,0.803
794740458,"$10,186.00",1608,8578.0,14023,106,0.158,0.712,0.767
709814883,"$15,987.00",2262,13725.0,15513,127,0.141,0.714,0.649
719767683,"$16,983.00",0,16983.0,8526,79,0.0,1.061,0.837
715321008,"$34,516.00",2517,31999.0,7866,63,0.073,1.052,0.75
710106933,"$34,516.00",2136,32380.0,14667,119,0.062,0.849,0.75
716655858,"$34,516.00",0,34516.0,14036,99,0.0,0.768,0.768
778260108,"$4,268.00",1509,2759.0,14351,112,0.354,0.562,0.867
713986908,"$10,748.00",1084,9664.0,16541,126,0.101,0.868,0.68
780042633,"$31,718.00",0,31718.0,7432,64,0.0,0.91,0.641
713269533,"$9,959.00",2517,7442.0,8847,85,0.253,0.884,0.771
713868033,"$34,516.00",1484,33032.0,16373,114,0.043,1.015,0.9
708103608,"$11,898.00",2517,9381.0,15798,128,0.212,0.745,0.73
789684258,"$34,516.00",1847,32669.0,7842,61,0.054,0.557,0.794
779067408,"$13,056.00",1890,11166.0,14280,102,0.145,0.713,0.672
712231308,"$14,002.00",1413,12589.0,13849,128,0.101,0.621,0.882
761079783,"$5,500.00",442,5058.0,7720,67,0.08,0.609,0.558
787518258,"$8,549.00",0,8549.0,9192,77,0.0,1.023,0.791
717631908,"$4,390.00",0,4390.0,8454,69,0.0,1.005,0.769
769396158,"$24,884.00",0,24884.0,5107,53,0.0,0.072,0.293
713462508,"$3,591.00",1760,1831.0,13289,121,0.49,0.507,0.754
716717733,"$4,841.00",859,3982.0,8918,87,0.177,1.003,0.977
709383933,"$4,246.00",2517,1729.0,8102,66,0.593,0.951,0.886
717283008,"$7,469.00",1378,6091.0,15225,108,0.184,0.859,0.862
793449333,"$29,974.00",2114,27860.0,15190,115,0.071,0.925,0.855
710873583,"$20,724.00",2221,18503.0,14215,109,0.107,0.769,0.703
718486608,"$21,079.00",1431,19648.0,13930,96,0.068,0.688,0.655
716748483,"$3,720.00",1569,2151.0,16208,129,0.422,0.891,0.792
715113933,"$11,077.00",573,10504.0,8165,87,0.052,0.973,0.776
711160233,"$12,024.00",0,12024.0,14551,105,0.0,0.823,0.78
715714458,"$4,446.00",0,4446.0,8753,76,0.0,0.963,0.949
709615458,"$34,516.00",862,33654.0,15034,111,0.025,0.815,0.762
719955558,ERR_VAL,0,11511.0,14436,123,0.0,0.867,0.64
713072358,"$34,516.00",1356,33160.0,12878,104,0.039,0.71,0.825
721402233,"$19,192.00",1507,17685.0,15615,125,0.079,0.594,0.736
713691633,"$3,076.00",0,3076.0,15514,123,0.0,0.924,0.892
708866133,"$4,196.00",1331,2865.0,14545,116,0.317,0.537,0.841
757256358,"$3,243.00",1580,1663.0,15710,122,0.487,1.075,0.743
784868958,"$17,542.00",2517,15025.0,13939,138,0.143,0.8,0.792
710845308,"$32,949.00",1190,31759.0,14892,113,0.036,0.664,0.638
719368533,"$32,250.00",1289,30961.0,15785,100,0.04,0.703,0.786
718337733,"$34,516.00",1826,32690.0,14994,121,0.053,0.718,0.833
715132758,"$23,981.00",2114,21867.0,15281,100,0.088,0.721,0.724
712556433,"$4,090.00",1649,2441.0,15497,92,0.403,0.752,0.673
718947558,"$4,251.00",2295,1956.0,15574,115,0.54,0.628,0.797
710303208,"$4,119.00",2517,1602.0,15215,121,0.611,0.754,0.862
804158583,"$13,399.00",1456,11943.0,16493,122,0.109,0.856,0.649
711720408,"$9,070.00",1273,7797.0,15211,129,0.14,0.637,0.743
715808808,"$7,469.00",1216,6253.0,13614,104,0.163,0.771,0.6
715076358,"$23,714.00",0,23714.0,8463,62,0.0,0.981,0.824
718343058,"$5,240.00",2517,2723.0,14161,105,0.48,0.78,0.875
769667583,"$3,744.00",0,3744.0,8202,69,0.0,0.796,0.769
709013208,"$15,594.00",1690,13904.0,16101,127,0.108,0.69,0.608
716004258,"$8,449.00",2092,6357.0,17634,120,0.248,0.709,0.667
715645908,"$34,516.00",0,34516.0,8480,71,0.0,0.969,0.821
717724233,"$9,959.00",734,9225.0,16732,116,0.074,0.86,0.812
719850933,"$4,192.00",1734,2458.0,13345,106,0.414,0.753,0.893
790131033,"$3,416.00",2517,899.0,14230,105,0.737,0.925,0.78
721211433,"$3,322.00",0,3322.0,13784,108,0.0,0.758,0.588
721290708,"$14,217.00",1816,12401.0,15554,99,0.128,0.978,0.678
712107783,"$17,350.00",1817,15533.0,16132,118,0.105,0.816,0.873
818960133,"$13,784.00",698,13086.0,13120,91,0.051,0.75,0.784
713560758,"$3,181.00",2087,1094.0,13392,92,0.656,0.752,0.736
718579833,"$5,325.00",2488,2837.0,13674,101,0.467,0.926,0.836
778643733,"$23,981.00",1454,22527.0,9140,64,0.061,0.925,0.684
770977833,"$3,920.00",0,3920.0,16500,102,0.0,0.813,0.729
708721533,"$5,158.00",1148,4010.0,13113,128,0.223,0.637,0.882
772300383,"$5,073.00",1533,3540.0,13420,122,0.302,0.654,0.743
751155783,"$4,074.00",1868,2206.0,15005,118,0.459,0.688,0.761
768457008,"$10,284.00",787,9497.0,13355,92,0.077,0.739,0.84
794494308,"$34,516.00",2070,32446.0,13781,102,0.06,0.88,0.545
710980383,"$34,516.00",0,34516.0,6361,74,0.0,0.534,1.114
716663808,"$3,999.00",721,3278.0,15443,102,0.18,0.847,0.672
712912233,"$3,468.00",2221,1247.0,14222,122,0.64,0.783,0.627
717992433,"$11,900.00",1796,10104.0,14666,101,0.151,0.651,0.98
709971708,"$9,701.00",0,9701.0,9404,62,0.0,1.024,0.824
715600533,"$34,516.00",1357,33159.0,13722,124,0.039,0.687,0.746
710153583,"$6,075.00",0,6075.0,9242,63,0.0,0.923,0.909
794132808,"$13,035.00",1285,11750.0,14585,97,0.099,0.761,0.98
720565458,"$17,306.00",0,17306.0,6205,65,0.0,0.4,0.806
715496058,"$15,987.00",0,15987.0,7832,73,0.0,0.598,0.78
709015833,"$34,516.00",0,34516.0,12920,132,0.0,0.774,0.737
718612758,"$34,516.00",939,33577.0,15552,107,0.027,0.826,0.754
712438308,"$7,469.00",0,7469.0,16730,122,0.0,0.688,0.718
716238483,"$12,918.00",2352,10566.0,9138,76,0.182,1.008,0.9
718297683,"$4,085.00",0,4085.0,7597,71,0.0,0.787,0.69
712206033,"$3,705.00",1355,2350.0,16089,119,0.366,0.742,0.725
710904708,"$5,319.00",921,4398.0,15048,110,0.173,0.866,0.618
711190233,"$4,549.00",990,3559.0,13804,123,0.218,0.745,0.732
710535708,"$15,894.00",1293,14601.0,14256,118,0.081,0.693,0.735
794573883,"$17,894.00",2517,15377.0,15305,111,0.141,0.731,0.586
719118708,"$5,855.00",0,5855.0,9202,80,0.0,0.962,0.86
790201158,"$13,062.00",1731,11331.0,13609,108,0.133,0.936,0.565
779333883,"$7,428.00",0,7428.0,8078,62,0.0,0.873,0.722
719805183,"$8,848.00",961,7887.0,15352,117,0.109,0.884,0.671
721220583,"$7,362.00",1176,6186.0,17390,130,0.16,0.735,0.688
779685558,"$34,516.00",2088,32428.0,15290,123,0.06,0.822,0.732
713965683,"$4,380.00",0,4380.0,17258,121,0.0,0.719,0.704
710667708,"$12,510.00",1871,10639.0,14018,128,0.15,0.748,0.778
718979733,"$23,712.00",2195,21517.0,16258,115,0.093,0.754,0.855
712104333,"$9,149.00",1254,7895.0,14401,100,0.137,0.762,0.754
793560033,"$34,516.00",1930,32586.0,16369,125,0.056,0.93,0.736
779920533,"$3,784.00",2517,1267.0,15199,96,0.665,0.648,0.684
717480783,"$9,680.00",2101,7579.0,15152,100,0.217,0.626,0.695
709066983,"$34,516.00",2353,32163.0,15214,129,0.068,0.667,0.675
718528008,"$3,845.00",1460,2385.0,14432,106,0.38,0.857,0.828
712390683,"$13,409.00",1255,12154.0,15573,99,0.094,0.742,0.768
826245858,"$34,516.00",0,34516.0,7661,79,0.0,0.801,1.079
712966458,"$8,065.00",0,8065.0,14807,115,0.0,0.729,0.769
709467183,"$20,501.00",561,19940.0,15162,99,0.027,0.779,0.678
710529708,"$23,260.00",1476,21784.0,15140,105,0.063,0.975,0.81
789817833,"$9,073.00",2466,6607.0,6793,60,0.272,0.446,1.069
712363158,"$20,101.00",1299,18802.0,14732,115,0.065,0.858,0.855
717060858,"$6,911.00",2517,4394.0,8123,71,0.364,0.934,0.732
718060983,"$3,423.00",2186,1237.0,14037,120,0.639,0.671,0.875
711600033,"$10,729.00",0,10729.0,14364,108,0.0,0.68,0.636
709910733,"$34,516.00",1963,32553.0,13174,86,0.057,0.758,0.792
757291008,"$34,516.00",289,34227.0,8964,76,0.008,0.95,1.054
819376683,"$28,570.00",2027,26543.0,15130,102,0.071,0.749,0.759
720458883,"$12,495.00",2517,9978.0,14524,106,0.201,0.827,0.683
708963258,"$13,344.00",1907,11437.0,8534,86,0.143,0.832,0.83
711746133,"$32,563.00",0,32563.0,9220,81,0.0,1.013,0.884
715249533,"$3,375.00",0,3375.0,13992,103,0.0,0.629,0.807
708522033,"$12,299.00",1664,10635.0,15060,90,0.135,0.879,0.915
708496833,"$4,613.00",0,4613.0,8970,78,0.0,0.978,1.294
717464958,"$10,858.00",0,10858.0,14475,111,0.0,0.787,0.682
751166508,"$34,516.00",2293,32223.0,14287,114,0.066,0.799,0.754
795218883,"$4,207.00",1556,2651.0,15312,122,0.37,0.658,0.718
710856558,"$3,336.00",1889,1447.0,13989,105,0.566,0.85,0.567
721107258,"$5,465.00",1967,3498.0,14192,115,0.36,0.644,0.667
716457783,"$12,633.00",1661,10972.0,14378,98,0.131,0.718,0.69
710810883,"$34,516.00",1260,33256.0,14576,95,0.037,0.877,0.759
710895708,"$3,876.00",0,3876.0,7712,73,0.0,0.848,0.825
789200208,"$3,326.00",2181,1145.0,13583,110,0.656,0.827,0.746
718578708,"$34,516.00",1562,32954.0,14212,100,0.045,0.618,0.667
719859033,"$3,264.00",0,3264.0,6439,63,0.0,0.549,0.75
713036208,"$6,903.00",2091,4812.0,15751,107,0.303,0.919,0.911
771769383,"$2,940.00",0,2940.0,14792,120,0.0,0.962,0.875
718316058,"$13,731.00",1375,12356.0,14826,99,0.1,0.878,0.707
710155983,"$4,826.00",0,4826.0,8585,62,0.0,0.954,1.0
779571708,"$4,259.00",0,4259.0,7993,71,0.0,0.934,0.651
718042383,"$3,523.00",1379,2144.0,15108,118,0.391,0.71,0.71
710244108,"$34,516.00",1543,32973.0,13967,101,0.045,0.774,0.712
806649333,"$16,998.00",1404,15594.0,13977,127,0.083,0.785,0.693
789280683,"$11,714.00",898,10816.0,13956,122,0.077,0.726,0.718
713318733,"$4,097.00",0,4097.0,8376,64,0.0,0.836,0.684
709611183,"$3,952.00",0,3952.0,8241,82,0.0,1.002,0.952
712441308,"$29,295.00",0,29295.0,9865,65,0.0,1.411,0.711
709315383,"$26,423.00",0,26423.0,13575,108,0.0,0.671,0.77
710141208,"$3,196.00",1817,1379.0,13300,104,0.569,0.731,0.677
711684408,"$4,935.00",1574,3361.0,8527,84,0.319,1.01,0.5
758331483,"$34,516.00",984,33532.0,15347,109,0.029,0.913,0.787
715825458,"$12,933.00",2239,10694.0,6564,56,0.173,0.445,0.514
708248358,"$29,937.00",0,29937.0,14863,109,0.0,0.746,0.627
779808333,"$8,881.00",1901,6980.0,15530,110,0.214,0.808,0.692
715989108,"$27,514.00",1834,25680.0,12841,100,0.067,0.769,0.786
714912408,"$32,275.00",1845,30430.0,14917,88,0.057,0.841,0.796
827683383,"$4,107.00",2517,1590.0,16027,112,0.613,0.779,0.723
719595708,"$7,469.00",1294,6175.0,15212,124,0.173,0.869,0.746
711566208,"$5,023.00",1857,3166.0,14111,98,0.37,0.631,0.69
711161133,"$6,071.00",0,6071.0,9338,59,0.0,0.912,0.903
715052583,"$27,494.00",879,26615.0,14375,112,0.032,0.671,0.672
714586458,"$7,106.00",2031,5075.0,16377,124,0.286,0.746,0.746
711523533,"$17,230.00",1805,15425.0,14781,130,0.105,0.788,0.857
756658083,"$30,885.00",2018,28867.0,17350,115,0.065,0.904,0.62
709247808,"$3,629.00",2517,1112.0,14205,102,0.694,0.735,0.759
713242383,"$34,516.00",796,33720.0,7721,75,0.023,0.841,0.667
717135333,"$17,970.00",1390,16580.0,13204,97,0.077,0.724,0.796
716150358,"$10,343.00",2070,8273.0,14805,115,0.2,0.747,0.769
717457008,"$9,267.00",0,9267.0,7991,90,0.0,0.866,1.093
711822933,"$2,985.00",1651,1334.0,14187,103,0.553,0.693,0.873
803968233,"$14,386.00",2517,11869.0,13377,114,0.175,0.735,0.869
779037408,"$3,581.00",694,2887.0,14637,109,0.194,0.673,0.787
709007883,"$3,079.00",1267,1812.0,14540,104,0.411,0.65,0.552
714635883,"$3,594.00",1996,1598.0,14881,109,0.555,0.795,0.703
779914383,"$10,488.00",1636,8852.0,14719,116,0.156,0.681,0.681
712841883,"$34,516.00",2517,31999.0,7155,66,0.073,0.735,0.65
719582058,"$24,001.00",1629,22372.0,9102,75,0.068,0.965,0.974
708387933,"$5,500.00",0,5500.0,14357,110,0.0,0.675,0.618
717251508,"$34,516.00",0,34516.0,14127,116,0.0,0.776,0.731
710699283,"$7,790.00",1921,5869.0,14567,131,0.247,0.789,0.617
709141908,"$10,301.00",2451,7850.0,16359,111,0.238,0.906,0.657
720356133,"$23,939.00",1419,22520.0,14812,101,0.059,0.785,0.804
717788958,"$21,615.00",570,21045.0,16464,103,0.026,0.737,0.717
778563858,"$8,712.00",991,7721.0,14512,115,0.114,0.615,0.769
711096633,"$12,203.00",0,12203.0,8600,94,0.0,0.9,0.843
716816583,"$15,483.00",2148,13335.0,14463,94,0.139,0.738,0.774
708555633,"$3,548.00",2517,1031.0,15157,97,0.709,0.818,0.865
714638883,"$4,661.00",1835,2826.0,14257,110,0.394,0.999,0.964
809147283,"$15,987.00",1372,14615.0,15058,109,0.086,0.649,0.912
708197358,"$30,543.00",264,30279.0,7784,63,0.009,0.882,0.703
757247808,"$5,230.00",2517,2713.0,9495,61,0.481,0.937,0.605
820922733,"$34,516.00",0,34516.0,14160,124,0.0,0.674,0.771
807977808,"$3,246.00",2517,729.0,13671,103,0.775,0.722,0.689
712863183,"$10,018.00",829,9189.0,13819,114,0.083,0.844,0.81
778825908,"$10,272.00",1523,8749.0,14321,113,0.148,0.869,0.794
713379258,"$4,097.00",1293,2804.0,15925,100,0.316,0.671,0.786
710232483,"$19,846.00",2162,17684.0,16908,122,0.109,0.602,0.694
710170758,"$4,469.00",2331,2138.0,8314,67,0.522,1.006,0.763
803421108,"$20,701.00",2517,18184.0,14374,113,0.122,1.023,0.823
792152283,"$8,426.00",0,8426.0,14378,103,0.0,0.96,0.717
717291333,"$16,722.00",0,16722.0,15110,113,0.0,0.719,0.823
714928158,"$34,516.00",806,33710.0,13434,102,0.023,0.755,0.672
780511683,"$4,413.00",232,4181.0,7869,76,0.053,0.799,0.767
772491333,"$5,342.00",2005,3337.0,14738,94,0.375,0.682,0.709
719847108,"$8,455.00",2517,5938.0,8124,73,0.298,0.809,1.028
808045833,"$7,659.00",1698,5961.0,15860,105,0.222,0.992,0.75
708385533,"$11,059.00",0,11059.0,9524,80,0.0,0.99,0.905
770205708,"$4,093.00",0,4093.0,15495,112,0.0,0.697,0.778
719379858,"$24,239.00",0,24239.0,8549,73,0.0,0.94,0.78
709657533,"$7,793.00",2270,5523.0,8260,54,0.291,0.945,0.5
798788958,"$6,407.00",1130,5277.0,14471,93,0.176,0.756,0.603
720011958,"$6,024.00",1532,4492.0,15763,97,0.254,0.867,0.83
708982158,"$3,352.00",2122,1230.0,14802,106,0.633,0.701,0.797
710803983,"$32,222.00",0,32222.0,14220,95,0.0,0.844,0.61
719768658,"$34,516.00",2032,32484.0,14544,104,0.059,0.82,0.705
711355908,"$34,516.00",941,33575.0,12042,117,0.027,0.659,0.857
813153108,"$31,091.00",966,30125.0,14565,108,0.031,0.57,0.742
712487883,"$7,464.00",0,7464.0,9071,74,0.0,0.865,1.0
753220383,"$11,722.00",0,11722.0,8302,78,0.0,0.778,0.902
708340758,"$7,769.00",0,7769.0,8109,74,0.0,0.943,0.762
720852108,"$3,569.00",1553,2016.0,16695,116,0.435,0.798,0.681
716728233,"$3,216.00",1480,1736.0,14178,123,0.46,0.733,0.809
711863433,"$3,789.00",1782,2007.0,15670,116,0.47,0.85,0.785
779422458,"$3,533.00",1206,2327.0,16339,120,0.341,0.859,0.579
715573758,"$34,516.00",1816,32700.0,15226,113,0.053,0.995,0.712
794530608,"$27,229.00",0,27229.0,13264,120,0.0,0.795,0.667
718376583,"$34,516.00",751,33765.0,5806,40,0.022,0.357,0.429
720827133,"$6,261.00",463,5798.0,8132,64,0.074,0.889,0.6
767414808,"$6,996.00",2092,4904.0,15017,120,0.299,0.794,0.765
718919433,"$4,440.00",1149,3291.0,14973,112,0.259,0.842,0.723
708694983,"$3,150.00",2222,928.0,14750,96,0.705,0.794,0.655
719270358,"$4,288.00",1678,2610.0,15505,113,0.391,0.643,0.687
708948483,"$34,516.00",761,33755.0,8444,68,0.022,0.838,0.744
708462258,"$5,189.00",1171,4018.0,16563,94,0.226,0.732,0.741
716721483,"$14,458.00",2017,12441.0,8696,72,0.14,0.99,0.895
799011558,"$16,909.00",1171,15738.0,15740,120,0.069,0.767,0.739
710697408,"$6,739.00",896,5843.0,15471,115,0.133,0.765,0.855
710527533,"$4,982.00",0,4982.0,8586,58,0.0,0.886,1.0
709996833,"$12,359.00",0,12359.0,7528,70,0.0,0.843,0.628
718531983,"$9,959.00",2068,7891.0,13810,124,0.208,0.741,0.797
715554708,"$8,507.00",1484,7023.0,14949,114,0.174,0.709,0.727
718774533,"$15,355.00",1823,13532.0,15053,111,0.119,0.809,1.018
712337208,"$23,731.00",1890,21841.0,13647,93,0.08,0.677,0.576
714022833,"$17,909.00",0,17909.0,5977,58,0.0,0.225,0.487
710026458,"$3,995.00",2475,1520.0,12575,99,0.62,0.817,0.8
710178558,"$34,516.00",2517,31999.0,9314,89,0.073,0.956,0.978
768712383,"$34,516.00",0,34516.0,8173,91,0.0,0.757,1.022
711156858,"$8,297.00",2517,5780.0,9819,74,0.303,0.899,0.682
719799033,"$5,520.00",2448,3072.0,14330,116,0.443,0.862,0.681
720788883,"$3,736.00",2209,1527.0,15886,118,0.591,0.98,0.662
710306358,"$9,664.00",1983,7681.0,7995,56,0.205,0.873,0.806
758617233,"$4,132.00",1559,2573.0,14781,108,0.377,0.827,0.688
720163458,"$28,043.00",1786,26257.0,14521,109,0.064,0.802,0.847
708482658,"$9,959.00",1946,8013.0,15594,114,0.195,0.725,0.676
826148883,"$16,453.00",1660,14793.0,14762,108,0.101,0.629,0.742
779055033,"$8,256.00",2416,5840.0,8104,64,0.293,0.696,0.73
713118183,"$13,427.00",1562,11865.0,13117,108,0.116,0.537,0.714
714103083,"$3,263.00",1525,1738.0,14649,110,0.467,0.542,0.833
714145233,"$34,516.00",400,34116.0,5112,49,0.012,0.202,0.256
719547033,"$23,502.00",0,23502.0,7957,60,0.0,0.839,0.875
720899058,"$7,685.00",2517,5168.0,13604,116,0.328,0.745,0.731
789432033,"$4,065.00",230,3835.0,7844,64,0.057,0.779,0.73
717214158,"$9,815.00",0,9815.0,15475,94,0.0,0.859,0.679
715269483,"$17,374.00",2517,14857.0,15473,128,0.145,0.743,0.707
718805733,"$7,093.00",2517,4576.0,13937,120,0.355,0.745,0.846
789780033,"$34,516.00",917,33599.0,14202,114,0.027,0.764,0.781
716482533,"$3,329.00",0,3329.0,14893,98,0.0,0.814,0.815
708319908,"$4,116.00",1473,2643.0,8667,70,0.358,1.023,0.892
711663858,"$20,030.00",1204,18826.0,15862,127,0.06,0.979,0.693
716894658,"$8,687.00",1763,6924.0,16824,123,0.203,0.796,0.708
714082308,"$8,656.00",0,8656.0,8056,89,0.0,0.893,0.935
708082083,"$3,544.00",1661,1883.0,15149,111,0.469,0.831,0.734
714820158,"$5,988.00",660,5328.0,10211,68,0.11,1.041,1.0
713347608,"$4,917.00",0,4917.0,9442,69,0.0,0.972,0.917
721395633,"$18,591.00",994,17597.0,15063,108,0.053,0.737,0.662
721438233,"$3,297.00",1761,1536.0,15580,120,0.534,0.879,0.739
713987808,"$5,702.00",2165,3537.0,14970,120,0.38,0.79,0.935
721086483,"$10,982.00",2517,8465.0,13563,97,0.229,0.84,0.732
709969758,"$34,516.00",1774,32742.0,13966,115,0.051,0.667,0.667
801502008,"$20,144.00",1195,18949.0,14287,106,0.059,0.67,0.828
819051183,"$16,349.00",1925,14424.0,16207,114,0.118,0.833,0.81
710858658,"$10,610.00",0,10610.0,15050,108,0.0,0.664,0.742
716002458,"$7,386.00",656,6730.0,15691,126,0.089,0.885,0.68
718080558,"$4,720.00",0,4720.0,8798,67,0.0,0.978,0.675
788019483,"$3,660.00",766,2894.0,14515,122,0.209,0.535,0.848
716151858,"$12,932.00",1893,11039.0,15372,97,0.146,0.804,0.796
717241233,"$6,089.00",1341,4748.0,14112,123,0.22,0.757,0.809
713880633,"$5,905.00",0,5905.0,8883,83,0.0,0.797,0.729
712374708,"$23,103.00",897,22206.0,14049,120,0.039,0.913,0.714
721145433,"$11,280.00",1523,9757.0,16237,128,0.135,0.765,0.753
711398433,"$16,565.00",1200,15365.0,16736,99,0.072,0.68,0.8
715601808,"$34,516.00",2253,32263.0,16692,131,0.065,1.032,0.795
717324183,"$14,305.00",1288,13017.0,14769,119,0.09,0.774,0.63
720557883,"$6,104.00",1595,4509.0,15240,102,0.261,0.619,0.729
708759408,"$4,207.00",0,4207.0,15124,108,0.0,0.923,0.714
719430483,"$34,516.00",1476,33040.0,14145,119,0.043,0.763,0.776
758753283,"$34,516.00",550,33966.0,7341,71,0.016,0.674,0.732
716933283,"$34,516.00",1882,32634.0,14738,116,0.055,0.743,0.758
773172483,"$4,063.00",0,4063.0,7463,70,0.0,0.776,0.707
721459008,"$11,791.00",1168,10623.0,14885,101,0.099,0.662,0.629
710639658,"$17,744.00",829,16915.0,9658,78,0.047,0.851,0.773
710710233,"$34,516.00",0,34516.0,15560,100,0.0,0.849,0.724
708996708,"$21,032.00",1409,19623.0,15584,105,0.067,0.767,0.81
713315433,"$18,571.00",0,18571.0,15802,118,0.0,0.594,0.686
712941483,"$3,735.00",0,3735.0,6826,61,0.0,0.762,0.848
789890958,"$10,948.00",482,10466.0,16230,111,0.044,0.742,0.947
714757083,"$29,076.00",0,29076.0,8765,84,0.0,0.77,1.211
789237333,"$20,237.00",1593,18644.0,15041,102,0.079,0.811,1.0
714949758,"$34,516.00",1913,32603.0,16712,123,0.055,0.851,0.708
714136233,"$34,516.00",0,34516.0,8417,72,0.0,0.854,0.714
778888083,"$4,307.00",0,4307.0,8697,62,0.0,0.743,0.59
710923533,"$34,516.00",0,34516.0,15611,127,0.0,0.604,0.693
709385133,"$14,828.00",1513,13315.0,15572,113,0.102,0.748,0.614
716836308,"$3,839.00",1139,2700.0,14791,124,0.297,0.632,0.771
720633558,"$3,727.00",995,2732.0,14786,101,0.267,0.743,0.656
712846458,"$14,290.00",1432,12858.0,14709,125,0.1,0.815,0.689
709399908,"$7,594.00",1442,6152.0,15026,99,0.19,0.753,0.678
772698783,"$8,416.00",1549,6867.0,13988,124,0.184,0.643,0.771
718665033,"$34,140.00",0,34140.0,8177,76,0.0,0.877,0.52
771561183,"$13,753.00",2517,11236.0,7464,66,0.183,0.652,0.692
789008508,"$3,472.00",1687,1785.0,13999,119,0.486,0.645,0.725
719439108,"$15,315.00",1613,13702.0,14728,100,0.105,0.859,0.754
720817533,"$12,086.00",1264,10822.0,15559,91,0.105,0.986,0.717
813901458,"$34,516.00",1642,32874.0,14954,95,0.048,0.709,0.696
717783483,"$5,016.00",2286,2730.0,17038,122,0.456,0.669,0.649
718299933,"$4,333.00",739,3594.0,15903,100,0.171,0.69,0.754
789074358,"$10,325.00",0,10325.0,16856,122,0.0,0.866,0.718
712036383,"$18,418.00",0,18418.0,9980,68,0.0,0.918,0.744
720618033,"$9,633.00",0,9633.0,14829,90,0.0,0.638,0.8
720415833,"$3,842.00",1563,2279.0,14751,107,0.407,0.781,0.726
720385608,"$20,958.00",1936,19022.0,14314,99,0.092,0.772,0.768
709937583,"$3,024.00",1835,1189.0,14220,108,0.607,0.793,0.662
770743983,"$8,698.00",874,7824.0,15683,94,0.1,0.708,0.709
715671183,"$6,824.00",2517,4307.0,9045,67,0.369,0.972,0.595
711283008,"$34,516.00",0,34516.0,16019,105,0.0,0.732,0.694
778873608,"$34,516.00",1984,32532.0,14335,116,0.057,0.734,0.758
709592808,"$3,311.00",1556,1755.0,14470,103,0.47,0.652,0.746
773306658,"$4,752.00",1230,3522.0,15678,103,0.259,0.883,0.717
822084333,"$4,041.00",0,4041.0,8219,84,0.0,0.67,0.909
708821733,"$19,713.00",531,19182.0,8301,70,0.027,0.792,0.591
711070683,"$6,725.00",493,6232.0,13891,106,0.073,0.72,0.606
772596783,"$15,261.00",1109,14152.0,15442,125,0.073,0.655,0.761
806917983,"$33,779.00",1526,32253.0,15200,126,0.045,0.879,0.8
719329983,"$15,648.00",0,15648.0,13784,88,0.0,0.731,0.913
710190858,"$9,283.00",2288,6995.0,13804,110,0.246,0.928,0.719
708880683,"$3,970.00",892,3078.0,13697,102,0.225,0.772,0.759
709332408,"$6,159.00",1640,4519.0,13517,106,0.266,0.619,0.656
710751033,"$4,829.00",0,4829.0,8286,65,0.0,0.836,0.857
710679933,"$15,633.00",0,15633.0,8660,58,0.0,0.984,0.758
710849208,"$34,516.00",1652,32864.0,14738,113,0.048,0.756,0.766
710056758,"$10,017.00",1850,8167.0,15635,116,0.185,0.622,0.681
713520858,"$3,895.00",1981,1914.0,16023,119,0.509,0.839,0.725
714710733,"$5,611.00",0,5611.0,16557,120,0.0,0.697,0.622
766769058,"$22,722.00",1790,20932.0,15817,121,0.079,0.813,0.754
716990883,"$16,033.00",766,15267.0,15260,115,0.048,0.682,0.855
718298733,"$12,978.00",0,12978.0,14134,85,0.0,0.628,0.7
717174558,"$9,129.00",0,9129.0,7733,81,0.0,0.733,0.884
714543633,"$7,500.00",0,7500.0,8024,78,0.0,0.576,0.696
715756683,"$14,804.00",1696,13108.0,15237,111,0.115,0.959,0.734
719400108,"$34,516.00",1084,33432.0,14319,124,0.031,0.686,0.699
710463408,"$9,683.00",1116,8567.0,15627,104,0.115,0.721,0.825
708245808,"$19,671.00",924,18747.0,13908,124,0.047,0.82,0.676
799253808,"$34,516.00",1294,33222.0,13845,120,0.037,0.679,0.791
716552433,"$5,056.00",1067,3989.0,15926,117,0.211,0.749,0.519
780118158,"$3,585.00",2420,1165.0,15656,124,0.675,0.812,0.746
713668158,"$21,067.00",0,21067.0,9212,71,0.0,0.995,0.821
709249083,"$4,283.00",0,4283.0,8672,64,0.0,0.878,1.207
717081483,"$25,187.00",2209,22978.0,16606,96,0.088,0.799,0.778
718455633,"$7,469.00",2517,4952.0,16328,124,0.337,0.656,0.771
708974283,"$18,142.00",0,18142.0,15427,95,0.0,0.857,0.792
713399583,"$29,865.00",2097,27768.0,8636,74,0.07,0.902,0.947
713293983,"$3,388.00",2517,871.0,15313,91,0.743,0.919,0.784
714785508,"$34,516.00",1313,33203.0,15154,99,0.038,0.583,0.833
827318958,"$9,431.00",1785,7646.0,14261,99,0.189,0.603,0.65
718496283,"$30,770.00",2228,28542.0,15998,121,0.072,0.712,0.704
709608708,"$6,500.00",2517,3983.0,9451,79,0.387,0.915,0.646
710939283,"$4,209.00",1300,2909.0,16078,105,0.309,0.75,0.615
770824833,"$3,657.00",1135,2522.0,16236,94,0.31,0.795,0.808
779082633,"$4,107.00",979,3128.0,14596,104,0.238,0.647,0.733
720515883,"$3,638.00",0,3638.0,16469,115,0.0,0.837,0.667
747885858,"$8,325.00",2048,6277.0,14571,91,0.246,0.92,0.655
779140533,"$27,124.00",2311,24813.0,15195,121,0.085,0.73,0.729
716619558,"$13,747.00",1941,11806.0,16401,119,0.141,0.748,0.608
788633733,"$28,174.00",1173,27001.0,16258,108,0.042,0.779,0.714
715291908,"$11,109.00",2045,9064.0,13988,92,0.184,0.625,0.84
709977933,"$9,959.00",199,9760.0,8517,60,0.02,1.003,0.5
716454858,"$4,014.00",2266,1748.0,14257,94,0.565,0.718,0.958
720539583,"$21,226.00",1202,20024.0,14103,96,0.057,0.755,0.655
739021908,"$3,681.00",0,3681.0,13222,112,0.0,0.693,0.931
711289533,"$26,710.00",1681,25029.0,14043,117,0.063,0.741,0.746
716464533,"$9,550.00",2517,7033.0,13783,116,0.264,0.713,0.841
710590683,"$16,127.00",0,16127.0,7729,82,0.0,0.769,1.0
710081208,"$4,935.00",0,4935.0,7886,64,0.0,0.713,0.882
717482658,"$18,022.00",0,18022.0,14485,106,0.0,0.823,0.738
712246983,"$16,748.00",2413,14335.0,15338,121,0.144,0.769,0.635
711460458,"$10,973.00",0,10973.0,10583,75,0.0,0.792,0.786
713159133,"$14,143.00",1472,12671.0,13785,117,0.104,0.777,0.648
710047533,"$34,516.00",2201,32315.0,8614,63,0.064,0.978,0.75
716708583,"$7,684.00",0,7684.0,7667,68,0.0,0.61,0.789
712766208,"$34,516.00",0,34516.0,8603,84,0.0,0.732,0.615
715150983,"$26,021.00",0,26021.0,8898,60,0.0,1.04,0.538
717991533,"$3,843.00",1460,2383.0,16461,105,0.38,0.811,0.909
797641683,"$14,840.00",2043,12797.0,16256,111,0.138,0.778,0.85
714879483,"$3,929.00",542,3387.0,7773,64,0.138,0.811,0.73
720105933,"$11,427.00",2307,9120.0,15243,107,0.202,0.848,0.754
804670758,"$20,974.00",2249,18725.0,15903,121,0.107,0.567,0.571
818987958,"$3,771.00",0,3771.0,14662,125,0.0,0.675,0.667
824160333,"$23,362.00",1453,21909.0,15399,116,0.062,0.848,0.841
714919308,"$8,135.00",0,8135.0,8620,67,0.0,0.841,0.971
717928308,"$13,669.00",1774,11895.0,15772,130,0.13,0.653,0.625
788890533,"$34,516.00",2305,32211.0,13756,106,0.067,0.586,0.71
779692608,"$9,764.00",0,9764.0,15097,115,0.0,0.689,0.797
717774333,"$8,431.00",0,8431.0,5189,57,0.0,0.222,0.357
718140783,"$10,585.00",1749,8836.0,18484,108,0.165,0.655,0.588
714465558,"$34,516.00",2205,32311.0,15033,98,0.064,0.897,0.922
804431283,"$7,882.00",1101,6781.0,14651,120,0.14,0.682,0.6
715199808,"$33,905.00",2070,31835.0,15335,99,0.061,0.685,0.768
759584958,"$33,004.00",2418,30586.0,10156,72,0.073,0.923,0.946
758802333,"$20,891.00",1213,19678.0,14641,117,0.058,0.717,0.773
720237408,"$22,715.00",707,22008.0,15004,117,0.031,0.848,0.887
713787333,"$3,818.00",1142,2676.0,14731,113,0.299,0.709,0.948
709660233,"$3,526.00",2429,1097.0,7775,63,0.689,0.712,0.909
721005108,"$6,991.00",1384,5607.0,14994,104,0.198,0.66,0.733
809589783,"$16,268.00",817,15451.0,13969,120,0.05,0.64,0.69
712627083,"$5,768.00",0,5768.0,9867,78,0.0,0.924,0.902
778444908,"$34,516.00",1444,33072.0,16392,116,0.042,0.568,0.657
711433908,"$9,491.00",0,9491.0,9061,51,0.0,1.056,1.684
768728508,"$15,987.00",1096,14891.0,14209,103,0.069,0.625,0.776
789937683,"$3,645.00",701,2944.0,15559,120,0.192,0.654,0.739
711788583,"$3,466.00",1444,2022.0,15075,124,0.417,0.653,0.699
819196158,"$9,797.00",998,8799.0,15013,116,0.102,0.886,0.841
710207208,"$3,399.00",1800,1599.0,13148,121,0.53,0.752,0.806
713994108,"$4,155.00",1315,2840.0,15851,128,0.316,0.767,0.855
712509108,"$15,164.00",532,14632.0,8356,68,0.035,0.858,0.478
711745233,"$13,894.00",0,13894.0,9351,69,0.0,0.845,0.533
778745058,"$34,516.00",0,34516.0,15059,118,0.0,0.627,0.735
721455558,"$6,828.00",1859,4969.0,14713,104,0.272,0.752,0.677
710721858,"$5,542.00",0,5542.0,8246,59,0.0,0.808,0.639
769206483,"$15,733.00",2101,13632.0,13986,97,0.134,0.597,0.764
769587258,"$30,082.00",1671,28411.0,15240,126,0.056,0.707,0.8
712080333,"$3,659.00",1381,2278.0,16252,112,0.377,0.669,0.623
712457208,"$22,718.00",0,22718.0,8100,77,0.0,0.747,0.833
719934783,"$3,676.00",673,3003.0,14651,105,0.183,0.629,0.78
709589208,"$17,721.00",596,17125.0,14409,83,0.034,0.694,0.844
714860808,"$4,404.00",2272,2132.0,15709,93,0.516,0.809,0.722
713934633,"$4,423.00",2517,1906.0,8935,87,0.569,0.84,0.933
773185833,"$34,516.00",0,34516.0,15095,102,0.0,0.838,0.759
715923408,"$4,184.00",1254,2930.0,14999,110,0.3,0.549,0.719
778956033,"$34,516.00",1549,32967.0,15151,104,0.045,0.892,0.677
712260633,"$26,923.00",2461,24462.0,13643,94,0.091,0.602,0.918
714945708,"$15,977.00",0,15977.0,7745,64,0.0,0.702,0.684
720971358,"$26,812.00",1491,25321.0,14838,110,0.056,0.679,0.642
719701383,"$5,175.00",0,5175.0,14304,99,0.0,0.72,0.768
764316708,"$3,955.00",2352,1603.0,16423,109,0.595,0.779,0.758
715545933,"$22,355.00",2179,20176.0,14268,99,0.097,0.726,0.8
714524583,"$23,240.00",1534,21706.0,9441,82,0.066,0.971,0.907
780079833,"$5,479.00",1183,4296.0,14728,126,0.216,0.596,0.909
714199008,"$16,081.00",492,15589.0,6100,61,0.031,0.204,0.564
719941533,"$5,497.00",1735,3762.0,16266,124,0.316,0.664,0.771
715544883,"$14,135.00",630,13505.0,13703,99,0.045,0.64,0.768
710122458,"$31,546.00",2057,29489.0,15311,108,0.065,0.625,0.714
713833233,"$34,516.00",1768,32748.0,15134,124,0.051,0.767,0.722
719326758,"$4,353.00",1489,2864.0,9226,85,0.342,0.945,1.073
711686658,"$34,516.00",1417,33099.0,16579,109,0.041,0.692,0.879
708964683,"$3,310.00",0,3310.0,14542,89,0.0,0.748,0.854
718840833,"$4,601.00",0,4601.0,9610,76,0.0,0.962,0.689
797228883,"$3,981.00",0,3981.0,14340,114,0.0,0.626,0.781
709566408,"$4,458.00",0,4458.0,9640,70,0.0,0.935,0.707
780097533,"$10,292.00",0,10292.0,15148,111,0.0,0.656,0.79
715020933,"$15,944.00",0,15944.0,9360,67,0.0,0.919,0.763
711149133,"$4,377.00",2517,1860.0,8759,74,0.575,0.941,0.609
716832858,"$4,930.00",159,4771.0,7412,60,0.032,0.592,0.579
715154058,"$4,982.00",2517,2465.0,9274,65,0.505,0.903,0.857
789497283,"$34,162.00",1723,32439.0,7572,56,0.05,0.429,0.697
711834708,"$4,047.00",1482,2565.0,16191,102,0.366,0.959,0.789
785038908,"$6,380.00",1160,5220.0,17119,124,0.182,0.753,0.797
720001758,"$3,534.00",1175,2359.0,13588,94,0.332,0.737,0.808
778428108,"$6,091.00",1184,4907.0,17437,113,0.194,0.766,0.766
715268508,"$23,981.00",1399,22582.0,14840,125,0.058,0.712,0.761
788741733,"$7,832.00",1784,6048.0,14614,106,0.228,0.711,0.656
717355533,"$34,516.00",1307,33209.0,13759,120,0.038,0.558,0.765
712128258,"$13,704.00",2127,11577.0,15872,116,0.155,0.805,0.681
735825258,"$4,423.00",1643,2780.0,15467,112,0.371,0.724,0.623
714544908,"$6,224.00",0,6224.0,8979,68,0.0,0.92,0.581
818712633,"$4,133.00",1067,3066.0,16100,119,0.258,0.632,0.608
709831983,"$34,516.00",1244,33272.0,15176,126,0.036,0.606,0.8
789398733,"$5,270.00",779,4491.0,16179,105,0.148,0.731,0.694
716850558,"$34,516.00",1285,33231.0,15279,122,0.037,0.654,0.649
717316008,"$3,782.00",0,3782.0,14977,117,0.0,0.717,0.721
714677583,"$5,173.00",0,5173.0,8757,68,0.0,0.912,0.789
767348733,"$4,058.00",793,3265.0,15865,105,0.195,0.758,0.667
779900808,"$21,551.00",0,21551.0,14950,94,0.0,0.536,0.843
719900733,"$9,805.00",1007,8798.0,14641,95,0.103,0.8,0.9
816517683,"$7,530.00",1336,6194.0,14719,115,0.177,0.749,0.855
755305683,"$8,983.00",0,8983.0,15163,124,0.0,0.713,0.746
715769958,"$4,855.00",1912,2943.0,14969,104,0.394,0.606,0.763
715493733,"$5,735.00",0,5735.0,9088,64,0.0,1.009,0.684
827440458,"$9,524.00",1449,8075.0,7527,58,0.152,0.559,0.657
715713408,"$15,987.00",0,15987.0,15853,117,0.0,0.82,0.56
720128658,"$5,181.00",0,5181.0,8943,68,0.0,0.83,1.0
770038983,"$28,831.00",2517,26314.0,8688,69,0.087,0.77,0.769
714684108,"$4,169.00",534,3635.0,8565,70,0.128,0.836,0.795
708942408,"$7,020.00",1784,5236.0,16937,116,0.254,0.815,0.731
779134458,"$3,709.00",1180,2529.0,8130,74,0.318,0.645,0.897
710066133,"$12,833.00",0,12833.0,9619,75,0.0,0.853,0.786
709578258,"$3,804.00",1917,1887.0,14321,102,0.504,0.744,0.759
718043583,"$21,794.00",1368,20426.0,15111,116,0.063,0.691,0.706
715186608,"$3,304.00",2517,787.0,14565,120,0.762,0.741,0.818
708447858,"$3,850.00",0,3850.0,15107,117,0.0,0.509,0.918
718071933,"$4,158.00",1889,2269.0,15842,130,0.454,0.872,0.831
771217758,"$4,182.00",2028,2154.0,16920,114,0.485,0.658,0.606
721210158,"$4,626.00",1232,3394.0,14740,102,0.266,0.731,0.759
788779983,"$3,742.00",2517,1225.0,16401,121,0.673,0.75,0.806
718614183,"$13,651.00",0,13651.0,9772,71,0.0,1.046,0.775
709865883,"$26,794.00",821,25973.0,8788,58,0.031,0.848,0.933
766273533,"$17,190.00",1736,15454.0,15055,117,0.101,0.698,0.696
717390408,"$4,167.00",0,4167.0,7590,87,0.0,0.581,0.776
718655808,"$12,944.00",1200,11744.0,16161,105,0.093,0.839,0.944
817035108,"$6,933.00",1870,5063.0,15585,115,0.27,0.656,0.917
747551658,"$34,516.00",1371,33145.0,15930,123,0.04,0.691,0.836
713281833,"$13,589.00",2517,11072.0,9456,79,0.185,0.941,1.026
771982083,"$4,552.00",1144,3408.0,14418,104,0.251,0.709,0.677
717642633,"$3,750.00",1801,1949.0,17995,116,0.48,0.889,0.657
772721208,"$17,655.00",1720,15935.0,16293,120,0.097,0.706,0.739
714385983,"$8,224.00",1239,6985.0,16319,124,0.151,0.793,0.653
712516608,"$3,946.00",1275,2671.0,14822,96,0.323,0.647,0.811
714725883,"$5,654.00",2470,3184.0,15123,111,0.437,0.637,0.881
709398708,"$16,268.00",2517,13751.0,15925,124,0.155,0.652,0.824
715090008,"$28,564.00",2517,26047.0,14875,107,0.088,0.711,0.783
709159308,"$6,172.00",1212,4960.0,16622,99,0.196,0.723,0.65
711348033,"$5,435.00",1243,4192.0,16202,117,0.229,0.749,0.671
788230158,"$16,496.00",1409,15087.0,16715,126,0.085,0.677,0.703
718170033,"$8,348.00",0,8348.0,15905,111,0.0,0.695,0.708
718161708,"$7,562.00",1500,6062.0,14908,100,0.198,0.632,0.754
717714633,"$14,938.00",0,14938.0,15277,131,0.0,0.737,0.724
824150733,"$34,516.00",1987,32529.0,16177,122,0.058,0.673,0.848
713768358,"$7,935.00",888,7047.0,15380,122,0.112,0.779,0.694
709188108,"$34,516.00",1529,32987.0,13940,105,0.044,0.609,0.81
720328983,"$9,611.00",0,9611.0,7636,64,0.0,0.84,0.829
712296408,"$12,958.00",2273,10685.0,15681,96,0.175,0.608,0.627
719106783,"$4,103.00",1972,2131.0,16344,118,0.481,0.665,0.788
713437008,"$6,888.00",1878,5010.0,9038,64,0.273,1.059,0.829
719574033,"$21,906.00",0,21906.0,15349,119,0.0,0.696,0.7
716123283,"$7,288.00",0,7288.0,14873,120,0.0,0.64,0.714
789023508,"$34,516.00",1099,33417.0,15490,110,0.032,0.816,0.618
710005683,"$12,540.00",1696,10844.0,16518,115,0.135,0.799,0.716
801036033,"$4,493.00",1388,3105.0,17744,104,0.309,0.795,0.763
716644008,"$34,516.00",0,34516.0,9931,70,0.0,1.007,0.75
709094358,"$8,900.00",798,8102.0,16737,88,0.09,0.647,0.66
719848008,"$29,808.00",0,29808.0,16098,128,0.0,0.669,0.684
718372458,"$3,735.00",1723,2012.0,14501,92,0.461,0.595,0.84
720608658,"$8,398.00",1875,6523.0,16706,123,0.223,0.727,0.757
717185658,"$22,754.00",0,22754.0,8531,77,0.0,0.799,0.791
715474083,"$29,663.00",1743,27920.0,14638,93,0.059,0.667,0.722
709646433,"$5,043.00",743,4300.0,10170,66,0.147,0.805,0.784
717494358,"$4,299.00",1334,2965.0,15068,123,0.31,0.66,0.685
713924283,"$11,859.00",1644,10215.0,8930,79,0.139,0.866,0.837
714471183,"$17,504.00",476,17028.0,10468,66,0.027,0.892,0.737
780613758,"$4,165.00",0,4165.0,17093,111,0.0,0.813,0.82
718225683,"$34,516.00",1091,33425.0,15274,108,0.032,0.64,0.714
710734308,"$6,481.00",1569,4912.0,15937,119,0.242,0.692,0.803
708564858,"$34,516.00",0,34516.0,9338,73,0.0,1.004,0.622
713733633,"$13,303.00",2517,10786.0,10219,85,0.189,0.929,0.809
720841533,"$4,700.00",0,4700.0,14723,96,0.0,0.617,0.655
712210458,"$5,639.00",1558,4081.0,16628,109,0.276,0.614,0.946
714109308,"$13,187.00",2241,10946.0,15354,112,0.17,0.689,0.931
712503408,"$17,925.00",1909,16016.0,17498,111,0.106,0.712,0.82
713755458,"$9,959.00",952,9007.0,10310,63,0.096,0.825,1.1
716893683,"$14,657.00",2517,12140.0,6009,53,0.172,0.166,0.514
710841183,"$13,940.00",2109,11831.0,15577,114,0.151,0.66,0.754
713899383,"$3,688.00",606,3082.0,14596,120,0.164,0.57,0.791
772366833,"$4,003.00",1851,2152.0,15476,117,0.462,0.703,0.857
710638233,"$4,277.00",2186,2091.0,8764,69,0.511,0.804,0.683
716506083,"$5,409.00",0,5409.0,10291,60,0.0,0.819,0.818
717406983,"$5,281.00",0,5281.0,8395,62,0.0,0.535,0.722
714337233,"$10,388.00",1961,8427.0,10294,61,0.189,0.703,0.649
